n,bits,mitigation,action,fault_op,fault_site,stage,slot,bit,seed,fault_observed,golden_match,detected,corrected,max_abs_error,mean_abs_error,rms_error,relative_l2_error,snr_db,checks_performed,check_failures,stage_checks,stage_failures,s1_failures,s2_failures,recomputations,elapsed_ntt_ns,mitigation_time_ns,mod_adds,mod_subs,mod_muls,memory_reads,memory_writes
64,28,butterfly-check,recompute,ntt,mul-output,0,2,0,1,PASS,FAIL,no,no,6.44524536e2,2.49132312e2,2.82844917e2,8.81835437e1,-38.90775094,1152,0,0,0,0,0,0,150708 ns,133459,1152,1152,2432,2819,2819
64,28,butterfly-check,recompute,ntt,mul-output,0,2,8,1,PASS,FAIL,no,no,5.04663089e2,2.70192614e2,3.00966764e2,9.38334549e1,-39.44715414,1152,0,0,0,0,0,0,202249 ns,177957,1152,1152,2432,2819,2819
64,28,butterfly-check,recompute,ntt,mul-output,0,2,24,1,PASS,FAIL,no,no,5.03195727e2,2.64137085e2,2.99245831e2,9.32969136e1,-39.39734553,1152,0,0,0,0,0,0,181834 ns,161416,1152,1152,2432,2819,2819
64,28,butterfly-check,recompute,ntt,mul-output,0,2,26,1,PASS,FAIL,no,no,5.76726079e2,2.59415458e2,2.93976358e2,9.16540318e1,-39.24303148,1152,0,0,0,0,0,0,181165 ns,160876,1152,1152,2432,2819,2819
64,28,butterfly-check,recompute,ntt,mul-output,0,4,0,1,PASS,FAIL,no,no,5.85748703e2,2.73823215e2,3.15542805e2,9.83778781e1,-39.85794902,1152,0,0,0,0,0,0,199209 ns,176375,1152,1152,2432,2819,2819
64,28,butterfly-check,recompute,ntt,mul-output,0,4,8,1,PASS,FAIL,no,no,6.07181685e2,2.88466460e2,3.15463924e2,9.83532851e1,-39.85577740,1152,0,0,0,0,0,0,181917 ns,161663,1152,1152,2432,2819,2819
64,28,butterfly-check,recompute,ntt,mul-output,0,4,24,1,PASS,FAIL,no,no,4.90117378e2,2.60177124e2,2.90150377e2,9.04611925e1,-39.12924617,1152,0,0,0,0,0,0,159334 ns,140417,1152,1152,2432,2819,2819
64,28,butterfly-check,recompute,ntt,mul-output,0,4,26,1,PASS,FAIL,no,no,5.37864599e2,2.42263362e2,2.90801406e2,9.06641660e1,-39.14871342,1152,0,0,0,0,0,0,132875 ns,117956,1152,1152,2432,2819,2819
64,28,butterfly-check,recompute,ntt,mul-output,0,7,0,1,PASS,FAIL,yes,yes,6.75983122e2,2.67773683e2,3.07511136e2,9.58738167e1,-39.63400034,1152,3,0,0,0,0,3,128584 ns,114666,1152,1152,2432,2819,2819
64,28,butterfly-check,recompute,ntt,mul-output,0,7,8,1,PASS,FAIL,yes,yes,4.34013907e2,2.35640804e2,2.54761999e2,7.94280346e1,-37.99947632,1152,3,0,0,0,0,3,127625 ns,113085,1152,1152,2432,2819,2819
64,28,butterfly-check,recompute,ntt,mul-output,0,7,24,1,PASS,FAIL,yes,yes,5.77638676e2,2.58168851e2,2.82193893e2,8.79805718e1,-38.88773560,1152,3,0,0,0,0,3,132960 ns,117127,1152,1152,2432,2819,2819
64,28,butterfly-check,recompute,ntt,mul-output,0,7,26,1,PASS,FAIL,yes,yes,5.99441902e2,2.72878019e2,3.04036273e2,9.47904466e1,-39.53529138,1152,3,0,0,0,0,3,132791 ns,118794,1152,1152,2432,2819,2819
64,28,butterfly-check,recompute,ntt,mul-output,0,8,0,1,PASS,FAIL,no,no,5.13283818e2,2.42030188e2,2.75356417e2,8.58488282e1,-38.67468743,1152,0,0,0,0,0,0,132333 ns,116831,1152,1152,2432,2819,2819
64,28,butterfly-check,recompute,ntt,mul-output,0,8,8,1,PASS,FAIL,no,no,5.54549011e2,2.33242100e2,2.64826512e2,8.25658829e1,-38.33601259,1152,0,0,0,0,0,0,128584 ns,113374,1152,1152,2432,2819,2819
64,28,butterfly-check,recompute,ntt,mul-output,0,8,24,1,PASS,FAIL,no,no,6.59879501e2,2.71165664e2,3.17003798e2,9.88333767e1,-39.89807267,1152,0,0,0,0,0,0,181001 ns,160710,1152,1152,2432,2819,2819
64,28,butterfly-check,recompute,ntt,mul-output,0,8,26,1,PASS,FAIL,no,no,6.17591797e2,2.83805301e2,3.20390200e2,9.98891673e1,-39.99036786,1152,0,0,0,0,0,0,199584 ns,177250,1152,1152,2432,2819,2819
64,28,butterfly-check,recompute,ntt,mul-output,0,10,0,1,PASS,FAIL,no,no,6.87142534e2,2.70722397e2,3.14646801e2,9.80985276e1,-39.83324978,1152,0,0,0,0,0,0,117915 ns,103707,1152,1152,2432,2819,2819
64,28,butterfly-check,recompute,ntt,mul-output,0,10,8,1,PASS,FAIL,no,no,5.02835007e2,2.65380205e2,2.95349591e2,9.20821694e1,-39.28351085,1152,0,0,0,0,0,0,158250 ns,140210,1152,1152,2432,2819,2819
64,28,butterfly-check,recompute,ntt,mul-output,0,10,24,1,PASS,FAIL,no,no,5.41033184e2,2.49548200e2,2.81169390e2,8.76611589e1,-38.85614416,1152,0,0,0,0,0,0,167334 ns,148167,1152,1152,2432,2819,2819
64,28,butterfly-check,recompute,ntt,mul-output,0,10,26,1,PASS,FAIL,no,no,7.17891023e2,2.73706707e2,3.07935713e2,9.60061883e1,-39.64598455,1152,0,0,0,0,0,0,199291 ns,176919,1152,1152,2432,2819,2819
64,28,butterfly-check,recompute,ntt,mul-output,0,12,0,1,PASS,FAIL,no,no,6.04214891e2,2.92982567e2,3.23362939e2,1.00815988e2,-40.07058825,1152,0,0,0,0,0,0,167457 ns,149082,1152,1152,2432,2819,2819
64,28,butterfly-check,recompute,ntt,mul-output,0,12,8,1,PASS,FAIL,no,no,8.00353027e2,2.67783189e2,3.17858689e2,9.90999091e1,-39.92146512,1152,0,0,0,0,0,0,118958 ns,104831,1152,1152,2432,2819,2819
64,28,butterfly-check,recompute,ntt,mul-output,0,12,24,1,PASS,FAIL,no,no,6.48962296e2,2.62814564e2,2.95057791e2,9.19911940e1,-39.27492512,1152,0,0,0,0,0,0,130042 ns,115838,1152,1152,2432,2819,2819
64,28,butterfly-check,recompute,ntt,mul-output,0,12,26,1,PASS,FAIL,no,no,6.20868788e2,2.69127510e2,3.06359571e2,9.55147891e1,-39.60141242,1152,0,0,0,0,0,0,131834 ns,116958,1152,1152,2432,2819,2819
64,28,butterfly-check,recompute,ntt,mul-output,0,14,0,1,PASS,FAIL,no,no,5.27711938e2,2.51411102e2,2.89433909e2,9.02378165e1,-39.10777157,1152,0,0,0,0,0,0,129958 ns,115749,1152,1152,2432,2819,2819
64,28,butterfly-check,recompute,ntt,mul-output,0,14,8,1,PASS,FAIL,no,no,5.94952262e2,2.64956972e2,2.96082410e2,9.23106429e1,-39.30503551,1152,0,0,0,0,0,0,130250 ns,115249,1152,1152,2432,2819,2819
64,28,butterfly-check,recompute,ntt,mul-output,0,14,24,1,PASS,FAIL,no,no,8.12269536e2,2.61959172e2,3.01671108e2,9.40530507e1,-39.46745773,1152,0,0,0,0,0,0,171374 ns,152627,1152,1152,2432,2819,2819
64,28,butterfly-check,recompute,ntt,mul-output,0,14,26,1,PASS,FAIL,no,no,6.13546316e2,2.82977320e2,3.17401641e2,9.89574137e1,-39.90896672,1152,0,0,0,0,0,0,167791 ns,149413,1152,1152,2432,2819,2819
64,28,butterfly-check,recompute,ntt,mul-output,0,16,0,1,PASS,FAIL,no,no,5.85710559e2,2.61407788e2,3.02233818e2,9.42284889e1,-39.48364454,1152,0,0,0,0,0,0,152042 ns,134747,1152,1152,2432,2819,2819
64,28,butterfly-check,recompute,ntt,mul-output,0,16,8,1,PASS,FAIL,no,no,4.62453973e2,2.58919014e2,2.80111612e2,8.73313716e1,-38.82340562,1152,0,0,0,0,0,0,221707 ns,197000,1152,1152,2432,2819,2819
64,28,butterfly-check,recompute,ntt,mul-output,0,16,24,1,PASS,FAIL,no,no,7.23115814e2,2.44142252e2,2.84783963e2,8.87880869e1,-38.96709397,1152,0,0,0,0,0,0,128833 ns,113869,1152,1152,2432,2819,2819
64,28,butterfly-check,recompute,ntt,mul-output,0,16,26,1,PASS,FAIL,no,no,5.52394056e2,2.87187437e2,3.17569093e2,9.90096208e1,-39.91354794,1152,0,0,0,0,0,0,131374 ns,116918,1152,1152,2432,2819,2819
64,28,butterfly-check,recompute,ntt,mul-output,0,18,0,1,PASS,FAIL,no,no,7.13332765e2,2.81804965e2,3.17782796e2,9.90762477e1,-39.91939101,1152,0,0,0,0,0,0,140209 ns,124290,1152,1152,2432,2819,2819
64,28,butterfly-check,recompute,ntt,mul-output,0,18,8,1,PASS,FAIL,no,no,9.56533596e2,2.71333298e2,3.14687770e2,9.81113008e1,-39.83438067,1152,0,0,0,0,0,0,132751 ns,118419,1152,1152,2432,2819,2819
64,28,butterfly-check,recompute,ntt,mul-output,0,18,24,1,PASS,FAIL,no,no,6.23290324e2,2.49253869e2,2.82278893e2,8.80070726e1,-38.89035150,1152,0,0,0,0,0,0,127874 ns,113252,1152,1152,2432,2819,2819
64,28,butterfly-check,recompute,ntt,mul-output,0,18,26,1,PASS,FAIL,no,no,7.65625595e2,2.52023762e2,2.93080580e2,9.13747518e1,-39.21652421,1152,0,0,0,0,0,0,132458 ns,117751,1152,1152,2432,2819,2819
64,28,butterfly-check,recompute,ntt,mul-output,0,21,0,1,PASS,FAIL,yes,yes,5.79176321e2,2.68338393e2,2.99929033e2,9.35099181e1,-39.41715353,1152,3,0,0,0,0,3,132458 ns,117541,1152,1152,2432,2819,2819
64,28,butterfly-check,recompute,ntt,mul-output,0,21,8,1,PASS,FAIL,yes,yes,5.55577336e2,2.60646252e2,2.83329868e2,8.83347386e1,-38.92263056,1152,3,0,0,0,0,3,132626 ns,117496,1152,1152,2432,2819,2819
64,28,butterfly-check,recompute,ntt,mul-output,0,21,24,1,PASS,FAIL,yes,yes,7.05014930e2,2.45102929e2,2.79420873e2,8.71160176e1,-38.80196028,1152,3,0,0,0,0,3,134083 ns,118669,1152,1152,2432,2819,2819
64,28,butterfly-check,recompute,ntt,mul-output,0,21,26,1,PASS,FAIL,yes,yes,5.93064258e2,2.53147471e2,2.88640428e2,8.99904304e1,-39.08392657,1152,3,0,0,0,0,3,181167 ns,161501,1152,1152,2432,2819,2819
64,28,butterfly-check,recompute,ntt,mul-output,0,22,0,1,PASS,FAIL,no,no,5.70536753e2,2.60672826e2,2.93353844e2,9.14599485e1,-39.22461905,1152,0,0,0,0,0,0,133041 ns,117752,1152,1152,2432,2819,2819
64,28,butterfly-check,recompute,ntt,mul-output,0,22,8,1,PASS,FAIL,no,no,7.72385864e2,2.50836257e2,2.90398779e2,9.05386377e1,-39.13667911,1152,0,0,0,0,0,0,202540 ns,181124,1152,1152,2432,2819,2819
64,28,butterfly-check,recompute,ntt,mul-output,0,22,24,1,PASS,FAIL,no,no,6.20119618e2,2.79808224e2,3.12929956e2,9.75632609e1,-39.78572615,1152,0,0,0,0,0,0,132333 ns,117454,1152,1152,2432,2819,2819
64,28,butterfly-check,recompute,ntt,mul-output,0,22,26,1,PASS,FAIL,no,no,5.62622083e2,2.83596164e2,3.09488995e2,9.64904605e1,-39.68968758,1152,0,0,0,0,0,0,131957 ns,117706,1152,1152,2432,2819,2819
64,28,butterfly-check,recompute,ntt,mul-output,0,27,0,1,PASS,FAIL,yes,yes,5.42728582e2,2.51372058e2,2.83902412e2,8.85132427e1,-38.94016503,1152,3,0,0,0,0,3,140456 ns,125335,1152,1152,2432,2819,2819
64,28,butterfly-check,recompute,ntt,mul-output,0,27,8,1,PASS,FAIL,yes,yes,6.03149462e2,2.58019119e2,2.90113943e2,9.04498332e1,-39.12815540,1152,3,0,0,0,0,3,130374 ns,115586,1152,1152,2432,2819,2819
64,28,butterfly-check,recompute,ntt,mul-output,0,27,24,1,PASS,FAIL,yes,yes,5.45704217e2,2.70122254e2,2.98184865e2,9.29661325e1,-39.36649529,1152,3,0,0,0,0,3,132167 ns,117253,1152,1152,2432,2819,2819
64,28,butterfly-check,recompute,ntt,mul-output,0,27,26,1,PASS,FAIL,yes,yes,6.01490492e2,2.56208003e2,2.90833619e2,9.06742090e1,-39.14967552,1152,3,0,0,0,0,3,129667 ns,114378,1152,1152,2432,2819,2819
64,28,butterfly-check,recompute,ntt,mul-output,0,28,0,1,PASS,FAIL,no,no,5.42451275e2,2.47291710e2,2.72961041e2,8.51020133e1,-38.59879669,1152,0,0,0,0,0,0,181417 ns,161333,1152,1152,2432,2819,2819
64,28,butterfly-check,recompute,ntt,mul-output,0,28,8,1,PASS,FAIL,no,no,5.26199816e2,2.85008687e2,3.15520119e2,9.83708051e1,-39.85732452,1152,0,0,0,0,0,0,132041 ns,117418,1152,1152,2432,2819,2819
64,28,butterfly-check,recompute,ntt,mul-output,0,28,24,1,PASS,FAIL,no,no,7.81958678e2,2.73694845e2,3.11868095e2,9.72322010e1,-39.75620233,1152,0,0,0,0,0,0,183623 ns,161835,1152,1152,2432,2819,2819
64,28,butterfly-check,recompute,ntt,mul-output,0,28,26,1,PASS,FAIL,no,no,5.52887477e2,2.61103703e2,2.98119262e2,9.29456795e1,-39.36458414,1152,0,0,0,0,0,0,183208 ns,160543,1152,1152,2432,2819,2819
64,28,butterfly-check,recompute,ntt,mul-output,0,29,0,1,PASS,FAIL,yes,yes,6.45506252e2,2.56315750e2,2.94042573e2,9.16746759e1,-39.24498767,1152,3,0,0,0,0,3,168459 ns,149706,1152,1152,2432,2819,2819
64,28,butterfly-check,recompute,ntt,mul-output,0,29,8,1,PASS,FAIL,yes,yes,7.23760993e2,2.39697491e2,2.84163242e2,8.85945625e1,-38.94814136,1152,3,0,0,0,0,3,118084 ns,104502,1152,1152,2432,2819,2819
64,28,butterfly-check,recompute,ntt,mul-output,0,29,24,1,PASS,FAIL,yes,yes,5.50012893e2,2.58681475e2,2.94075618e2,9.16849784e1,-39.24596374,1152,3,0,0,0,0,3,132417 ns,117584,1152,1152,2432,2819,2819
64,28,butterfly-check,recompute,ntt,mul-output,0,29,26,1,PASS,FAIL,yes,yes,1.04324592e3,2.44958289e2,3.17762753e2,9.90699989e1,-39.91884316,1152,3,0,0,0,0,3,130584 ns,116203,1152,1152,2432,2819,2819
64,28,butterfly-check,recompute,ntt,mul-output,0,30,0,1,PASS,FAIL,no,no,6.61099242e2,2.41965190e2,2.87756469e2,8.97148352e1,-39.05728528,1152,0,0,0,0,0,0,132083 ns,117542,1152,1152,2432,2819,2819
64,28,butterfly-check,recompute,ntt,mul-output,0,30,8,1,PASS,FAIL,no,no,9.84092103e2,2.44894356e2,3.09335341e2,9.64425552e1,-39.68537417,1152,0,0,0,0,0,0,128584 ns,113708,1152,1152,2432,2819,2819
64,28,butterfly-check,recompute,ntt,mul-output,0,30,24,1,PASS,FAIL,no,no,4.51765851e2,2.85578380e2,3.07614023e2,9.59058942e1,-39.63690598,1152,0,0,0,0,0,0,127540 ns,113586,1152,1152,2432,2819,2819
64,28,butterfly-check,recompute,ntt,mul-output,0,30,26,1,PASS,FAIL,no,no,6.32984142e2,2.85735614e2,3.15714296e2,9.84313444e1,-39.86266833,1152,0,0,0,0,0,0,156791 ns,139083,1152,1152,2432,2819,2819
64,28,butterfly-check,recompute,ntt,mul-output,0,32,0,1,PASS,FAIL,no,no,5.97405803e2,2.48992414e2,2.90611639e2,9.06050018e1,-39.14304346,1152,0,0,0,0,0,0,132084 ns,117539,1152,1152,2432,2819,2819
64,28,butterfly-check,recompute,ntt,mul-output,0,32,8,1,PASS,FAIL,no,no,6.35294468e2,3.03592339e2,3.35710017e2,1.04665480e2,-40.39606938,1152,0,0,0,0,0,0,133501 ns,118663,1152,1152,2432,2819,2819
64,28,butterfly-check,recompute,ntt,mul-output,0,32,24,1,PASS,FAIL,no,no,4.49469872e2,2.39413508e2,2.64814085e2,8.25620086e1,-38.33560501,1152,0,0,0,0,0,0,252250 ns,224291,1152,1152,2432,2819,2819
64,28,butterfly-check,recompute,ntt,mul-output,0,32,26,1,PASS,FAIL,no,no,6.09343499e2,2.50037023e2,2.85150479e2,8.89023567e1,-38.97826548,1152,0,0,0,0,0,0,168959 ns,149457,1152,1152,2432,2819,2819
64,28,butterfly-check,recompute,ntt,mul-output,0,33,0,1,PASS,FAIL,yes,yes,5.68562296e2,2.64684342e2,2.96391064e2,9.24068730e1,-39.31408548,1152,3,0,0,0,0,3,158126 ns,139957,1152,1152,2432,2819,2819
64,28,butterfly-check,recompute,ntt,mul-output,0,33,8,1,PASS,FAIL,yes,yes,5.49185619e2,2.75327847e2,3.09611607e2,9.65286879e1,-39.69312806,1152,3,0,0,0,0,3,117832 ns,104248,1152,1152,2432,2819,2819
64,28,butterfly-check,recompute,ntt,mul-output,0,33,24,1,PASS,FAIL,yes,yes,5.70877260e2,2.93992007e2,3.17288880e2,9.89222579e1,-39.90588041,1152,3,0,0,0,0,3,149583 ns,132874,1152,1152,2432,2819,2819
64,28,butterfly-check,recompute,ntt,mul-output,0,33,26,1,PASS,FAIL,yes,yes,5.21734039e2,2.71928115e2,2.96945776e2,9.25798177e1,-39.33032642,1152,3,0,0,0,0,3,168831 ns,149707,1152,1152,2432,2819,2819
64,28,butterfly-check,recompute,ntt,mul-output,0,35,0,1,PASS,FAIL,yes,yes,5.96175359e2,2.90875359e2,3.24757796e2,1.01250868e2,-40.10797509,1152,3,0,0,0,0,3,132125 ns,117045,1152,1152,2432,2819,2819
64,28,butterfly-check,recompute,ntt,mul-output,0,35,8,1,PASS,FAIL,yes,yes,4.71655298e2,2.49718023e2,2.77541425e2,8.65300556e1,-38.74333965,1152,3,0,0,0,0,3,128666 ns,114461,1152,1152,2432,2819,2819
64,28,butterfly-check,recompute,ntt,mul-output,0,35,24,1,PASS,FAIL,yes,yes,7.50026544e2,2.72273670e2,3.07764801e2,9.59529025e1,-39.64116233,1152,3,0,0,0,0,3,118208 ns,105043,1152,1152,2432,2819,2819
64,28,butterfly-check,recompute,ntt,mul-output,0,35,26,1,PASS,FAIL,yes,yes,5.68053368e2,2.50554019e2,2.93979504e2,9.16550125e1,-39.24312442,1152,3,0,0,0,0,3,174250 ns,155085,1152,1152,2432,2819,2819
64,28,butterfly-check,recompute,ntt,mul-output,0,38,0,1,PASS,FAIL,no,no,7.64482849e2,2.67741316e2,3.05559385e2,9.52653124e1,-39.57869592,1152,0,0,0,0,0,0,220582 ns,195130,1152,1152,2432,2819,2819
64,28,butterfly-check,recompute,ntt,mul-output,0,38,8,1,PASS,FAIL,no,no,5.82123547e2,2.81609994e2,3.11062578e2,9.69810619e1,-39.73373871,1152,0,0,0,0,0,0,183333 ns,162205,1152,1152,2432,2819,2819
64,28,butterfly-check,recompute,ntt,mul-output,0,38,24,1,PASS,FAIL,no,no,5.17291520e2,2.56146700e2,2.93819096e2,9.16050017e1,-39.23838374,1152,0,0,0,0,0,0,220707 ns,195624,1152,1152,2432,2819,2819
64,28,butterfly-check,recompute,ntt,mul-output,0,38,26,1,PASS,FAIL,no,no,4.85910743e2,2.35770808e2,2.61883395e2,8.16482971e1,-38.23894263,1152,0,0,0,0,0,0,222458 ns,197712,1152,1152,2432,2819,2819
64,28,butterfly-check,recompute,ntt,mul-output,0,39,0,1,PASS,FAIL,yes,yes,5.44654592e2,2.45659349e2,2.75435076e2,8.58733517e1,-38.67716828,1152,3,0,0,0,0,3,198875 ns,176542,1152,1152,2432,2819,2819
64,28,butterfly-check,recompute,ntt,mul-output,0,39,8,1,PASS,FAIL,yes,yes,6.52548134e2,2.64665411e2,3.00168105e2,9.35844544e1,-39.42407425,1152,3,0,0,0,0,3,250208 ns,221794,1152,1152,2432,2819,2819
64,28,butterfly-check,recompute,ntt,mul-output,0,39,24,1,PASS,FAIL,yes,yes,7.07828972e2,2.80107757e2,3.13107193e2,9.76185188e1,-39.79064427,1152,3,0,0,0,0,3,131125 ns,116875,1152,1152,2432,2819,2819
64,28,butterfly-check,recompute,ntt,mul-output,0,39,26,1,PASS,FAIL,yes,yes,5.57199545e2,2.48963803e2,2.87273596e2,8.95642884e1,-39.04269760,1152,3,0,0,0,0,3,131916 ns,117374,1152,1152,2432,2819,2819
64,28,butterfly-check,recompute,ntt,mul-output,0,40,0,1,PASS,FAIL,no,no,6.07780126e2,2.60443634e2,2.99306827e2,9.33159308e1,-39.39911584,1152,0,0,0,0,0,0,132668 ns,118083,1152,1152,2432,2819,2819
64,28,butterfly-check,recompute,ntt,mul-output,0,40,8,1,PASS,FAIL,no,no,6.69073124e2,2.86113794e2,3.20085084e2,9.97940400e1,-39.98209210,1152,0,0,0,0,0,0,151043 ns,133583,1152,1152,2432,2819,2819
64,28,butterfly-check,recompute,ntt,mul-output,0,40,24,1,PASS,FAIL,no,no,5.96615151e2,2.36200501e2,2.68754111e2,8.37904042e1,-38.46388571,1152,0,0,0,0,0,0,131666 ns,116999,1152,1152,2432,2819,2819
64,28,butterfly-check,recompute,ntt,mul-output,0,40,26,1,PASS,FAIL,no,no,6.10450787e2,2.72713619e2,3.04225389e2,9.48494079e1,-39.54069248,1152,0,0,0,0,0,0,119292 ns,105037,1152,1152,2432,2819,2819
64,28,butterfly-check,recompute,ntt,mul-output,0,41,0,1,PASS,FAIL,yes,yes,6.10894435e2,2.76533268e2,3.09747686e2,9.65711137e1,-39.69694480,1152,3,0,0,0,0,3,182207 ns,161417,1152,1152,2432,2819,2819
64,28,butterfly-check,recompute,ntt,mul-output,0,41,8,1,PASS,FAIL,yes,yes,5.78511357e2,2.74011190e2,3.05143850e2,9.51357596e1,-39.56687580,1152,3,0,0,0,0,3,171126 ns,152121,1152,1152,2432,2819,2819
64,28,butterfly-check,recompute,ntt,mul-output,0,41,24,1,PASS,FAIL,yes,yes,6.18543246e2,2.51650639e2,2.89856788e2,9.03696590e1,-39.12045287,1152,3,0,0,0,0,3,131042 ns,116168,1152,1152,2432,2819,2819
64,28,butterfly-check,recompute,ntt,mul-output,0,41,26,1,PASS,FAIL,yes,yes,6.71011400e2,2.67487716e2,3.01424411e2,9.39761372e1,-39.46035179,1152,3,0,0,0,0,3,133709 ns,117539,1152,1152,2432,2819,2819
64,28,butterfly-check,recompute,ntt,mul-output,0,45,0,1,PASS,FAIL,yes,yes,6.49160592e2,2.44541896e2,2.77884351e2,8.66369709e1,-38.75406519,1152,3,0,0,0,0,3,133084 ns,118123,1152,1152,2432,2819,2819
64,28,butterfly-check,recompute,ntt,mul-output,0,45,8,1,PASS,FAIL,yes,yes,5.05957977e2,2.44480252e2,2.74761606e2,8.56633818e1,-38.65590431,1152,3,0,0,0,0,3,132334 ns,117543,1152,1152,2432,2819,2819
64,28,butterfly-check,recompute,ntt,mul-output,0,45,24,1,PASS,FAIL,yes,yes,4.47816348e2,2.35083220e2,2.66381996e2,8.30508414e1,-38.38688073,1152,3,0,0,0,0,3,249249 ns,221667,1152,1152,2432,2819,2819
64,28,butterfly-check,recompute,ntt,mul-output,0,45,26,1,PASS,FAIL,yes,yes,5.72160172e2,2.60117858e2,2.88849133e2,9.00554991e1,-39.09020475,1152,3,0,0,0,0,3,249292 ns,221709,1152,1152,2432,2819,2819
64,28,butterfly-check,recompute,ntt,mul-output,0,47,0,1,PASS,FAIL,yes,yes,5.41885956e2,2.58538787e2,2.94526645e2,9.18255966e1,-39.25927517,1152,3,0,0,0,0,3,279167 ns,247958,1152,1152,2432,2819,2819
64,28,butterfly-check,recompute,ntt,mul-output,0,47,8,1,PASS,FAIL,yes,yes,7.96235633e2,2.76881469e2,3.16000282e2,9.85205072e1,-39.87053278,1152,3,0,0,0,0,3,250125 ns,220960,1152,1152,2432,2819,2819
64,28,butterfly-check,recompute,ntt,mul-output,0,47,24,1,PASS,FAIL,yes,yes,5.63956883e2,2.67642442e2,2.96589909e2,9.24688677e1,-39.31991080,1152,3,0,0,0,0,3,250624 ns,221335,1152,1152,2432,2819,2819
64,28,butterfly-check,recompute,ntt,mul-output,0,47,26,1,PASS,FAIL,yes,yes,5.78800431e2,2.67191953e2,3.02369700e2,9.42708533e1,-39.48754876,1152,3,0,0,0,0,3,290208 ns,257160,1152,1152,2432,2819,2819
64,28,butterfly-check,recompute,ntt,mul-output,0,53,0,1,PASS,FAIL,yes,yes,6.23715210e2,2.87501039e2,3.23209853e2,1.00768260e2,-40.06647521,1152,3,0,0,0,0,3,290917 ns,257330,1152,1152,2432,2819,2819
64,28,butterfly-check,recompute,ntt,mul-output,0,53,8,1,PASS,FAIL,yes,yes,5.96686150e2,2.90002895e2,3.15690622e2,9.84239634e1,-39.86201699,1152,3,0,0,0,0,3,250166 ns,221584,1152,1152,2432,2819,2819
64,28,butterfly-check,recompute,ntt,mul-output,0,53,24,1,PASS,FAIL,yes,yes,5.26952211e2,2.85581797e2,3.12074936e2,9.72966885e1,-39.76196118,1152,3,0,0,0,0,3,249458 ns,221285,1152,1152,2432,2819,2819
64,28,butterfly-check,recompute,ntt,mul-output,0,53,26,1,PASS,FAIL,yes,yes,7.21167692e2,2.73865527e2,3.01447737e2,9.39834096e1,-39.46102393,1152,3,0,0,0,0,3,221539 ns,197415,1152,1152,2432,2819,2819
64,28,butterfly-check,recompute,ntt,mul-output,0,54,0,1,PASS,FAIL,no,no,5.89346472e2,2.76810442e2,3.09445684e2,9.64769575e1,-39.68847198,1152,0,0,0,0,0,0,256625 ns,221124,1152,1152,2432,2819,2819
64,28,butterfly-check,recompute,ntt,mul-output,0,54,8,1,PASS,FAIL,no,no,5.80025862e2,2.62151890e2,2.96941683e2,9.25785415e1,-39.33020669,1152,0,0,0,0,0,0,133084 ns,117829,1152,1152,2432,2819,2819
64,28,butterfly-check,recompute,ntt,mul-output,0,54,24,1,PASS,FAIL,no,no,6.04549043e2,2.44660585e2,2.92090649e2,9.10661179e1,-39.18713646,1152,0,0,0,0,0,0,131501 ns,116915,1152,1152,2432,2819,2819
64,28,butterfly-check,recompute,ntt,mul-output,0,54,26,1,PASS,FAIL,no,no,6.01052003e2,2.67567879e2,3.02910540e2,9.44394729e1,-39.50307109,1152,0,0,0,0,0,0,139751 ns,124623,1152,1152,2432,2819,2819
64,28,butterfly-check,recompute,ntt,mul-output,0,55,0,1,PASS,FAIL,yes,yes,5.64787872e2,2.94989483e2,3.20098668e2,9.97982753e1,-39.98246072,1152,3,0,0,0,0,3,141500 ns,125669,1152,1152,2432,2819,2819
64,28,butterfly-check,recompute,ntt,mul-output,0,55,8,1,PASS,FAIL,yes,yes,6.81078878e2,2.76407048e2,3.17919755e2,9.91189480e1,-39.92313368,1152,3,0,0,0,0,3,131917 ns,116873,1152,1152,2432,2819,2819
64,28,butterfly-check,recompute,ntt,mul-output,0,55,24,1,PASS,FAIL,yes,yes,6.18725182e2,2.66308057e2,2.93570519e2,9.15275018e1,-39.23103218,1152,3,0,0,0,0,3,132915 ns,118328,1152,1152,2432,2819,2819
64,28,butterfly-check,recompute,ntt,mul-output,0,55,26,1,PASS,FAIL,yes,yes,5.90792289e2,2.41286650e2,2.82880831e2,8.81947408e1,-38.90885377,1152,3,0,0,0,0,3,184083 ns,152175,1152,1152,2432,2819,2819
64,28,butterfly-check,recompute,ntt,mul-output,0,56,0,1,PASS,FAIL,no,no,5.68065972e2,2.87748338e2,3.27283644e2,1.02038360e2,-40.17526942,1152,0,0,0,0,0,0,133166 ns,117376,1152,1152,2432,2819,2819
64,28,butterfly-check,recompute,ntt,mul-output,0,56,8,1,PASS,FAIL,no,no,5.55421796e2,2.43295734e2,2.74527642e2,8.55904381e1,-38.64850498,1152,0,0,0,0,0,0,181459 ns,160625,1152,1152,2432,2819,2819
64,28,butterfly-check,recompute,ntt,mul-output,0,56,24,1,PASS,FAIL,no,no,4.91768770e2,2.68108920e2,2.95131155e2,9.20140669e1,-39.27708452,1152,0,0,0,0,0,0,126791 ns,112458,1152,1152,2432,2819,2819
64,28,butterfly-check,recompute,ntt,mul-output,0,56,26,1,PASS,FAIL,no,no,5.22939651e2,2.69477241e2,2.98057310e2,9.29263644e1,-39.36277893,1152,0,0,0,0,0,0,117583 ns,104084,1152,1152,2432,2819,2819
64,28,butterfly-check,recompute,ntt,mul-output,0,57,0,1,PASS,FAIL,yes,yes,5.76434466e2,2.34450877e2,2.65527243e2,8.27843521e1,-38.35896509,1152,3,0,0,0,0,3,221582 ns,196370,1152,1152,2432,2819,2819
64,28,butterfly-check,recompute,ntt,mul-output,0,57,8,1,PASS,FAIL,yes,yes,5.95566449e2,2.37617711e2,2.74756853e2,8.56618999e1,-38.65575405,1152,3,0,0,0,0,3,290290 ns,258163,1152,1152,2432,2819,2819
64,28,butterfly-check,recompute,ntt,mul-output,0,57,24,1,PASS,FAIL,yes,yes,5.50350879e2,2.89318652e2,3.14115017e2,9.79327317e1,-39.81855737,1152,3,0,0,0,0,3,129042 ns,114584,1152,1152,2432,2819,2819
64,28,butterfly-check,recompute,ntt,mul-output,0,57,26,1,PASS,FAIL,yes,yes,6.21711836e2,2.42011131e2,2.71116446e2,8.45269175e1,-38.53990063,1152,3,0,0,0,0,3,132126 ns,117375,1152,1152,2432,2819,2819
64,28,butterfly-check,recompute,ntt,mul-output,0,58,0,1,PASS,FAIL,no,no,5.62721659e2,2.77574737e2,3.14889604e2,9.81742272e1,-39.83994982,1152,0,0,0,0,0,0,132125 ns,117417,1152,1152,2432,2819,2819
64,28,butterfly-check,recompute,ntt,mul-output,0,58,8,1,PASS,FAIL,no,no,5.57273191e2,2.66636926e2,2.91588760e2,9.09096421e1,-39.17219896,1152,0,0,0,0,0,0,129666 ns,114667,1152,1152,2432,2819,2819
64,28,butterfly-check,recompute,ntt,mul-output,0,58,24,1,PASS,FAIL,no,no,4.74873575e2,2.39277119e2,2.64713291e2,8.25305837e1,-38.33229833,1152,0,0,0,0,0,0,133209 ns,118167,1152,1152,2432,2819,2819
64,28,butterfly-check,recompute,ntt,mul-output,0,58,26,1,PASS,FAIL,no,no,6.20297960e2,2.73924515e2,3.10393148e2,9.67723516e1,-39.71502589,1152,0,0,0,0,0,0,131707 ns,117292,1152,1152,2432,2819,2819
64,28,butterfly-check,recompute,ntt,mul-output,0,62,0,1,PASS,FAIL,no,no,6.17688008e2,2.57325819e2,3.01428058e2,9.39772741e1,-39.46045687,1152,0,0,0,0,0,0,132959 ns,117207,1152,1152,2432,2819,2819
64,28,butterfly-check,recompute,ntt,mul-output,0,62,8,1,PASS,FAIL,no,no,6.18891215e2,2.87895354e2,3.15988315e2,9.85167761e1,-39.87020383,1152,0,0,0,0,0,0,131918 ns,117207,1152,1152,2432,2819,2819
64,28,butterfly-check,recompute,ntt,mul-output,0,62,24,1,PASS,FAIL,no,no,5.86945121e2,2.69129983e2,2.98435633e2,9.30443155e1,-39.37379691,1152,0,0,0,0,0,0,128043 ns,113872,1152,1152,2432,2819,2819
64,28,butterfly-check,recompute,ntt,mul-output,0,62,26,1,PASS,FAIL,no,no,6.58469338e2,2.65165112e2,3.01445469e2,9.39827024e1,-39.46095857,1152,0,0,0,0,0,0,131582 ns,116877,1152,1152,2432,2819,2819
64,28,butterfly-check,recompute,ntt,mul-output,0,63,0,1,PASS,FAIL,yes,yes,6.40597650e2,2.51578150e2,2.92024411e2,9.10454664e1,-39.18516650,1152,3,0,0,0,0,3,123834 ns,109954,1152,1152,2432,2819,2819
64,28,butterfly-check,recompute,ntt,mul-output,0,63,8,1,PASS,FAIL,yes,yes,5.87162019e2,2.65447437e2,3.09336757e2,9.64429967e1,-39.68541393,1152,3,0,0,0,0,3,132334 ns,117334,1152,1152,2432,2819,2819
64,28,butterfly-check,recompute,ntt,mul-output,0,63,24,1,PASS,FAIL,yes,yes,5.61797638e2,2.70902857e2,2.99486726e2,9.33720184e1,-39.40433494,1152,3,0,0,0,0,3,126750 ns,111755,1152,1152,2432,2819,2819
64,28,butterfly-check,recompute,ntt,mul-output,0,63,26,1,PASS,FAIL,yes,yes,6.94573755e2,2.53899228e2,2.92915921e2,9.13234156e1,-39.21164292,1152,3,0,0,0,0,3,131833 ns,117205,1152,1152,2432,2819,2819
64,28,butterfly-check,recompute,ntt,mul-output,0,1,0,2,PASS,FAIL,yes,yes,4.53959891e2,2.32795804e2,2.59221705e2,8.08184528e1,-38.15021064,1152,3,0,0,0,0,3,132709 ns,117748,1152,1152,2432,2819,2819
64,28,butterfly-check,recompute,ntt,mul-output,0,1,8,2,PASS,FAIL,yes,yes,6.92080617e2,2.63561511e2,3.06958293e2,9.57014548e1,-39.61837079,1152,3,0,0,0,0,3,132957 ns,117918,1152,1152,2432,2819,2819
64,28,butterfly-check,recompute,ntt,mul-output,0,1,24,2,PASS,FAIL,yes,yes,5.79684334e2,2.58504880e2,3.02332527e2,9.42592638e1,-39.48648087,1152,3,0,0,0,0,3,250416 ns,221587,1152,1152,2432,2819,2819
64,28,butterfly-check,recompute,ntt,mul-output,0,1,26,2,PASS,FAIL,yes,yes,6.06635519e2,2.94904294e2,3.24546649e2,1.01185038e2,-40.10232596,1152,3,0,0,0,0,3,251209 ns,221915,1152,1152,2432,2819,2819
64,28,butterfly-check,recompute,ntt,mul-output,0,4,0,2,PASS,FAIL,no,no,5.85748703e2,2.73823215e2,3.15542805e2,9.83778781e1,-39.85794902,1152,0,0,0,0,0,0,288873 ns,256916,1152,1152,2432,2819,2819
64,28,butterfly-check,recompute,ntt,mul-output,0,4,8,2,PASS,FAIL,no,no,6.07181685e2,2.88466460e2,3.15463924e2,9.83532851e1,-39.85577740,1152,0,0,0,0,0,0,287292 ns,255290,1152,1152,2432,2819,2819
64,28,butterfly-check,recompute,ntt,mul-output,0,4,24,2,PASS,FAIL,no,no,4.90117378e2,2.60177124e2,2.90150377e2,9.04611925e1,-39.12924617,1152,0,0,0,0,0,0,131708 ns,116794,1152,1152,2432,2819,2819
64,28,butterfly-check,recompute,ntt,mul-output,0,4,26,2,PASS,FAIL,no,no,5.37864599e2,2.42263362e2,2.90801406e2,9.06641660e1,-39.14871342,1152,0,0,0,0,0,0,193458 ns,171332,1152,1152,2432,2819,2819
64,28,butterfly-check,recompute,ntt,mul-output,0,6,0,2,PASS,FAIL,no,no,5.80323843e2,2.93485724e2,3.12637011e2,9.74719286e1,-39.77759119,1152,0,0,0,0,0,0,127708 ns,113131,1152,1152,2432,2819,2819
64,28,butterfly-check,recompute,ntt,mul-output,0,6,8,2,PASS,FAIL,no,no,7.86458094e2,2.46411310e2,2.92590742e2,9.12220336e1,-39.20199499,1152,0,0,0,0,0,0,133333 ns,116880,1152,1152,2432,2819,2819
64,28,butterfly-check,recompute,ntt,mul-output,0,6,24,2,PASS,FAIL,no,no,7.70523082e2,2.93140700e2,3.32426954e2,1.03641908e2,-40.31070797,1152,0,0,0,0,0,0,132957 ns,118252,1152,1152,2432,2819,2819
64,28,butterfly-check,recompute,ntt,mul-output,0,6,26,2,PASS,FAIL,no,no,5.70024095e2,2.39511209e2,2.74190841e2,8.54854324e1,-38.63784226,1152,0,0,0,0,0,0,130415 ns,115875,1152,1152,2432,2819,2819
64,28,butterfly-check,recompute,ntt,mul-output,0,7,0,2,PASS,FAIL,yes,yes,6.75983122e2,2.67773683e2,3.07511136e2,9.58738167e1,-39.63400034,1152,3,0,0,0,0,3,131751 ns,117377,1152,1152,2432,2819,2819
64,28,butterfly-check,recompute,ntt,mul-output,0,7,8,2,PASS,FAIL,yes,yes,4.34013907e2,2.35640804e2,2.54761999e2,7.94280346e1,-37.99947632,1152,3,0,0,0,0,3,128000 ns,113918,1152,1152,2432,2819,2819
64,28,butterfly-check,recompute,ntt,mul-output,0,7,24,2,PASS,FAIL,yes,yes,5.77638676e2,2.58168851e2,2.82193893e2,8.79805718e1,-38.88773560,1152,3,0,0,0,0,3,289959 ns,257206,1152,1152,2432,2819,2819
64,28,butterfly-check,recompute,ntt,mul-output,0,7,26,2,PASS,FAIL,yes,yes,5.99441902e2,2.72878019e2,3.04036273e2,9.47904466e1,-39.53529138,1152,3,0,0,0,0,3,318375 ns,281958,1152,1152,2432,2819,2819
64,28,butterfly-check,recompute,ntt,mul-output,0,8,0,2,PASS,FAIL,no,no,5.13283818e2,2.42030188e2,2.75356417e2,8.58488282e1,-38.67468743,1152,0,0,0,0,0,0,288291 ns,256254,1152,1152,2432,2819,2819
64,28,butterfly-check,recompute,ntt,mul-output,0,8,8,2,PASS,FAIL,no,no,5.54549011e2,2.33242100e2,2.64826512e2,8.25658829e1,-38.33601259,1152,0,0,0,0,0,0,219793 ns,195459,1152,1152,2432,2819,2819
64,28,butterfly-check,recompute,ntt,mul-output,0,8,24,2,PASS,FAIL,no,no,6.59879501e2,2.71165664e2,3.17003798e2,9.88333767e1,-39.89807267,1152,0,0,0,0,0,0,132959 ns,117417,1152,1152,2432,2819,2819
64,28,butterfly-check,recompute,ntt,mul-output,0,8,26,2,PASS,FAIL,no,no,6.17591797e2,2.83805301e2,3.20390200e2,9.98891673e1,-39.99036786,1152,0,0,0,0,0,0,204749 ns,168662,1152,1152,2432,2819,2819
64,28,butterfly-check,recompute,ntt,mul-output,0,9,0,2,PASS,FAIL,yes,yes,7.68101324e2,2.72666746e2,3.06766502e2,9.56416593e1,-39.61294205,1152,3,0,0,0,0,3,137374 ns,122417,1152,1152,2432,2819,2819
64,28,butterfly-check,recompute,ntt,mul-output,0,9,8,2,PASS,FAIL,yes,yes,5.43005410e2,2.67321555e2,2.99511130e2,9.33796270e1,-39.40504269,1152,3,0,0,0,0,3,132082 ns,116873,1152,1152,2432,2819,2819
64,28,butterfly-check,recompute,ntt,mul-output,0,9,24,2,PASS,FAIL,yes,yes,4.60958380e2,2.45668925e2,2.74905389e2,8.57082095e1,-38.66044845,1152,3,0,0,0,0,3,249083 ns,221166,1152,1152,2432,2819,2819
64,28,butterfly-check,recompute,ntt,mul-output,0,9,26,2,PASS,FAIL,yes,yes,5.95935426e2,2.91837278e2,3.22192350e2,1.00451030e2,-40.03908786,1152,3,0,0,0,0,3,427083 ns,375209,1152,1152,2432,2819,2819
64,28,butterfly-check,recompute,ntt,mul-output,0,10,0,2,PASS,FAIL,no,no,6.87142534e2,2.70722397e2,3.14646801e2,9.80985276e1,-39.83324978,1152,0,0,0,0,0,0,221458 ns,196455,1152,1152,2432,2819,2819
64,28,butterfly-check,recompute,ntt,mul-output,0,10,8,2,PASS,FAIL,no,no,5.02835007e2,2.65380205e2,2.95349591e2,9.20821694e1,-39.28351085,1152,0,0,0,0,0,0,249041 ns,221622,1152,1152,2432,2819,2819
64,28,butterfly-check,recompute,ntt,mul-output,0,10,24,2,PASS,FAIL,no,no,5.41033184e2,2.49548200e2,2.81169390e2,8.76611589e1,-38.85614416,1152,0,0,0,0,0,0,131458 ns,116835,1152,1152,2432,2819,2819
64,28,butterfly-check,recompute,ntt,mul-output,0,10,26,2,PASS,FAIL,no,no,7.17891023e2,2.73706707e2,3.07935713e2,9.60061883e1,-39.64598455,1152,0,0,0,0,0,0,141875 ns,125960,1152,1152,2432,2819,2819
64,28,butterfly-check,recompute,ntt,mul-output,0,11,0,2,PASS,FAIL,yes,yes,5.47196418e2,2.69929948e2,2.94995317e2,9.19717163e1,-39.27308582,1152,3,0,0,0,0,3,129499 ns,114414,1152,1152,2432,2819,2819
64,28,butterfly-check,recompute,ntt,mul-output,0,11,8,2,PASS,FAIL,yes,yes,6.68838213e2,2.33662194e2,2.79067799e2,8.70059385e1,-38.79097792,1152,3,0,0,0,0,3,146542 ns,125202,1152,1152,2432,2819,2819
64,28,butterfly-check,recompute,ntt,mul-output,0,11,24,2,PASS,FAIL,yes,yes,6.32743051e2,2.69592938e2,3.13390690e2,9.77069055e1,-39.79850518,1152,3,0,0,0,0,3,137166 ns,119251,1152,1152,2432,2819,2819
64,28,butterfly-check,recompute,ntt,mul-output,0,11,26,2,PASS,FAIL,yes,yes,5.57460448e2,2.52064527e2,2.91494606e2,9.08802874e1,-39.16939384,1152,3,0,0,0,0,3,132958 ns,117876,1152,1152,2432,2819,2819
64,28,butterfly-check,recompute,ntt,mul-output,0,15,0,2,PASS,FAIL,yes,yes,6.92503052e2,2.65055632e2,2.95699360e2,9.21912182e1,-39.29379108,1152,3,0,0,0,0,3,132250 ns,116960,1152,1152,2432,2819,2819
64,28,butterfly-check,recompute,ntt,mul-output,0,15,8,2,PASS,FAIL,yes,yes,6.13585828e2,2.79442816e2,3.09596816e2,9.65240762e1,-39.69271308,1152,3,0,0,0,0,3,133540 ns,118420,1152,1152,2432,2819,2819
64,28,butterfly-check,recompute,ntt,mul-output,0,15,24,2,PASS,FAIL,yes,yes,5.24228357e2,2.13872804e2,2.42376100e2,7.55664400e1,-37.56657925,1152,3,0,0,0,0,3,133293 ns,117910,1152,1152,2432,2819,2819
64,28,butterfly-check,recompute,ntt,mul-output,0,15,26,2,PASS,FAIL,yes,yes,6.38926699e2,2.48268862e2,2.86399103e2,8.92916446e1,-39.01621644,1152,3,0,0,0,0,3,132750 ns,118088,1152,1152,2432,2819,2819
64,28,butterfly-check,recompute,ntt,mul-output,0,16,0,2,PASS,FAIL,no,no,5.85710559e2,2.61407788e2,3.02233818e2,9.42284889e1,-39.48364454,1152,0,0,0,0,0,0,132749 ns,117580,1152,1152,2432,2819,2819
64,28,butterfly-check,recompute,ntt,mul-output,0,16,8,2,PASS,FAIL,no,no,4.62453973e2,2.58919014e2,2.80111612e2,8.73313716e1,-38.82340562,1152,0,0,0,0,0,0,138166 ns,121330,1152,1152,2432,2819,2819
64,28,butterfly-check,recompute,ntt,mul-output,0,16,24,2,PASS,FAIL,no,no,7.23115814e2,2.44142252e2,2.84783963e2,8.87880869e1,-38.96709397,1152,0,0,0,0,0,0,132084 ns,117209,1152,1152,2432,2819,2819
64,28,butterfly-check,recompute,ntt,mul-output,0,16,26,2,PASS,FAIL,no,no,5.52394056e2,2.87187437e2,3.17569093e2,9.90096208e1,-39.91354794,1152,0,0,0,0,0,0,133124 ns,117543,1152,1152,2432,2819,2819
64,28,butterfly-check,recompute,ntt,mul-output,0,18,0,2,PASS,FAIL,no,no,7.13332765e2,2.81804965e2,3.17782796e2,9.90762477e1,-39.91939101,1152,0,0,0,0,0,0,133625 ns,117749,1152,1152,2432,2819,2819
64,28,butterfly-check,recompute,ntt,mul-output,0,18,8,2,PASS,FAIL,no,no,9.56533596e2,2.71333298e2,3.14687770e2,9.81113008e1,-39.83438067,1152,0,0,0,0,0,0,389750 ns,324998,1152,1152,2432,2819,2819
64,28,butterfly-check,recompute,ntt,mul-output,0,18,24,2,PASS,FAIL,no,no,6.23290324e2,2.49253869e2,2.82278893e2,8.80070726e1,-38.89035150,1152,0,0,0,0,0,0,222709 ns,197963,1152,1152,2432,2819,2819
64,28,butterfly-check,recompute,ntt,mul-output,0,18,26,2,PASS,FAIL,no,no,7.65625595e2,2.52023762e2,2.93080580e2,9.13747518e1,-39.21652421,1152,0,0,0,0,0,0,248624 ns,221086,1152,1152,2432,2819,2819
64,28,butterfly-check,recompute,ntt,mul-output,0,19,0,2,PASS,FAIL,yes,yes,5.38191880e2,2.49457842e2,2.77595617e2,8.65469513e1,-38.74503548,1152,3,0,0,0,0,3,133626 ns,117580,1152,1152,2432,2819,2819
64,28,butterfly-check,recompute,ntt,mul-output,0,19,8,2,PASS,FAIL,yes,yes,6.22640794e2,2.88653420e2,3.21904988e2,1.00361438e2,-40.03133750,1152,3,0,0,0,0,3,223335 ns,197292,1152,1152,2432,2819,2819
64,28,butterfly-check,recompute,ntt,mul-output,0,19,24,2,PASS,FAIL,yes,yes,5.80491201e2,2.55821531e2,2.84895468e2,8.88228511e1,-38.97049419,1152,3,0,0,0,0,3,132292 ns,117549,1152,1152,2432,2819,2819
64,28,butterfly-check,recompute,ntt,mul-output,0,19,26,2,PASS,FAIL,yes,yes,5.81559407e2,2.59536415e2,2.92827322e2,9.12957927e1,-39.20901528,1152,3,0,0,0,0,3,136042 ns,119588,1152,1152,2432,2819,2819
64,28,butterfly-check,recompute,ntt,mul-output,0,23,0,2,PASS,FAIL,yes,yes,7.58401359e2,2.90665783e2,3.24737554e2,1.01244557e2,-40.10743368,1152,3,0,0,0,0,3,132667 ns,118001,1152,1152,2432,2819,2819
64,28,butterfly-check,recompute,ntt,mul-output,0,23,8,2,PASS,FAIL,yes,yes,8.35527300e2,2.51229748e2,3.12703458e2,9.74926449e1,-39.77943705,1152,3,0,0,0,0,3,134042 ns,119501,1152,1152,2432,2819,2819
64,28,butterfly-check,recompute,ntt,mul-output,0,23,24,2,PASS,FAIL,yes,yes,5.26128368e2,2.91613998e2,3.17497952e2,9.89874409e1,-39.91160193,1152,3,0,0,0,0,3,132875 ns,117665,1152,1152,2432,2819,2819
64,28,butterfly-check,recompute,ntt,mul-output,0,23,26,2,PASS,FAIL,yes,yes,7.22862403e2,2.55585327e2,3.02861349e2,9.44241363e1,-39.50166042,1152,3,0,0,0,0,3,131832 ns,117253,1152,1152,2432,2819,2819
64,28,butterfly-check,recompute,ntt,mul-output,0,24,0,2,PASS,FAIL,no,no,7.43820232e2,2.65280453e2,3.12470635e2,9.74200570e1,-39.77296759,1152,0,0,0,0,0,0,132126 ns,117122,1152,1152,2432,2819,2819
64,28,butterfly-check,recompute,ntt,mul-output,0,24,8,2,PASS,FAIL,no,no,4.85210499e2,2.64546666e2,2.85863798e2,8.91247506e1,-38.99996656,1152,0,0,0,0,0,0,132375 ns,117044,1152,1152,2432,2819,2819
64,28,butterfly-check,recompute,ntt,mul-output,0,24,24,2,PASS,FAIL,no,no,5.60355070e2,2.41494149e2,2.68627106e2,8.37508073e1,-38.45978004,1152,0,0,0,0,0,0,250333 ns,221206,1152,1152,2432,2819,2819
64,28,butterfly-check,recompute,ntt,mul-output,0,24,26,2,PASS,FAIL,no,no,8.08750250e2,3.03944752e2,3.42916591e2,1.06912298e2,-40.58055332,1152,0,0,0,0,0,0,124292 ns,109792,1152,1152,2432,2819,2819
64,28,butterfly-check,recompute,ntt,mul-output,0,26,0,2,PASS,FAIL,no,no,5.27939676e2,2.64722649e2,2.98052332e2,9.29248125e1,-39.36263387,1152,0,0,0,0,0,0,288460 ns,256294,1152,1152,2432,2819,2819
64,28,butterfly-check,recompute,ntt,mul-output,0,26,8,2,PASS,FAIL,no,no,5.88898587e2,2.68623505e2,2.96660992e2,9.24910295e1,-39.32199227,1152,0,0,0,0,0,0,132375 ns,117081,1152,1152,2432,2819,2819
64,28,butterfly-check,recompute,ntt,mul-output,0,26,24,2,PASS,FAIL,no,no,5.04220114e2,2.53022228e2,2.75996964e2,8.60485336e1,-38.69486947,1152,0,0,0,0,0,0,132333 ns,117170,1152,1152,2432,2819,2819
64,28,butterfly-check,recompute,ntt,mul-output,0,26,26,2,PASS,FAIL,no,no,5.85705467e2,2.67320839e2,2.98343072e2,9.30154575e1,-39.37110253,1152,0,0,0,0,0,0,345249 ns,304831,1152,1152,2432,2819,2819
64,28,butterfly-check,recompute,ntt,mul-output,0,27,0,2,PASS,FAIL,yes,yes,5.42728582e2,2.51372058e2,2.83902412e2,8.85132427e1,-38.94016503,1152,3,0,0,0,0,3,222001 ns,197459,1152,1152,2432,2819,2819
64,28,butterfly-check,recompute,ntt,mul-output,0,27,8,2,PASS,FAIL,yes,yes,6.03149462e2,2.58019119e2,2.90113943e2,9.04498332e1,-39.12815540,1152,3,0,0,0,0,3,252083 ns,222454,1152,1152,2432,2819,2819
64,28,butterfly-check,recompute,ntt,mul-output,0,27,24,2,PASS,FAIL,yes,yes,5.45704217e2,2.70122254e2,2.98184865e2,9.29661325e1,-39.36649529,1152,3,0,0,0,0,3,169918 ns,151918,1152,1152,2432,2819,2819
64,28,butterfly-check,recompute,ntt,mul-output,0,27,26,2,PASS,FAIL,yes,yes,6.01490492e2,2.56208003e2,2.90833619e2,9.06742090e1,-39.14967552,1152,3,0,0,0,0,3,130540 ns,115873,1152,1152,2432,2819,2819
64,28,butterfly-check,recompute,ntt,mul-output,0,28,0,2,PASS,FAIL,no,no,5.42451275e2,2.47291710e2,2.72961041e2,8.51020133e1,-38.59879669,1152,0,0,0,0,0,0,133207 ns,118292,1152,1152,2432,2819,2819
64,28,butterfly-check,recompute,ntt,mul-output,0,28,8,2,PASS,FAIL,no,no,5.26199816e2,2.85008687e2,3.15520119e2,9.83708051e1,-39.85732452,1152,0,0,0,0,0,0,134124 ns,119046,1152,1152,2432,2819,2819
64,28,butterfly-check,recompute,ntt,mul-output,0,28,24,2,PASS,FAIL,no,no,7.81958678e2,2.73694845e2,3.11868095e2,9.72322010e1,-39.75620233,1152,0,0,0,0,0,0,132124 ns,117831,1152,1152,2432,2819,2819
64,28,butterfly-check,recompute,ntt,mul-output,0,28,26,2,PASS,FAIL,no,no,5.52887477e2,2.61103703e2,2.98119262e2,9.29456795e1,-39.36458414,1152,0,0,0,0,0,0,131666 ns,117372,1152,1152,2432,2819,2819
64,28,butterfly-check,recompute,ntt,mul-output,0,29,0,2,PASS,FAIL,yes,yes,6.45506252e2,2.56315750e2,2.94042573e2,9.16746759e1,-39.24498767,1152,3,0,0,0,0,3,143167 ns,127374,1152,1152,2432,2819,2819
64,28,butterfly-check,recompute,ntt,mul-output,0,29,8,2,PASS,FAIL,yes,yes,7.23760993e2,2.39697491e2,2.84163242e2,8.85945625e1,-38.94814136,1152,3,0,0,0,0,3,134876 ns,119540,1152,1152,2432,2819,2819
64,28,butterfly-check,recompute,ntt,mul-output,0,29,24,2,PASS,FAIL,yes,yes,5.50012893e2,2.58681475e2,2.94075618e2,9.16849784e1,-39.24596374,1152,3,0,0,0,0,3,251542 ns,223753,1152,1152,2432,2819,2819
64,28,butterfly-check,recompute,ntt,mul-output,0,29,26,2,PASS,FAIL,yes,yes,1.04324592e3,2.44958289e2,3.17762753e2,9.90699989e1,-39.91884316,1152,3,0,0,0,0,3,305668 ns,259502,1152,1152,2432,2819,2819
64,28,butterfly-check,recompute,ntt,mul-output,0,31,0,2,PASS,FAIL,yes,yes,5.48453965e2,2.67138479e2,2.98922123e2,9.31959901e1,-39.38794453,1152,3,0,0,0,0,3,198750 ns,176209,1152,1152,2432,2819,2819
64,28,butterfly-check,recompute,ntt,mul-output,0,31,8,2,PASS,FAIL,yes,yes,5.75600931e2,2.84631282e2,3.14783756e2,9.81412266e1,-39.83702963,1152,3,0,0,0,0,3,221708 ns,196834,1152,1152,2432,2819,2819
64,28,butterfly-check,recompute,ntt,mul-output,0,31,24,2,PASS,FAIL,yes,yes,6.46054128e2,2.74276343e2,3.16873285e2,9.87926862e1,-39.89449589,1152,3,0,0,0,0,3,133083 ns,118332,1152,1152,2432,2819,2819
64,28,butterfly-check,recompute,ntt,mul-output,0,31,26,2,PASS,FAIL,yes,yes,6.07098168e2,2.55048123e2,2.86063487e2,8.91870086e1,-39.00603195,1152,3,0,0,0,0,3,138916 ns,122043,1152,1152,2432,2819,2819
64,28,butterfly-check,recompute,ntt,mul-output,0,32,0,2,PASS,FAIL,no,no,5.97405803e2,2.48992414e2,2.90611639e2,9.06050018e1,-39.14304346,1152,0,0,0,0,0,0,132875 ns,118084,1152,1152,2432,2819,2819
64,28,butterfly-check,recompute,ntt,mul-output,0,32,8,2,PASS,FAIL,no,no,6.35294468e2,3.03592339e2,3.35710017e2,1.04665480e2,-40.39606938,1152,0,0,0,0,0,0,141416 ns,125709,1152,1152,2432,2819,2819
64,28,butterfly-check,recompute,ntt,mul-output,0,32,24,2,PASS,FAIL,no,no,4.49469872e2,2.39413508e2,2.64814085e2,8.25620086e1,-38.33560501,1152,0,0,0,0,0,0,223959 ns,198623,1152,1152,2432,2819,2819
64,28,butterfly-check,recompute,ntt,mul-output,0,32,26,2,PASS,FAIL,no,no,6.09343499e2,2.50037023e2,2.85150479e2,8.89023567e1,-38.97826548,1152,0,0,0,0,0,0,195293 ns,173916,1152,1152,2432,2819,2819
64,28,butterfly-check,recompute,ntt,mul-output,0,33,0,2,PASS,FAIL,yes,yes,5.68562296e2,2.64684342e2,2.96391064e2,9.24068730e1,-39.31408548,1152,3,0,0,0,0,3,242333 ns,216043,1152,1152,2432,2819,2819
64,28,butterfly-check,recompute,ntt,mul-output,0,33,8,2,PASS,FAIL,yes,yes,5.49185619e2,2.75327847e2,3.09611607e2,9.65286879e1,-39.69312806,1152,3,0,0,0,0,3,390834 ns,343415,1152,1152,2432,2819,2819
64,28,butterfly-check,recompute,ntt,mul-output,0,33,24,2,PASS,FAIL,yes,yes,5.70877260e2,2.93992007e2,3.17288880e2,9.89222579e1,-39.90588041,1152,3,0,0,0,0,3,132667 ns,118128,1152,1152,2432,2819,2819
64,28,butterfly-check,recompute,ntt,mul-output,0,33,26,2,PASS,FAIL,yes,yes,5.21734039e2,2.71928115e2,2.96945776e2,9.25798177e1,-39.33032642,1152,3,0,0,0,0,3,134041 ns,117829,1152,1152,2432,2819,2819
64,28,butterfly-check,recompute,ntt,mul-output,0,35,0,2,PASS,FAIL,yes,yes,5.96175359e2,2.90875359e2,3.24757796e2,1.01250868e2,-40.10797509,1152,3,0,0,0,0,3,132500 ns,117124,1152,1152,2432,2819,2819
64,28,butterfly-check,recompute,ntt,mul-output,0,35,8,2,PASS,FAIL,yes,yes,4.71655298e2,2.49718023e2,2.77541425e2,8.65300556e1,-38.74333965,1152,3,0,0,0,0,3,132416 ns,117412,1152,1152,2432,2819,2819
64,28,butterfly-check,recompute,ntt,mul-output,0,35,24,2,PASS,FAIL,yes,yes,7.50026544e2,2.72273670e2,3.07764801e2,9.59529025e1,-39.64116233,1152,3,0,0,0,0,3,290708 ns,258084,1152,1152,2432,2819,2819
64,28,butterfly-check,recompute,ntt,mul-output,0,35,26,2,PASS,FAIL,yes,yes,5.68053368e2,2.50554019e2,2.93979504e2,9.16550125e1,-39.24312442,1152,3,0,0,0,0,3,597666 ns,512960,1152,1152,2432,2819,2819
64,28,butterfly-check,recompute,ntt,mul-output,0,38,0,2,PASS,FAIL,no,no,7.64482849e2,2.67741316e2,3.05559385e2,9.52653124e1,-39.57869592,1152,0,0,0,0,0,0,287583 ns,255253,1152,1152,2432,2819,2819
64,28,butterfly-check,recompute,ntt,mul-output,0,38,8,2,PASS,FAIL,no,no,5.82123547e2,2.81609994e2,3.11062578e2,9.69810619e1,-39.73373871,1152,0,0,0,0,0,0,239793 ns,214628,1152,1152,2432,2819,2819
64,28,butterfly-check,recompute,ntt,mul-output,0,38,24,2,PASS,FAIL,no,no,5.17291520e2,2.56146700e2,2.93819096e2,9.16050017e1,-39.23838374,1152,0,0,0,0,0,0,142876 ns,121000,1152,1152,2432,2819,2819
64,28,butterfly-check,recompute,ntt,mul-output,0,38,26,2,PASS,FAIL,no,no,4.85910743e2,2.35770808e2,2.61883395e2,8.16482971e1,-38.23894263,1152,0,0,0,0,0,0,121457 ns,107497,1152,1152,2432,2819,2819
64,28,butterfly-check,recompute,ntt,mul-output,0,43,0,2,PASS,FAIL,yes,yes,6.15069262e2,2.67801011e2,2.94456552e2,9.18037436e1,-39.25720782,1152,3,0,0,0,0,3,123834 ns,109751,1152,1152,2432,2819,2819
64,28,butterfly-check,recompute,ntt,mul-output,0,43,8,2,PASS,FAIL,yes,yes,7.88807593e2,2.37871158e2,2.80452679e2,8.74377074e1,-38.83397524,1152,3,0,0,0,0,3,219958 ns,195668,1152,1152,2432,2819,2819
64,28,butterfly-check,recompute,ntt,mul-output,0,43,24,2,PASS,FAIL,yes,yes,6.98103788e2,2.96137121e2,3.28058742e2,1.02280015e2,-40.19581568,1152,3,0,0,0,0,3,250624 ns,222544,1152,1152,2432,2819,2819
64,28,butterfly-check,recompute,ntt,mul-output,0,43,26,2,PASS,FAIL,yes,yes,6.16299848e2,2.55714201e2,2.83527940e2,8.83964920e1,-38.92870061,1152,3,0,0,0,0,3,291249 ns,256627,1152,1152,2432,2819,2819
64,28,butterfly-check,recompute,ntt,mul-output,0,45,0,2,PASS,FAIL,yes,yes,6.49160592e2,2.44541896e2,2.77884351e2,8.66369709e1,-38.75406519,1152,3,0,0,0,0,3,131999 ns,117461,1152,1152,2432,2819,2819
64,28,butterfly-check,recompute,ntt,mul-output,0,45,8,2,PASS,FAIL,yes,yes,5.05957977e2,2.44480252e2,2.74761606e2,8.56633818e1,-38.65590431,1152,3,0,0,0,0,3,249292 ns,220586,1152,1152,2432,2819,2819
64,28,butterfly-check,recompute,ntt,mul-output,0,45,24,2,PASS,FAIL,yes,yes,4.47816348e2,2.35083220e2,2.66381996e2,8.30508414e1,-38.38688073,1152,3,0,0,0,0,3,289833 ns,257045,1152,1152,2432,2819,2819
64,28,butterfly-check,recompute,ntt,mul-output,0,45,26,2,PASS,FAIL,yes,yes,5.72160172e2,2.60117858e2,2.88849133e2,9.00554991e1,-39.09020475,1152,3,0,0,0,0,3,251085 ns,221627,1152,1152,2432,2819,2819
64,28,butterfly-check,recompute,ntt,mul-output,0,46,0,2,PASS,FAIL,no,no,5.06673969e2,2.51541528e2,2.78421787e2,8.68045290e1,-38.77084770,1152,0,0,0,0,0,0,124667 ns,110290,1152,1152,2432,2819,2819
64,28,butterfly-check,recompute,ntt,mul-output,0,46,8,2,PASS,FAIL,no,no,6.89334284e2,2.95664931e2,3.40172449e2,1.06056748e2,-40.51076611,1152,0,0,0,0,0,0,289040 ns,257250,1152,1152,2432,2819,2819
64,28,butterfly-check,recompute,ntt,mul-output,0,46,24,2,PASS,FAIL,no,no,5.91712939e2,2.65055038e2,2.93755432e2,9.15851529e1,-39.23650150,1152,0,0,0,0,0,0,133625 ns,117538,1152,1152,2432,2819,2819
64,28,butterfly-check,recompute,ntt,mul-output,0,46,26,2,PASS,FAIL,no,no,6.19317663e2,2.87705987e2,3.21004655e2,1.00080738e2,-40.00700999,1152,0,0,0,0,0,0,287917 ns,255710,1152,1152,2432,2819,2819
64,28,butterfly-check,recompute,ntt,mul-output,0,47,0,2,PASS,FAIL,yes,yes,5.41885956e2,2.58538787e2,2.94526645e2,9.18255966e1,-39.25927517,1152,3,0,0,0,0,3,291499 ns,257337,1152,1152,2432,2819,2819
64,28,butterfly-check,recompute,ntt,mul-output,0,47,8,2,PASS,FAIL,yes,yes,7.96235633e2,2.76881469e2,3.16000282e2,9.85205072e1,-39.87053278,1152,3,0,0,0,0,3,292208 ns,257584,1152,1152,2432,2819,2819
64,28,butterfly-check,recompute,ntt,mul-output,0,47,24,2,PASS,FAIL,yes,yes,5.63956883e2,2.67642442e2,2.96589909e2,9.24688677e1,-39.31991080,1152,3,0,0,0,0,3,250875 ns,222501,1152,1152,2432,2819,2819
64,28,butterfly-check,recompute,ntt,mul-output,0,47,26,2,PASS,FAIL,yes,yes,5.78800431e2,2.67191953e2,3.02369700e2,9.42708533e1,-39.48754876,1152,3,0,0,0,0,3,124832 ns,110124,1152,1152,2432,2819,2819
64,28,butterfly-check,recompute,ntt,mul-output,0,48,0,2,PASS,FAIL,no,no,5.47598773e2,2.65001937e2,2.92886918e2,9.13143733e1,-39.21078286,1152,0,0,0,0,0,0,129833 ns,115129,1152,1152,2432,2819,2819
64,28,butterfly-check,recompute,ntt,mul-output,0,48,8,2,PASS,FAIL,no,no,6.93486435e2,2.71948739e2,3.02487034e2,9.43074347e1,-39.49091863,1152,0,0,0,0,0,0,221959 ns,197790,1152,1152,2432,2819,2819
64,28,butterfly-check,recompute,ntt,mul-output,0,48,24,2,PASS,FAIL,no,no,5.51391335e2,2.47005209e2,2.83718124e2,8.84557865e1,-38.93452497,1152,0,0,0,0,0,0,125167 ns,109628,1152,1152,2432,2819,2819
64,28,butterfly-check,recompute,ntt,mul-output,0,48,26,2,PASS,FAIL,no,no,5.49754391e2,2.49784485e2,2.88122489e2,8.98289508e1,-39.06832655,1152,0,0,0,0,0,0,197749 ns,175419,1152,1152,2432,2819,2819
64,28,butterfly-check,recompute,ntt,mul-output,0,50,0,2,PASS,FAIL,no,no,6.72800392e2,2.65829009e2,3.05014317e2,9.50953748e1,-39.56318789,1152,0,0,0,0,0,0,131458 ns,116871,1152,1152,2432,2819,2819
64,28,butterfly-check,recompute,ntt,mul-output,0,50,8,2,PASS,FAIL,no,no,5.49241977e2,2.51603010e2,2.89900482e2,9.03832817e1,-39.12176212,1152,0,0,0,0,0,0,130292 ns,115621,1152,1152,2432,2819,2819
64,28,butterfly-check,recompute,ntt,mul-output,0,50,24,2,PASS,FAIL,no,no,5.38594090e2,2.50158399e2,2.77260534e2,8.64424811e1,-38.73454447,1152,0,0,0,0,0,0,249834 ns,221250,1152,1152,2432,2819,2819
64,28,butterfly-check,recompute,ntt,mul-output,0,50,26,2,PASS,FAIL,no,no,5.87972497e2,2.74005658e2,3.08376971e2,9.61437611e1,-39.65842215,1152,0,0,0,0,0,0,132918 ns,118006,1152,1152,2432,2819,2819
64,28,butterfly-check,recompute,ntt,mul-output,0,51,0,2,PASS,FAIL,yes,yes,6.44699595e2,2.53123082e2,2.87992220e2,8.97883364e1,-39.06439850,1152,3,0,0,0,0,3,289084 ns,256293,1152,1152,2432,2819,2819
64,28,butterfly-check,recompute,ntt,mul-output,0,51,8,2,PASS,FAIL,yes,yes,5.89581798e2,2.72063308e2,3.01863022e2,9.41128845e1,-39.47298169,1152,3,0,0,0,0,3,287126 ns,254955,1152,1152,2432,2819,2819
64,28,butterfly-check,recompute,ntt,mul-output,0,51,24,2,PASS,FAIL,yes,yes,5.76953228e2,3.03450571e2,3.23786134e2,1.00947929e2,-40.08194831,1152,3,0,0,0,0,3,289251 ns,257000,1152,1152,2432,2819,2819
64,28,butterfly-check,recompute,ntt,mul-output,0,51,26,2,PASS,FAIL,yes,yes,6.13184361e2,2.35423655e2,2.80830265e2,8.75554286e1,-38.84566156,1152,3,0,0,0,0,3,289542 ns,257456,1152,1152,2432,2819,2819
64,28,butterfly-check,recompute,ntt,mul-output,0,58,0,2,PASS,FAIL,no,no,5.62721659e2,2.77574737e2,3.14889604e2,9.81742272e1,-39.83994982,1152,0,0,0,0,0,0,125291 ns,111080,1152,1152,2432,2819,2819
64,28,butterfly-check,recompute,ntt,mul-output,0,58,8,2,PASS,FAIL,no,no,5.57273191e2,2.66636926e2,2.91588760e2,9.09096421e1,-39.17219896,1152,0,0,0,0,0,0,248708 ns,220673,1152,1152,2432,2819,2819
64,28,butterfly-check,recompute,ntt,mul-output,0,58,24,2,PASS,FAIL,no,no,4.74873575e2,2.39277119e2,2.64713291e2,8.25305837e1,-38.33229833,1152,0,0,0,0,0,0,289125 ns,256458,1152,1152,2432,2819,2819
64,28,butterfly-check,recompute,ntt,mul-output,0,58,26,2,PASS,FAIL,no,no,6.20297960e2,2.73924515e2,3.10393148e2,9.67723516e1,-39.71502589,1152,0,0,0,0,0,0,391000 ns,346038,1152,1152,2432,2819,2819
64,28,butterfly-check,recompute,ntt,mul-output,0,59,0,2,PASS,FAIL,yes,yes,7.03089965e2,2.56544044e2,2.93355798e2,9.14605576e1,-39.22467689,1152,3,0,0,0,0,3,343249 ns,305459,1152,1152,2432,2819,2819
64,28,butterfly-check,recompute,ntt,mul-output,0,59,8,2,PASS,FAIL,yes,yes,5.06788218e2,2.82102098e2,3.10343221e2,9.67567856e1,-39.71362864,1152,3,0,0,0,0,3,345207 ns,306292,1152,1152,2432,2819,2819
64,28,butterfly-check,recompute,ntt,mul-output,0,59,24,2,PASS,FAIL,yes,yes,7.91230506e2,2.85767043e2,3.25399553e2,1.01450951e2,-40.12512241,1152,3,0,0,0,0,3,354749 ns,305543,1152,1152,2432,2819,2819
64,28,butterfly-check,recompute,ntt,mul-output,0,59,26,2,PASS,FAIL,yes,yes,5.21204571e2,2.69018711e2,3.04558839e2,9.49533686e1,-39.55020753,1152,3,0,0,0,0,3,344333 ns,305669,1152,1152,2432,2819,2819
64,28,butterfly-check,recompute,ntt,mul-output,0,0,0,3,PASS,FAIL,no,no,5.62062584e2,2.52476300e2,2.90308588e2,9.05105185e1,-39.13398106,1152,0,0,0,0,0,0,133041 ns,117579,1152,1152,2432,2819,2819
64,28,butterfly-check,recompute,ntt,mul-output,0,0,8,3,PASS,FAIL,no,no,5.43086719e2,2.64632541e2,2.91192725e2,9.07861689e1,-39.16039379,1152,0,0,0,0,0,0,291166 ns,256956,1152,1152,2432,2819,2819
64,28,butterfly-check,recompute,ntt,mul-output,0,0,24,3,PASS,FAIL,no,no,6.23244838e2,2.34006350e2,2.61750955e2,8.16070058e1,-38.23454887,1152,0,0,0,0,0,0,199293 ns,177293,1152,1152,2432,2819,2819
64,28,butterfly-check,recompute,ntt,mul-output,0,0,26,3,PASS,FAIL,no,no,5.97471162e2,2.63133074e2,2.91951466e2,9.10227243e1,-39.18299659,1152,0,0,0,0,0,0,250126 ns,221416,1152,1152,2432,2819,2819
64,28,butterfly-check,recompute,ntt,mul-output,0,2,0,3,PASS,FAIL,no,no,6.44524536e2,2.49132312e2,2.82844917e2,8.81835437e1,-38.90775094,1152,0,0,0,0,0,0,149707 ns,131626,1152,1152,2432,2819,2819
64,28,butterfly-check,recompute,ntt,mul-output,0,2,8,3,PASS,FAIL,no,no,5.04663089e2,2.70192614e2,3.00966764e2,9.38334549e1,-39.44715414,1152,0,0,0,0,0,0,117625 ns,104455,1152,1152,2432,2819,2819
64,28,butterfly-check,recompute,ntt,mul-output,0,2,24,3,PASS,FAIL,no,no,5.03195727e2,2.64137085e2,2.99245831e2,9.32969136e1,-39.39734553,1152,0,0,0,0,0,0,221375 ns,196541,1152,1152,2432,2819,2819
64,28,butterfly-check,recompute,ntt,mul-output,0,2,26,3,PASS,FAIL,no,no,5.76726079e2,2.59415458e2,2.93976358e2,9.16540318e1,-39.24303148,1152,0,0,0,0,0,0,220709 ns,196211,1152,1152,2432,2819,2819
64,28,butterfly-check,recompute,ntt,mul-output,0,6,0,3,PASS,FAIL,no,no,5.80323843e2,2.93485724e2,3.12637011e2,9.74719286e1,-39.77759119,1152,0,0,0,0,0,0,155167 ns,138043,1152,1152,2432,2819,2819
64,28,butterfly-check,recompute,ntt,mul-output,0,6,8,3,PASS,FAIL,no,no,7.86458094e2,2.46411310e2,2.92590742e2,9.12220336e1,-39.20199499,1152,0,0,0,0,0,0,287541 ns,255457,1152,1152,2432,2819,2819
64,28,butterfly-check,recompute,ntt,mul-output,0,6,24,3,PASS,FAIL,no,no,7.70523082e2,2.93140700e2,3.32426954e2,1.03641908e2,-40.31070797,1152,0,0,0,0,0,0,287335 ns,255003,1152,1152,2432,2819,2819
64,28,butterfly-check,recompute,ntt,mul-output,0,6,26,3,PASS,FAIL,no,no,5.70024095e2,2.39511209e2,2.74190841e2,8.54854324e1,-38.63784226,1152,0,0,0,0,0,0,291793 ns,258667,1152,1152,2432,2819,2819
64,28,butterfly-check,recompute,ntt,mul-output,0,7,0,3,PASS,FAIL,yes,yes,6.75983122e2,2.67773683e2,3.07511136e2,9.58738167e1,-39.63400034,1152,3,0,0,0,0,3,141042 ns,123082,1152,1152,2432,2819,2819
64,28,butterfly-check,recompute,ntt,mul-output,0,7,8,3,PASS,FAIL,yes,yes,4.34013907e2,2.35640804e2,2.54761999e2,7.94280346e1,-37.99947632,1152,3,0,0,0,0,3,283582 ns,252044,1152,1152,2432,2819,2819
64,28,butterfly-check,recompute,ntt,mul-output,0,7,24,3,PASS,FAIL,yes,yes,5.77638676e2,2.58168851e2,2.82193893e2,8.79805718e1,-38.88773560,1152,3,0,0,0,0,3,382500 ns,341374,1152,1152,2432,2819,2819
64,28,butterfly-check,recompute,ntt,mul-output,0,7,26,3,PASS,FAIL,yes,yes,5.99441902e2,2.72878019e2,3.04036273e2,9.47904466e1,-39.53529138,1152,3,0,0,0,0,3,222208 ns,197040,1152,1152,2432,2819,2819
64,28,butterfly-check,recompute,ntt,mul-output,0,9,0,3,PASS,FAIL,yes,yes,7.68101324e2,2.72666746e2,3.06766502e2,9.56416593e1,-39.61294205,1152,3,0,0,0,0,3,222417 ns,197336,1152,1152,2432,2819,2819
64,28,butterfly-check,recompute,ntt,mul-output,0,9,8,3,PASS,FAIL,yes,yes,5.43005410e2,2.67321555e2,2.99511130e2,9.33796270e1,-39.40504269,1152,3,0,0,0,0,3,189417 ns,161416,1152,1152,2432,2819,2819
64,28,butterfly-check,recompute,ntt,mul-output,0,9,24,3,PASS,FAIL,yes,yes,4.60958380e2,2.45668925e2,2.74905389e2,8.57082095e1,-38.66044845,1152,3,0,0,0,0,3,129166 ns,114877,1152,1152,2432,2819,2819
64,28,butterfly-check,recompute,ntt,mul-output,0,9,26,3,PASS,FAIL,yes,yes,5.95935426e2,2.91837278e2,3.22192350e2,1.00451030e2,-40.03908786,1152,3,0,0,0,0,3,397085 ns,357046,1152,1152,2432,2819,2819
64,28,butterfly-check,recompute,ntt,mul-output,0,10,0,3,PASS,FAIL,no,no,6.87142534e2,2.70722397e2,3.14646801e2,9.80985276e1,-39.83324978,1152,0,0,0,0,0,0,181293 ns,161124,1152,1152,2432,2819,2819
64,28,butterfly-check,recompute,ntt,mul-output,0,10,8,3,PASS,FAIL,no,no,5.02835007e2,2.65380205e2,2.95349591e2,9.20821694e1,-39.28351085,1152,0,0,0,0,0,0,131126 ns,116165,1152,1152,2432,2819,2819
64,28,butterfly-check,recompute,ntt,mul-output,0,10,24,3,PASS,FAIL,no,no,5.41033184e2,2.49548200e2,2.81169390e2,8.76611589e1,-38.85614416,1152,0,0,0,0,0,0,252041 ns,224002,1152,1152,2432,2819,2819
64,28,butterfly-check,recompute,ntt,mul-output,0,10,26,3,PASS,FAIL,no,no,7.17891023e2,2.73706707e2,3.07935713e2,9.60061883e1,-39.64598455,1152,0,0,0,0,0,0,246917 ns,219503,1152,1152,2432,2819,2819
64,28,butterfly-check,recompute,ntt,mul-output,0,11,0,3,PASS,FAIL,yes,yes,5.47196418e2,2.69929948e2,2.94995317e2,9.19717163e1,-39.27308582,1152,3,0,0,0,0,3,287710 ns,255167,1152,1152,2432,2819,2819
64,28,butterfly-check,recompute,ntt,mul-output,0,11,8,3,PASS,FAIL,yes,yes,6.68838213e2,2.33662194e2,2.79067799e2,8.70059385e1,-38.79097792,1152,3,0,0,0,0,3,125166 ns,110837,1152,1152,2432,2819,2819
64,28,butterfly-check,recompute,ntt,mul-output,0,11,24,3,PASS,FAIL,yes,yes,6.32743051e2,2.69592938e2,3.13390690e2,9.77069055e1,-39.79850518,1152,3,0,0,0,0,3,348125 ns,306499,1152,1152,2432,2819,2819
64,28,butterfly-check,recompute,ntt,mul-output,0,11,26,3,PASS,FAIL,yes,yes,5.57460448e2,2.52064527e2,2.91494606e2,9.08802874e1,-39.16939384,1152,3,0,0,0,0,3,248542 ns,221042,1152,1152,2432,2819,2819
64,28,butterfly-check,recompute,ntt,mul-output,0,13,0,3,PASS,FAIL,yes,yes,6.34525153e2,2.85547095e2,3.19588321e2,9.96391627e1,-39.96860139,1152,3,0,0,0,0,3,238376 ns,211335,1152,1152,2432,2819,2819
64,28,butterfly-check,recompute,ntt,mul-output,0,13,8,3,PASS,FAIL,yes,yes,4.57834314e2,2.26774977e2,2.54404563e2,7.93165956e1,-37.98728130,1152,3,0,0,0,0,3,347373 ns,306498,1152,1152,2432,2819,2819
64,28,butterfly-check,recompute,ntt,mul-output,0,13,24,3,PASS,FAIL,yes,yes,6.01315752e2,2.70612539e2,3.03914971e2,9.47526278e1,-39.53182526,1152,3,0,0,0,0,3,290666 ns,256293,1152,1152,2432,2819,2819
64,28,butterfly-check,recompute,ntt,mul-output,0,13,26,3,PASS,FAIL,yes,yes,6.67225326e2,2.74586319e2,3.07931527e2,9.60048835e1,-39.64586650,1152,3,0,0,0,0,3,344709 ns,306503,1152,1152,2432,2819,2819
64,28,butterfly-check,recompute,ntt,mul-output,0,15,0,3,PASS,FAIL,yes,yes,6.92503052e2,2.65055632e2,2.95699360e2,9.21912182e1,-39.29379108,1152,3,0,0,0,0,3,130625 ns,116082,1152,1152,2432,2819,2819
64,28,butterfly-check,recompute,ntt,mul-output,0,15,8,3,PASS,FAIL,yes,yes,6.13585828e2,2.79442816e2,3.09596816e2,9.65240762e1,-39.69271308,1152,3,0,0,0,0,3,219081 ns,194459,1152,1152,2432,2819,2819
64,28,butterfly-check,recompute,ntt,mul-output,0,15,24,3,PASS,FAIL,yes,yes,5.24228357e2,2.13872804e2,2.42376100e2,7.55664400e1,-37.56657925,1152,3,0,0,0,0,3,289793 ns,256710,1152,1152,2432,2819,2819
64,28,butterfly-check,recompute,ntt,mul-output,0,15,26,3,PASS,FAIL,yes,yes,6.38926699e2,2.48268862e2,2.86399103e2,8.92916446e1,-39.01621644,1152,3,0,0,0,0,3,250250 ns,221918,1152,1152,2432,2819,2819
64,28,butterfly-check,recompute,ntt,mul-output,0,17,0,3,PASS,FAIL,yes,yes,6.89029659e2,2.76594393e2,3.11549776e2,9.71329574e1,-39.74733224,1152,3,0,0,0,0,3,289042 ns,256295,1152,1152,2432,2819,2819
64,28,butterfly-check,recompute,ntt,mul-output,0,17,8,3,PASS,FAIL,yes,yes,5.53439180e2,2.48098325e2,2.88287396e2,8.98803643e1,-39.07329648,1152,3,0,0,0,0,3,222332 ns,197754,1152,1152,2432,2819,2819
64,28,butterfly-check,recompute,ntt,mul-output,0,17,24,3,PASS,FAIL,yes,yes,6.08035400e2,2.74080040e2,3.08941751e2,9.63198444e1,-39.67431544,1152,3,0,0,0,0,3,249166 ns,221248,1152,1152,2432,2819,2819
64,28,butterfly-check,recompute,ntt,mul-output,0,17,26,3,PASS,FAIL,yes,yes,5.26383039e2,2.55452987e2,2.78522827e2,8.68360307e1,-38.77399927,1152,3,0,0,0,0,3,196582 ns,172995,1152,1152,2432,2819,2819
64,28,butterfly-check,recompute,ntt,mul-output,0,18,0,3,PASS,FAIL,no,no,7.13332765e2,2.81804965e2,3.17782796e2,9.90762477e1,-39.91939101,1152,0,0,0,0,0,0,291166 ns,257293,1152,1152,2432,2819,2819
64,28,butterfly-check,recompute,ntt,mul-output,0,18,8,3,PASS,FAIL,no,no,9.56533596e2,2.71333298e2,3.14687770e2,9.81113008e1,-39.83438067,1152,0,0,0,0,0,0,124665 ns,110590,1152,1152,2432,2819,2819
64,28,butterfly-check,recompute,ntt,mul-output,0,18,24,3,PASS,FAIL,no,no,6.23290324e2,2.49253869e2,2.82278893e2,8.80070726e1,-38.89035150,1152,0,0,0,0,0,0,125375 ns,110421,1152,1152,2432,2819,2819
64,28,butterfly-check,recompute,ntt,mul-output,0,18,26,3,PASS,FAIL,no,no,7.65625595e2,2.52023762e2,2.93080580e2,9.13747518e1,-39.21652421,1152,0,0,0,0,0,0,295251 ns,262293,1152,1152,2432,2819,2819
64,28,butterfly-check,recompute,ntt,mul-output,0,19,0,3,PASS,FAIL,yes,yes,5.38191880e2,2.49457842e2,2.77595617e2,8.65469513e1,-38.74503548,1152,3,0,0,0,0,3,290250 ns,257588,1152,1152,2432,2819,2819
64,28,butterfly-check,recompute,ntt,mul-output,0,19,8,3,PASS,FAIL,yes,yes,6.22640794e2,2.88653420e2,3.21904988e2,1.00361438e2,-40.03133750,1152,3,0,0,0,0,3,250583 ns,221290,1152,1152,2432,2819,2819
64,28,butterfly-check,recompute,ntt,mul-output,0,19,24,3,PASS,FAIL,yes,yes,5.80491201e2,2.55821531e2,2.84895468e2,8.88228511e1,-38.97049419,1152,3,0,0,0,0,3,223166 ns,195625,1152,1152,2432,2819,2819
64,28,butterfly-check,recompute,ntt,mul-output,0,19,26,3,PASS,FAIL,yes,yes,5.81559407e2,2.59536415e2,2.92827322e2,9.12957927e1,-39.20901528,1152,3,0,0,0,0,3,214249 ns,186375,1152,1152,2432,2819,2819
64,28,butterfly-check,recompute,ntt,mul-output,0,25,0,3,PASS,FAIL,yes,yes,6.60661950e2,2.51945447e2,2.86349492e2,8.92761771e1,-39.01471170,1152,3,0,0,0,0,3,199665 ns,177334,1152,1152,2432,2819,2819
64,28,butterfly-check,recompute,ntt,mul-output,0,25,8,3,PASS,FAIL,yes,yes,5.68857948e2,2.67051523e2,2.91542217e2,9.08951311e1,-39.17081241,1152,3,0,0,0,0,3,250501 ns,222086,1152,1152,2432,2819,2819
64,28,butterfly-check,recompute,ntt,mul-output,0,25,24,3,PASS,FAIL,yes,yes,4.52227487e2,2.57751516e2,2.79416022e2,8.71145053e1,-38.80180949,1152,3,0,0,0,0,3,137832 ns,121667,1152,1152,2432,2819,2819
64,28,butterfly-check,recompute,ntt,mul-output,0,25,26,3,PASS,FAIL,yes,yes,5.56930098e2,2.68219434e2,3.12658102e2,9.74785042e1,-39.77817713,1152,3,0,0,0,0,3,142624 ns,126956,1152,1152,2432,2819,2819
64,28,butterfly-check,recompute,ntt,mul-output,0,26,0,3,PASS,FAIL,no,no,5.27939676e2,2.64722649e2,2.98052332e2,9.29248125e1,-39.36263387,1152,0,0,0,0,0,0,132791 ns,117544,1152,1152,2432,2819,2819
64,28,butterfly-check,recompute,ntt,mul-output,0,26,8,3,PASS,FAIL,no,no,5.88898587e2,2.68623505e2,2.96660992e2,9.24910295e1,-39.32199227,1152,0,0,0,0,0,0,162832 ns,144292,1152,1152,2432,2819,2819
64,28,butterfly-check,recompute,ntt,mul-output,0,26,24,3,PASS,FAIL,no,no,5.04220114e2,2.53022228e2,2.75996964e2,8.60485336e1,-38.69486947,1152,0,0,0,0,0,0,343500 ns,304334,1152,1152,2432,2819,2819
64,28,butterfly-check,recompute,ntt,mul-output,0,26,26,3,PASS,FAIL,no,no,5.85705467e2,2.67320839e2,2.98343072e2,9.30154575e1,-39.37110253,1152,0,0,0,0,0,0,133374 ns,118128,1152,1152,2432,2819,2819
64,28,butterfly-check,recompute,ntt,mul-output,0,27,0,3,PASS,FAIL,yes,yes,5.42728582e2,2.51372058e2,2.83902412e2,8.85132427e1,-38.94016503,1152,3,0,0,0,0,3,394958 ns,347543,1152,1152,2432,2819,2819
64,28,butterfly-check,recompute,ntt,mul-output,0,27,8,3,PASS,FAIL,yes,yes,6.03149462e2,2.58019119e2,2.90113943e2,9.04498332e1,-39.12815540,1152,3,0,0,0,0,3,130751 ns,116039,1152,1152,2432,2819,2819
64,28,butterfly-check,recompute,ntt,mul-output,0,27,24,3,PASS,FAIL,yes,yes,5.45704217e2,2.70122254e2,2.98184865e2,9.29661325e1,-39.36649529,1152,3,0,0,0,0,3,169708 ns,149710,1152,1152,2432,2819,2819
64,28,butterfly-check,recompute,ntt,mul-output,0,27,26,3,PASS,FAIL,yes,yes,6.01490492e2,2.56208003e2,2.90833619e2,9.06742090e1,-39.14967552,1152,3,0,0,0,0,3,290290 ns,257208,1152,1152,2432,2819,2819
64,28,butterfly-check,recompute,ntt,mul-output,0,28,0,3,PASS,FAIL,no,no,5.42451275e2,2.47291710e2,2.72961041e2,8.51020133e1,-38.59879669,1152,0,0,0,0,0,0,343666 ns,305881,1152,1152,2432,2819,2819
64,28,butterfly-check,recompute,ntt,mul-output,0,28,8,3,PASS,FAIL,no,no,5.26199816e2,2.85008687e2,3.15520119e2,9.83708051e1,-39.85732452,1152,0,0,0,0,0,0,249042 ns,221040,1152,1152,2432,2819,2819
64,28,butterfly-check,recompute,ntt,mul-output,0,28,24,3,PASS,FAIL,no,no,7.81958678e2,2.73694845e2,3.11868095e2,9.72322010e1,-39.75620233,1152,0,0,0,0,0,0,248208 ns,220498,1152,1152,2432,2819,2819
64,28,butterfly-check,recompute,ntt,mul-output,0,28,26,3,PASS,FAIL,no,no,5.52887477e2,2.61103703e2,2.98119262e2,9.29456795e1,-39.36458414,1152,0,0,0,0,0,0,251916 ns,223620,1152,1152,2432,2819,2819
64,28,butterfly-check,recompute,ntt,mul-output,0,29,0,3,PASS,FAIL,yes,yes,6.45506252e2,2.56315750e2,2.94042573e2,9.16746759e1,-39.24498767,1152,3,0,0,0,0,3,130875 ns,116084,1152,1152,2432,2819,2819
64,28,butterfly-check,recompute,ntt,mul-output,0,29,8,3,PASS,FAIL,yes,yes,7.23760993e2,2.39697491e2,2.84163242e2,8.85945625e1,-38.94814136,1152,3,0,0,0,0,3,181959 ns,161374,1152,1152,2432,2819,2819
64,28,butterfly-check,recompute,ntt,mul-output,0,29,24,3,PASS,FAIL,yes,yes,5.50012893e2,2.58681475e2,2.94075618e2,9.16849784e1,-39.24596374,1152,3,0,0,0,0,3,248709 ns,221542,1152,1152,2432,2819,2819
64,28,butterfly-check,recompute,ntt,mul-output,0,29,26,3,PASS,FAIL,yes,yes,1.04324592e3,2.44958289e2,3.17762753e2,9.90699989e1,-39.91884316,1152,3,0,0,0,0,3,204959 ns,182913,1152,1152,2432,2819,2819
64,28,butterfly-check,recompute,ntt,mul-output,0,31,0,3,PASS,FAIL,yes,yes,5.48453965e2,2.67138479e2,2.98922123e2,9.31959901e1,-39.38794453,1152,3,0,0,0,0,3,320040 ns,275124,1152,1152,2432,2819,2819
64,28,butterfly-check,recompute,ntt,mul-output,0,31,8,3,PASS,FAIL,yes,yes,5.75600931e2,2.84631282e2,3.14783756e2,9.81412266e1,-39.83702963,1152,3,0,0,0,0,3,251460 ns,223002,1152,1152,2432,2819,2819
64,28,butterfly-check,recompute,ntt,mul-output,0,31,24,3,PASS,FAIL,yes,yes,6.46054128e2,2.74276343e2,3.16873285e2,9.87926862e1,-39.89449589,1152,3,0,0,0,0,3,299209 ns,262251,1152,1152,2432,2819,2819
64,28,butterfly-check,recompute,ntt,mul-output,0,31,26,3,PASS,FAIL,yes,yes,6.07098168e2,2.55048123e2,2.86063487e2,8.91870086e1,-39.00603195,1152,3,0,0,0,0,3,121917 ns,107916,1152,1152,2432,2819,2819
64,28,butterfly-check,recompute,ntt,mul-output,0,33,0,3,PASS,FAIL,yes,yes,5.68562296e2,2.64684342e2,2.96391064e2,9.24068730e1,-39.31408548,1152,3,0,0,0,0,3,344501 ns,306410,1152,1152,2432,2819,2819
64,28,butterfly-check,recompute,ntt,mul-output,0,33,8,3,PASS,FAIL,yes,yes,5.49185619e2,2.75327847e2,3.09611607e2,9.65286879e1,-39.69312806,1152,3,0,0,0,0,3,249791 ns,222126,1152,1152,2432,2819,2819
64,28,butterfly-check,recompute,ntt,mul-output,0,33,24,3,PASS,FAIL,yes,yes,5.70877260e2,2.93992007e2,3.17288880e2,9.89222579e1,-39.90588041,1152,3,0,0,0,0,3,130708 ns,116124,1152,1152,2432,2819,2819
64,28,butterfly-check,recompute,ntt,mul-output,0,33,26,3,PASS,FAIL,yes,yes,5.21734039e2,2.71928115e2,2.96945776e2,9.25798177e1,-39.33032642,1152,3,0,0,0,0,3,181875 ns,160961,1152,1152,2432,2819,2819
64,28,butterfly-check,recompute,ntt,mul-output,0,36,0,3,PASS,FAIL,no,no,6.12765339e2,2.69831960e2,3.00258517e2,9.36126423e1,-39.42669007,1152,0,0,0,0,0,0,312334 ns,277292,1152,1152,2432,2819,2819
64,28,butterfly-check,recompute,ntt,mul-output,0,36,8,3,PASS,FAIL,no,no,5.40263691e2,2.56809296e2,2.89170255e2,9.01556163e1,-39.09985573,1152,0,0,0,0,0,0,270709 ns,238249,1152,1152,2432,2819,2819
64,28,butterfly-check,recompute,ntt,mul-output,0,36,24,3,PASS,FAIL,no,no,6.27552034e2,2.92820466e2,3.31772496e2,1.03437865e2,-40.29359099,1152,0,0,0,0,0,0,384541 ns,335251,1152,1152,2432,2819,2819
64,28,butterfly-check,recompute,ntt,mul-output,0,36,26,3,PASS,FAIL,no,no,6.15065549e2,2.72612014e2,3.09544623e2,9.65078038e1,-39.69124865,1152,0,0,0,0,0,0,300251 ns,264497,1152,1152,2432,2819,2819
64,28,butterfly-check,recompute,ntt,mul-output,0,38,0,3,PASS,FAIL,no,no,7.64482849e2,2.67741316e2,3.05559385e2,9.52653124e1,-39.57869592,1152,0,0,0,0,0,0,289417 ns,256250,1152,1152,2432,2819,2819
64,28,butterfly-check,recompute,ntt,mul-output,0,38,8,3,PASS,FAIL,no,no,5.82123547e2,2.81609994e2,3.11062578e2,9.69810619e1,-39.73373871,1152,0,0,0,0,0,0,220501 ns,195786,1152,1152,2432,2819,2819
64,28,butterfly-check,recompute,ntt,mul-output,0,38,24,3,PASS,FAIL,no,no,5.17291520e2,2.56146700e2,2.93819096e2,9.16050017e1,-39.23838374,1152,0,0,0,0,0,0,204459 ns,182746,1152,1152,2432,2819,2819
64,28,butterfly-check,recompute,ntt,mul-output,0,38,26,3,PASS,FAIL,no,no,4.85910743e2,2.35770808e2,2.61883395e2,8.16482971e1,-38.23894263,1152,0,0,0,0,0,0,227666 ns,203625,1152,1152,2432,2819,2819
64,28,butterfly-check,recompute,ntt,mul-output,0,39,0,3,PASS,FAIL,yes,yes,5.44654592e2,2.45659349e2,2.75435076e2,8.58733517e1,-38.67716828,1152,3,0,0,0,0,3,288750 ns,256455,1152,1152,2432,2819,2819
64,28,butterfly-check,recompute,ntt,mul-output,0,39,8,3,PASS,FAIL,yes,yes,6.52548134e2,2.64665411e2,3.00168105e2,9.35844544e1,-39.42407425,1152,3,0,0,0,0,3,293000 ns,258747,1152,1152,2432,2819,2819
64,28,butterfly-check,recompute,ntt,mul-output,0,39,24,3,PASS,FAIL,yes,yes,7.07828972e2,2.80107757e2,3.13107193e2,9.76185188e1,-39.79064427,1152,3,0,0,0,0,3,132749 ns,117580,1152,1152,2432,2819,2819
64,28,butterfly-check,recompute,ntt,mul-output,0,39,26,3,PASS,FAIL,yes,yes,5.57199545e2,2.48963803e2,2.87273596e2,8.95642884e1,-39.04269760,1152,3,0,0,0,0,3,132042 ns,117084,1152,1152,2432,2819,2819
64,28,butterfly-check,recompute,ntt,mul-output,0,41,0,3,PASS,FAIL,yes,yes,6.10894435e2,2.76533268e2,3.09747686e2,9.65711137e1,-39.69694480,1152,3,0,0,0,0,3,132167 ns,117245,1152,1152,2432,2819,2819
64,28,butterfly-check,recompute,ntt,mul-output,0,41,8,3,PASS,FAIL,yes,yes,5.78511357e2,2.74011190e2,3.05143850e2,9.51357596e1,-39.56687580,1152,3,0,0,0,0,3,132917 ns,117711,1152,1152,2432,2819,2819
64,28,butterfly-check,recompute,ntt,mul-output,0,41,24,3,PASS,FAIL,yes,yes,6.18543246e2,2.51650639e2,2.89856788e2,9.03696590e1,-39.12045287,1152,3,0,0,0,0,3,291166 ns,258166,1152,1152,2432,2819,2819
64,28,butterfly-check,recompute,ntt,mul-output,0,41,26,3,PASS,FAIL,yes,yes,6.71011400e2,2.67487716e2,3.01424411e2,9.39761372e1,-39.46035179,1152,3,0,0,0,0,3,248957 ns,220830,1152,1152,2432,2819,2819
64,28,butterfly-check,recompute,ntt,mul-output,0,42,0,3,PASS,FAIL,no,no,7.36961444e2,2.51184506e2,2.95921792e2,9.22605666e1,-39.30032235,1152,0,0,0,0,0,0,289042 ns,256789,1152,1152,2432,2819,2819
64,28,butterfly-check,recompute,ntt,mul-output,0,42,8,3,PASS,FAIL,no,no,5.30331345e2,2.70047799e2,2.94935606e2,9.19530999e1,-39.27132750,1152,0,0,0,0,0,0,221459 ns,196542,1152,1152,2432,2819,2819
64,28,butterfly-check,recompute,ntt,mul-output,0,42,24,3,PASS,FAIL,no,no,5.01784994e2,2.63120056e2,2.85208590e2,8.89204743e1,-38.98003541,1152,0,0,0,0,0,0,130000 ns,115376,1152,1152,2432,2819,2819
64,28,butterfly-check,recompute,ntt,mul-output,0,42,26,3,PASS,FAIL,no,no,7.04442992e2,2.57138010e2,2.97309519e2,9.26932231e1,-39.34095967,1152,0,0,0,0,0,0,323292 ns,287378,1152,1152,2432,2819,2819
64,28,butterfly-check,recompute,ntt,mul-output,0,44,0,3,PASS,FAIL,no,no,6.22199245e2,2.76849652e2,3.10582284e2,9.68313190e1,-39.72031695,1152,0,0,0,0,0,0,252042 ns,220874,1152,1152,2432,2819,2819
64,28,butterfly-check,recompute,ntt,mul-output,0,44,8,3,PASS,FAIL,no,no,6.27739024e2,2.60726136e2,3.05853702e2,9.53570727e1,-39.58705821,1152,0,0,0,0,0,0,288751 ns,256666,1152,1152,2432,2819,2819
64,28,butterfly-check,recompute,ntt,mul-output,0,44,24,3,PASS,FAIL,no,no,5.15924316e2,2.62845413e2,2.87137425e2,8.95218338e1,-39.03857940,1152,0,0,0,0,0,0,130751 ns,116170,1152,1152,2432,2819,2819
64,28,butterfly-check,recompute,ntt,mul-output,0,44,26,3,PASS,FAIL,no,no,5.70614005e2,2.47751101e2,2.81988655e2,8.79165838e1,-38.88141609,1152,0,0,0,0,0,0,183709 ns,162166,1152,1152,2432,2819,2819
64,28,butterfly-check,recompute,ntt,mul-output,0,47,0,3,PASS,FAIL,yes,yes,5.41885956e2,2.58538787e2,2.94526645e2,9.18255966e1,-39.25927517,1152,3,0,0,0,0,3,288749 ns,256707,1152,1152,2432,2819,2819
64,28,butterfly-check,recompute,ntt,mul-output,0,47,8,3,PASS,FAIL,yes,yes,7.96235633e2,2.76881469e2,3.16000282e2,9.85205072e1,-39.87053278,1152,3,0,0,0,0,3,224124 ns,197668,1152,1152,2432,2819,2819
64,28,butterfly-check,recompute,ntt,mul-output,0,47,24,3,PASS,FAIL,yes,yes,5.63956883e2,2.67642442e2,2.96589909e2,9.24688677e1,-39.31991080,1152,3,0,0,0,0,3,129959 ns,113877,1152,1152,2432,2819,2819
64,28,butterfly-check,recompute,ntt,mul-output,0,47,26,3,PASS,FAIL,yes,yes,5.78800431e2,2.67191953e2,3.02369700e2,9.42708533e1,-39.48754876,1152,3,0,0,0,0,3,127000 ns,113088,1152,1152,2432,2819,2819
64,28,butterfly-check,recompute,ntt,mul-output,0,49,0,3,PASS,FAIL,yes,yes,6.35145287e2,2.52654913e2,2.90958090e2,9.07130157e1,-39.15339210,1152,3,0,0,0,0,3,249751 ns,221794,1152,1152,2432,2819,2819
64,28,butterfly-check,recompute,ntt,mul-output,0,49,8,3,PASS,FAIL,yes,yes,7.53261380e2,2.57389687e2,2.94105383e2,9.16942584e1,-39.24684284,1152,3,0,0,0,0,3,220334 ns,195624,1152,1152,2432,2819,2819
64,28,butterfly-check,recompute,ntt,mul-output,0,49,24,3,PASS,FAIL,yes,yes,5.51467153e2,2.59712429e2,2.84246875e2,8.86206371e1,-38.95069736,1152,3,0,0,0,0,3,200457 ns,176085,1152,1152,2432,2819,2819
64,28,butterfly-check,recompute,ntt,mul-output,0,49,26,3,PASS,FAIL,yes,yes,4.84242150e2,2.36291595e2,2.59746677e2,8.09821252e1,-38.16778339,1152,3,0,0,0,0,3,248834 ns,221668,1152,1152,2432,2819,2819
64,28,butterfly-check,recompute,ntt,mul-output,0,54,0,3,PASS,FAIL,no,no,5.89346472e2,2.76810442e2,3.09445684e2,9.64769575e1,-39.68847198,1152,0,0,0,0,0,0,395541 ns,348001,1152,1152,2432,2819,2819
64,28,butterfly-check,recompute,ntt,mul-output,0,54,8,3,PASS,FAIL,no,no,5.80025862e2,2.62151890e2,2.96941683e2,9.25785415e1,-39.33020669,1152,0,0,0,0,0,0,132875 ns,117250,1152,1152,2432,2819,2819
64,28,butterfly-check,recompute,ntt,mul-output,0,54,24,3,PASS,FAIL,no,no,6.04549043e2,2.44660585e2,2.92090649e2,9.10661179e1,-39.18713646,1152,0,0,0,0,0,0,249623 ns,220583,1152,1152,2432,2819,2819
64,28,butterfly-check,recompute,ntt,mul-output,0,54,26,3,PASS,FAIL,no,no,6.01052003e2,2.67567879e2,3.02910540e2,9.44394729e1,-39.50307109,1152,0,0,0,0,0,0,212250 ns,188747,1152,1152,2432,2819,2819
64,28,butterfly-check,recompute,ntt,mul-output,0,57,0,3,PASS,FAIL,yes,yes,5.76434466e2,2.34450877e2,2.65527243e2,8.27843521e1,-38.35896509,1152,3,0,0,0,0,3,288708 ns,255665,1152,1152,2432,2819,2819
64,28,butterfly-check,recompute,ntt,mul-output,0,57,8,3,PASS,FAIL,yes,yes,5.95566449e2,2.37617711e2,2.74756853e2,8.56618999e1,-38.65575405,1152,3,0,0,0,0,3,177416 ns,159081,1152,1152,2432,2819,2819
64,28,butterfly-check,recompute,ntt,mul-output,0,57,24,3,PASS,FAIL,yes,yes,5.50350879e2,2.89318652e2,3.14115017e2,9.79327317e1,-39.81855737,1152,3,0,0,0,0,3,290335 ns,257624,1152,1152,2432,2819,2819
64,28,butterfly-check,recompute,ntt,mul-output,0,57,26,3,PASS,FAIL,yes,yes,6.21711836e2,2.42011131e2,2.71116446e2,8.45269175e1,-38.53990063,1152,3,0,0,0,0,3,251082 ns,221792,1152,1152,2432,2819,2819
64,28,butterfly-check,recompute,ntt,mul-output,0,60,0,3,PASS,FAIL,no,no,5.95372410e2,2.79457328e2,3.25671735e2,1.01535810e2,-40.13238474,1152,0,0,0,0,0,0,220417 ns,195667,1152,1152,2432,2819,2819
64,28,butterfly-check,recompute,ntt,mul-output,0,60,8,3,PASS,FAIL,no,no,6.98600348e2,2.57730665e2,2.99558766e2,9.33944785e1,-39.40642403,1152,0,0,0,0,0,0,250791 ns,222332,1152,1152,2432,2819,2819
64,28,butterfly-check,recompute,ntt,mul-output,0,60,24,3,PASS,FAIL,no,no,6.35381038e2,2.45175704e2,2.77601284e2,8.65487181e1,-38.74521280,1152,0,0,0,0,0,0,247876 ns,220374,1152,1152,2432,2819,2819
64,28,butterfly-check,recompute,ntt,mul-output,0,60,26,3,PASS,FAIL,no,no,5.26371718e2,2.52118837e2,2.78282658e2,8.67611525e1,-38.76650625,1152,0,0,0,0,0,0,131834 ns,117169,1152,1152,2432,2819,2819
64,28,butterfly-check,recompute,ntt,mul-output,0,61,0,3,PASS,FAIL,yes,yes,4.94572606e2,2.78908398e2,3.08424168e2,9.61584757e1,-39.65975141,1152,3,0,0,0,0,3,133291 ns,117748,1152,1152,2432,2819,2819
64,28,butterfly-check,recompute,ntt,mul-output,0,61,8,3,PASS,FAIL,yes,yes,5.19046236e2,2.55025739e2,2.91819345e2,9.09815324e1,-39.17906495,1152,3,0,0,0,0,3,347792 ns,309499,1152,1152,2432,2819,2819
64,28,butterfly-check,recompute,ntt,mul-output,0,61,24,3,PASS,FAIL,yes,yes,5.71084485e2,2.88041532e2,3.12865280e2,9.75430966e1,-39.78393077,1152,3,0,0,0,0,3,248043 ns,220167,1152,1152,2432,2819,2819
64,28,butterfly-check,recompute,ntt,mul-output,0,61,26,3,PASS,FAIL,yes,yes,5.75625096e2,2.22877683e2,2.54795139e2,7.94383670e1,-38.00060616,1152,3,0,0,0,0,3,288792 ns,256627,1152,1152,2432,2819,2819
64,28,butterfly-check,recompute,ntt,mul-output,0,62,0,3,PASS,FAIL,no,no,6.17688008e2,2.57325819e2,3.01428058e2,9.39772741e1,-39.46045687,1152,0,0,0,0,0,0,205957 ns,183377,1152,1152,2432,2819,2819
64,28,butterfly-check,recompute,ntt,mul-output,0,62,8,3,PASS,FAIL,no,no,6.18891215e2,2.87895354e2,3.15988315e2,9.85167761e1,-39.87020383,1152,0,0,0,0,0,0,220833 ns,195959,1152,1152,2432,2819,2819
64,28,butterfly-check,recompute,ntt,mul-output,0,62,24,3,PASS,FAIL,no,no,5.86945121e2,2.69129983e2,2.98435633e2,9.30443155e1,-39.37379691,1152,0,0,0,0,0,0,287626 ns,255495,1152,1152,2432,2819,2819
64,28,butterfly-check,recompute,ntt,mul-output,0,62,26,3,PASS,FAIL,no,no,6.58469338e2,2.65165112e2,3.01445469e2,9.39827024e1,-39.46095857,1152,0,0,0,0,0,0,288917 ns,256417,1152,1152,2432,2819,2819
64,28,butterfly-check,recompute,ntt,mul-output,3,0,0,1,PASS,FAIL,no,no,6.10168567e2,2.13989998e2,2.46400229e2,7.68210565e1,-37.70960551,1152,0,0,0,0,0,0,132751 ns,117124,1152,1152,2432,2819,2819
64,28,butterfly-check,recompute,ntt,mul-output,3,0,8,1,PASS,FAIL,no,no,5.92658299e2,2.59285625e2,2.89048923e2,9.01177883e1,-39.09621049,1152,0,0,0,0,0,0,453167 ns,402046,1152,1152,2432,2819,2819
64,28,butterfly-check,recompute,ntt,mul-output,3,0,24,1,PASS,FAIL,no,no,7.71933734e2,2.72623399e2,3.00691422e2,9.37476105e1,-39.43920414,1152,0,0,0,0,0,0,204417 ns,182882,1152,1152,2432,2819,2819
64,28,butterfly-check,recompute,ntt,mul-output,3,0,26,1,PASS,FAIL,no,no,5.05047434e2,2.42357975e2,2.79055913e2,8.70022327e1,-38.79060795,1152,0,0,0,0,0,0,288874 ns,256705,1152,1152,2432,2819,2819
64,28,butterfly-check,recompute,ntt,mul-output,3,4,0,1,PASS,FAIL,no,no,5.67581072e2,2.83113797e2,3.12148367e2,9.73195824e1,-39.76400473,1152,0,0,0,0,0,0,249458 ns,221373,1152,1152,2432,2819,2819
64,28,butterfly-check,recompute,ntt,mul-output,3,4,8,1,PASS,FAIL,no,no,5.22303196e2,2.77409687e2,3.00969068e2,9.38341733e1,-39.44722064,1152,0,0,0,0,0,0,221875 ns,197456,1152,1152,2432,2819,2819
64,28,butterfly-check,recompute,ntt,mul-output,3,4,24,1,PASS,FAIL,no,no,5.53655098e2,2.47437787e2,2.94703751e2,9.18808136e1,-39.26449664,1152,0,0,0,0,0,0,132417 ns,117163,1152,1152,2432,2819,2819
64,28,butterfly-check,recompute,ntt,mul-output,3,4,26,1,PASS,FAIL,no,no,7.34763384e2,2.64150825e2,3.04936709e2,9.50711785e1,-39.56097755,1152,0,0,0,0,0,0,132625 ns,117414,1152,1152,2432,2819,2819
64,28,butterfly-check,recompute,ntt,mul-output,3,5,0,1,PASS,FAIL,no,no,5.79980752e2,2.60052624e2,2.92773150e2,9.12789036e1,-39.20740829,1152,0,0,0,0,0,0,137584 ns,122166,1152,1152,2432,2819,2819
64,28,butterfly-check,recompute,ntt,mul-output,3,5,8,1,PASS,FAIL,no,no,6.30898439e2,2.74475138e2,3.20514004e2,9.99277659e1,-39.99372356,1152,0,0,0,0,0,0,140915 ns,117918,1152,1152,2432,2819,2819
64,28,butterfly-check,recompute,ntt,mul-output,3,5,24,1,PASS,FAIL,no,no,4.73495970e2,2.41709278e2,2.65463239e2,8.27643975e1,-38.35687115,1152,0,0,0,0,0,0,131666 ns,116295,1152,1152,2432,2819,2819
64,28,butterfly-check,recompute,ntt,mul-output,3,5,26,1,PASS,FAIL,no,no,5.68431396e2,2.73981773e2,3.04357480e2,9.48905903e1,-39.54446296,1152,0,0,0,0,0,0,202125 ns,177336,1152,1152,2432,2819,2819
64,28,butterfly-check,recompute,ntt,mul-output,3,6,0,1,PASS,FAIL,no,no,5.23580856e2,2.42164895e2,2.62005104e2,8.16862427e1,-38.24297841,1152,0,0,0,0,0,0,360667 ns,305959,1152,1152,2432,2819,2819
64,28,butterfly-check,recompute,ntt,mul-output,3,6,8,1,PASS,FAIL,no,no,8.33642946e2,2.55699990e2,2.98750645e2,9.31425278e1,-39.38296040,1152,0,0,0,0,0,0,128250 ns,113998,1152,1152,2432,2819,2819
64,28,butterfly-check,recompute,ntt,mul-output,3,6,24,1,PASS,FAIL,no,no,5.61513368e2,2.71406307e2,2.96941336e2,9.25784334e1,-39.33019655,1152,0,0,0,0,0,0,250209 ns,220207,1152,1152,2432,2819,2819
64,28,butterfly-check,recompute,ntt,mul-output,3,6,26,1,PASS,FAIL,no,no,5.05147215e2,2.58146285e2,2.71989650e2,8.47991595e1,-38.56783095,1152,0,0,0,0,0,0,221583 ns,197418,1152,1152,2432,2819,2819
64,28,butterfly-check,recompute,ntt,mul-output,3,7,0,1,PASS,FAIL,no,no,6.50313389e2,2.51648136e2,2.84764526e2,8.87820268e1,-38.96650111,1152,0,0,0,0,0,0,248750 ns,220795,1152,1152,2432,2819,2819
64,28,butterfly-check,recompute,ntt,mul-output,3,7,8,1,PASS,FAIL,no,no,6.36006741e2,2.58946489e2,2.96270550e2,9.23693001e1,-39.31055306,1152,0,0,0,0,0,0,322460 ns,264875,1152,1152,2432,2819,2819
64,28,butterfly-check,recompute,ntt,mul-output,3,7,24,1,PASS,FAIL,no,no,6.27536216e2,2.55033853e2,2.93713920e2,9.15722107e1,-39.23527398,1152,0,0,0,0,0,0,287541 ns,256292,1152,1152,2432,2819,2819
64,28,butterfly-check,recompute,ntt,mul-output,3,7,26,1,PASS,FAIL,no,no,5.49156382e2,2.68139201e2,3.02261363e2,9.42370767e1,-39.48443611,1152,0,0,0,0,0,0,342585 ns,304919,1152,1152,2432,2819,2819
64,28,butterfly-check,recompute,ntt,mul-output,3,8,0,1,PASS,FAIL,yes,yes,6.22004543e2,2.65266561e2,3.07384417e2,9.58343091e1,-39.63042032,1152,3,0,0,0,0,3,289874 ns,257664,1152,1152,2432,2819,2819
64,28,butterfly-check,recompute,ntt,mul-output,3,8,8,1,PASS,FAIL,yes,yes,6.98170219e2,2.86480258e2,3.19747467e2,9.96887800e1,-39.97292562,1152,3,0,0,0,0,3,288917 ns,256959,1152,1152,2432,2819,2819
64,28,butterfly-check,recompute,ntt,mul-output,3,8,24,1,PASS,FAIL,yes,yes,6.59829992e2,2.62229989e2,2.97070380e2,9.26186657e1,-39.33397041,1152,3,0,0,0,0,3,290081 ns,257460,1152,1152,2432,2819,2819
64,28,butterfly-check,recompute,ntt,mul-output,3,8,26,1,PASS,FAIL,yes,yes,5.49145114e2,2.84711076e2,3.20607667e2,9.99569678e1,-39.99626146,1152,3,0,0,0,0,3,250165 ns,221085,1152,1152,2432,2819,2819
64,28,butterfly-check,recompute,ntt,mul-output,3,9,0,1,PASS,FAIL,yes,yes,5.66287048e2,2.60911361e2,2.95118148e2,9.20100116e1,-39.27670170,1152,3,0,0,0,0,3,289084 ns,256504,1152,1152,2432,2819,2819
64,28,butterfly-check,recompute,ntt,mul-output,3,9,8,1,PASS,FAIL,yes,yes,7.33130938e2,2.62294930e2,2.98248314e2,9.29859144e1,-39.36834332,1152,3,0,0,0,0,3,161250 ns,143374,1152,1152,2432,2819,2819
64,28,butterfly-check,recompute,ntt,mul-output,3,9,24,1,PASS,FAIL,yes,yes,5.23610957e2,2.56464886e2,2.90576773e2,9.05941314e1,-39.14200131,1152,3,0,0,0,0,3,345499 ns,307250,1152,1152,2432,2819,2819
64,28,butterfly-check,recompute,ntt,mul-output,3,9,26,1,PASS,FAIL,yes,yes,5.85138889e2,2.67553672e2,2.96186875e2,9.23432125e1,-39.30809958,1152,3,0,0,0,0,3,249208 ns,221167,1152,1152,2432,2819,2819
64,28,butterfly-check,recompute,ntt,mul-output,3,10,0,1,PASS,FAIL,yes,yes,5.01998825e2,2.36333064e2,2.76619076e2,8.62424915e1,-38.71442589,1152,3,0,0,0,0,3,291042 ns,259333,1152,1152,2432,2819,2819
64,28,butterfly-check,recompute,ntt,mul-output,3,10,8,1,PASS,FAIL,yes,yes,6.83836003e2,2.73175290e2,3.23855394e2,1.00969523e2,-40.08380607,1152,3,0,0,0,0,3,228624 ns,203876,1152,1152,2432,2819,2819
64,28,butterfly-check,recompute,ntt,mul-output,3,10,24,1,PASS,FAIL,yes,yes,6.66511370e2,2.77716872e2,3.08783575e2,9.62705293e1,-39.66986719,1152,3,0,0,0,0,3,145916 ns,130211,1152,1152,2432,2819,2819
64,28,butterfly-check,recompute,ntt,mul-output,3,10,26,1,PASS,FAIL,yes,yes,7.20551825e2,2.48919674e2,2.97079873e2,9.26216254e1,-39.33424796,1152,3,0,0,0,0,3,250458 ns,222664,1152,1152,2432,2819,2819
64,28,butterfly-check,recompute,ntt,mul-output,3,11,0,1,PASS,FAIL,yes,yes,5.48731139e2,2.55349794e2,2.87808230e2,8.97309729e1,-39.05884753,1152,3,0,0,0,0,3,289250 ns,257037,1152,1152,2432,2819,2819
64,28,butterfly-check,recompute,ntt,mul-output,3,11,8,1,PASS,FAIL,yes,yes,5.87381253e2,2.79990925e2,3.16093473e2,9.85495618e1,-39.87309395,1152,3,0,0,0,0,3,250667 ns,222121,1152,1152,2432,2819,2819
64,28,butterfly-check,recompute,ntt,mul-output,3,11,24,1,PASS,FAIL,yes,yes,5.08628768e2,2.67097742e2,2.90778021e2,9.06568751e1,-39.14801490,1152,3,0,0,0,0,3,390083 ns,342789,1152,1152,2432,2819,2819
64,28,butterfly-check,recompute,ntt,mul-output,3,11,26,1,PASS,FAIL,yes,yes,6.69292210e2,2.39056312e2,2.70201733e2,8.42417344e1,-38.51054599,1152,3,0,0,0,0,3,290125 ns,257789,1152,1152,2432,2819,2819
64,28,butterfly-check,recompute,ntt,mul-output,3,12,0,1,PASS,FAIL,yes,yes,5.18495639e2,2.59341885e2,2.83420429e2,8.83629730e1,-38.92540639,1152,3,0,0,0,0,3,248959 ns,221213,1152,1152,2432,2819,2819
64,28,butterfly-check,recompute,ntt,mul-output,3,12,8,1,PASS,FAIL,yes,yes,6.09444654e2,2.41680344e2,2.83772003e2,8.84725844e1,-38.93617428,1152,3,0,0,0,0,3,125000 ns,110873,1152,1152,2432,2819,2819
64,28,butterfly-check,recompute,ntt,mul-output,3,12,24,1,PASS,FAIL,yes,yes,5.00956505e2,2.70145746e2,2.93365420e2,9.14635577e1,-39.22496180,1152,3,0,0,0,0,3,246917 ns,220835,1152,1152,2432,2819,2819
64,28,butterfly-check,recompute,ntt,mul-output,3,12,26,1,PASS,FAIL,yes,yes,6.51079196e2,2.63530488e2,3.01515914e2,9.40046652e1,-39.46298814,1152,3,0,0,0,0,3,338877 ns,301414,1152,1152,2432,2819,2819
64,28,butterfly-check,recompute,ntt,mul-output,3,14,0,1,PASS,FAIL,yes,yes,6.70592012e2,2.70737937e2,3.05716662e2,9.53143471e1,-39.58316554,1152,3,0,0,0,0,3,289998 ns,257295,1152,1152,2432,2819,2819
64,28,butterfly-check,recompute,ntt,mul-output,3,14,8,1,PASS,FAIL,yes,yes,5.32098825e2,2.48589933e2,2.79622612e2,8.71789146e1,-38.80822915,1152,3,0,0,0,0,3,289667 ns,258414,1152,1152,2432,2819,2819
64,28,butterfly-check,recompute,ntt,mul-output,3,14,24,1,PASS,FAIL,yes,yes,7.44937480e2,2.76265051e2,3.30965783e2,1.03186354e2,-40.27244531,1152,3,0,0,0,0,3,153084 ns,128548,1152,1152,2432,2819,2819
64,28,butterfly-check,recompute,ntt,mul-output,3,14,26,1,PASS,FAIL,yes,yes,6.39662505e2,2.74823337e2,3.04123663e2,9.48176922e1,-39.53778762,1152,3,0,0,0,0,3,290165 ns,257291,1152,1152,2432,2819,2819
64,28,butterfly-check,recompute,ntt,mul-output,3,19,0,1,PASS,FAIL,no,no,6.74214778e2,2.82498083e2,3.24642959e2,1.01215065e2,-40.10490313,1152,0,0,0,0,0,0,455833 ns,398876,1152,1152,2432,2819,2819
64,28,butterfly-check,recompute,ntt,mul-output,3,19,8,1,PASS,FAIL,no,no,7.03790686e2,2.59287008e2,2.96093626e2,9.23141399e1,-39.30536455,1152,0,0,0,0,0,0,345710 ns,306255,1152,1152,2432,2819,2819
64,28,butterfly-check,recompute,ntt,mul-output,3,19,24,1,PASS,FAIL,no,no,5.43820955e2,2.53522338e2,2.86198629e2,8.92291421e1,-39.01013435,1152,0,0,0,0,0,0,290334 ns,256215,1152,1152,2432,2819,2819
64,28,butterfly-check,recompute,ntt,mul-output,3,19,26,1,PASS,FAIL,no,no,4.87833421e2,2.84364657e2,3.08687177e2,9.62404750e1,-39.66715516,1152,0,0,0,0,0,0,170126 ns,149582,1152,1152,2432,2819,2819
64,28,butterfly-check,recompute,ntt,mul-output,3,21,0,1,PASS,FAIL,no,no,5.51561536e2,2.37110849e2,2.71979438e2,8.47959754e1,-38.56750481,1152,0,0,0,0,0,0,248666 ns,221288,1152,1152,2432,2819,2819
64,28,butterfly-check,recompute,ntt,mul-output,3,21,8,1,PASS,FAIL,no,no,5.24121513e2,2.68423081e2,3.01556948e2,9.40174588e1,-39.46417017,1152,0,0,0,0,0,0,221459 ns,196083,1152,1152,2432,2819,2819
64,28,butterfly-check,recompute,ntt,mul-output,3,21,24,1,PASS,FAIL,no,no,5.25928302e2,2.67878713e2,2.87648525e2,8.96811813e1,-39.05402641,1152,0,0,0,0,0,0,221416 ns,196461,1152,1152,2432,2819,2819
64,28,butterfly-check,recompute,ntt,mul-output,3,21,26,1,PASS,FAIL,no,no,7.30376336e2,2.66193287e2,3.07398687e2,9.58387579e1,-39.63082353,1152,0,0,0,0,0,0,290041 ns,257871,1152,1152,2432,2819,2819
64,28,butterfly-check,recompute,ntt,mul-output,3,22,0,1,PASS,FAIL,no,no,5.65118591e2,2.62199678e2,2.98558352e2,9.30825759e1,-39.37736786,1152,0,0,0,0,0,0,146876 ns,130291,1152,1152,2432,2819,2819
64,28,butterfly-check,recompute,ntt,mul-output,3,22,8,1,PASS,FAIL,no,no,5.57577476e2,2.35516490e2,2.73696508e2,8.53313124e1,-38.62216850,1152,0,0,0,0,0,0,289624 ns,257917,1152,1152,2432,2819,2819
64,28,butterfly-check,recompute,ntt,mul-output,3,22,24,1,PASS,FAIL,no,no,5.99187830e2,2.66395595e2,3.01876066e2,9.41169513e1,-39.47335701,1152,0,0,0,0,0,0,221500 ns,196460,1152,1152,2432,2819,2819
64,28,butterfly-check,recompute,ntt,mul-output,3,22,26,1,PASS,FAIL,no,no,6.65011591e2,2.75543369e2,3.15002133e2,9.82093108e1,-39.84305326,1152,0,0,0,0,0,0,221416 ns,196046,1152,1152,2432,2819,2819
64,28,butterfly-check,recompute,ntt,mul-output,3,24,0,1,PASS,FAIL,yes,yes,5.28800501e2,2.21899591e2,2.58758790e2,8.06741281e1,-38.13468560,1152,3,0,0,0,0,3,221917 ns,197170,1152,1152,2432,2819,2819
64,28,butterfly-check,recompute,ntt,mul-output,3,24,8,1,PASS,FAIL,yes,yes,6.09478893e2,2.79350448e2,3.11513123e2,9.71215301e1,-39.74631032,1152,3,0,0,0,0,3,167126 ns,148582,1152,1152,2432,2819,2819
64,28,butterfly-check,recompute,ntt,mul-output,3,24,24,1,PASS,FAIL,yes,yes,5.00672934e2,2.85825637e2,3.12386940e2,9.73939629e1,-39.77064075,1152,3,0,0,0,0,3,239541 ns,212413,1152,1152,2432,2819,2819
64,28,butterfly-check,recompute,ntt,mul-output,3,24,26,1,PASS,FAIL,yes,yes,7.35324205e2,2.57341879e2,2.96857715e2,9.25523626e1,-39.32775019,1152,3,0,0,0,0,3,250124 ns,222502,1152,1152,2432,2819,2819
64,28,butterfly-check,recompute,ntt,mul-output,3,25,0,1,PASS,FAIL,yes,yes,7.16488621e2,2.80217038e2,3.24945984e2,1.01309540e2,-40.11300685,1152,3,0,0,0,0,3,132002 ns,116418,1152,1152,2432,2819,2819
64,28,butterfly-check,recompute,ntt,mul-output,3,25,8,1,PASS,FAIL,yes,yes,5.89727494e2,2.75812417e2,3.14851095e2,9.81622211e1,-39.83888753,1152,3,0,0,0,0,3,278084 ns,248458,1152,1152,2432,2819,2819
64,28,butterfly-check,recompute,ntt,mul-output,3,25,24,1,PASS,FAIL,yes,yes,7.10160758e2,2.56769381e2,2.99411446e2,9.33485482e1,-39.40215136,1152,3,0,0,0,0,3,132582 ns,117461,1152,1152,2432,2819,2819
64,28,butterfly-check,recompute,ntt,mul-output,3,25,26,1,PASS,FAIL,yes,yes,5.53904867e2,2.58582744e2,2.92793157e2,9.12851411e1,-39.20800182,1152,3,0,0,0,0,3,221876 ns,197460,1152,1152,2432,2819,2819
64,28,butterfly-check,recompute,ntt,mul-output,3,28,0,1,PASS,FAIL,yes,yes,5.61779825e2,2.54004181e2,2.93004042e2,9.13508895e1,-39.21425561,1152,3,0,0,0,0,3,278709 ns,248041,1152,1152,2432,2819,2819
64,28,butterfly-check,recompute,ntt,mul-output,3,28,8,1,PASS,FAIL,yes,yes,5.11669761e2,2.65286374e2,3.01167479e2,9.38960325e1,-39.45294483,1152,3,0,0,0,0,3,290958 ns,258335,1152,1152,2432,2819,2819
64,28,butterfly-check,recompute,ntt,mul-output,3,28,24,1,PASS,FAIL,yes,yes,7.22796708e2,2.78683374e2,3.19069820e2,9.94775077e1,-39.95449792,1152,3,0,0,0,0,3,131125 ns,116750,1152,1152,2432,2819,2819
64,28,butterfly-check,recompute,ntt,mul-output,3,28,26,1,PASS,FAIL,yes,yes,5.54775517e2,2.70551724e2,2.99440720e2,9.33576748e1,-39.40300053,1152,3,0,0,0,0,3,132333 ns,117585,1152,1152,2432,2819,2819
64,28,butterfly-check,recompute,ntt,mul-output,3,31,0,1,PASS,FAIL,yes,yes,5.28852204e2,2.50787589e2,2.85023494e2,8.88627664e1,-38.97439658,1152,3,0,0,0,0,3,132292 ns,117877,1152,1152,2432,2819,2819
64,28,butterfly-check,recompute,ntt,mul-output,3,31,8,1,PASS,FAIL,yes,yes,5.67889779e2,2.73366476e2,3.01677670e2,9.40550966e1,-39.46764668,1152,3,0,0,0,0,3,131834 ns,117419,1152,1152,2432,2819,2819
64,28,butterfly-check,recompute,ntt,mul-output,3,31,24,1,PASS,FAIL,yes,yes,5.64463240e2,2.59891395e2,3.00678619e2,9.37436191e1,-39.43883432,1152,3,0,0,0,0,3,221875 ns,196956,1152,1152,2432,2819,2819
64,28,butterfly-check,recompute,ntt,mul-output,3,31,26,1,PASS,FAIL,yes,yes,4.11461899e2,2.70709599e2,2.86263924e2,8.92494994e1,-39.01211577,1152,3,0,0,0,0,3,252040 ns,222625,1152,1152,2432,2819,2819
64,28,butterfly-check,recompute,ntt,mul-output,3,33,0,1,PASS,FAIL,no,no,4.65838366e2,2.45066538e2,2.67361010e2,8.33560721e1,-38.41874484,1152,0,0,0,0,0,0,249042 ns,220752,1152,1152,2432,2819,2819
64,28,butterfly-check,recompute,ntt,mul-output,3,33,8,1,PASS,FAIL,no,no,5.59876339e2,2.65173287e2,2.98875552e2,9.31814706e1,-39.38659120,1152,0,0,0,0,0,0,251000 ns,221997,1152,1152,2432,2819,2819
64,28,butterfly-check,recompute,ntt,mul-output,3,33,24,1,PASS,FAIL,no,no,5.25957861e2,2.19900679e2,2.53520647e2,7.90410140e1,-37.95705006,1152,0,0,0,0,0,0,181667 ns,161210,1152,1152,2432,2819,2819
64,28,butterfly-check,recompute,ntt,mul-output,3,33,26,1,PASS,FAIL,no,no,5.99387698e2,2.63185544e2,2.96396992e2,9.24087214e1,-39.31425922,1152,0,0,0,0,0,0,221833 ns,197500,1152,1152,2432,2819,2819
64,28,butterfly-check,recompute,ntt,mul-output,3,34,0,1,PASS,FAIL,no,no,6.43696261e2,2.63949392e2,3.06842234e2,9.56652706e1,-39.61508609,1152,0,0,0,0,0,0,222290 ns,197042,1152,1152,2432,2819,2819
64,28,butterfly-check,recompute,ntt,mul-output,3,34,8,1,PASS,FAIL,no,no,6.45151036e2,2.76577178e2,3.10317682e2,9.67488233e1,-39.71291383,1152,0,0,0,0,0,0,150376 ns,132627,1152,1152,2432,2819,2819
64,28,butterfly-check,recompute,ntt,mul-output,3,34,24,1,PASS,FAIL,no,no,6.84387080e2,2.69173108e2,3.12612352e2,9.74642404e1,-39.77690605,1152,0,0,0,0,0,0,250583 ns,222421,1152,1152,2432,2819,2819
64,28,butterfly-check,recompute,ntt,mul-output,3,34,26,1,PASS,FAIL,no,no,6.65692444e2,2.40950577e2,2.75937545e2,8.60300084e1,-38.69299930,1152,0,0,0,0,0,0,250376 ns,221834,1152,1152,2432,2819,2819
64,28,butterfly-check,recompute,ntt,mul-output,3,35,0,1,PASS,FAIL,no,no,6.68731963e2,2.82853700e2,3.08872125e2,9.62981369e1,-39.67235770,1152,0,0,0,0,0,0,199082 ns,176915,1152,1152,2432,2819,2819
64,28,butterfly-check,recompute,ntt,mul-output,3,35,8,1,PASS,FAIL,no,no,5.43748045e2,2.72929780e2,2.99598512e2,9.34068703e1,-39.40757641,1152,0,0,0,0,0,0,289167 ns,257706,1152,1152,2432,2819,2819
64,28,butterfly-check,recompute,ntt,mul-output,3,35,24,1,PASS,FAIL,no,no,6.37801602e2,2.84248793e2,3.23000784e2,1.00703078e2,-40.06085491,1152,0,0,0,0,0,0,131958 ns,116337,1152,1152,2432,2819,2819
64,28,butterfly-check,recompute,ntt,mul-output,3,35,26,1,PASS,FAIL,no,no,5.31235440e2,2.56559257e2,2.83020483e2,8.82382804e1,-38.91314072,1152,0,0,0,0,0,0,198583 ns,176625,1152,1152,2432,2819,2819
64,28,butterfly-check,recompute,ntt,mul-output,3,38,0,1,PASS,FAIL,no,no,7.23053863e2,2.55706850e2,2.99684097e2,9.34335535e1,-39.41005733,1152,0,0,0,0,0,0,169002 ns,150832,1152,1152,2432,2819,2819
64,28,butterfly-check,recompute,ntt,mul-output,3,38,8,1,PASS,FAIL,no,no,6.28602534e2,2.88083941e2,3.35298820e2,1.04537280e2,-40.38542389,1152,0,0,0,0,0,0,142500 ns,126540,1152,1152,2432,2819,2819
64,28,butterfly-check,recompute,ntt,mul-output,3,38,24,1,PASS,FAIL,no,no,6.73909397e2,2.59216917e2,2.98610004e2,9.30986797e1,-39.37887044,1152,0,0,0,0,0,0,198501 ns,176418,1152,1152,2432,2819,2819
64,28,butterfly-check,recompute,ntt,mul-output,3,38,26,1,PASS,FAIL,no,no,5.21833921e2,2.87357177e2,3.09473451e2,9.64856145e1,-39.68925135,1152,0,0,0,0,0,0,182084 ns,160830,1152,1152,2432,2819,2819
64,28,butterfly-check,recompute,ntt,mul-output,3,40,0,1,PASS,FAIL,yes,yes,4.35509467e2,2.42602512e2,2.71100310e2,8.45218867e1,-38.53938366,1152,3,0,0,0,0,3,182749 ns,162128,1152,1152,2432,2819,2819
64,28,butterfly-check,recompute,ntt,mul-output,3,40,8,1,PASS,FAIL,yes,yes,6.84948735e2,2.65334866e2,2.94717891e2,9.18852221e1,-39.26491339,1152,3,0,0,0,0,3,199209 ns,176712,1152,1152,2432,2819,2819
64,28,butterfly-check,recompute,ntt,mul-output,3,40,24,1,PASS,FAIL,yes,yes,7.03355977e2,2.82172606e2,3.29728989e2,1.02800754e2,-40.23992600,1152,3,0,0,0,0,3,249875 ns,222169,1152,1152,2432,2819,2819
64,28,butterfly-check,recompute,ntt,mul-output,3,40,26,1,PASS,FAIL,yes,yes,5.54925660e2,2.96277162e2,3.22060334e2,1.00409871e2,-40.03552814,1152,3,0,0,0,0,3,221666 ns,196791,1152,1152,2432,2819,2819
64,28,butterfly-check,recompute,ntt,mul-output,3,46,0,1,PASS,FAIL,yes,yes,5.28025622e2,2.51982680e2,2.84634481e2,8.87414824e1,-38.96253358,1152,3,0,0,0,0,3,221834 ns,197335,1152,1152,2432,2819,2819
64,28,butterfly-check,recompute,ntt,mul-output,3,46,8,1,PASS,FAIL,yes,yes,5.52795868e2,2.66120914e2,2.94715171e2,9.18843740e1,-39.26483321,1152,3,0,0,0,0,3,132500 ns,116954,1152,1152,2432,2819,2819
64,28,butterfly-check,recompute,ntt,mul-output,3,46,24,1,PASS,FAIL,yes,yes,4.47718316e2,2.46414564e2,2.72098472e2,8.48330871e1,-38.57130543,1152,3,0,0,0,0,3,181709 ns,161834,1152,1152,2432,2819,2819
64,28,butterfly-check,recompute,ntt,mul-output,3,46,26,1,PASS,FAIL,yes,yes,5.51458722e2,2.74227718e2,2.96852320e2,9.25506806e1,-39.32759234,1152,3,0,0,0,0,3,202627 ns,178918,1152,1152,2432,2819,2819
64,28,butterfly-check,recompute,ntt,mul-output,3,48,0,1,PASS,FAIL,no,no,5.58142089e2,2.74482537e2,3.12035214e2,9.72843043e1,-39.76085555,1152,0,0,0,0,0,0,250043 ns,222039,1152,1152,2432,2819,2819
64,28,butterfly-check,recompute,ntt,mul-output,3,48,8,1,PASS,FAIL,no,no,7.19198264e2,2.40662991e2,2.86839214e2,8.94288595e1,-39.02955384,1152,0,0,0,0,0,0,289710 ns,257420,1152,1152,2432,2819,2819
64,28,butterfly-check,recompute,ntt,mul-output,3,48,24,1,PASS,FAIL,no,no,4.86740872e2,2.37417403e2,2.63676788e2,8.22074293e1,-38.29822135,1152,0,0,0,0,0,0,249668 ns,222293,1152,1152,2432,2819,2819
64,28,butterfly-check,recompute,ntt,mul-output,3,48,26,1,PASS,FAIL,no,no,7.06511021e2,2.39296124e2,2.92242188e2,9.11133636e1,-39.19164159,1152,0,0,0,0,0,0,222459 ns,197879,1152,1152,2432,2819,2819
64,28,butterfly-check,recompute,ntt,mul-output,3,49,0,1,PASS,FAIL,no,no,6.91140145e2,2.55331391e2,3.04935318e2,9.50707450e1,-39.56093795,1152,0,0,0,0,0,0,131333 ns,116828,1152,1152,2432,2819,2819
64,28,butterfly-check,recompute,ntt,mul-output,3,49,8,1,PASS,FAIL,no,no,5.77520578e2,2.60434395e2,2.91497316e2,9.08811323e1,-39.16947458,1152,0,0,0,0,0,0,124167 ns,110583,1152,1152,2432,2819,2819
64,28,butterfly-check,recompute,ntt,mul-output,3,49,24,1,PASS,FAIL,no,no,5.97349951e2,2.73073349e2,2.98690756e2,9.31238559e1,-39.38121900,1152,0,0,0,0,0,0,250625 ns,222291,1152,1152,2432,2819,2819
64,28,butterfly-check,recompute,ntt,mul-output,3,49,26,1,PASS,FAIL,no,no,6.97780921e2,2.83356292e2,3.23535581e2,1.00869813e2,-40.07522435,1152,0,0,0,0,0,0,223000 ns,196999,1152,1152,2432,2819,2819
64,28,butterfly-check,recompute,ntt,mul-output,3,50,0,1,PASS,FAIL,no,no,6.35624564e2,2.84642321e2,3.15797742e2,9.84573605e1,-39.86496377,1152,0,0,0,0,0,0,124667 ns,110713,1152,1152,2432,2819,2819
64,28,butterfly-check,recompute,ntt,mul-output,3,50,8,1,PASS,FAIL,no,no,6.51144371e2,2.36173732e2,2.76439302e2,8.61864427e1,-38.70877912,1152,0,0,0,0,0,0,118375 ns,105006,1152,1152,2432,2819,2819
64,28,butterfly-check,recompute,ntt,mul-output,3,50,24,1,PASS,FAIL,no,no,5.26113244e2,2.30732144e2,2.67082232e2,8.32691567e1,-38.40968333,1152,0,0,0,0,0,0,138208 ns,121998,1152,1152,2432,2819,2819
64,28,butterfly-check,recompute,ntt,mul-output,3,50,26,1,PASS,FAIL,no,no,5.69616438e2,2.37941945e2,2.82626028e2,8.81152998e1,-38.90102647,1152,0,0,0,0,0,0,157206 ns,139918,1152,1152,2432,2819,2819
64,28,butterfly-check,recompute,ntt,mul-output,3,51,0,1,PASS,FAIL,no,no,5.30879988e2,2.50601481e2,2.74094444e2,8.54553782e1,-38.63478801,1152,0,0,0,0,0,0,250043 ns,221871,1152,1152,2432,2819,2819
64,28,butterfly-check,recompute,ntt,mul-output,3,51,8,1,PASS,FAIL,no,no,6.17583904e2,2.32731304e2,2.68238348e2,8.36296028e1,-38.44720069,1152,0,0,0,0,0,0,181333 ns,161165,1152,1152,2432,2819,2819
64,28,butterfly-check,recompute,ntt,mul-output,3,51,24,1,PASS,FAIL,no,no,5.46465291e2,2.52072941e2,2.79833064e2,8.72445280e1,-38.81476394,1152,0,0,0,0,0,0,220917 ns,196416,1152,1152,2432,2819,2819
64,28,butterfly-check,recompute,ntt,mul-output,3,51,26,1,PASS,FAIL,no,no,4.89079282e2,2.69659087e2,2.98062967e2,9.29281282e1,-39.36294379,1152,0,0,0,0,0,0,220168 ns,195836,1152,1152,2432,2819,2819
64,28,butterfly-check,recompute,ntt,mul-output,3,53,0,1,PASS,FAIL,no,no,4.99392501e2,2.48049396e2,2.82532736e2,8.80862141e1,-38.89815889,1152,0,0,0,0,0,0,133124 ns,118581,1152,1152,2432,2819,2819
64,28,butterfly-check,recompute,ntt,mul-output,3,53,8,1,PASS,FAIL,no,no,6.52392811e2,2.55707769e2,3.01913738e2,9.41286962e1,-39.47444086,1152,0,0,0,0,0,0,199085 ns,176582,1152,1152,2432,2819,2819
64,28,butterfly-check,recompute,ntt,mul-output,3,53,24,1,PASS,FAIL,no,no,8.46716509e2,2.57049745e2,2.99120069e2,9.32577045e1,-39.39369443,1152,0,0,0,0,0,0,221625 ns,196709,1152,1152,2432,2819,2819
64,28,butterfly-check,recompute,ntt,mul-output,3,53,26,1,PASS,FAIL,no,no,5.97138165e2,2.62666513e2,2.89325371e2,9.02039773e1,-39.10451374,1152,0,0,0,0,0,0,129916 ns,115546,1152,1152,2432,2819,2819
64,28,butterfly-check,recompute,ntt,mul-output,3,57,0,1,PASS,FAIL,yes,yes,5.36998439e2,2.54358391e2,2.87757372e2,8.97151170e1,-39.05731256,1152,3,0,0,0,0,3,182417 ns,162003,1152,1152,2432,2819,2819
64,28,butterfly-check,recompute,ntt,mul-output,3,57,8,1,PASS,FAIL,yes,yes,6.44354925e2,2.88725004e2,3.26880360e2,1.01912627e2,-40.16455994,1152,3,0,0,0,0,3,172251 ns,153873,1152,1152,2432,2819,2819
64,28,butterfly-check,recompute,ntt,mul-output,3,57,24,1,PASS,FAIL,yes,yes,5.90824951e2,2.85942671e2,3.12423164e2,9.74052567e1,-39.77164790,1152,3,0,0,0,0,3,221875 ns,197210,1152,1152,2432,2819,2819
64,28,butterfly-check,recompute,ntt,mul-output,3,57,26,1,PASS,FAIL,yes,yes,6.07001558e2,2.54444912e2,2.97477185e2,9.27454967e1,-39.34585663,1152,3,0,0,0,0,3,220917 ns,196586,1152,1152,2432,2819,2819
64,28,butterfly-check,recompute,ntt,mul-output,3,58,0,1,PASS,FAIL,yes,yes,6.08958465e2,2.50415250e2,2.74863536e2,8.56951607e1,-38.65912595,1152,3,0,0,0,0,3,200292 ns,178293,1152,1152,2432,2819,2819
64,28,butterfly-check,recompute,ntt,mul-output,3,58,8,1,PASS,FAIL,yes,yes,6.19624109e2,2.51388379e2,2.94848360e2,9.19258990e1,-39.26875772,1152,3,0,0,0,0,3,249250 ns,221751,1152,1152,2432,2819,2819
64,28,butterfly-check,recompute,ntt,mul-output,3,58,24,1,PASS,FAIL,yes,yes,6.80796768e2,2.96221144e2,3.38286848e2,1.05468867e2,-40.46248565,1152,3,0,0,0,0,3,200040 ns,177877,1152,1152,2432,2819,2819
64,28,butterfly-check,recompute,ntt,mul-output,3,58,26,1,PASS,FAIL,yes,yes,5.43929227e2,2.72573582e2,3.05514450e2,9.52513030e1,-39.57741850,1152,3,0,0,0,0,3,199084 ns,176830,1152,1152,2432,2819,2819
64,28,butterfly-check,recompute,ntt,mul-output,3,60,0,1,PASS,FAIL,yes,yes,5.76641442e2,2.54982530e2,2.94756786e2,9.18973486e1,-39.26605963,1152,3,0,0,0,0,3,125834 ns,111665,1152,1152,2432,2819,2819
64,28,butterfly-check,recompute,ntt,mul-output,3,60,8,1,PASS,FAIL,yes,yes,5.08823032e2,2.28695155e2,2.59684725e2,8.09628102e1,-38.16571148,1152,3,0,0,0,0,3,221749 ns,197001,1152,1152,2432,2819,2819
64,28,butterfly-check,recompute,ntt,mul-output,3,60,24,1,PASS,FAIL,yes,yes,6.03626558e2,2.47749265e2,2.87758674e2,8.97155228e1,-39.05735184,1152,3,0,0,0,0,3,131042 ns,115955,1152,1152,2432,2819,2819
64,28,butterfly-check,recompute,ntt,mul-output,3,60,26,1,PASS,FAIL,yes,yes,5.56576275e2,2.75524852e2,3.08136966e2,9.60689337e1,-39.65165941,1152,3,0,0,0,0,3,167999 ns,149083,1152,1152,2432,2819,2819
64,28,butterfly-check,recompute,ntt,mul-output,3,0,0,2,PASS,FAIL,no,no,6.10168567e2,2.13989998e2,2.46400229e2,7.68210565e1,-37.70960551,1152,0,0,0,0,0,0,142207 ns,125874,1152,1152,2432,2819,2819
64,28,butterfly-check,recompute,ntt,mul-output,3,0,8,2,PASS,FAIL,no,no,5.92658299e2,2.59285625e2,2.89048923e2,9.01177883e1,-39.09621049,1152,0,0,0,0,0,0,118250 ns,104874,1152,1152,2432,2819,2819
64,28,butterfly-check,recompute,ntt,mul-output,3,0,24,2,PASS,FAIL,no,no,7.71933734e2,2.72623399e2,3.00691422e2,9.37476105e1,-39.43920414,1152,0,0,0,0,0,0,131415 ns,117087,1152,1152,2432,2819,2819
64,28,butterfly-check,recompute,ntt,mul-output,3,0,26,2,PASS,FAIL,no,no,5.05047434e2,2.42357975e2,2.79055913e2,8.70022327e1,-38.79060795,1152,0,0,0,0,0,0,167750 ns,148916,1152,1152,2432,2819,2819
64,28,butterfly-check,recompute,ntt,mul-output,3,1,0,2,PASS,FAIL,no,no,5.04479277e2,2.54909115e2,2.77035257e2,8.63722458e1,-38.72748424,1152,0,0,0,0,0,0,220541 ns,196336,1152,1152,2432,2819,2819
64,28,butterfly-check,recompute,ntt,mul-output,3,1,8,2,PASS,FAIL,no,no,5.62663325e2,2.79052383e2,3.13782403e2,9.78290313e1,-39.80935506,1152,0,0,0,0,0,0,220377 ns,195584,1152,1152,2432,2819,2819
64,28,butterfly-check,recompute,ntt,mul-output,3,1,24,2,PASS,FAIL,no,no,5.65049400e2,2.71485808e2,2.99317043e2,9.33191158e1,-39.39941230,1152,0,0,0,0,0,0,221917 ns,197163,1152,1152,2432,2819,2819
64,28,butterfly-check,recompute,ntt,mul-output,3,1,26,2,PASS,FAIL,no,no,4.92354426e2,2.45468739e2,2.65672017e2,8.28294891e1,-38.36369965,1152,0,0,0,0,0,0,220501 ns,195958,1152,1152,2432,2819,2819
64,28,butterfly-check,recompute,ntt,mul-output,3,3,0,2,PASS,FAIL,no,no,5.16775429e2,2.61768219e2,2.92561917e2,9.12130467e1,-39.20113924,1152,0,0,0,0,0,0,199583 ns,176624,1152,1152,2432,2819,2819
64,28,butterfly-check,recompute,ntt,mul-output,3,3,8,2,PASS,FAIL,no,no,5.63191635e2,2.47422646e2,2.81390878e2,8.77302128e1,-38.86298366,1152,0,0,0,0,0,0,220958 ns,195790,1152,1152,2432,2819,2819
64,28,butterfly-check,recompute,ntt,mul-output,3,3,24,2,PASS,FAIL,no,no,6.83222203e2,2.89673375e2,3.30931068e2,1.03175530e2,-40.27153419,1152,0,0,0,0,0,0,197875 ns,175708,1152,1152,2432,2819,2819
64,28,butterfly-check,recompute,ntt,mul-output,3,3,26,2,PASS,FAIL,no,no,7.21474217e2,2.74324644e2,3.15881363e2,9.84834312e1,-39.86726343,1152,0,0,0,0,0,0,200667 ns,177251,1152,1152,2432,2819,2819
64,28,butterfly-check,recompute,ntt,mul-output,3,5,0,2,PASS,FAIL,no,no,5.79980752e2,2.60052624e2,2.92773150e2,9.12789036e1,-39.20740829,1152,0,0,0,0,0,0,135835 ns,120126,1152,1152,2432,2819,2819
64,28,butterfly-check,recompute,ntt,mul-output,3,5,8,2,PASS,FAIL,no,no,6.30898439e2,2.74475138e2,3.20514004e2,9.99277659e1,-39.99372356,1152,0,0,0,0,0,0,129999 ns,115748,1152,1152,2432,2819,2819
64,28,butterfly-check,recompute,ntt,mul-output,3,5,24,2,PASS,FAIL,no,no,4.73495970e2,2.41709278e2,2.65463239e2,8.27643975e1,-38.35687115,1152,0,0,0,0,0,0,130958 ns,116207,1152,1152,2432,2819,2819
64,28,butterfly-check,recompute,ntt,mul-output,3,5,26,2,PASS,FAIL,no,no,5.68431396e2,2.73981773e2,3.04357480e2,9.48905903e1,-39.54446296,1152,0,0,0,0,0,0,133959 ns,118251,1152,1152,2432,2819,2819
64,28,butterfly-check,recompute,ntt,mul-output,3,11,0,2,PASS,FAIL,yes,yes,5.48731139e2,2.55349794e2,2.87808230e2,8.97309729e1,-39.05884753,1152,3,0,0,0,0,3,127751 ns,113462,1152,1152,2432,2819,2819
64,28,butterfly-check,recompute,ntt,mul-output,3,11,8,2,PASS,FAIL,yes,yes,5.87381253e2,2.79990925e2,3.16093473e2,9.85495618e1,-39.87309395,1152,3,0,0,0,0,3,221125 ns,196584,1152,1152,2432,2819,2819
64,28,butterfly-check,recompute,ntt,mul-output,3,11,24,2,PASS,FAIL,yes,yes,5.08628768e2,2.67097742e2,2.90778021e2,9.06568751e1,-39.14801490,1152,3,0,0,0,0,3,221293 ns,196708,1152,1152,2432,2819,2819
64,28,butterfly-check,recompute,ntt,mul-output,3,11,26,2,PASS,FAIL,yes,yes,6.69292210e2,2.39056312e2,2.70201733e2,8.42417344e1,-38.51054599,1152,3,0,0,0,0,3,221543 ns,197248,1152,1152,2432,2819,2819
64,28,butterfly-check,recompute,ntt,mul-output,3,13,0,2,PASS,FAIL,yes,yes,5.47820771e2,2.71423768e2,3.09248173e2,9.64153786e1,-39.68292622,1152,3,0,0,0,0,3,201541 ns,177836,1152,1152,2432,2819,2819
64,28,butterfly-check,recompute,ntt,mul-output,3,13,8,2,PASS,FAIL,yes,yes,5.93016782e2,2.60952634e2,2.94028722e2,9.16703575e1,-39.24457850,1152,3,0,0,0,0,3,176751 ns,157541,1152,1152,2432,2819,2819
64,28,butterfly-check,recompute,ntt,mul-output,3,13,24,2,PASS,FAIL,yes,yes,5.48933987e2,2.68113515e2,3.02643306e2,9.43561563e1,-39.49540482,1152,3,0,0,0,0,3,220250 ns,195334,1152,1152,2432,2819,2819
64,28,butterfly-check,recompute,ntt,mul-output,3,13,26,2,PASS,FAIL,yes,yes,6.40123657e2,2.56606186e2,2.94321519e2,9.17616439e1,-39.25322371,1152,3,0,0,0,0,3,221709 ns,196042,1152,1152,2432,2819,2819
64,28,butterfly-check,recompute,ntt,mul-output,3,15,0,2,PASS,FAIL,yes,yes,5.73458321e2,2.72828441e2,3.11894299e2,9.72403707e1,-39.75693212,1152,3,0,0,0,0,3,131459 ns,116622,1152,1152,2432,2819,2819
64,28,butterfly-check,recompute,ntt,mul-output,3,15,8,2,PASS,FAIL,yes,yes,5.43593273e2,2.67721816e2,3.01406454e2,9.39705387e1,-39.45983433,1152,3,0,0,0,0,3,222750 ns,198374,1152,1152,2432,2819,2819
64,28,butterfly-check,recompute,ntt,mul-output,3,15,24,2,PASS,FAIL,yes,yes,7.07524436e2,2.79382876e2,3.19599106e2,9.96425250e1,-39.96889448,1152,3,0,0,0,0,3,249625 ns,221965,1152,1152,2432,2819,2819
64,28,butterfly-check,recompute,ntt,mul-output,3,15,26,2,PASS,FAIL,yes,yes,6.50362991e2,2.61274593e2,2.89142288e2,9.01468970e1,-39.09901564,1152,3,0,0,0,0,3,221041 ns,196373,1152,1152,2432,2819,2819
64,28,butterfly-check,recompute,ntt,mul-output,3,16,0,2,PASS,FAIL,no,no,6.00178105e2,2.52353110e2,2.85201507e2,8.89182660e1,-38.97981970,1152,0,0,0,0,0,0,201668 ns,178752,1152,1152,2432,2819,2819
64,28,butterfly-check,recompute,ntt,mul-output,3,16,8,2,PASS,FAIL,no,no,6.32341045e2,2.78610181e2,3.18667554e2,9.93520919e1,-39.94354032,1152,0,0,0,0,0,0,247875 ns,220041,1152,1152,2432,2819,2819
64,28,butterfly-check,recompute,ntt,mul-output,3,16,24,2,PASS,FAIL,no,no,5.74194422e2,2.44451973e2,2.76316692e2,8.61482163e1,-38.70492579,1152,0,0,0,0,0,0,222084 ns,196918,1152,1152,2432,2819,2819
64,28,butterfly-check,recompute,ntt,mul-output,3,16,26,2,PASS,FAIL,no,no,5.09858584e2,2.48838974e2,2.73781093e2,8.53576837e1,-38.62485243,1152,0,0,0,0,0,0,199542 ns,177207,1152,1152,2432,2819,2819
64,28,butterfly-check,recompute,ntt,mul-output,3,18,0,2,PASS,FAIL,no,no,5.71120672e2,2.76062093e2,3.02308260e2,9.42516978e1,-39.48578364,1152,0,0,0,0,0,0,219916 ns,195748,1152,1152,2432,2819,2819
64,28,butterfly-check,recompute,ntt,mul-output,3,18,8,2,PASS,FAIL,no,no,5.30318183e2,2.61103920e2,2.93192487e2,9.14096417e1,-39.21984013,1152,0,0,0,0,0,0,131710 ns,117123,1152,1152,2432,2819,2819
64,28,butterfly-check,recompute,ntt,mul-output,3,18,24,2,PASS,FAIL,no,no,6.23899144e2,2.70998577e2,3.16120115e2,9.85578680e1,-39.87382601,1152,0,0,0,0,0,0,128584 ns,114297,1152,1152,2432,2819,2819
64,28,butterfly-check,recompute,ntt,mul-output,3,18,26,2,PASS,FAIL,no,no,5.79119583e2,2.61032983e2,2.83459678e2,8.83752100e1,-38.92660918,1152,0,0,0,0,0,0,129208 ns,114296,1152,1152,2432,2819,2819
64,28,butterfly-check,recompute,ntt,mul-output,3,20,0,2,PASS,FAIL,no,no,5.49585340e2,2.50322451e2,2.95429654e2,9.21071308e1,-39.28586508,1152,0,0,0,0,0,0,131208 ns,116629,1152,1152,2432,2819,2819
64,28,butterfly-check,recompute,ntt,mul-output,3,20,8,2,PASS,FAIL,no,no,6.70229710e2,2.41487511e2,2.77778222e2,8.66038825e1,-38.75074724,1152,0,0,0,0,0,0,199335 ns,175832,1152,1152,2432,2819,2819
64,28,butterfly-check,recompute,ntt,mul-output,3,20,24,2,PASS,FAIL,no,no,5.98774250e2,2.58956083e2,2.86606140e2,8.93561934e1,-39.02249319,1152,0,0,0,0,0,0,222332 ns,196544,1152,1152,2432,2819,2819
64,28,butterfly-check,recompute,ntt,mul-output,3,20,26,2,PASS,FAIL,no,no,4.80253348e2,2.50327179e2,2.73645369e2,8.53153687e1,-38.62054544,1152,0,0,0,0,0,0,220416 ns,195962,1152,1152,2432,2819,2819
64,28,butterfly-check,recompute,ntt,mul-output,3,23,0,2,PASS,FAIL,no,no,7.52099110e2,2.63471073e2,3.09987015e2,9.66457301e1,-39.70365343,1152,0,0,0,0,0,0,222249 ns,197708,1152,1152,2432,2819,2819
64,28,butterfly-check,recompute,ntt,mul-output,3,23,8,2,PASS,FAIL,no,no,6.46075189e2,2.67844531e2,3.00847850e2,9.37963806e1,-39.44372161,1152,0,0,0,0,0,0,124749 ns,111005,1152,1152,2432,2819,2819
64,28,butterfly-check,recompute,ntt,mul-output,3,23,24,2,PASS,FAIL,no,no,6.45700234e2,2.68221982e2,3.03561404e2,9.46423948e1,-39.52171442,1152,0,0,0,0,0,0,220334 ns,195918,1152,1152,2432,2819,2819
64,28,butterfly-check,recompute,ntt,mul-output,3,23,26,2,PASS,FAIL,no,no,6.63849472e2,2.60417332e2,2.92931030e2,9.13281263e1,-39.21209095,1152,0,0,0,0,0,0,222917 ns,195795,1152,1152,2432,2819,2819
64,28,butterfly-check,recompute,ntt,mul-output,3,24,0,2,PASS,FAIL,yes,yes,5.28800501e2,2.21899591e2,2.58758790e2,8.06741281e1,-38.13468560,1152,3,0,0,0,0,3,222334 ns,197418,1152,1152,2432,2819,2819
64,28,butterfly-check,recompute,ntt,mul-output,3,24,8,2,PASS,FAIL,yes,yes,6.09478893e2,2.79350448e2,3.11513123e2,9.71215301e1,-39.74631032,1152,3,0,0,0,0,3,131708 ns,116838,1152,1152,2432,2819,2819
64,28,butterfly-check,recompute,ntt,mul-output,3,24,24,2,PASS,FAIL,yes,yes,5.00672934e2,2.85825637e2,3.12386940e2,9.73939629e1,-39.77064075,1152,3,0,0,0,0,3,290958 ns,257753,1152,1152,2432,2819,2819
64,28,butterfly-check,recompute,ntt,mul-output,3,24,26,2,PASS,FAIL,yes,yes,7.35324205e2,2.57341879e2,2.96857715e2,9.25523626e1,-39.32775019,1152,3,0,0,0,0,3,127125 ns,113126,1152,1152,2432,2819,2819
64,28,butterfly-check,recompute,ntt,mul-output,3,26,0,2,PASS,FAIL,yes,yes,5.22707652e2,2.51159819e2,2.77035080e2,8.63721906e1,-38.72747869,1152,3,0,0,0,0,3,147292 ns,130585,1152,1152,2432,2819,2819
64,28,butterfly-check,recompute,ntt,mul-output,3,26,8,2,PASS,FAIL,yes,yes,5.15703002e2,2.72921303e2,2.93111139e2,9.13842794e1,-39.21742983,1152,3,0,0,0,0,3,288709 ns,256335,1152,1152,2432,2819,2819
64,28,butterfly-check,recompute,ntt,mul-output,3,26,24,2,PASS,FAIL,yes,yes,6.59125312e2,2.78924320e2,3.14389193e2,9.80182122e1,-39.82613554,1152,3,0,0,0,0,3,222124 ns,197166,1152,1152,2432,2819,2819
64,28,butterfly-check,recompute,ntt,mul-output,3,26,26,2,PASS,FAIL,yes,yes,5.56453797e2,2.65628014e2,2.98820713e2,9.31643732e1,-39.38499733,1152,3,0,0,0,0,3,221998 ns,197625,1152,1152,2432,2819,2819
64,28,butterfly-check,recompute,ntt,mul-output,3,28,0,2,PASS,FAIL,yes,yes,5.61779825e2,2.54004181e2,2.93004042e2,9.13508895e1,-39.21425561,1152,3,0,0,0,0,3,221792 ns,197209,1152,1152,2432,2819,2819
64,28,butterfly-check,recompute,ntt,mul-output,3,28,8,2,PASS,FAIL,yes,yes,5.11669761e2,2.65286374e2,3.01167479e2,9.38960325e1,-39.45294483,1152,3,0,0,0,0,3,131250 ns,116587,1152,1152,2432,2819,2819
64,28,butterfly-check,recompute,ntt,mul-output,3,28,24,2,PASS,FAIL,yes,yes,7.22796708e2,2.78683374e2,3.19069820e2,9.94775077e1,-39.95449792,1152,3,0,0,0,0,3,221290 ns,195584,1152,1152,2432,2819,2819
64,28,butterfly-check,recompute,ntt,mul-output,3,28,26,2,PASS,FAIL,yes,yes,5.54775517e2,2.70551724e2,2.99440720e2,9.33576748e1,-39.40300053,1152,3,0,0,0,0,3,222083 ns,197837,1152,1152,2432,2819,2819
64,28,butterfly-check,recompute,ntt,mul-output,3,29,0,2,PASS,FAIL,yes,yes,6.57079686e2,2.74288445e2,3.04889879e2,9.50565783e1,-39.55964354,1152,3,0,0,0,0,3,131584 ns,115581,1152,1152,2432,2819,2819
64,28,butterfly-check,recompute,ntt,mul-output,3,29,8,2,PASS,FAIL,yes,yes,5.61397160e2,2.69498329e2,3.01281710e2,9.39316468e1,-39.45623872,1152,3,0,0,0,0,3,202209 ns,178377,1152,1152,2432,2819,2819
64,28,butterfly-check,recompute,ntt,mul-output,3,29,24,2,PASS,FAIL,yes,yes,5.50888300e2,2.53567549e2,2.77617802e2,8.65538679e1,-38.74572961,1152,3,0,0,0,0,3,122748 ns,108213,1152,1152,2432,2819,2819
64,28,butterfly-check,recompute,ntt,mul-output,3,29,26,2,PASS,FAIL,yes,yes,4.17673982e2,2.52254846e2,2.73480835e2,8.52640714e1,-38.61532133,1152,3,0,0,0,0,3,221458 ns,196749,1152,1152,2432,2819,2819
64,28,butterfly-check,recompute,ntt,mul-output,3,30,0,2,PASS,FAIL,yes,yes,6.92658776e2,2.41489171e2,2.85577847e2,8.90355989e1,-38.99127369,1152,3,0,0,0,0,3,220916 ns,195875,1152,1152,2432,2819,2819
64,28,butterfly-check,recompute,ntt,mul-output,3,30,8,2,PASS,FAIL,yes,yes,7.16487188e2,2.56029579e2,2.97565691e2,9.27730906e1,-39.34844050,1152,3,0,0,0,0,3,239750 ns,213584,1152,1152,2432,2819,2819
64,28,butterfly-check,recompute,ntt,mul-output,3,30,24,2,PASS,FAIL,yes,yes,6.39885759e2,2.68927097e2,3.10797682e2,9.68984744e1,-39.72633879,1152,3,0,0,0,0,3,123791 ns,109082,1152,1152,2432,2819,2819
64,28,butterfly-check,recompute,ntt,mul-output,3,30,26,2,PASS,FAIL,yes,yes,6.14423231e2,2.43301667e2,2.77351494e2,8.64708402e1,-38.73739358,1152,3,0,0,0,0,3,123499 ns,109460,1152,1152,2432,2819,2819
64,28,butterfly-check,recompute,ntt,mul-output,3,31,0,2,PASS,FAIL,yes,yes,5.28852204e2,2.50787589e2,2.85023494e2,8.88627664e1,-38.97439658,1152,3,0,0,0,0,3,200291 ns,177831,1152,1152,2432,2819,2819
64,28,butterfly-check,recompute,ntt,mul-output,3,31,8,2,PASS,FAIL,yes,yes,5.67889779e2,2.73366476e2,3.01677670e2,9.40550966e1,-39.46764668,1152,3,0,0,0,0,3,222292 ns,197752,1152,1152,2432,2819,2819
64,28,butterfly-check,recompute,ntt,mul-output,3,31,24,2,PASS,FAIL,yes,yes,5.64463240e2,2.59891395e2,3.00678619e2,9.37436191e1,-39.43883432,1152,3,0,0,0,0,3,222875 ns,198546,1152,1152,2432,2819,2819
64,28,butterfly-check,recompute,ntt,mul-output,3,31,26,2,PASS,FAIL,yes,yes,4.11461899e2,2.70709599e2,2.86263924e2,8.92494994e1,-39.01211577,1152,3,0,0,0,0,3,184959 ns,165001,1152,1152,2432,2819,2819
64,28,butterfly-check,recompute,ntt,mul-output,3,36,0,2,PASS,FAIL,no,no,6.13998698e2,2.82309591e2,3.13285859e2,9.76742221e1,-39.79559922,1152,0,0,0,0,0,0,249249 ns,221374,1152,1152,2432,2819,2819
64,28,butterfly-check,recompute,ntt,mul-output,3,36,8,2,PASS,FAIL,no,no,5.13795854e2,2.77476636e2,3.00961802e2,9.38319079e1,-39.44701094,1152,0,0,0,0,0,0,197916 ns,175790,1152,1152,2432,2819,2819
64,28,butterfly-check,recompute,ntt,mul-output,3,36,24,2,PASS,FAIL,no,no,5.05873373e2,2.68567313e2,2.94407783e2,9.17885385e1,-39.25576910,1152,0,0,0,0,0,0,249748 ns,221252,1152,1152,2432,2819,2819
64,28,butterfly-check,recompute,ntt,mul-output,3,36,26,2,PASS,FAIL,no,no,4.87144344e2,2.29290731e2,2.49432091e2,7.77663106e1,-37.81582991,1152,0,0,0,0,0,0,124459 ns,110458,1152,1152,2432,2819,2819
64,28,butterfly-check,recompute,ntt,mul-output,3,38,0,2,PASS,FAIL,no,no,7.23053863e2,2.55706850e2,2.99684097e2,9.34335535e1,-39.41005733,1152,0,0,0,0,0,0,199375 ns,176126,1152,1152,2432,2819,2819
64,28,butterfly-check,recompute,ntt,mul-output,3,38,8,2,PASS,FAIL,no,no,6.28602534e2,2.88083941e2,3.35298820e2,1.04537280e2,-40.38542389,1152,0,0,0,0,0,0,197333 ns,175584,1152,1152,2432,2819,2819
64,28,butterfly-check,recompute,ntt,mul-output,3,38,24,2,PASS,FAIL,no,no,6.73909397e2,2.59216917e2,2.98610004e2,9.30986797e1,-39.37887044,1152,0,0,0,0,0,0,222625 ns,197164,1152,1152,2432,2819,2819
64,28,butterfly-check,recompute,ntt,mul-output,3,38,26,2,PASS,FAIL,no,no,5.21833921e2,2.87357177e2,3.09473451e2,9.64856145e1,-39.68925135,1152,0,0,0,0,0,0,200999 ns,177836,1152,1152,2432,2819,2819
64,28,butterfly-check,recompute,ntt,mul-output,3,39,0,2,PASS,FAIL,no,no,5.80594066e2,2.52934071e2,2.79596556e2,8.71707908e1,-38.80741972,1152,0,0,0,0,0,0,219833 ns,195004,1152,1152,2432,2819,2819
64,28,butterfly-check,recompute,ntt,mul-output,3,39,8,2,PASS,FAIL,no,no,4.77414277e2,2.49271155e2,2.72896664e2,8.50819421e1,-38.59674790,1152,0,0,0,0,0,0,176584 ns,156248,1152,1152,2432,2819,2819
64,28,butterfly-check,recompute,ntt,mul-output,3,39,24,2,PASS,FAIL,no,no,7.01332594e2,2.36878836e2,2.85793994e2,8.91029878e1,-38.99784534,1152,0,0,0,0,0,0,127540 ns,112459,1152,1152,2432,2819,2819
64,28,butterfly-check,recompute,ntt,mul-output,3,39,26,2,PASS,FAIL,no,no,6.78937190e2,2.61312822e2,3.04315557e2,9.48775197e1,-39.54326645,1152,0,0,0,0,0,0,221749 ns,197167,1152,1152,2432,2819,2819
64,28,butterfly-check,recompute,ntt,mul-output,3,42,0,2,PASS,FAIL,yes,yes,5.82610248e2,2.51857583e2,2.82708053e2,8.81408733e1,-38.90354698,1152,3,0,0,0,0,3,221583 ns,196581,1152,1152,2432,2819,2819
64,28,butterfly-check,recompute,ntt,mul-output,3,42,8,2,PASS,FAIL,yes,yes,6.06440343e2,2.63069765e2,3.01150732e2,9.38908115e1,-39.45246185,1152,3,0,0,0,0,3,199291 ns,176708,1152,1152,2432,2819,2819
64,28,butterfly-check,recompute,ntt,mul-output,3,42,24,2,PASS,FAIL,yes,yes,5.55094967e2,2.85090574e2,3.05350329e2,9.52001341e1,-39.57275121,1152,3,0,0,0,0,3,133497 ns,117874,1152,1152,2432,2819,2819
64,28,butterfly-check,recompute,ntt,mul-output,3,42,26,2,PASS,FAIL,yes,yes,4.68644223e2,2.51907701e2,2.79169606e2,8.70376792e1,-38.79414605,1152,3,0,0,0,0,3,124083 ns,109877,1152,1152,2432,2819,2819
64,28,butterfly-check,recompute,ntt,mul-output,3,43,0,2,PASS,FAIL,yes,yes,6.43876402e2,2.46662966e2,2.87180592e2,8.95352922e1,-39.03988510,1152,3,0,0,0,0,3,221418 ns,196749,1152,1152,2432,2819,2819
64,28,butterfly-check,recompute,ntt,mul-output,3,43,8,2,PASS,FAIL,yes,yes,5.38012654e2,2.54214214e2,2.79891590e2,8.72627745e1,-38.81658035,1152,3,0,0,0,0,3,176123 ns,157750,1152,1152,2432,2819,2819
64,28,butterfly-check,recompute,ntt,mul-output,3,43,24,2,PASS,FAIL,yes,yes,5.01377527e2,2.71144363e2,2.90078923e2,9.04389150e1,-39.12710687,1152,3,0,0,0,0,3,199833 ns,177499,1152,1152,2432,2819,2819
64,28,butterfly-check,recompute,ntt,mul-output,3,43,26,2,PASS,FAIL,yes,yes,8.89038524e2,2.71056051e2,3.25045704e2,1.01340630e2,-40.11567199,1152,3,0,0,0,0,3,182167 ns,161708,1152,1152,2432,2819,2819
64,28,butterfly-check,recompute,ntt,mul-output,3,44,0,2,PASS,FAIL,yes,yes,5.20030111e2,2.62643661e2,2.89793394e2,9.03498946e1,-39.11855301,1152,3,0,0,0,0,3,221624 ns,197003,1152,1152,2432,2819,2819
64,28,butterfly-check,recompute,ntt,mul-output,3,44,8,2,PASS,FAIL,yes,yes,5.10135175e2,2.66105493e2,2.99787388e2,9.34657569e1,-39.41305055,1152,3,0,0,0,0,3,130624 ns,115917,1152,1152,2432,2819,2819
64,28,butterfly-check,recompute,ntt,mul-output,3,44,24,2,PASS,FAIL,yes,yes,6.08674984e2,2.67032940e2,3.00430784e2,9.36663506e1,-39.43167199,1152,3,0,0,0,0,3,220792 ns,196581,1152,1152,2432,2819,2819
64,28,butterfly-check,recompute,ntt,mul-output,3,44,26,2,PASS,FAIL,yes,yes,5.74542043e2,2.61461825e2,3.02385640e2,9.42758230e1,-39.48800665,1152,3,0,0,0,0,3,199417 ns,177541,1152,1152,2432,2819,2819
64,28,butterfly-check,recompute,ntt,mul-output,3,45,0,2,PASS,FAIL,yes,yes,5.85263778e2,2.58798330e2,3.02681275e2,9.43679940e1,-39.49649447,1152,3,0,0,0,0,3,122584 ns,109124,1152,1152,2432,2819,2819
64,28,butterfly-check,recompute,ntt,mul-output,3,45,8,2,PASS,FAIL,yes,yes,6.53299776e2,2.53398568e2,2.94357664e2,9.17729128e1,-39.25429032,1152,3,0,0,0,0,3,222126 ns,197004,1152,1152,2432,2819,2819
64,28,butterfly-check,recompute,ntt,mul-output,3,45,24,2,PASS,FAIL,yes,yes,5.41811803e2,2.81531391e2,3.11942462e2,9.72553866e1,-39.75827329,1152,3,0,0,0,0,3,129416 ns,114795,1152,1152,2432,2819,2819
64,28,butterfly-check,recompute,ntt,mul-output,3,45,26,2,PASS,FAIL,yes,yes,5.96459508e2,2.64707585e2,2.98367207e2,9.30229821e1,-39.37180516,1152,3,0,0,0,0,3,199001 ns,177038,1152,1152,2432,2819,2819
64,28,butterfly-check,recompute,ntt,mul-output,3,49,0,2,PASS,FAIL,no,no,6.91140145e2,2.55331391e2,3.04935318e2,9.50707450e1,-39.56093795,1152,0,0,0,0,0,0,164917 ns,146960,1152,1152,2432,2819,2819
64,28,butterfly-check,recompute,ntt,mul-output,3,49,8,2,PASS,FAIL,no,no,5.77520578e2,2.60434395e2,2.91497316e2,9.08811323e1,-39.16947458,1152,0,0,0,0,0,0,222916 ns,197794,1152,1152,2432,2819,2819
64,28,butterfly-check,recompute,ntt,mul-output,3,49,24,2,PASS,FAIL,no,no,5.97349951e2,2.73073349e2,2.98690756e2,9.31238559e1,-39.38121900,1152,0,0,0,0,0,0,199958 ns,176375,1152,1152,2432,2819,2819
64,28,butterfly-check,recompute,ntt,mul-output,3,49,26,2,PASS,FAIL,no,no,6.97780921e2,2.83356292e2,3.23535581e2,1.00869813e2,-40.07522435,1152,0,0,0,0,0,0,221750 ns,196876,1152,1152,2432,2819,2819
64,28,butterfly-check,recompute,ntt,mul-output,3,53,0,2,PASS,FAIL,no,no,4.99392501e2,2.48049396e2,2.82532736e2,8.80862141e1,-38.89815889,1152,0,0,0,0,0,0,200542 ns,176957,1152,1152,2432,2819,2819
64,28,butterfly-check,recompute,ntt,mul-output,3,53,8,2,PASS,FAIL,no,no,6.52392811e2,2.55707769e2,3.01913738e2,9.41286962e1,-39.47444086,1152,0,0,0,0,0,0,221582 ns,197207,1152,1152,2432,2819,2819
64,28,butterfly-check,recompute,ntt,mul-output,3,53,24,2,PASS,FAIL,no,no,8.46716509e2,2.57049745e2,2.99120069e2,9.32577045e1,-39.39369443,1152,0,0,0,0,0,0,143542 ns,127792,1152,1152,2432,2819,2819
64,28,butterfly-check,recompute,ntt,mul-output,3,53,26,2,PASS,FAIL,no,no,5.97138165e2,2.62666513e2,2.89325371e2,9.02039773e1,-39.10451374,1152,0,0,0,0,0,0,199374 ns,177417,1152,1152,2432,2819,2819
64,28,butterfly-check,recompute,ntt,mul-output,3,56,0,2,PASS,FAIL,yes,yes,5.64943343e2,2.52497051e2,2.91354046e2,9.08364643e1,-39.16520443,1152,3,0,0,0,0,3,127708 ns,113628,1152,1152,2432,2819,2819
64,28,butterfly-check,recompute,ntt,mul-output,3,56,8,2,PASS,FAIL,yes,yes,5.81255049e2,2.62156220e2,2.94446413e2,9.18005826e1,-39.25690874,1152,3,0,0,0,0,3,221668 ns,196876,1152,1152,2432,2819,2819
64,28,butterfly-check,recompute,ntt,mul-output,3,56,24,2,PASS,FAIL,yes,yes,5.19023754e2,2.46917548e2,2.75007694e2,8.57401053e1,-38.66368025,1152,3,0,0,0,0,3,131876 ns,117042,1152,1152,2432,2819,2819
64,28,butterfly-check,recompute,ntt,mul-output,3,56,26,2,PASS,FAIL,yes,yes,4.77638981e2,2.64330886e2,2.85138591e2,8.88986503e1,-38.97790335,1152,3,0,0,0,0,3,223584 ns,196919,1152,1152,2432,2819,2819
64,28,butterfly-check,recompute,ntt,mul-output,3,57,0,2,PASS,FAIL,yes,yes,5.36998439e2,2.54358391e2,2.87757372e2,8.97151170e1,-39.05731256,1152,3,0,0,0,0,3,130584 ns,115874,1152,1152,2432,2819,2819
64,28,butterfly-check,recompute,ntt,mul-output,3,57,8,2,PASS,FAIL,yes,yes,6.44354925e2,2.88725004e2,3.26880360e2,1.01912627e2,-40.16455994,1152,3,0,0,0,0,3,119791 ns,106297,1152,1152,2432,2819,2819
64,28,butterfly-check,recompute,ntt,mul-output,3,57,24,2,PASS,FAIL,yes,yes,5.90824951e2,2.85942671e2,3.12423164e2,9.74052567e1,-39.77164790,1152,3,0,0,0,0,3,216209 ns,193125,1152,1152,2432,2819,2819
64,28,butterfly-check,recompute,ntt,mul-output,3,57,26,2,PASS,FAIL,yes,yes,6.07001558e2,2.54444912e2,2.97477185e2,9.27454967e1,-39.34585663,1152,3,0,0,0,0,3,222125 ns,197500,1152,1152,2432,2819,2819
64,28,butterfly-check,recompute,ntt,mul-output,3,60,0,2,PASS,FAIL,yes,yes,5.76641442e2,2.54982530e2,2.94756786e2,9.18973486e1,-39.26605963,1152,3,0,0,0,0,3,249875 ns,222416,1152,1152,2432,2819,2819
64,28,butterfly-check,recompute,ntt,mul-output,3,60,8,2,PASS,FAIL,yes,yes,5.08823032e2,2.28695155e2,2.59684725e2,8.09628102e1,-38.16571148,1152,3,0,0,0,0,3,200207 ns,178126,1152,1152,2432,2819,2819
64,28,butterfly-check,recompute,ntt,mul-output,3,60,24,2,PASS,FAIL,yes,yes,6.03626558e2,2.47749265e2,2.87758674e2,8.97155228e1,-39.05735184,1152,3,0,0,0,0,3,199292 ns,176625,1152,1152,2432,2819,2819
64,28,butterfly-check,recompute,ntt,mul-output,3,60,26,2,PASS,FAIL,yes,yes,5.56576275e2,2.75524852e2,3.08136966e2,9.60689337e1,-39.65165941,1152,3,0,0,0,0,3,222584 ns,197708,1152,1152,2432,2819,2819
64,28,butterfly-check,recompute,ntt,mul-output,3,61,0,2,PASS,FAIL,yes,yes,5.73410891e2,2.48667313e2,2.77423564e2,8.64933096e1,-38.73965031,1152,3,0,0,0,0,3,200459 ns,176790,1152,1152,2432,2819,2819
64,28,butterfly-check,recompute,ntt,mul-output,3,61,8,2,PASS,FAIL,yes,yes,5.97781285e2,2.92194456e2,3.21082254e2,1.00104931e2,-40.00910943,1152,3,0,0,0,0,3,220543 ns,195752,1152,1152,2432,2819,2819
64,28,butterfly-check,recompute,ntt,mul-output,3,61,24,2,PASS,FAIL,yes,yes,5.52544875e2,2.64314690e2,2.88428600e2,8.99243881e1,-39.07754983,1152,3,0,0,0,0,3,275084 ns,242415,1152,1152,2432,2819,2819
64,28,butterfly-check,recompute,ntt,mul-output,3,61,26,2,PASS,FAIL,yes,yes,5.26142708e2,2.82759841e2,3.10610998e2,9.68402713e1,-39.72111995,1152,3,0,0,0,0,3,289042 ns,256793,1152,1152,2432,2819,2819
64,28,butterfly-check,recompute,ntt,mul-output,3,62,0,2,PASS,FAIL,yes,yes,5.48180289e2,2.82724638e2,3.06790654e2,9.56491894e1,-39.61362588,1152,3,0,0,0,0,3,199457 ns,177582,1152,1152,2432,2819,2819
64,28,butterfly-check,recompute,ntt,mul-output,3,62,8,2,PASS,FAIL,yes,yes,5.42303425e2,2.32157563e2,2.76661941e2,8.62558556e1,-38.71577175,1152,3,0,0,0,0,3,289168 ns,256919,1152,1152,2432,2819,2819
64,28,butterfly-check,recompute,ntt,mul-output,3,62,24,2,PASS,FAIL,yes,yes,5.55832350e2,2.62204226e2,2.98468214e2,9.30544735e1,-39.37474512,1152,3,0,0,0,0,3,200916 ns,178498,1152,1152,2432,2819,2819
64,28,butterfly-check,recompute,ntt,mul-output,3,62,26,2,PASS,FAIL,yes,yes,5.13245005e2,2.71319017e2,2.94138726e2,9.17046539e1,-39.24782752,1152,3,0,0,0,0,3,128458 ns,113712,1152,1152,2432,2819,2819
64,28,butterfly-check,recompute,ntt,mul-output,3,63,0,2,PASS,FAIL,yes,yes,6.09928724e2,2.77003275e2,3.11151206e2,9.70086939e1,-39.73621315,1152,3,0,0,0,0,3,290958 ns,257501,1152,1152,2432,2819,2819
64,28,butterfly-check,recompute,ntt,mul-output,3,63,8,2,PASS,FAIL,yes,yes,6.28211252e2,2.39214429e2,2.79613813e2,8.71761713e1,-38.80795583,1152,3,0,0,0,0,3,219210 ns,195916,1152,1152,2432,2819,2819
64,28,butterfly-check,recompute,ntt,mul-output,3,63,24,2,PASS,FAIL,yes,yes,5.15751153e2,2.56753156e2,2.79290259e2,8.70752956e1,-38.79789915,1152,3,0,0,0,0,3,290207 ns,257710,1152,1152,2432,2819,2819
64,28,butterfly-check,recompute,ntt,mul-output,3,63,26,2,PASS,FAIL,yes,yes,5.69810459e2,2.75862528e2,3.06026355e2,9.54109014e1,-39.59195997,1152,3,0,0,0,0,3,222291 ns,196708,1152,1152,2432,2819,2819
64,28,butterfly-check,recompute,ntt,mul-output,3,0,0,3,PASS,FAIL,no,no,6.10168567e2,2.13989998e2,2.46400229e2,7.68210565e1,-37.70960551,1152,0,0,0,0,0,0,132165 ns,117002,1152,1152,2432,2819,2819
64,28,butterfly-check,recompute,ntt,mul-output,3,0,8,3,PASS,FAIL,no,no,5.92658299e2,2.59285625e2,2.89048923e2,9.01177883e1,-39.09621049,1152,0,0,0,0,0,0,137500 ns,121499,1152,1152,2432,2819,2819
64,28,butterfly-check,recompute,ntt,mul-output,3,0,24,3,PASS,FAIL,no,no,7.71933734e2,2.72623399e2,3.00691422e2,9.37476105e1,-39.43920414,1152,0,0,0,0,0,0,185374 ns,165997,1152,1152,2432,2819,2819
64,28,butterfly-check,recompute,ntt,mul-output,3,0,26,3,PASS,FAIL,no,no,5.05047434e2,2.42357975e2,2.79055913e2,8.70022327e1,-38.79060795,1152,0,0,0,0,0,0,198208 ns,176086,1152,1152,2432,2819,2819
64,28,butterfly-check,recompute,ntt,mul-output,3,3,0,3,PASS,FAIL,no,no,5.16775429e2,2.61768219e2,2.92561917e2,9.12130467e1,-39.20113924,1152,0,0,0,0,0,0,199791 ns,177708,1152,1152,2432,2819,2819
64,28,butterfly-check,recompute,ntt,mul-output,3,3,8,3,PASS,FAIL,no,no,5.63191635e2,2.47422646e2,2.81390878e2,8.77302128e1,-38.86298366,1152,0,0,0,0,0,0,133750 ns,117960,1152,1152,2432,2819,2819
64,28,butterfly-check,recompute,ntt,mul-output,3,3,24,3,PASS,FAIL,no,no,6.83222203e2,2.89673375e2,3.30931068e2,1.03175530e2,-40.27153419,1152,0,0,0,0,0,0,125084 ns,111373,1152,1152,2432,2819,2819
64,28,butterfly-check,recompute,ntt,mul-output,3,3,26,3,PASS,FAIL,no,no,7.21474217e2,2.74324644e2,3.15881363e2,9.84834312e1,-39.86726343,1152,0,0,0,0,0,0,248542 ns,221206,1152,1152,2432,2819,2819
64,28,butterfly-check,recompute,ntt,mul-output,3,4,0,3,PASS,FAIL,no,no,5.67581072e2,2.83113797e2,3.12148367e2,9.73195824e1,-39.76400473,1152,0,0,0,0,0,0,169333 ns,151166,1152,1152,2432,2819,2819
64,28,butterfly-check,recompute,ntt,mul-output,3,4,8,3,PASS,FAIL,no,no,5.22303196e2,2.77409687e2,3.00969068e2,9.38341733e1,-39.44722064,1152,0,0,0,0,0,0,221831 ns,197206,1152,1152,2432,2819,2819
64,28,butterfly-check,recompute,ntt,mul-output,3,4,24,3,PASS,FAIL,no,no,5.53655098e2,2.47437787e2,2.94703751e2,9.18808136e1,-39.26449664,1152,0,0,0,0,0,0,133083 ns,117459,1152,1152,2432,2819,2819
64,28,butterfly-check,recompute,ntt,mul-output,3,4,26,3,PASS,FAIL,no,no,7.34763384e2,2.64150825e2,3.04936709e2,9.50711785e1,-39.56097755,1152,0,0,0,0,0,0,249333 ns,221790,1152,1152,2432,2819,2819
64,28,butterfly-check,recompute,ntt,mul-output,3,7,0,3,PASS,FAIL,no,no,6.50313389e2,2.51648136e2,2.84764526e2,8.87820268e1,-38.96650111,1152,0,0,0,0,0,0,129750 ns,115170,1152,1152,2432,2819,2819
64,28,butterfly-check,recompute,ntt,mul-output,3,7,8,3,PASS,FAIL,no,no,6.36006741e2,2.58946489e2,2.96270550e2,9.23693001e1,-39.31055306,1152,0,0,0,0,0,0,132625 ns,117624,1152,1152,2432,2819,2819
64,28,butterfly-check,recompute,ntt,mul-output,3,7,24,3,PASS,FAIL,no,no,6.27536216e2,2.55033853e2,2.93713920e2,9.15722107e1,-39.23527398,1152,0,0,0,0,0,0,288293 ns,256872,1152,1152,2432,2819,2819
64,28,butterfly-check,recompute,ntt,mul-output,3,7,26,3,PASS,FAIL,no,no,5.49156382e2,2.68139201e2,3.02261363e2,9.42370767e1,-39.48443611,1152,0,0,0,0,0,0,250334 ns,222329,1152,1152,2432,2819,2819
64,28,butterfly-check,recompute,ntt,mul-output,3,8,0,3,PASS,FAIL,yes,yes,6.22004543e2,2.65266561e2,3.07384417e2,9.58343091e1,-39.63042032,1152,3,0,0,0,0,3,199125 ns,177081,1152,1152,2432,2819,2819
64,28,butterfly-check,recompute,ntt,mul-output,3,8,8,3,PASS,FAIL,yes,yes,6.98170219e2,2.86480258e2,3.19747467e2,9.96887800e1,-39.97292562,1152,3,0,0,0,0,3,221418 ns,197208,1152,1152,2432,2819,2819
64,28,butterfly-check,recompute,ntt,mul-output,3,8,24,3,PASS,FAIL,yes,yes,6.59829992e2,2.62229989e2,2.97070380e2,9.26186657e1,-39.33397041,1152,3,0,0,0,0,3,199169 ns,177374,1152,1152,2432,2819,2819
64,28,butterfly-check,recompute,ntt,mul-output,3,8,26,3,PASS,FAIL,yes,yes,5.49145114e2,2.84711076e2,3.20607667e2,9.99569678e1,-39.99626146,1152,3,0,0,0,0,3,122250 ns,108839,1152,1152,2432,2819,2819
64,28,butterfly-check,recompute,ntt,mul-output,3,9,0,3,PASS,FAIL,yes,yes,5.66287048e2,2.60911361e2,2.95118148e2,9.20100116e1,-39.27670170,1152,3,0,0,0,0,3,150627 ns,133543,1152,1152,2432,2819,2819
64,28,butterfly-check,recompute,ntt,mul-output,3,9,8,3,PASS,FAIL,yes,yes,7.33130938e2,2.62294930e2,2.98248314e2,9.29859144e1,-39.36834332,1152,3,0,0,0,0,3,223668 ns,196833,1152,1152,2432,2819,2819
64,28,butterfly-check,recompute,ntt,mul-output,3,9,24,3,PASS,FAIL,yes,yes,5.23610957e2,2.56464886e2,2.90576773e2,9.05941314e1,-39.14200131,1152,3,0,0,0,0,3,221166 ns,196791,1152,1152,2432,2819,2819
64,28,butterfly-check,recompute,ntt,mul-output,3,9,26,3,PASS,FAIL,yes,yes,5.85138889e2,2.67553672e2,2.96186875e2,9.23432125e1,-39.30809958,1152,3,0,0,0,0,3,249665 ns,221623,1152,1152,2432,2819,2819
64,28,butterfly-check,recompute,ntt,mul-output,3,11,0,3,PASS,FAIL,yes,yes,5.48731139e2,2.55349794e2,2.87808230e2,8.97309729e1,-39.05884753,1152,3,0,0,0,0,3,120626 ns,107003,1152,1152,2432,2819,2819
64,28,butterfly-check,recompute,ntt,mul-output,3,11,8,3,PASS,FAIL,yes,yes,5.87381253e2,2.79990925e2,3.16093473e2,9.85495618e1,-39.87309395,1152,3,0,0,0,0,3,221001 ns,196544,1152,1152,2432,2819,2819
64,28,butterfly-check,recompute,ntt,mul-output,3,11,24,3,PASS,FAIL,yes,yes,5.08628768e2,2.67097742e2,2.90778021e2,9.06568751e1,-39.14801490,1152,3,0,0,0,0,3,221210 ns,196499,1152,1152,2432,2819,2819
64,28,butterfly-check,recompute,ntt,mul-output,3,11,26,3,PASS,FAIL,yes,yes,6.69292210e2,2.39056312e2,2.70201733e2,8.42417344e1,-38.51054599,1152,3,0,0,0,0,3,119624 ns,105828,1152,1152,2432,2819,2819
64,28,butterfly-check,recompute,ntt,mul-output,3,12,0,3,PASS,FAIL,yes,yes,5.18495639e2,2.59341885e2,2.83420429e2,8.83629730e1,-38.92540639,1152,3,0,0,0,0,3,131125 ns,116545,1152,1152,2432,2819,2819
64,28,butterfly-check,recompute,ntt,mul-output,3,12,8,3,PASS,FAIL,yes,yes,6.09444654e2,2.41680344e2,2.83772003e2,8.84725844e1,-38.93617428,1152,3,0,0,0,0,3,167667 ns,148710,1152,1152,2432,2819,2819
64,28,butterfly-check,recompute,ntt,mul-output,3,12,24,3,PASS,FAIL,yes,yes,5.00956505e2,2.70145746e2,2.93365420e2,9.14635577e1,-39.22496180,1152,3,0,0,0,0,3,181542 ns,162456,1152,1152,2432,2819,2819
64,28,butterfly-check,recompute,ntt,mul-output,3,12,26,3,PASS,FAIL,yes,yes,6.51079196e2,2.63530488e2,3.01515914e2,9.40046652e1,-39.46298814,1152,3,0,0,0,0,3,221167 ns,196500,1152,1152,2432,2819,2819
64,28,butterfly-check,recompute,ntt,mul-output,3,13,0,3,PASS,FAIL,yes,yes,5.47820771e2,2.71423768e2,3.09248173e2,9.64153786e1,-39.68292622,1152,3,0,0,0,0,3,122458 ns,108582,1152,1152,2432,2819,2819
64,28,butterfly-check,recompute,ntt,mul-output,3,13,8,3,PASS,FAIL,yes,yes,5.93016782e2,2.60952634e2,2.94028722e2,9.16703575e1,-39.24457850,1152,3,0,0,0,0,3,222543 ns,197834,1152,1152,2432,2819,2819
64,28,butterfly-check,recompute,ntt,mul-output,3,13,24,3,PASS,FAIL,yes,yes,5.48933987e2,2.68113515e2,3.02643306e2,9.43561563e1,-39.49540482,1152,3,0,0,0,0,3,242168 ns,214918,1152,1152,2432,2819,2819
64,28,butterfly-check,recompute,ntt,mul-output,3,13,26,3,PASS,FAIL,yes,yes,6.40123657e2,2.56606186e2,2.94321519e2,9.17616439e1,-39.25322371,1152,3,0,0,0,0,3,222458 ns,198169,1152,1152,2432,2819,2819
64,28,butterfly-check,recompute,ntt,mul-output,3,18,0,3,PASS,FAIL,no,no,5.71120672e2,2.76062093e2,3.02308260e2,9.42516978e1,-39.48578364,1152,0,0,0,0,0,0,198333 ns,176628,1152,1152,2432,2819,2819
64,28,butterfly-check,recompute,ntt,mul-output,3,18,8,3,PASS,FAIL,no,no,5.30318183e2,2.61103920e2,2.93192487e2,9.14096417e1,-39.21984013,1152,0,0,0,0,0,0,198124 ns,175543,1152,1152,2432,2819,2819
64,28,butterfly-check,recompute,ntt,mul-output,3,18,24,3,PASS,FAIL,no,no,6.23899144e2,2.70998577e2,3.16120115e2,9.85578680e1,-39.87382601,1152,0,0,0,0,0,0,198793 ns,176418,1152,1152,2432,2819,2819
64,28,butterfly-check,recompute,ntt,mul-output,3,18,26,3,PASS,FAIL,no,no,5.79119583e2,2.61032983e2,2.83459678e2,8.83752100e1,-38.92660918,1152,0,0,0,0,0,0,132709 ns,117873,1152,1152,2432,2819,2819
64,28,butterfly-check,recompute,ntt,mul-output,3,21,0,3,PASS,FAIL,no,no,5.51561536e2,2.37110849e2,2.71979438e2,8.47959754e1,-38.56750481,1152,0,0,0,0,0,0,169209 ns,149500,1152,1152,2432,2819,2819
64,28,butterfly-check,recompute,ntt,mul-output,3,21,8,3,PASS,FAIL,no,no,5.24121513e2,2.68423081e2,3.01556948e2,9.40174588e1,-39.46417017,1152,0,0,0,0,0,0,133206 ns,118004,1152,1152,2432,2819,2819
64,28,butterfly-check,recompute,ntt,mul-output,3,21,24,3,PASS,FAIL,no,no,5.25928302e2,2.67878713e2,2.87648525e2,8.96811813e1,-39.05402641,1152,0,0,0,0,0,0,198667 ns,176415,1152,1152,2432,2819,2819
64,28,butterfly-check,recompute,ntt,mul-output,3,21,26,3,PASS,FAIL,no,no,7.30376336e2,2.66193287e2,3.07398687e2,9.58387579e1,-39.63082353,1152,0,0,0,0,0,0,130543 ns,116038,1152,1152,2432,2819,2819
64,28,butterfly-check,recompute,ntt,mul-output,3,25,0,3,PASS,FAIL,yes,yes,7.16488621e2,2.80217038e2,3.24945984e2,1.01309540e2,-40.11300685,1152,3,0,0,0,0,3,181040 ns,160877,1152,1152,2432,2819,2819
64,28,butterfly-check,recompute,ntt,mul-output,3,25,8,3,PASS,FAIL,yes,yes,5.89727494e2,2.75812417e2,3.14851095e2,9.81622211e1,-39.83888753,1152,3,0,0,0,0,3,198459 ns,176540,1152,1152,2432,2819,2819
64,28,butterfly-check,recompute,ntt,mul-output,3,25,24,3,PASS,FAIL,yes,yes,7.10160758e2,2.56769381e2,2.99411446e2,9.33485482e1,-39.40215136,1152,3,0,0,0,0,3,142750 ns,126751,1152,1152,2432,2819,2819
64,28,butterfly-check,recompute,ntt,mul-output,3,25,26,3,PASS,FAIL,yes,yes,5.53904867e2,2.58582744e2,2.92793157e2,9.12851411e1,-39.20800182,1152,3,0,0,0,0,3,167418 ns,148583,1152,1152,2432,2819,2819
64,28,butterfly-check,recompute,ntt,mul-output,3,26,0,3,PASS,FAIL,yes,yes,5.22707652e2,2.51159819e2,2.77035080e2,8.63721906e1,-38.72747869,1152,3,0,0,0,0,3,222125 ns,197500,1152,1152,2432,2819,2819
64,28,butterfly-check,recompute,ntt,mul-output,3,26,8,3,PASS,FAIL,yes,yes,5.15703002e2,2.72921303e2,2.93111139e2,9.13842794e1,-39.21742983,1152,3,0,0,0,0,3,222499 ns,197792,1152,1152,2432,2819,2819
64,28,butterfly-check,recompute,ntt,mul-output,3,26,24,3,PASS,FAIL,yes,yes,6.59125312e2,2.78924320e2,3.14389193e2,9.80182122e1,-39.82613554,1152,3,0,0,0,0,3,199834 ns,176960,1152,1152,2432,2819,2819
64,28,butterfly-check,recompute,ntt,mul-output,3,26,26,3,PASS,FAIL,yes,yes,5.56453797e2,2.65628014e2,2.98820713e2,9.31643732e1,-39.38499733,1152,3,0,0,0,0,3,188499 ns,167960,1152,1152,2432,2819,2819
64,28,butterfly-check,recompute,ntt,mul-output,3,28,0,3,PASS,FAIL,yes,yes,5.61779825e2,2.54004181e2,2.93004042e2,9.13508895e1,-39.21425561,1152,3,0,0,0,0,3,202043 ns,177746,1152,1152,2432,2819,2819
64,28,butterfly-check,recompute,ntt,mul-output,3,28,8,3,PASS,FAIL,yes,yes,5.11669761e2,2.65286374e2,3.01167479e2,9.38960325e1,-39.45294483,1152,3,0,0,0,0,3,133083 ns,117707,1152,1152,2432,2819,2819
64,28,butterfly-check,recompute,ntt,mul-output,3,28,24,3,PASS,FAIL,yes,yes,7.22796708e2,2.78683374e2,3.19069820e2,9.94775077e1,-39.95449792,1152,3,0,0,0,0,3,130335 ns,115959,1152,1152,2432,2819,2819
64,28,butterfly-check,recompute,ntt,mul-output,3,28,26,3,PASS,FAIL,yes,yes,5.54775517e2,2.70551724e2,2.99440720e2,9.33576748e1,-39.40300053,1152,3,0,0,0,0,3,168208 ns,148793,1152,1152,2432,2819,2819
64,28,butterfly-check,recompute,ntt,mul-output,3,29,0,3,PASS,FAIL,yes,yes,6.57079686e2,2.74288445e2,3.04889879e2,9.50565783e1,-39.55964354,1152,3,0,0,0,0,3,188708 ns,167663,1152,1152,2432,2819,2819
64,28,butterfly-check,recompute,ntt,mul-output,3,29,8,3,PASS,FAIL,yes,yes,5.61397160e2,2.69498329e2,3.01281710e2,9.39316468e1,-39.45623872,1152,3,0,0,0,0,3,215416 ns,191455,1152,1152,2432,2819,2819
64,28,butterfly-check,recompute,ntt,mul-output,3,29,24,3,PASS,FAIL,yes,yes,5.50888300e2,2.53567549e2,2.77617802e2,8.65538679e1,-38.74572961,1152,3,0,0,0,0,3,220460 ns,195833,1152,1152,2432,2819,2819
64,28,butterfly-check,recompute,ntt,mul-output,3,29,26,3,PASS,FAIL,yes,yes,4.17673982e2,2.52254846e2,2.73480835e2,8.52640714e1,-38.61532133,1152,3,0,0,0,0,3,224166 ns,198292,1152,1152,2432,2819,2819
64,28,butterfly-check,recompute,ntt,mul-output,3,32,0,3,PASS,FAIL,no,no,5.57100780e2,2.41876621e2,2.80391560e2,8.74186522e1,-38.83208212,1152,0,0,0,0,0,0,223417 ns,197039,1152,1152,2432,2819,2819
64,28,butterfly-check,recompute,ntt,mul-output,3,32,8,3,PASS,FAIL,no,no,5.42104533e2,2.39361913e2,2.70539551e2,8.43470568e1,-38.52139866,1152,0,0,0,0,0,0,189459 ns,167500,1152,1152,2432,2819,2819
64,28,butterfly-check,recompute,ntt,mul-output,3,32,24,3,PASS,FAIL,no,no,6.27793960e2,2.69786873e2,3.11086017e2,9.69883697e1,-39.73439319,1152,0,0,0,0,0,0,221459 ns,196463,1152,1152,2432,2819,2819
64,28,butterfly-check,recompute,ntt,mul-output,3,32,26,3,PASS,FAIL,no,no,5.55818973e2,2.65152381e2,2.88242174e2,8.98662654e1,-39.07193388,1152,0,0,0,0,0,0,248457 ns,220835,1152,1152,2432,2819,2819
64,28,butterfly-check,recompute,ntt,mul-output,3,37,0,3,PASS,FAIL,no,no,5.84034600e2,2.41651499e2,2.78200143e2,8.67354262e1,-38.76393034,1152,0,0,0,0,0,0,168666 ns,150124,1152,1152,2432,2819,2819
64,28,butterfly-check,recompute,ntt,mul-output,3,37,8,3,PASS,FAIL,no,no,7.38129432e2,2.91571392e2,3.31967799e2,1.03498756e2,-40.29870256,1152,0,0,0,0,0,0,125750 ns,111916,1152,1152,2432,2819,2819
64,28,butterfly-check,recompute,ntt,mul-output,3,37,24,3,PASS,FAIL,no,no,6.10540485e2,2.56471325e2,2.94876643e2,9.19347168e1,-39.26959085,1152,0,0,0,0,0,0,200001 ns,177791,1152,1152,2432,2819,2819
64,28,butterfly-check,recompute,ntt,mul-output,3,37,26,3,PASS,FAIL,no,no,5.59737944e2,2.96549143e2,3.26921753e2,1.01925532e2,-40.16565975,1152,0,0,0,0,0,0,127042 ns,112707,1152,1152,2432,2819,2819
64,28,butterfly-check,recompute,ntt,mul-output,3,39,0,3,PASS,FAIL,no,no,5.80594066e2,2.52934071e2,2.79596556e2,8.71707908e1,-38.80741972,1152,0,0,0,0,0,0,221542 ns,197166,1152,1152,2432,2819,2819
64,28,butterfly-check,recompute,ntt,mul-output,3,39,8,3,PASS,FAIL,no,no,4.77414277e2,2.49271155e2,2.72896664e2,8.50819421e1,-38.59674790,1152,0,0,0,0,0,0,161668 ns,144291,1152,1152,2432,2819,2819
64,28,butterfly-check,recompute,ntt,mul-output,3,39,24,3,PASS,FAIL,no,no,7.01332594e2,2.36878836e2,2.85793994e2,8.91029878e1,-38.99784534,1152,0,0,0,0,0,0,221418 ns,196749,1152,1152,2432,2819,2819
64,28,butterfly-check,recompute,ntt,mul-output,3,39,26,3,PASS,FAIL,no,no,6.78937190e2,2.61312822e2,3.04315557e2,9.48775197e1,-39.54326645,1152,0,0,0,0,0,0,167082 ns,147960,1152,1152,2432,2819,2819
64,28,butterfly-check,recompute,ntt,mul-output,3,40,0,3,PASS,FAIL,yes,yes,4.35509467e2,2.42602512e2,2.71100310e2,8.45218867e1,-38.53938366,1152,3,0,0,0,0,3,222126 ns,196455,1152,1152,2432,2819,2819
64,28,butterfly-check,recompute,ntt,mul-output,3,40,8,3,PASS,FAIL,yes,yes,6.84948735e2,2.65334866e2,2.94717891e2,9.18852221e1,-39.26491339,1152,3,0,0,0,0,3,197792 ns,176001,1152,1152,2432,2819,2819
64,28,butterfly-check,recompute,ntt,mul-output,3,40,24,3,PASS,FAIL,yes,yes,7.03355977e2,2.82172606e2,3.29728989e2,1.02800754e2,-40.23992600,1152,3,0,0,0,0,3,271333 ns,240501,1152,1152,2432,2819,2819
64,28,butterfly-check,recompute,ntt,mul-output,3,40,26,3,PASS,FAIL,yes,yes,5.54925660e2,2.96277162e2,3.22060334e2,1.00409871e2,-40.03552814,1152,3,0,0,0,0,3,2080294 ns,2020419,1152,1152,2432,2819,2819
64,28,butterfly-check,recompute,ntt,mul-output,3,42,0,3,PASS,FAIL,yes,yes,5.82610248e2,2.51857583e2,2.82708053e2,8.81408733e1,-38.90354698,1152,3,0,0,0,0,3,185458 ns,165166,1152,1152,2432,2819,2819
64,28,butterfly-check,recompute,ntt,mul-output,3,42,8,3,PASS,FAIL,yes,yes,6.06440343e2,2.63069765e2,3.01150732e2,9.38908115e1,-39.45246185,1152,3,0,0,0,0,3,167916 ns,149040,1152,1152,2432,2819,2819
64,28,butterfly-check,recompute,ntt,mul-output,3,42,24,3,PASS,FAIL,yes,yes,5.55094967e2,2.85090574e2,3.05350329e2,9.52001341e1,-39.57275121,1152,3,0,0,0,0,3,126834 ns,112665,1152,1152,2432,2819,2819
64,28,butterfly-check,recompute,ntt,mul-output,3,42,26,3,PASS,FAIL,yes,yes,4.68644223e2,2.51907701e2,2.79169606e2,8.70376792e1,-38.79414605,1152,3,0,0,0,0,3,130167 ns,115918,1152,1152,2432,2819,2819
64,28,butterfly-check,recompute,ntt,mul-output,3,43,0,3,PASS,FAIL,yes,yes,6.43876402e2,2.46662966e2,2.87180592e2,8.95352922e1,-39.03988510,1152,3,0,0,0,0,3,164960 ns,134666,1152,1152,2432,2819,2819
64,28,butterfly-check,recompute,ntt,mul-output,3,43,8,3,PASS,FAIL,yes,yes,5.38012654e2,2.54214214e2,2.79891590e2,8.72627745e1,-38.81658035,1152,3,0,0,0,0,3,222374 ns,197959,1152,1152,2432,2819,2819
64,28,butterfly-check,recompute,ntt,mul-output,3,43,24,3,PASS,FAIL,yes,yes,5.01377527e2,2.71144363e2,2.90078923e2,9.04389150e1,-39.12710687,1152,3,0,0,0,0,3,210541 ns,185871,1152,1152,2432,2819,2819
64,28,butterfly-check,recompute,ntt,mul-output,3,43,26,3,PASS,FAIL,yes,yes,8.89038524e2,2.71056051e2,3.25045704e2,1.01340630e2,-40.11567199,1152,3,0,0,0,0,3,221041 ns,196208,1152,1152,2432,2819,2819
64,28,butterfly-check,recompute,ntt,mul-output,3,45,0,3,PASS,FAIL,yes,yes,5.85263778e2,2.58798330e2,3.02681275e2,9.43679940e1,-39.49649447,1152,3,0,0,0,0,3,292082 ns,258336,1152,1152,2432,2819,2819
64,28,butterfly-check,recompute,ntt,mul-output,3,45,8,3,PASS,FAIL,yes,yes,6.53299776e2,2.53398568e2,2.94357664e2,9.17729128e1,-39.25429032,1152,3,0,0,0,0,3,220834 ns,196126,1152,1152,2432,2819,2819
64,28,butterfly-check,recompute,ntt,mul-output,3,45,24,3,PASS,FAIL,yes,yes,5.41811803e2,2.81531391e2,3.11942462e2,9.72553866e1,-39.75827329,1152,3,0,0,0,0,3,124416 ns,110167,1152,1152,2432,2819,2819
64,28,butterfly-check,recompute,ntt,mul-output,3,45,26,3,PASS,FAIL,yes,yes,5.96459508e2,2.64707585e2,2.98367207e2,9.30229821e1,-39.37180516,1152,3,0,0,0,0,3,223125 ns,196792,1152,1152,2432,2819,2819
64,28,butterfly-check,recompute,ntt,mul-output,3,46,0,3,PASS,FAIL,yes,yes,5.28025622e2,2.51982680e2,2.84634481e2,8.87414824e1,-38.96253358,1152,3,0,0,0,0,3,222501 ns,197711,1152,1152,2432,2819,2819
64,28,butterfly-check,recompute,ntt,mul-output,3,46,8,3,PASS,FAIL,yes,yes,5.52795868e2,2.66120914e2,2.94715171e2,9.18843740e1,-39.26483321,1152,3,0,0,0,0,3,199541 ns,177664,1152,1152,2432,2819,2819
64,28,butterfly-check,recompute,ntt,mul-output,3,46,24,3,PASS,FAIL,yes,yes,4.47718316e2,2.46414564e2,2.72098472e2,8.48330871e1,-38.57130543,1152,3,0,0,0,0,3,130542 ns,116127,1152,1152,2432,2819,2819
64,28,butterfly-check,recompute,ntt,mul-output,3,46,26,3,PASS,FAIL,yes,yes,5.51458722e2,2.74227718e2,2.96852320e2,9.25506806e1,-39.32759234,1152,3,0,0,0,0,3,169000 ns,149834,1152,1152,2432,2819,2819
64,28,butterfly-check,recompute,ntt,mul-output,3,47,0,3,PASS,FAIL,yes,yes,6.95309657e2,2.36194859e2,2.80165155e2,8.73480651e1,-38.82506578,1152,3,0,0,0,0,3,211166 ns,187293,1152,1152,2432,2819,2819
64,28,butterfly-check,recompute,ntt,mul-output,3,47,8,3,PASS,FAIL,yes,yes,5.09754546e2,2.55656395e2,2.82656778e2,8.81248869e1,-38.90197145,1152,3,0,0,0,0,3,222124 ns,197252,1152,1152,2432,2819,2819
64,28,butterfly-check,recompute,ntt,mul-output,3,47,24,3,PASS,FAIL,yes,yes,6.39921937e2,2.47301084e2,2.82754527e2,8.81553626e1,-38.90497473,1152,3,0,0,0,0,3,223416 ns,197167,1152,1152,2432,2819,2819
64,28,butterfly-check,recompute,ntt,mul-output,3,47,26,3,PASS,FAIL,yes,yes,5.97533215e2,2.65799842e2,3.12447128e2,9.74127280e1,-39.77231412,1152,3,0,0,0,0,3,183168 ns,161749,1152,1152,2432,2819,2819
64,28,butterfly-check,recompute,ntt,mul-output,3,49,0,3,PASS,FAIL,no,no,6.91140145e2,2.55331391e2,3.04935318e2,9.50707450e1,-39.56093795,1152,0,0,0,0,0,0,130626 ns,115793,1152,1152,2432,2819,2819
64,28,butterfly-check,recompute,ntt,mul-output,3,49,8,3,PASS,FAIL,no,no,5.77520578e2,2.60434395e2,2.91497316e2,9.08811323e1,-39.16947458,1152,0,0,0,0,0,0,221793 ns,196374,1152,1152,2432,2819,2819
64,28,butterfly-check,recompute,ntt,mul-output,3,49,24,3,PASS,FAIL,no,no,5.97349951e2,2.73073349e2,2.98690756e2,9.31238559e1,-39.38121900,1152,0,0,0,0,0,0,170001 ns,152168,1152,1152,2432,2819,2819
64,28,butterfly-check,recompute,ntt,mul-output,3,49,26,3,PASS,FAIL,no,no,6.97780921e2,2.83356292e2,3.23535581e2,1.00869813e2,-40.07522435,1152,0,0,0,0,0,0,220293 ns,195752,1152,1152,2432,2819,2819
64,28,butterfly-check,recompute,ntt,mul-output,3,50,0,3,PASS,FAIL,no,no,6.35624564e2,2.84642321e2,3.15797742e2,9.84573605e1,-39.86496377,1152,0,0,0,0,0,0,137416 ns,122335,1152,1152,2432,2819,2819
64,28,butterfly-check,recompute,ntt,mul-output,3,50,8,3,PASS,FAIL,no,no,6.51144371e2,2.36173732e2,2.76439302e2,8.61864427e1,-38.70877912,1152,0,0,0,0,0,0,221375 ns,197039,1152,1152,2432,2819,2819
64,28,butterfly-check,recompute,ntt,mul-output,3,50,24,3,PASS,FAIL,no,no,5.26113244e2,2.30732144e2,2.67082232e2,8.32691567e1,-38.40968333,1152,0,0,0,0,0,0,130666 ns,116167,1152,1152,2432,2819,2819
64,28,butterfly-check,recompute,ntt,mul-output,3,50,26,3,PASS,FAIL,no,no,5.69616438e2,2.37941945e2,2.82626028e2,8.81152998e1,-38.90102647,1152,0,0,0,0,0,0,248708 ns,220837,1152,1152,2432,2819,2819
64,28,butterfly-check,recompute,ntt,mul-output,3,51,0,3,PASS,FAIL,no,no,5.30879988e2,2.50601481e2,2.74094444e2,8.54553782e1,-38.63478801,1152,0,0,0,0,0,0,222793 ns,197918,1152,1152,2432,2819,2819
64,28,butterfly-check,recompute,ntt,mul-output,3,51,8,3,PASS,FAIL,no,no,6.17583904e2,2.32731304e2,2.68238348e2,8.36296028e1,-38.44720069,1152,0,0,0,0,0,0,222626 ns,196788,1152,1152,2432,2819,2819
64,28,butterfly-check,recompute,ntt,mul-output,3,51,24,3,PASS,FAIL,no,no,5.46465291e2,2.52072941e2,2.79833064e2,8.72445280e1,-38.81476394,1152,0,0,0,0,0,0,221624 ns,197083,1152,1152,2432,2819,2819
64,28,butterfly-check,recompute,ntt,mul-output,3,51,26,3,PASS,FAIL,no,no,4.89079282e2,2.69659087e2,2.98062967e2,9.29281282e1,-39.36294379,1152,0,0,0,0,0,0,224919 ns,199959,1152,1152,2432,2819,2819
64,28,butterfly-check,recompute,ntt,mul-output,3,52,0,3,PASS,FAIL,no,no,6.03858883e2,2.75635504e2,2.99603781e2,9.34085131e1,-39.40772917,1152,0,0,0,0,0,0,221292 ns,196587,1152,1152,2432,2819,2819
64,28,butterfly-check,recompute,ntt,mul-output,3,52,8,3,PASS,FAIL,no,no,5.84573239e2,2.62360416e2,2.93161176e2,9.13998795e1,-39.21891246,1152,0,0,0,0,0,0,180875 ns,160711,1152,1152,2432,2819,2819
64,28,butterfly-check,recompute,ntt,mul-output,3,52,24,3,PASS,FAIL,no,no,6.14966786e2,2.84297975e2,3.18013497e2,9.91481741e1,-39.92569442,1152,0,0,0,0,0,0,221084 ns,196623,1152,1152,2432,2819,2819
64,28,butterfly-check,recompute,ntt,mul-output,3,52,26,3,PASS,FAIL,no,no,5.42290787e2,2.80361311e2,3.08562067e2,9.62014690e1,-39.66363408,1152,0,0,0,0,0,0,131624 ns,116921,1152,1152,2432,2819,2819
64,28,butterfly-check,recompute,ntt,mul-output,3,53,0,3,PASS,FAIL,no,no,4.99392501e2,2.48049396e2,2.82532736e2,8.80862141e1,-38.89815889,1152,0,0,0,0,0,0,132459 ns,116706,1152,1152,2432,2819,2819
64,28,butterfly-check,recompute,ntt,mul-output,3,53,8,3,PASS,FAIL,no,no,6.52392811e2,2.55707769e2,3.01913738e2,9.41286962e1,-39.47444086,1152,0,0,0,0,0,0,248292 ns,220708,1152,1152,2432,2819,2819
64,28,butterfly-check,recompute,ntt,mul-output,3,53,24,3,PASS,FAIL,no,no,8.46716509e2,2.57049745e2,2.99120069e2,9.32577045e1,-39.39369443,1152,0,0,0,0,0,0,166334 ns,149082,1152,1152,2432,2819,2819
64,28,butterfly-check,recompute,ntt,mul-output,3,53,26,3,PASS,FAIL,no,no,5.97138165e2,2.62666513e2,2.89325371e2,9.02039773e1,-39.10451374,1152,0,0,0,0,0,0,219415 ns,195664,1152,1152,2432,2819,2819
64,28,butterfly-check,recompute,ntt,mul-output,3,60,0,3,PASS,FAIL,yes,yes,5.76641442e2,2.54982530e2,2.94756786e2,9.18973486e1,-39.26605963,1152,3,0,0,0,0,3,221791 ns,197332,1152,1152,2432,2819,2819
64,28,butterfly-check,recompute,ntt,mul-output,3,60,8,3,PASS,FAIL,yes,yes,5.08823032e2,2.28695155e2,2.59684725e2,8.09628102e1,-38.16571148,1152,3,0,0,0,0,3,124125 ns,110251,1152,1152,2432,2819,2819
64,28,butterfly-check,recompute,ntt,mul-output,3,60,24,3,PASS,FAIL,yes,yes,6.03626558e2,2.47749265e2,2.87758674e2,8.97155228e1,-39.05735184,1152,3,0,0,0,0,3,220791 ns,195878,1152,1152,2432,2819,2819
64,28,butterfly-check,recompute,ntt,mul-output,3,60,26,3,PASS,FAIL,yes,yes,5.56576275e2,2.75524852e2,3.08136966e2,9.60689337e1,-39.65165941,1152,3,0,0,0,0,3,198916 ns,176253,1152,1152,2432,2819,2819
64,28,butterfly-check,recompute,ntt,mul-output,3,62,0,3,PASS,FAIL,yes,yes,5.48180289e2,2.82724638e2,3.06790654e2,9.56491894e1,-39.61362588,1152,3,0,0,0,0,3,199668 ns,177541,1152,1152,2432,2819,2819
64,28,butterfly-check,recompute,ntt,mul-output,3,62,8,3,PASS,FAIL,yes,yes,5.42303425e2,2.32157563e2,2.76661941e2,8.62558556e1,-38.71577175,1152,3,0,0,0,0,3,250917 ns,223166,1152,1152,2432,2819,2819
64,28,butterfly-check,recompute,ntt,mul-output,3,62,24,3,PASS,FAIL,yes,yes,5.55832350e2,2.62204226e2,2.98468214e2,9.30544735e1,-39.37474512,1152,3,0,0,0,0,3,119292 ns,105165,1152,1152,2432,2819,2819
64,28,butterfly-check,recompute,ntt,mul-output,3,62,26,3,PASS,FAIL,yes,yes,5.13245005e2,2.71319017e2,2.94138726e2,9.17046539e1,-39.24782752,1152,3,0,0,0,0,3,127876 ns,112793,1152,1152,2432,2819,2819
64,28,butterfly-check,recompute,ntt,mul-output,3,63,0,3,PASS,FAIL,yes,yes,6.09928724e2,2.77003275e2,3.11151206e2,9.70086939e1,-39.73621315,1152,3,0,0,0,0,3,221250 ns,196084,1152,1152,2432,2819,2819
64,28,butterfly-check,recompute,ntt,mul-output,3,63,8,3,PASS,FAIL,yes,yes,6.28211252e2,2.39214429e2,2.79613813e2,8.71761713e1,-38.80795583,1152,3,0,0,0,0,3,220750 ns,196333,1152,1152,2432,2819,2819
64,28,butterfly-check,recompute,ntt,mul-output,3,63,24,3,PASS,FAIL,yes,yes,5.15751153e2,2.56753156e2,2.79290259e2,8.70752956e1,-38.79789915,1152,3,0,0,0,0,3,199374 ns,177249,1152,1152,2432,2819,2819
64,28,butterfly-check,recompute,ntt,mul-output,3,63,26,3,PASS,FAIL,yes,yes,5.69810459e2,2.75862528e2,3.06026355e2,9.54109014e1,-39.59195997,1152,3,0,0,0,0,3,204667 ns,182709,1152,1152,2432,2819,2819
64,28,butterfly-check,recompute,ntt,mul-output,5,0,0,1,PASS,FAIL,no,no,6.51013388e2,2.58239984e2,2.96630948e2,9.24816625e1,-39.32111257,1152,0,0,0,0,0,0,131999 ns,117461,1152,1152,2432,2819,2819
64,28,butterfly-check,recompute,ntt,mul-output,5,0,8,1,PASS,FAIL,no,no,5.98422182e2,2.82186372e2,3.12722178e2,9.74984815e1,-39.77995703,1152,0,0,0,0,0,0,198585 ns,176377,1152,1152,2432,2819,2819
64,28,butterfly-check,recompute,ntt,mul-output,5,0,24,1,PASS,FAIL,no,no,7.00288860e2,2.68566742e2,3.05709939e2,9.53122511e1,-39.58297454,1152,0,0,0,0,0,0,221414 ns,196541,1152,1152,2432,2819,2819
64,28,butterfly-check,recompute,ntt,mul-output,5,0,26,1,PASS,FAIL,no,no,4.74201558e2,2.40031876e2,2.64086921e2,8.23352981e1,-38.31172125,1152,0,0,0,0,0,0,222125 ns,197212,1152,1152,2432,2819,2819
64,28,butterfly-check,recompute,ntt,mul-output,5,2,0,1,PASS,FAIL,no,no,4.63934567e2,2.50573533e2,2.78582909e2,8.68547625e1,-38.77587274,1152,0,0,0,0,0,0,134709 ns,116164,1152,1152,2432,2819,2819
64,28,butterfly-check,recompute,ntt,mul-output,5,2,8,1,PASS,FAIL,no,no,6.98221012e2,2.87211616e2,3.13882816e2,9.78603375e1,-39.81213418,1152,0,0,0,0,0,0,182040 ns,161044,1152,1152,2432,2819,2819
64,28,butterfly-check,recompute,ntt,mul-output,5,2,24,1,PASS,FAIL,no,no,5.22578569e2,2.41782852e2,2.73885305e2,8.53901743e1,-38.62815800,1152,0,0,0,0,0,0,199209 ns,177252,1152,1152,2432,2819,2819
64,28,butterfly-check,recompute,ntt,mul-output,5,2,26,1,PASS,FAIL,no,no,6.19474248e2,2.44835900e2,2.82104994e2,8.79528553e1,-38.88499886,1152,0,0,0,0,0,0,131043 ns,116333,1152,1152,2432,2819,2819
64,28,butterfly-check,recompute,ntt,mul-output,5,4,0,1,PASS,FAIL,no,no,5.47510616e2,2.71724223e2,3.01635262e2,9.40418750e1,-39.46642559,1152,0,0,0,0,0,0,221458 ns,195750,1152,1152,2432,2819,2819
64,28,butterfly-check,recompute,ntt,mul-output,5,4,8,1,PASS,FAIL,no,no,8.01270533e2,2.53671082e2,2.94995775e2,9.19718589e1,-39.27309929,1152,0,0,0,0,0,0,220458 ns,196332,1152,1152,2432,2819,2819
64,28,butterfly-check,recompute,ntt,mul-output,5,4,24,1,PASS,FAIL,no,no,7.10638879e2,2.66604324e2,3.00870993e2,9.38035962e1,-39.44438977,1152,0,0,0,0,0,0,125625 ns,111331,1152,1152,2432,2819,2819
64,28,butterfly-check,recompute,ntt,mul-output,5,4,26,1,PASS,FAIL,no,no,5.48878150e2,2.80848987e2,3.07096420e2,9.57445191e1,-39.62227845,1152,0,0,0,0,0,0,223751 ns,197082,1152,1152,2432,2819,2819
64,28,butterfly-check,recompute,ntt,mul-output,5,7,0,1,PASS,FAIL,no,no,5.75344701e2,2.60203390e2,2.92172565e2,9.10916570e1,-39.18957204,1152,0,0,0,0,0,0,222334 ns,197627,1152,1152,2432,2819,2819
64,28,butterfly-check,recompute,ntt,mul-output,5,7,8,1,PASS,FAIL,no,no,5.22440138e2,2.61247787e2,2.86202773e2,8.92304340e1,-39.01026011,1152,0,0,0,0,0,0,198874 ns,176957,1152,1152,2432,2819,2819
64,28,butterfly-check,recompute,ntt,mul-output,5,7,24,1,PASS,FAIL,no,no,5.67446094e2,2.74724474e2,3.11720995e2,9.71863389e1,-39.75210444,1152,0,0,0,0,0,0,220958 ns,196543,1152,1152,2432,2819,2819
64,28,butterfly-check,recompute,ntt,mul-output,5,7,26,1,PASS,FAIL,no,no,5.96968015e2,2.47140816e2,2.82769984e2,8.81601815e1,-38.90544951,1152,0,0,0,0,0,0,199122 ns,176667,1152,1152,2432,2819,2819
64,28,butterfly-check,recompute,ntt,mul-output,5,12,0,1,PASS,FAIL,no,no,5.59938335e2,2.67266010e2,3.03048045e2,9.44823431e1,-39.50701310,1152,0,0,0,0,0,0,220043 ns,195249,1152,1152,2432,2819,2819
64,28,butterfly-check,recompute,ntt,mul-output,5,12,8,1,PASS,FAIL,no,no,4.44348791e2,2.42858884e2,2.67097843e2,8.32740236e1,-38.41019098,1152,0,0,0,0,0,0,128584 ns,114045,1152,1152,2432,2819,2819
64,28,butterfly-check,recompute,ntt,mul-output,5,12,24,1,PASS,FAIL,no,no,6.76844850e2,2.50083517e2,2.85999934e2,8.91671944e1,-39.00410204,1152,0,0,0,0,0,0,221209 ns,196833,1152,1152,2432,2819,2819
64,28,butterfly-check,recompute,ntt,mul-output,5,12,26,1,PASS,FAIL,no,no,6.04663665e2,2.68943585e2,3.06133493e2,9.54443042e1,-39.59500032,1152,0,0,0,0,0,0,132250 ns,117541,1152,1152,2432,2819,2819
64,28,butterfly-check,recompute,ntt,mul-output,5,13,0,1,PASS,FAIL,no,no,6.61005165e2,2.70949799e2,3.06028253e2,9.54114930e1,-39.59201384,1152,0,0,0,0,0,0,181960 ns,161834,1152,1152,2432,2819,2819
64,28,butterfly-check,recompute,ntt,mul-output,5,13,8,1,PASS,FAIL,no,no,6.22503966e2,2.92390035e2,3.27105368e2,1.01982778e2,-40.17053679,1152,0,0,0,0,0,0,220249 ns,195876,1152,1152,2432,2819,2819
64,28,butterfly-check,recompute,ntt,mul-output,5,13,24,1,PASS,FAIL,no,no,5.24377045e2,2.73875323e2,2.94077721e2,9.16856341e1,-39.24602586,1152,0,0,0,0,0,0,220874 ns,196000,1152,1152,2432,2819,2819
64,28,butterfly-check,recompute,ntt,mul-output,5,13,26,1,PASS,FAIL,no,no,6.66773977e2,2.75412742e2,3.16797515e2,9.87690632e1,-39.89241869,1152,0,0,0,0,0,0,131708 ns,115916,1152,1152,2432,2819,2819
64,28,butterfly-check,recompute,ntt,mul-output,5,16,0,1,PASS,FAIL,no,no,5.19821780e2,2.67413242e2,3.00515769e2,9.36928468e1,-39.43412870,1152,0,0,0,0,0,0,123208 ns,108414,1152,1152,2432,2819,2819
64,28,butterfly-check,recompute,ntt,mul-output,5,16,8,1,PASS,FAIL,no,no,6.19241570e2,2.62438286e2,3.01447319e2,9.39832793e1,-39.46101189,1152,0,0,0,0,0,0,200376 ns,176999,1152,1152,2432,2819,2819
64,28,butterfly-check,recompute,ntt,mul-output,5,16,24,1,PASS,FAIL,no,no,4.80626150e2,2.68514157e2,2.93195574e2,9.14106040e1,-39.21993157,1152,0,0,0,0,0,0,220417 ns,196038,1152,1152,2432,2819,2819
64,28,butterfly-check,recompute,ntt,mul-output,5,16,26,1,PASS,FAIL,no,no,6.56828169e2,2.71015487e2,3.01925259e2,9.41322884e1,-39.47477233,1152,0,0,0,0,0,0,130458 ns,115959,1152,1152,2432,2819,2819
64,28,butterfly-check,recompute,ntt,mul-output,5,17,0,1,PASS,FAIL,no,no,8.13186675e2,2.86284116e2,3.22987058e2,1.00698799e2,-40.06048579,1152,0,0,0,0,0,0,132417 ns,117503,1152,1152,2432,2819,2819
64,28,butterfly-check,recompute,ntt,mul-output,5,17,8,1,PASS,FAIL,no,no,5.71275144e2,2.93429993e2,3.26072080e2,1.01660627e2,-40.14305565,1152,0,0,0,0,0,0,166292 ns,148208,1152,1152,2432,2819,2819
64,28,butterfly-check,recompute,ntt,mul-output,5,17,24,1,PASS,FAIL,no,no,5.02038050e2,2.54142458e2,2.82207129e2,8.79846984e1,-38.88814300,1152,0,0,0,0,0,0,131917 ns,117414,1152,1152,2432,2819,2819
64,28,butterfly-check,recompute,ntt,mul-output,5,17,26,1,PASS,FAIL,no,no,6.85644626e2,2.84165903e2,3.23837464e2,1.00963933e2,-40.08332518,1152,0,0,0,0,0,0,132041 ns,116583,1152,1152,2432,2819,2819
64,28,butterfly-check,recompute,ntt,mul-output,5,19,0,1,PASS,FAIL,no,no,6.95087688e2,2.65968734e2,3.12262726e2,9.73552364e1,-39.76718632,1152,0,0,0,0,0,0,133250 ns,118791,1152,1152,2432,2819,2819
64,28,butterfly-check,recompute,ntt,mul-output,5,19,8,1,PASS,FAIL,no,no,5.22968011e2,2.49550435e2,2.74006705e2,8.54280237e1,-38.63200719,1152,0,0,0,0,0,0,198667 ns,176542,1152,1152,2432,2819,2819
64,28,butterfly-check,recompute,ntt,mul-output,5,19,24,1,PASS,FAIL,no,no,4.26282458e2,2.42215920e2,2.68002290e2,8.35560064e1,-38.43955349,1152,0,0,0,0,0,0,200001 ns,176331,1152,1152,2432,2819,2819
64,28,butterfly-check,recompute,ntt,mul-output,5,19,26,1,PASS,FAIL,no,no,4.94472894e2,2.70188657e2,3.01304484e2,9.39387472e1,-39.45689528,1152,0,0,0,0,0,0,223543 ns,196667,1152,1152,2432,2819,2819
64,28,butterfly-check,recompute,ntt,mul-output,5,20,0,1,PASS,FAIL,no,no,4.30609720e2,2.67597547e2,2.90695991e2,9.06313005e1,-39.14556424,1152,0,0,0,0,0,0,221541 ns,195921,1152,1152,2432,2819,2819
64,28,butterfly-check,recompute,ntt,mul-output,5,20,8,1,PASS,FAIL,no,no,6.77739333e2,2.91910867e2,3.17230938e2,9.89041932e1,-39.90429409,1152,0,0,0,0,0,0,222292 ns,197127,1152,1152,2432,2819,2819
64,28,butterfly-check,recompute,ntt,mul-output,5,20,24,1,PASS,FAIL,no,no,6.79021226e2,2.47233665e2,2.79440752e2,8.71222154e1,-38.80257821,1152,0,0,0,0,0,0,220333 ns,196044,1152,1152,2432,2819,2819
64,28,butterfly-check,recompute,ntt,mul-output,5,20,26,1,PASS,FAIL,no,no,6.06569425e2,2.76740851e2,3.07263520e2,9.57966165e1,-39.62700340,1152,0,0,0,0,0,0,221127 ns,196252,1152,1152,2432,2819,2819
64,28,butterfly-check,recompute,ntt,mul-output,5,24,0,1,PASS,FAIL,no,no,6.16824299e2,2.51980359e2,2.78678126e2,8.68844488e1,-38.77884101,1152,0,0,0,0,0,0,222750 ns,197251,1152,1152,2432,2819,2819
64,28,butterfly-check,recompute,ntt,mul-output,5,24,8,1,PASS,FAIL,no,no,7.69037955e2,2.49041560e2,2.81977747e2,8.79131832e1,-38.88108011,1152,0,0,0,0,0,0,226917 ns,196665,1152,1152,2432,2819,2819
64,28,butterfly-check,recompute,ntt,mul-output,5,24,24,1,PASS,FAIL,no,no,6.02395447e2,2.94186613e2,3.19743800e2,9.96876368e1,-39.97282602,1152,0,0,0,0,0,0,199876 ns,176790,1152,1152,2432,2819,2819
64,28,butterfly-check,recompute,ntt,mul-output,5,24,26,1,PASS,FAIL,no,no,6.18760877e2,2.47339864e2,2.79547209e2,8.71554057e1,-38.80588657,1152,0,0,0,0,0,0,133376 ns,117834,1152,1152,2432,2819,2819
64,28,butterfly-check,recompute,ntt,mul-output,5,25,0,1,PASS,FAIL,no,no,5.83819655e2,2.52342952e2,2.85913000e2,8.91400907e1,-39.00146144,1152,0,0,0,0,0,0,220667 ns,196414,1152,1152,2432,2819,2819
64,28,butterfly-check,recompute,ntt,mul-output,5,25,8,1,PASS,FAIL,no,no,5.89461553e2,2.54713055e2,2.93014358e2,9.13541057e1,-39.21456141,1152,0,0,0,0,0,0,201041 ns,177750,1152,1152,2432,2819,2819
64,28,butterfly-check,recompute,ntt,mul-output,5,25,24,1,PASS,FAIL,no,no,5.06136608e2,2.50463051e2,2.82404960e2,8.80463768e1,-38.89422978,1152,0,0,0,0,0,0,132499 ns,117837,1152,1152,2432,2819,2819
64,28,butterfly-check,recompute,ntt,mul-output,5,25,26,1,PASS,FAIL,no,no,6.13266154e2,2.59829648e2,2.92112864e2,9.10730437e1,-39.18779702,1152,0,0,0,0,0,0,221916 ns,196963,1152,1152,2432,2819,2819
64,28,butterfly-check,recompute,ntt,mul-output,5,27,0,1,PASS,FAIL,no,no,6.80366191e2,2.81159259e2,3.06950298e2,9.56989621e1,-39.61814455,1152,0,0,0,0,0,0,220499 ns,196041,1152,1152,2432,2819,2819
64,28,butterfly-check,recompute,ntt,mul-output,5,27,8,1,PASS,FAIL,no,no,6.20594421e2,2.64224711e2,2.95959641e2,9.22723669e1,-39.30143322,1152,0,0,0,0,0,0,290459 ns,256420,1152,1152,2432,2819,2819
64,28,butterfly-check,recompute,ntt,mul-output,5,27,24,1,PASS,FAIL,no,no,4.81451015e2,2.52103462e2,2.94707030e2,9.18818360e1,-39.26459329,1152,0,0,0,0,0,0,200125 ns,178333,1152,1152,2432,2819,2819
64,28,butterfly-check,recompute,ntt,mul-output,5,27,26,1,PASS,FAIL,no,no,7.68179110e2,2.68268138e2,3.11755465e2,9.71970858e1,-39.75306488,1152,0,0,0,0,0,0,220667 ns,196626,1152,1152,2432,2819,2819
64,28,butterfly-check,recompute,ntt,mul-output,5,28,0,1,PASS,FAIL,no,no,5.64671456e2,2.73803864e2,3.00198159e2,9.35938243e1,-39.42494387,1152,0,0,0,0,0,0,181375 ns,161042,1152,1152,2432,2819,2819
64,28,butterfly-check,recompute,ntt,mul-output,5,28,8,1,PASS,FAIL,no,no,6.23007235e2,2.61037678e2,2.97735764e2,9.28261149e1,-39.35340348,1152,0,0,0,0,0,0,221583 ns,197001,1152,1152,2432,2819,2819
64,28,butterfly-check,recompute,ntt,mul-output,5,28,24,1,PASS,FAIL,no,no,5.56268437e2,2.77104939e2,3.09899681e2,9.66185016e1,-39.70120596,1152,0,0,0,0,0,0,181916 ns,160042,1152,1152,2432,2819,2819
64,28,butterfly-check,recompute,ntt,mul-output,5,28,26,1,PASS,FAIL,no,no,4.53502301e2,2.40349635e2,2.73364112e2,8.52276803e1,-38.61161336,1152,0,0,0,0,0,0,222710 ns,196705,1152,1152,2432,2819,2819
64,28,butterfly-check,recompute,ntt,mul-output,5,30,0,1,PASS,FAIL,no,no,6.23510040e2,2.71444019e2,3.00318722e2,9.36314127e1,-39.42843152,1152,0,0,0,0,0,0,222250 ns,197499,1152,1152,2432,2819,2819
64,28,butterfly-check,recompute,ntt,mul-output,5,30,8,1,PASS,FAIL,no,no,5.19144927e2,2.81396762e2,3.06606325e2,9.55917206e1,-39.60840558,1152,0,0,0,0,0,0,197584 ns,175667,1152,1152,2432,2819,2819
64,28,butterfly-check,recompute,ntt,mul-output,5,30,24,1,PASS,FAIL,no,no,6.69646566e2,2.71776874e2,3.09719554e2,9.65623427e1,-39.69615587,1152,0,0,0,0,0,0,144292 ns,128707,1152,1152,2432,2819,2819
64,28,butterfly-check,recompute,ntt,mul-output,5,30,26,1,PASS,FAIL,no,no,4.45810505e2,2.54885684e2,2.79796251e2,8.72330506e1,-38.81362120,1152,0,0,0,0,0,0,221124 ns,196461,1152,1152,2432,2819,2819
64,28,butterfly-check,recompute,ntt,mul-output,5,33,0,1,PASS,FAIL,yes,yes,8.77850309e2,2.55753385e2,3.08940332e2,9.63194022e1,-39.67427557,1152,3,0,0,0,0,3,198416 ns,176461,1152,1152,2432,2819,2819
64,28,butterfly-check,recompute,ntt,mul-output,5,33,8,1,PASS,FAIL,yes,yes,4.23141767e2,2.56975949e2,2.74362624e2,8.55389898e1,-38.64328234,1152,3,0,0,0,0,3,248459 ns,220874,1152,1152,2432,2819,2819
64,28,butterfly-check,recompute,ntt,mul-output,5,33,24,1,PASS,FAIL,yes,yes,5.24684326e2,2.67378235e2,3.04264332e2,9.48615491e1,-39.54180425,1152,3,0,0,0,0,3,222084 ns,197624,1152,1152,2432,2819,2819
64,28,butterfly-check,recompute,ntt,mul-output,5,33,26,1,PASS,FAIL,yes,yes,5.73271874e2,2.38620257e2,2.70660496e2,8.43847644e1,-38.52528084,1152,3,0,0,0,0,3,118459 ns,105001,1152,1152,2432,2819,2819
64,28,butterfly-check,recompute,ntt,mul-output,5,34,0,1,PASS,FAIL,yes,yes,5.09192610e2,2.68950521e2,2.91521503e2,9.08886731e1,-39.17019526,1152,3,0,0,0,0,3,249667 ns,220329,1152,1152,2432,2819,2819
64,28,butterfly-check,recompute,ntt,mul-output,5,34,8,1,PASS,FAIL,yes,yes,5.37353762e2,2.81281948e2,3.08351309e2,9.61357604e1,-39.65769932,1152,3,0,0,0,0,3,143708 ns,127875,1152,1152,2432,2819,2819
64,28,butterfly-check,recompute,ntt,mul-output,5,34,24,1,PASS,FAIL,yes,yes,4.96310526e2,2.64965194e2,2.98206485e2,9.29728732e1,-39.36712505,1152,3,0,0,0,0,3,181958 ns,161538,1152,1152,2432,2819,2819
64,28,butterfly-check,recompute,ntt,mul-output,5,34,26,1,PASS,FAIL,yes,yes,7.64662960e2,2.44291157e2,2.87860547e2,8.97472843e1,-39.06042632,1152,3,0,0,0,0,3,220293 ns,196582,1152,1152,2432,2819,2819
64,28,butterfly-check,recompute,ntt,mul-output,5,37,0,1,PASS,FAIL,yes,yes,6.43573372e2,2.41568563e2,2.80677185e2,8.75077023e1,-38.84092561,1152,3,0,0,0,0,3,124792 ns,110796,1152,1152,2432,2819,2819
64,28,butterfly-check,recompute,ntt,mul-output,5,37,8,1,PASS,FAIL,yes,yes,5.91792167e2,2.82908986e2,3.18222365e2,9.92132938e1,-39.93139736,1152,3,0,0,0,0,3,175708 ns,156293,1152,1152,2432,2819,2819
64,28,butterfly-check,recompute,ntt,mul-output,5,37,24,1,PASS,FAIL,yes,yes,6.29713995e2,2.53110097e2,2.94336808e2,9.17664105e1,-39.25367489,1152,3,0,0,0,0,3,118418 ns,104996,1152,1152,2432,2819,2819
64,28,butterfly-check,recompute,ntt,mul-output,5,37,26,1,PASS,FAIL,yes,yes,6.75819334e2,2.87396433e2,3.21564620e2,1.00255320e2,-40.02214858,1152,3,0,0,0,0,3,221500 ns,196372,1152,1152,2432,2819,2819
64,28,butterfly-check,recompute,ntt,mul-output,5,38,0,1,PASS,FAIL,yes,yes,5.58805847e2,2.86057496e2,3.05562157e2,9.52661766e1,-39.57877471,1152,3,0,0,0,0,3,220543 ns,195791,1152,1152,2432,2819,2819
64,28,butterfly-check,recompute,ntt,mul-output,5,38,8,1,PASS,FAIL,yes,yes,6.08000930e2,2.84905854e2,3.14472026e2,9.80440376e1,-39.82842375,1152,3,0,0,0,0,3,199166 ns,176000,1152,1152,2432,2819,2819
64,28,butterfly-check,recompute,ntt,mul-output,5,38,24,1,PASS,FAIL,yes,yes,6.73816653e2,2.83699995e2,3.21356699e2,1.00190496e2,-40.01653052,1152,3,0,0,0,0,3,133208 ns,117921,1152,1152,2432,2819,2819
64,28,butterfly-check,recompute,ntt,mul-output,5,38,26,1,PASS,FAIL,yes,yes,7.31491582e2,2.73303224e2,3.05599611e2,9.52778537e1,-39.57983931,1152,3,0,0,0,0,3,198415 ns,176291,1152,1152,2432,2819,2819
64,28,butterfly-check,recompute,ntt,mul-output,5,39,0,1,PASS,FAIL,yes,yes,6.03484808e2,2.89520100e2,3.19857730e2,9.97231572e1,-39.97592039,1152,3,0,0,0,0,3,222123 ns,197293,1152,1152,2432,2819,2819
64,28,butterfly-check,recompute,ntt,mul-output,5,39,8,1,PASS,FAIL,yes,yes,6.21890082e2,2.37244510e2,2.71873048e2,8.47628061e1,-38.56410651,1152,3,0,0,0,0,3,117958 ns,104418,1152,1152,2432,2819,2819
64,28,butterfly-check,recompute,ntt,mul-output,5,39,24,1,PASS,FAIL,yes,yes,5.84318389e2,2.46250370e2,2.78066009e2,8.66936069e1,-38.75974145,1152,3,0,0,0,0,3,204000 ns,181372,1152,1152,2432,2819,2819
64,28,butterfly-check,recompute,ntt,mul-output,5,39,26,1,PASS,FAIL,yes,yes,5.97365869e2,2.78289727e2,3.09680789e2,9.65502568e1,-39.69506867,1152,3,0,0,0,0,3,222625 ns,197503,1152,1152,2432,2819,2819
64,28,butterfly-check,recompute,ntt,mul-output,5,42,0,1,PASS,FAIL,yes,yes,6.84396423e2,2.61253697e2,2.97410746e2,9.27247828e1,-39.34391649,1152,3,0,0,0,0,3,134291 ns,119337,1152,1152,2432,2819,2819
64,28,butterfly-check,recompute,ntt,mul-output,5,42,8,1,PASS,FAIL,yes,yes,4.85152567e2,2.52994476e2,2.86900809e2,8.94480634e1,-39.03141884,1152,3,0,0,0,0,3,223001 ns,197127,1152,1152,2432,2819,2819
64,28,butterfly-check,recompute,ntt,mul-output,5,42,24,1,PASS,FAIL,yes,yes,5.25239953e2,2.64919957e2,2.90358210e2,9.05259893e1,-39.13546560,1152,3,0,0,0,0,3,127333 ns,113256,1152,1152,2432,2819,2819
64,28,butterfly-check,recompute,ntt,mul-output,5,42,26,1,PASS,FAIL,yes,yes,5.67634464e2,2.56636869e2,2.98649688e2,9.31110521e1,-39.38002468,1152,3,0,0,0,0,3,221291 ns,196456,1152,1152,2432,2819,2819
64,28,butterfly-check,recompute,ntt,mul-output,5,43,0,1,PASS,FAIL,yes,yes,5.79570396e2,2.43193330e2,2.75579666e2,8.59184310e1,-38.68172675,1152,3,0,0,0,0,3,200957 ns,177254,1152,1152,2432,2819,2819
64,28,butterfly-check,recompute,ntt,mul-output,5,43,8,1,PASS,FAIL,yes,yes,4.93731435e2,2.35096895e2,2.67220152e2,8.33121563e1,-38.41416750,1152,3,0,0,0,0,3,121458 ns,107837,1152,1152,2432,2819,2819
64,28,butterfly-check,recompute,ntt,mul-output,5,43,24,1,PASS,FAIL,yes,yes,5.67182863e2,2.52823452e2,2.84528767e2,8.87085235e1,-38.95930702,1152,3,0,0,0,0,3,222291 ns,197374,1152,1152,2432,2819,2819
64,28,butterfly-check,recompute,ntt,mul-output,5,43,26,1,PASS,FAIL,yes,yes,6.48596559e2,2.71440781e2,3.09275678e2,9.64239539e1,-39.68369872,1152,3,0,0,0,0,3,132500 ns,117290,1152,1152,2432,2819,2819
64,28,butterfly-check,recompute,ntt,mul-output,5,45,0,1,PASS,FAIL,yes,yes,6.94301543e2,2.96688440e2,3.29185704e2,1.02631372e2,-40.22560269,1152,3,0,0,0,0,3,132917 ns,117996,1152,1152,2432,2819,2819
64,28,butterfly-check,recompute,ntt,mul-output,5,45,8,1,PASS,FAIL,yes,yes,5.72393641e2,2.71155616e2,2.96757805e2,9.25212132e1,-39.32482638,1152,3,0,0,0,0,3,127542 ns,113666,1152,1152,2432,2819,2819
64,28,butterfly-check,recompute,ntt,mul-output,5,45,24,1,PASS,FAIL,yes,yes,5.74650537e2,2.54024168e2,2.78598937e2,8.68597599e1,-38.77637249,1152,3,0,0,0,0,3,182794 ns,161458,1152,1152,2432,2819,2819
64,28,butterfly-check,recompute,ntt,mul-output,5,45,26,1,PASS,FAIL,yes,yes,5.06899085e2,2.75628921e2,3.00304265e2,9.36269053e1,-39.42801337,1152,3,0,0,0,0,3,127292 ns,113085,1152,1152,2432,2819,2819
64,28,butterfly-check,recompute,ntt,mul-output,5,50,0,1,PASS,FAIL,yes,yes,6.25729029e2,2.88948419e2,3.12598172e2,9.74598196e1,-39.77651206,1152,3,0,0,0,0,3,221417 ns,197080,1152,1152,2432,2819,2819
64,28,butterfly-check,recompute,ntt,mul-output,5,50,8,1,PASS,FAIL,yes,yes,6.85186930e2,2.65079028e2,3.01686390e2,9.40578152e1,-39.46789773,1152,3,0,0,0,0,3,198208 ns,176289,1152,1152,2432,2819,2819
64,28,butterfly-check,recompute,ntt,mul-output,5,50,24,1,PASS,FAIL,yes,yes,6.52308842e2,2.72308364e2,3.15177874e2,9.82641021e1,-39.84789780,1152,3,0,0,0,0,3,222666 ns,197542,1152,1152,2432,2819,2819
64,28,butterfly-check,recompute,ntt,mul-output,5,50,26,1,PASS,FAIL,yes,yes,5.44615924e2,2.39384000e2,2.67565115e2,8.34197068e1,-38.42537318,1152,3,0,0,0,0,3,131043 ns,116207,1152,1152,2432,2819,2819
64,28,butterfly-check,recompute,ntt,mul-output,5,53,0,1,PASS,FAIL,yes,yes,5.45507642e2,2.71005763e2,3.05919570e2,9.53776086e1,-39.58892859,1152,3,0,0,0,0,3,158209 ns,140042,1152,1152,2432,2819,2819
64,28,butterfly-check,recompute,ntt,mul-output,5,53,8,1,PASS,FAIL,yes,yes,5.56885907e2,2.65558454e2,2.92018850e2,9.10437326e1,-39.18500110,1152,3,0,0,0,0,3,221794 ns,197212,1152,1152,2432,2819,2819
64,28,butterfly-check,recompute,ntt,mul-output,5,53,24,1,PASS,FAIL,yes,yes,5.27115351e2,2.65436910e2,2.95136466e2,9.20157228e1,-39.27724084,1152,3,0,0,0,0,3,199709 ns,177583,1152,1152,2432,2819,2819
64,28,butterfly-check,recompute,ntt,mul-output,5,53,26,1,PASS,FAIL,yes,yes,8.31087133e2,2.73813885e2,3.13641079e2,9.77849702e1,-39.80544215,1152,3,0,0,0,0,3,221709 ns,197122,1152,1152,2432,2819,2819
64,28,butterfly-check,recompute,ntt,mul-output,5,55,0,1,PASS,FAIL,yes,yes,4.70628285e2,2.62334372e2,2.86494324e2,8.93213321e1,-39.01910383,1152,3,0,0,0,0,3,198876 ns,176706,1152,1152,2432,2819,2819
64,28,butterfly-check,recompute,ntt,mul-output,5,55,8,1,PASS,FAIL,yes,yes,5.16430206e2,2.51087155e2,2.81088778e2,8.76360263e1,-38.85365354,1152,3,0,0,0,0,3,199667 ns,177166,1152,1152,2432,2819,2819
64,28,butterfly-check,recompute,ntt,mul-output,5,55,24,1,PASS,FAIL,yes,yes,5.34989787e2,2.73582288e2,2.90675169e2,9.06248087e1,-39.14494206,1152,3,0,0,0,0,3,221167 ns,197081,1152,1152,2432,2819,2819
64,28,butterfly-check,recompute,ntt,mul-output,5,55,26,1,PASS,FAIL,yes,yes,5.40502165e2,2.55046721e2,2.93872667e2,9.16217036e1,-39.23996726,1152,3,0,0,0,0,3,118501 ns,105041,1152,1152,2432,2819,2819
64,28,butterfly-check,recompute,ntt,mul-output,5,56,0,1,PASS,FAIL,yes,yes,5.78832785e2,2.55067557e2,2.84937080e2,8.88358248e1,-38.97176278,1152,3,0,0,0,0,3,199917 ns,177669,1152,1152,2432,2819,2819
64,28,butterfly-check,recompute,ntt,mul-output,5,56,8,1,PASS,FAIL,yes,yes,7.44419533e2,3.06491986e2,3.41405395e2,1.06441148e2,-40.54219097,1152,3,0,0,0,0,3,199125 ns,177252,1152,1152,2432,2819,2819
64,28,butterfly-check,recompute,ntt,mul-output,5,56,24,1,PASS,FAIL,yes,yes,5.77476480e2,2.57761971e2,2.96474896e2,9.24330097e1,-39.31654188,1152,3,0,0,0,0,3,131500 ns,116792,1152,1152,2432,2819,2819
64,28,butterfly-check,recompute,ntt,mul-output,5,56,26,1,PASS,FAIL,yes,yes,7.67659497e2,2.71308198e2,3.11902911e2,9.72430557e1,-39.75717195,1152,3,0,0,0,0,3,182166 ns,161292,1152,1152,2432,2819,2819
64,28,butterfly-check,recompute,ntt,mul-output,5,57,0,1,PASS,FAIL,yes,yes,5.17921566e2,2.58932735e2,2.86666147e2,8.93749020e1,-39.02431157,1152,3,0,0,0,0,3,124749 ns,110873,1152,1152,2432,2819,2819
64,28,butterfly-check,recompute,ntt,mul-output,5,57,8,1,PASS,FAIL,yes,yes,6.18029126e2,2.80135525e2,3.10656037e2,9.68543132e1,-39.72237932,1152,3,0,0,0,0,3,117292 ns,104085,1152,1152,2432,2819,2819
64,28,butterfly-check,recompute,ntt,mul-output,5,57,24,1,PASS,FAIL,yes,yes,6.54117677e2,2.61111942e2,2.97718477e2,9.28207253e1,-39.35289915,1152,3,0,0,0,0,3,191001 ns,169751,1152,1152,2432,2819,2819
64,28,butterfly-check,recompute,ntt,mul-output,5,57,26,1,PASS,FAIL,yes,yes,6.45147860e2,2.82332846e2,3.25917075e2,1.01612300e2,-40.13892566,1152,3,0,0,0,0,3,198293 ns,175915,1152,1152,2432,2819,2819
64,28,butterfly-check,recompute,ntt,mul-output,5,58,0,1,PASS,FAIL,yes,yes,7.69507716e2,2.78876363e2,3.22209803e2,1.00456471e2,-40.03955835,1152,3,0,0,0,0,3,220418 ns,195999,1152,1152,2432,2819,2819
64,28,butterfly-check,recompute,ntt,mul-output,5,58,8,1,PASS,FAIL,yes,yes,6.90776053e2,2.73380655e2,3.20112801e2,9.98026815e1,-39.98284420,1152,3,0,0,0,0,3,199043 ns,176709,1152,1152,2432,2819,2819
64,28,butterfly-check,recompute,ntt,mul-output,5,58,24,1,PASS,FAIL,yes,yes,4.60821454e2,2.43500460e2,2.66866386e2,8.32018616e1,-38.40266087,1152,3,0,0,0,0,3,128209 ns,113414,1152,1152,2432,2819,2819
64,28,butterfly-check,recompute,ntt,mul-output,5,58,26,1,PASS,FAIL,yes,yes,6.38521017e2,2.64563783e2,3.06502022e2,9.55592017e1,-39.60545026,1152,3,0,0,0,0,3,222458 ns,197544,1152,1152,2432,2819,2819
64,28,butterfly-check,recompute,ntt,mul-output,5,61,0,1,PASS,FAIL,yes,yes,5.10791382e2,2.56750772e2,2.81022825e2,8.76154636e1,-38.85161527,1152,3,0,0,0,0,3,218417 ns,193418,1152,1152,2432,2819,2819
64,28,butterfly-check,recompute,ntt,mul-output,5,61,8,1,PASS,FAIL,yes,yes,4.63414768e2,2.46102321e2,2.76408785e2,8.61769285e1,-38.70782022,1152,3,0,0,0,0,3,131251 ns,116248,1152,1152,2432,2819,2819
64,28,butterfly-check,recompute,ntt,mul-output,5,61,24,1,PASS,FAIL,yes,yes,4.19544386e2,2.64431237e2,2.76651350e2,8.62525536e1,-38.71543924,1152,3,0,0,0,0,3,176210 ns,156791,1152,1152,2432,2819,2819
64,28,butterfly-check,recompute,ntt,mul-output,5,61,26,1,PASS,FAIL,yes,yes,5.17003645e2,2.68242174e2,2.97095518e2,9.26265031e1,-39.33470537,1152,3,0,0,0,0,3,127082 ns,112664,1152,1152,2432,2819,2819
64,28,butterfly-check,recompute,ntt,mul-output,5,62,0,1,PASS,FAIL,yes,yes,6.15408522e2,2.53943892e2,2.80501343e2,8.74528795e1,-38.83548228,1152,3,0,0,0,0,3,199417 ns,176998,1152,1152,2432,2819,2819
64,28,butterfly-check,recompute,ntt,mul-output,5,62,8,1,PASS,FAIL,yes,yes,4.94500025e2,2.52700999e2,2.83321841e2,8.83322358e1,-38.92238446,1152,3,0,0,0,0,3,130167 ns,115871,1152,1152,2432,2819,2819
64,28,butterfly-check,recompute,ntt,mul-output,5,62,24,1,PASS,FAIL,yes,yes,5.30620102e2,2.24087884e2,2.64832090e2,8.25676221e1,-38.33619554,1152,3,0,0,0,0,3,168832 ns,149583,1152,1152,2432,2819,2819
64,28,butterfly-check,recompute,ntt,mul-output,5,62,26,1,PASS,FAIL,yes,yes,4.98642181e2,2.26715498e2,2.54262699e2,7.92723663e1,-37.98243644,1152,3,0,0,0,0,3,193418 ns,172374,1152,1152,2432,2819,2819
64,28,butterfly-check,recompute,ntt,mul-output,5,63,0,1,PASS,FAIL,yes,yes,6.56834653e2,2.71670440e2,3.15640774e2,9.84084221e1,-39.86064537,1152,3,0,0,0,0,3,221583 ns,196958,1152,1152,2432,2819,2819
64,28,butterfly-check,recompute,ntt,mul-output,5,63,8,1,PASS,FAIL,yes,yes,5.75537231e2,2.49354872e2,2.79636441e2,8.71832261e1,-38.80865871,1152,3,0,0,0,0,3,200585 ns,176500,1152,1152,2432,2819,2819
64,28,butterfly-check,recompute,ntt,mul-output,5,63,24,1,PASS,FAIL,yes,yes,5.86708780e2,2.57390989e2,2.87739912e2,8.97096735e1,-39.05678552,1152,3,0,0,0,0,3,198624 ns,176334,1152,1152,2432,2819,2819
64,28,butterfly-check,recompute,ntt,mul-output,5,63,26,1,PASS,FAIL,yes,yes,5.32303333e2,2.43948582e2,2.79935576e2,8.72764885e1,-38.81794528,1152,3,0,0,0,0,3,180792 ns,161121,1152,1152,2432,2819,2819
64,28,butterfly-check,recompute,ntt,mul-output,5,1,0,2,PASS,FAIL,no,no,5.72552480e2,2.72659503e2,3.04252835e2,9.48579647e1,-39.54147604,1152,0,0,0,0,0,0,135624 ns,120503,1152,1152,2432,2819,2819
64,28,butterfly-check,recompute,ntt,mul-output,5,1,8,2,PASS,FAIL,no,no,5.35098343e2,2.70132659e2,3.05993872e2,9.54007740e1,-39.59103796,1152,0,0,0,0,0,0,123460 ns,109497,1152,1152,2432,2819,2819
64,28,butterfly-check,recompute,ntt,mul-output,5,1,24,2,PASS,FAIL,no,no,7.84710635e2,2.72792101e2,3.17485353e2,9.89835129e1,-39.91125725,1152,0,0,0,0,0,0,133417 ns,117830,1152,1152,2432,2819,2819
64,28,butterfly-check,recompute,ntt,mul-output,5,1,26,2,PASS,FAIL,no,no,5.23804271e2,2.48780402e2,2.76255647e2,8.61291839e1,-38.70300665,1152,0,0,0,0,0,0,222123 ns,196127,1152,1152,2432,2819,2819
64,28,butterfly-check,recompute,ntt,mul-output,5,2,0,2,PASS,FAIL,no,no,4.63934567e2,2.50573533e2,2.78582909e2,8.68547625e1,-38.77587274,1152,0,0,0,0,0,0,220750 ns,196376,1152,1152,2432,2819,2819
64,28,butterfly-check,recompute,ntt,mul-output,5,2,8,2,PASS,FAIL,no,no,6.98221012e2,2.87211616e2,3.13882816e2,9.78603375e1,-39.81213418,1152,0,0,0,0,0,0,200001 ns,176169,1152,1152,2432,2819,2819
64,28,butterfly-check,recompute,ntt,mul-output,5,2,24,2,PASS,FAIL,no,no,5.22578569e2,2.41782852e2,2.73885305e2,8.53901743e1,-38.62815800,1152,0,0,0,0,0,0,220791 ns,196292,1152,1152,2432,2819,2819
64,28,butterfly-check,recompute,ntt,mul-output,5,2,26,2,PASS,FAIL,no,no,6.19474248e2,2.44835900e2,2.82104994e2,8.79528553e1,-38.88499886,1152,0,0,0,0,0,0,133459 ns,117668,1152,1152,2432,2819,2819
64,28,butterfly-check,recompute,ntt,mul-output,5,4,0,2,PASS,FAIL,no,no,5.47510616e2,2.71724223e2,3.01635262e2,9.40418750e1,-39.46642559,1152,0,0,0,0,0,0,129417 ns,115209,1152,1152,2432,2819,2819
64,28,butterfly-check,recompute,ntt,mul-output,5,4,8,2,PASS,FAIL,no,no,8.01270533e2,2.53671082e2,2.94995775e2,9.19718589e1,-39.27309929,1152,0,0,0,0,0,0,170208 ns,149835,1152,1152,2432,2819,2819
64,28,butterfly-check,recompute,ntt,mul-output,5,4,24,2,PASS,FAIL,no,no,7.10638879e2,2.66604324e2,3.00870993e2,9.38035962e1,-39.44438977,1152,0,0,0,0,0,0,221374 ns,196877,1152,1152,2432,2819,2819
64,28,butterfly-check,recompute,ntt,mul-output,5,4,26,2,PASS,FAIL,no,no,5.48878150e2,2.80848987e2,3.07096420e2,9.57445191e1,-39.62227845,1152,0,0,0,0,0,0,181834 ns,161292,1152,1152,2432,2819,2819
64,28,butterfly-check,recompute,ntt,mul-output,5,5,0,2,PASS,FAIL,no,no,6.64565284e2,2.70704787e2,3.05731799e2,9.53190666e1,-39.58359562,1152,0,0,0,0,0,0,183127 ns,161250,1152,1152,2432,2819,2819
64,28,butterfly-check,recompute,ntt,mul-output,5,5,8,2,PASS,FAIL,no,no,6.47346055e2,2.73955768e2,3.04365483e2,9.48930856e1,-39.54469137,1152,0,0,0,0,0,0,197666 ns,175460,1152,1152,2432,2819,2819
64,28,butterfly-check,recompute,ntt,mul-output,5,5,24,2,PASS,FAIL,no,no,6.11515586e2,2.74712472e2,3.12780299e2,9.75166018e1,-39.78157118,1152,0,0,0,0,0,0,198792 ns,176582,1152,1152,2432,2819,2819
64,28,butterfly-check,recompute,ntt,mul-output,5,5,26,2,PASS,FAIL,no,no,5.47143419e2,2.72961699e2,2.98218845e2,9.29767266e1,-39.36748504,1152,0,0,0,0,0,0,198958 ns,176539,1152,1152,2432,2819,2819
64,28,butterfly-check,recompute,ntt,mul-output,5,6,0,2,PASS,FAIL,no,no,4.88799338e2,2.74757124e2,2.99403871e2,9.33461865e1,-39.40193161,1152,0,0,0,0,0,0,138834 ns,121919,1152,1152,2432,2819,2819
64,28,butterfly-check,recompute,ntt,mul-output,5,6,8,2,PASS,FAIL,no,no,5.95145713e2,2.64052045e2,2.97897924e2,9.28766722e1,-39.35813292,1152,0,0,0,0,0,0,221125 ns,196668,1152,1152,2432,2819,2819
64,28,butterfly-check,recompute,ntt,mul-output,5,6,24,2,PASS,FAIL,no,no,6.16294290e2,2.40463695e2,2.83941192e2,8.85253331e1,-38.94135140,1152,0,0,0,0,0,0,455417 ns,404584,1152,1152,2432,2819,2819
64,28,butterfly-check,recompute,ntt,mul-output,5,6,26,2,PASS,FAIL,no,no,6.00980136e2,2.44345145e2,2.81274713e2,8.76939958e1,-38.85939718,1152,0,0,0,0,0,0,500208 ns,444705,1152,1152,2432,2819,2819
64,28,butterfly-check,recompute,ntt,mul-output,5,7,0,2,PASS,FAIL,no,no,5.75344701e2,2.60203390e2,2.92172565e2,9.10916570e1,-39.18957204,1152,0,0,0,0,0,0,388835 ns,346122,1152,1152,2432,2819,2819
64,28,butterfly-check,recompute,ntt,mul-output,5,7,8,2,PASS,FAIL,no,no,5.22440138e2,2.61247787e2,2.86202773e2,8.92304340e1,-39.01026011,1152,0,0,0,0,0,0,199416 ns,176585,1152,1152,2432,2819,2819
64,28,butterfly-check,recompute,ntt,mul-output,5,7,24,2,PASS,FAIL,no,no,5.67446094e2,2.74724474e2,3.11720995e2,9.71863389e1,-39.75210444,1152,0,0,0,0,0,0,287832 ns,256340,1152,1152,2432,2819,2819
64,28,butterfly-check,recompute,ntt,mul-output,5,7,26,2,PASS,FAIL,no,no,5.96968015e2,2.47140816e2,2.82769984e2,8.81601815e1,-38.90544951,1152,0,0,0,0,0,0,438876 ns,386752,1152,1152,2432,2819,2819
64,28,butterfly-check,recompute,ntt,mul-output,5,8,0,2,PASS,FAIL,no,no,6.42151715e2,2.71235655e2,3.00870261e2,9.38033679e1,-39.44436863,1152,0,0,0,0,0,0,199250 ns,176748,1152,1152,2432,2819,2819
64,28,butterfly-check,recompute,ntt,mul-output,5,8,8,2,PASS,FAIL,no,no,5.37615087e2,2.55994628e2,2.83466685e2,8.83773946e1,-38.92682388,1152,0,0,0,0,0,0,394125 ns,347375,1152,1152,2432,2819,2819
64,28,butterfly-check,recompute,ntt,mul-output,5,8,24,2,PASS,FAIL,no,no,5.74012749e2,2.66706834e2,2.91645696e2,9.09273933e1,-39.17389482,1152,0,0,0,0,0,0,120293 ns,105454,1152,1152,2432,2819,2819
64,28,butterfly-check,recompute,ntt,mul-output,5,8,26,2,PASS,FAIL,no,no,7.05658372e2,2.32173674e2,2.75811290e2,8.59906452e1,-38.68902415,1152,0,0,0,0,0,0,118123 ns,103961,1152,1152,2432,2819,2819
64,28,butterfly-check,recompute,ntt,mul-output,5,11,0,2,PASS,FAIL,no,no,6.04670441e2,2.60337569e2,2.95557542e2,9.21470030e1,-39.28962430,1152,0,0,0,0,0,0,396918 ns,346586,1152,1152,2432,2819,2819
64,28,butterfly-check,recompute,ntt,mul-output,5,11,8,2,PASS,FAIL,no,no,4.88692886e2,2.81642491e2,2.96341922e2,9.23915519e1,-39.31264524,1152,0,0,0,0,0,0,497418 ns,446292,1152,1152,2432,2819,2819
64,28,butterfly-check,recompute,ntt,mul-output,5,11,24,2,PASS,FAIL,no,no,5.40908061e2,2.60672232e2,2.84862830e2,8.88126756e1,-38.96949908,1152,0,0,0,0,0,0,134084 ns,118166,1152,1152,2432,2819,2819
64,28,butterfly-check,recompute,ntt,mul-output,5,11,26,2,PASS,FAIL,no,no,6.22569195e2,2.61672731e2,3.08880932e2,9.63008826e1,-39.67260535,1152,0,0,0,0,0,0,395625 ns,346669,1152,1152,2432,2819,2819
64,28,butterfly-check,recompute,ntt,mul-output,5,12,0,2,PASS,FAIL,no,no,5.59938335e2,2.67266010e2,3.03048045e2,9.44823431e1,-39.50701310,1152,0,0,0,0,0,0,131333 ns,116837,1152,1152,2432,2819,2819
64,28,butterfly-check,recompute,ntt,mul-output,5,12,8,2,PASS,FAIL,no,no,4.44348791e2,2.42858884e2,2.67097843e2,8.32740236e1,-38.41019098,1152,0,0,0,0,0,0,130373 ns,116000,1152,1152,2432,2819,2819
64,28,butterfly-check,recompute,ntt,mul-output,5,12,24,2,PASS,FAIL,no,no,6.76844850e2,2.50083517e2,2.85999934e2,8.91671944e1,-39.00410204,1152,0,0,0,0,0,0,169294 ns,149250,1152,1152,2432,2819,2819
64,28,butterfly-check,recompute,ntt,mul-output,5,12,26,2,PASS,FAIL,no,no,6.04663665e2,2.68943585e2,3.06133493e2,9.54443042e1,-39.59500032,1152,0,0,0,0,0,0,199542 ns,177292,1152,1152,2432,2819,2819
64,28,butterfly-check,recompute,ntt,mul-output,5,13,0,2,PASS,FAIL,no,no,6.61005165e2,2.70949799e2,3.06028253e2,9.54114930e1,-39.59201384,1152,0,0,0,0,0,0,198248 ns,176126,1152,1152,2432,2819,2819
64,28,butterfly-check,recompute,ntt,mul-output,5,13,8,2,PASS,FAIL,no,no,6.22503966e2,2.92390035e2,3.27105368e2,1.01982778e2,-40.17053679,1152,0,0,0,0,0,0,223206 ns,198543,1152,1152,2432,2819,2819
64,28,butterfly-check,recompute,ntt,mul-output,5,13,24,2,PASS,FAIL,no,no,5.24377045e2,2.73875323e2,2.94077721e2,9.16856341e1,-39.24602586,1152,0,0,0,0,0,0,220375 ns,195498,1152,1152,2432,2819,2819
64,28,butterfly-check,recompute,ntt,mul-output,5,13,26,2,PASS,FAIL,no,no,6.66773977e2,2.75412742e2,3.16797515e2,9.87690632e1,-39.89241869,1152,0,0,0,0,0,0,182626 ns,161251,1152,1152,2432,2819,2819
64,28,butterfly-check,recompute,ntt,mul-output,5,14,0,2,PASS,FAIL,no,no,5.95033944e2,2.49348306e2,2.85385196e2,8.89755352e1,-38.98541218,1152,0,0,0,0,0,0,221417 ns,196625,1152,1152,2432,2819,2819
64,28,butterfly-check,recompute,ntt,mul-output,5,14,8,2,PASS,FAIL,no,no,5.10383800e2,2.72966859e2,2.98058039e2,9.29265916e1,-39.36280017,1152,0,0,0,0,0,0,396583 ns,349629,1152,1152,2432,2819,2819
64,28,butterfly-check,recompute,ntt,mul-output,5,14,24,2,PASS,FAIL,no,no,6.33202125e2,2.62644880e2,2.97507574e2,9.27549712e1,-39.34674390,1152,0,0,0,0,0,0,438251 ns,390381,1152,1152,2432,2819,2819
64,28,butterfly-check,recompute,ntt,mul-output,5,14,26,2,PASS,FAIL,no,no,7.15665108e2,2.47860502e2,2.98515025e2,9.30690679e1,-39.37610729,1152,0,0,0,0,0,0,437998 ns,390127,1152,1152,2432,2819,2819
64,28,butterfly-check,recompute,ntt,mul-output,5,17,0,2,PASS,FAIL,no,no,8.13186675e2,2.86284116e2,3.22987058e2,1.00698799e2,-40.06048579,1152,0,0,0,0,0,0,289250 ns,256295,1152,1152,2432,2819,2819
64,28,butterfly-check,recompute,ntt,mul-output,5,17,8,2,PASS,FAIL,no,no,5.71275144e2,2.93429993e2,3.26072080e2,1.01660627e2,-40.14305565,1152,0,0,0,0,0,0,134083 ns,118164,1152,1152,2432,2819,2819
64,28,butterfly-check,recompute,ntt,mul-output,5,17,24,2,PASS,FAIL,no,no,5.02038050e2,2.54142458e2,2.82207129e2,8.79846984e1,-38.88814300,1152,0,0,0,0,0,0,207500 ns,184211,1152,1152,2432,2819,2819
64,28,butterfly-check,recompute,ntt,mul-output,5,17,26,2,PASS,FAIL,no,no,6.85644626e2,2.84165903e2,3.23837464e2,1.00963933e2,-40.08332518,1152,0,0,0,0,0,0,434043 ns,386837,1152,1152,2432,2819,2819
64,28,butterfly-check,recompute,ntt,mul-output,5,18,0,2,PASS,FAIL,no,no,5.76568175e2,2.49903096e2,2.94054674e2,9.16784486e1,-39.24534511,1152,0,0,0,0,0,0,288376 ns,256123,1152,1152,2432,2819,2819
64,28,butterfly-check,recompute,ntt,mul-output,5,18,8,2,PASS,FAIL,no,no,6.15808188e2,2.27086783e2,2.82571997e2,8.80984544e1,-38.89936579,1152,0,0,0,0,0,0,221208 ns,196666,1152,1152,2432,2819,2819
64,28,butterfly-check,recompute,ntt,mul-output,5,18,24,2,PASS,FAIL,no,no,6.68536590e2,2.67368821e2,2.96381725e2,9.24039615e1,-39.31381181,1152,0,0,0,0,0,0,289623 ns,257418,1152,1152,2432,2819,2819
64,28,butterfly-check,recompute,ntt,mul-output,5,18,26,2,PASS,FAIL,no,no,7.19357386e2,2.77797336e2,3.11811080e2,9.72144252e1,-39.75461426,1152,0,0,0,0,0,0,198168 ns,177040,1152,1152,2432,2819,2819
64,28,butterfly-check,recompute,ntt,mul-output,5,23,0,2,PASS,FAIL,no,no,6.47046708e2,2.62876594e2,2.97269701e2,9.26808088e1,-39.33979630,1152,0,0,0,0,0,0,286792 ns,254833,1152,1152,2432,2819,2819
64,28,butterfly-check,recompute,ntt,mul-output,5,23,8,2,PASS,FAIL,no,no,5.02162414e2,2.65697505e2,3.00555058e2,9.37050961e1,-39.43526420,1152,0,0,0,0,0,0,222041 ns,197084,1152,1152,2432,2819,2819
64,28,butterfly-check,recompute,ntt,mul-output,5,23,24,2,PASS,FAIL,no,no,5.69494169e2,2.74887624e2,3.04610740e2,9.49695501e1,-39.55168761,1152,0,0,0,0,0,0,289877 ns,256877,1152,1152,2432,2819,2819
64,28,butterfly-check,recompute,ntt,mul-output,5,23,26,2,PASS,FAIL,no,no,4.76381471e2,2.69405856e2,2.88130240e2,8.98313671e1,-39.06856018,1152,0,0,0,0,0,0,207833 ns,184919,1152,1152,2432,2819,2819
64,28,butterfly-check,recompute,ntt,mul-output,5,24,0,2,PASS,FAIL,no,no,6.16824299e2,2.51980359e2,2.78678126e2,8.68844488e1,-38.77884101,1152,0,0,0,0,0,0,287624 ns,255957,1152,1152,2432,2819,2819
64,28,butterfly-check,recompute,ntt,mul-output,5,24,8,2,PASS,FAIL,no,no,7.69037955e2,2.49041560e2,2.81977747e2,8.79131832e1,-38.88108011,1152,0,0,0,0,0,0,221209 ns,196172,1152,1152,2432,2819,2819
64,28,butterfly-check,recompute,ntt,mul-output,5,24,24,2,PASS,FAIL,no,no,6.02395447e2,2.94186613e2,3.19743800e2,9.96876368e1,-39.97282602,1152,0,0,0,0,0,0,285625 ns,252379,1152,1152,2432,2819,2819
64,28,butterfly-check,recompute,ntt,mul-output,5,24,26,2,PASS,FAIL,no,no,6.18760877e2,2.47339864e2,2.79547209e2,8.71554057e1,-38.80588657,1152,0,0,0,0,0,0,222290 ns,197209,1152,1152,2432,2819,2819
64,28,butterfly-check,recompute,ntt,mul-output,5,25,0,2,PASS,FAIL,no,no,5.83819655e2,2.52342952e2,2.85913000e2,8.91400907e1,-39.00146144,1152,0,0,0,0,0,0,125665 ns,111581,1152,1152,2432,2819,2819
64,28,butterfly-check,recompute,ntt,mul-output,5,25,8,2,PASS,FAIL,no,no,5.89461553e2,2.54713055e2,2.93014358e2,9.13541057e1,-39.21456141,1152,0,0,0,0,0,0,197874 ns,175792,1152,1152,2432,2819,2819
64,28,butterfly-check,recompute,ntt,mul-output,5,25,24,2,PASS,FAIL,no,no,5.06136608e2,2.50463051e2,2.82404960e2,8.80463768e1,-38.89422978,1152,0,0,0,0,0,0,288417 ns,255748,1152,1152,2432,2819,2819
64,28,butterfly-check,recompute,ntt,mul-output,5,25,26,2,PASS,FAIL,no,no,6.13266154e2,2.59829648e2,2.92112864e2,9.10730437e1,-39.18779702,1152,0,0,0,0,0,0,220915 ns,196711,1152,1152,2432,2819,2819
64,28,butterfly-check,recompute,ntt,mul-output,5,27,0,2,PASS,FAIL,no,no,6.80366191e2,2.81159259e2,3.06950298e2,9.56989621e1,-39.61814455,1152,0,0,0,0,0,0,291250 ns,257212,1152,1152,2432,2819,2819
64,28,butterfly-check,recompute,ntt,mul-output,5,27,8,2,PASS,FAIL,no,no,6.20594421e2,2.64224711e2,2.95959641e2,9.22723669e1,-39.30143322,1152,0,0,0,0,0,0,220833 ns,195665,1152,1152,2432,2819,2819
64,28,butterfly-check,recompute,ntt,mul-output,5,27,24,2,PASS,FAIL,no,no,4.81451015e2,2.52103462e2,2.94707030e2,9.18818360e1,-39.26459329,1152,0,0,0,0,0,0,248876 ns,221504,1152,1152,2432,2819,2819
64,28,butterfly-check,recompute,ntt,mul-output,5,27,26,2,PASS,FAIL,no,no,7.68179110e2,2.68268138e2,3.11755465e2,9.71970858e1,-39.75306488,1152,0,0,0,0,0,0,220333 ns,196043,1152,1152,2432,2819,2819
64,28,butterfly-check,recompute,ntt,mul-output,5,32,0,2,PASS,FAIL,yes,yes,6.36741283e2,2.72528963e2,3.12459600e2,9.74166166e1,-39.77266084,1152,3,0,0,0,0,3,288290 ns,255834,1152,1152,2432,2819,2819
64,28,butterfly-check,recompute,ntt,mul-output,5,32,8,2,PASS,FAIL,yes,yes,6.10980767e2,2.56403669e2,2.97019944e2,9.26029411e1,-39.33249560,1152,3,0,0,0,0,3,219917 ns,195710,1152,1152,2432,2819,2819
64,28,butterfly-check,recompute,ntt,mul-output,5,32,24,2,PASS,FAIL,yes,yes,5.19480220e2,2.38058598e2,2.71908412e2,8.47738313e1,-38.56523623,1152,3,0,0,0,0,3,293250 ns,259667,1152,1152,2432,2819,2819
64,28,butterfly-check,recompute,ntt,mul-output,5,32,26,2,PASS,FAIL,yes,yes,8.11401129e2,2.68066401e2,3.05517216e2,9.52521653e1,-39.57749714,1152,3,0,0,0,0,3,222959 ns,196666,1152,1152,2432,2819,2819
64,28,butterfly-check,recompute,ntt,mul-output,5,34,0,2,PASS,FAIL,yes,yes,5.09192610e2,2.68950521e2,2.91521503e2,9.08886731e1,-39.17019526,1152,3,0,0,0,0,3,249792 ns,221959,1152,1152,2432,2819,2819
64,28,butterfly-check,recompute,ntt,mul-output,5,34,8,2,PASS,FAIL,yes,yes,5.37353762e2,2.81281948e2,3.08351309e2,9.61357604e1,-39.65769932,1152,3,0,0,0,0,3,165791 ns,148208,1152,1152,2432,2819,2819
64,28,butterfly-check,recompute,ntt,mul-output,5,34,24,2,PASS,FAIL,yes,yes,4.96310526e2,2.64965194e2,2.98206485e2,9.29728732e1,-39.36712505,1152,3,0,0,0,0,3,220874 ns,196207,1152,1152,2432,2819,2819
64,28,butterfly-check,recompute,ntt,mul-output,5,34,26,2,PASS,FAIL,yes,yes,7.64662960e2,2.44291157e2,2.87860547e2,8.97472843e1,-39.06042632,1152,3,0,0,0,0,3,221624 ns,196708,1152,1152,2432,2819,2819
64,28,butterfly-check,recompute,ntt,mul-output,5,35,0,2,PASS,FAIL,yes,yes,4.83588857e2,2.26798514e2,2.63840446e2,8.22584536e1,-38.30361081,1152,3,0,0,0,0,3,130375 ns,115460,1152,1152,2432,2819,2819
64,28,butterfly-check,recompute,ntt,mul-output,5,35,8,2,PASS,FAIL,yes,yes,7.19564837e2,2.74453623e2,3.13051852e2,9.76012648e1,-39.78910892,1152,3,0,0,0,0,3,221084 ns,196293,1152,1152,2432,2819,2819
64,28,butterfly-check,recompute,ntt,mul-output,5,35,24,2,PASS,FAIL,yes,yes,5.66057823e2,2.15912303e2,2.51317772e2,7.83542160e1,-37.88124738,1152,3,0,0,0,0,3,250751 ns,222333,1152,1152,2432,2819,2819
64,28,butterfly-check,recompute,ntt,mul-output,5,35,26,2,PASS,FAIL,yes,yes,6.59591198e2,2.38783289e2,2.72891897e2,8.50804561e1,-38.59659618,1152,3,0,0,0,0,3,164333 ns,146582,1152,1152,2432,2819,2819
64,28,butterfly-check,recompute,ntt,mul-output,5,36,0,2,PASS,FAIL,yes,yes,6.11720568e2,2.63504183e2,2.91142578e2,9.07705344e1,-39.15889785,1152,3,0,0,0,0,3,249792 ns,221958,1152,1152,2432,2819,2819
64,28,butterfly-check,recompute,ntt,mul-output,5,36,8,2,PASS,FAIL,yes,yes,4.77663683e2,2.64600719e2,2.91849832e2,9.09910374e1,-39.17997233,1152,3,0,0,0,0,3,222541 ns,197457,1152,1152,2432,2819,2819
64,28,butterfly-check,recompute,ntt,mul-output,5,36,24,2,PASS,FAIL,yes,yes,6.81128219e2,2.54788734e2,3.08052583e2,9.60426253e1,-39.64928045,1152,3,0,0,0,0,3,249916 ns,222249,1152,1152,2432,2819,2819
64,28,butterfly-check,recompute,ntt,mul-output,5,36,26,2,PASS,FAIL,yes,yes,4.79746995e2,2.61895952e2,2.86941654e2,8.94607976e1,-39.03265531,1152,3,0,0,0,0,3,290834 ns,257374,1152,1152,2432,2819,2819
64,28,butterfly-check,recompute,ntt,mul-output,5,38,0,2,PASS,FAIL,yes,yes,5.58805847e2,2.86057496e2,3.05562157e2,9.52661766e1,-39.57877471,1152,3,0,0,0,0,3,133500 ns,118538,1152,1152,2432,2819,2819
64,28,butterfly-check,recompute,ntt,mul-output,5,38,8,2,PASS,FAIL,yes,yes,6.08000930e2,2.84905854e2,3.14472026e2,9.80440376e1,-39.82842375,1152,3,0,0,0,0,3,222625 ns,197584,1152,1152,2432,2819,2819
64,28,butterfly-check,recompute,ntt,mul-output,5,38,24,2,PASS,FAIL,yes,yes,6.73816653e2,2.83699995e2,3.21356699e2,1.00190496e2,-40.01653052,1152,3,0,0,0,0,3,405624 ns,347707,1152,1152,2432,2819,2819
64,28,butterfly-check,recompute,ntt,mul-output,5,38,26,2,PASS,FAIL,yes,yes,7.31491582e2,2.73303224e2,3.05599611e2,9.52778537e1,-39.57983931,1152,3,0,0,0,0,3,120917 ns,107208,1152,1152,2432,2819,2819
64,28,butterfly-check,recompute,ntt,mul-output,5,40,0,2,PASS,FAIL,yes,yes,5.51338104e2,2.39039284e2,2.67643260e2,8.34440704e1,-38.42790961,1152,3,0,0,0,0,3,181210 ns,160874,1152,1152,2432,2819,2819
64,28,butterfly-check,recompute,ntt,mul-output,5,40,8,2,PASS,FAIL,yes,yes,6.73869530e2,2.50600241e2,2.80023139e2,8.73037882e1,-38.82066177,1152,3,0,0,0,0,3,118166 ns,104832,1152,1152,2432,2819,2819
64,28,butterfly-check,recompute,ntt,mul-output,5,40,24,2,PASS,FAIL,yes,yes,5.43113833e2,2.59951326e2,2.92293593e2,9.11293902e1,-39.19316928,1152,3,0,0,0,0,3,222126 ns,197498,1152,1152,2432,2819,2819
64,28,butterfly-check,recompute,ntt,mul-output,5,40,26,2,PASS,FAIL,yes,yes,4.99962687e2,2.62706118e2,2.80885054e2,8.75725105e1,-38.84735600,1152,3,0,0,0,0,3,211417 ns,186206,1152,1152,2432,2819,2819
64,28,butterfly-check,recompute,ntt,mul-output,5,47,0,2,PASS,FAIL,yes,yes,6.39918247e2,2.91472187e2,3.21597009e2,1.00265418e2,-40.02302339,1152,3,0,0,0,0,3,206750 ns,183626,1152,1152,2432,2819,2819
64,28,butterfly-check,recompute,ntt,mul-output,5,47,8,2,PASS,FAIL,yes,yes,5.35893909e2,2.73505517e2,3.03433339e2,9.46024677e1,-39.51804930,1152,3,0,0,0,0,3,439333 ns,392128,1152,1152,2432,2819,2819
64,28,butterfly-check,recompute,ntt,mul-output,5,47,24,2,PASS,FAIL,yes,yes,5.19647297e2,2.61884658e2,2.91603216e2,9.09141492e1,-39.17262958,1152,3,0,0,0,0,3,443249 ns,390584,1152,1152,2432,2819,2819
64,28,butterfly-check,recompute,ntt,mul-output,5,47,26,2,PASS,FAIL,yes,yes,7.14914737e2,2.41926655e2,2.79534600e2,8.71514747e1,-38.80549480,1152,3,0,0,0,0,3,181208 ns,161627,1152,1152,2432,2819,2819
64,28,butterfly-check,recompute,ntt,mul-output,5,49,0,2,PASS,FAIL,yes,yes,8.81917642e2,2.51052657e2,3.02899620e2,9.44360682e1,-39.50275794,1152,3,0,0,0,0,3,169584 ns,149168,1152,1152,2432,2819,2819
64,28,butterfly-check,recompute,ntt,mul-output,5,49,8,2,PASS,FAIL,yes,yes,6.03060316e2,2.62600499e2,2.87692210e2,8.96948010e1,-39.05534542,1152,3,0,0,0,0,3,157542 ns,139622,1152,1152,2432,2819,2819
64,28,butterfly-check,recompute,ntt,mul-output,5,49,24,2,PASS,FAIL,yes,yes,6.84330483e2,2.49472903e2,2.87652568e2,8.96824416e1,-39.05414847,1152,3,0,0,0,0,3,168499 ns,149582,1152,1152,2432,2819,2819
64,28,butterfly-check,recompute,ntt,mul-output,5,49,26,2,PASS,FAIL,yes,yes,7.67642498e2,2.90319633e2,3.32145182e2,1.03554059e2,-40.30334253,1152,3,0,0,0,0,3,167376 ns,148749,1152,1152,2432,2819,2819
64,28,butterfly-check,recompute,ntt,mul-output,5,50,0,2,PASS,FAIL,yes,yes,6.25729029e2,2.88948419e2,3.12598172e2,9.74598196e1,-39.77651206,1152,3,0,0,0,0,3,183666 ns,163374,1152,1152,2432,2819,2819
64,28,butterfly-check,recompute,ntt,mul-output,5,50,8,2,PASS,FAIL,yes,yes,6.85186930e2,2.65079028e2,3.01686390e2,9.40578152e1,-39.46789773,1152,3,0,0,0,0,3,118208 ns,104957,1152,1152,2432,2819,2819
64,28,butterfly-check,recompute,ntt,mul-output,5,50,24,2,PASS,FAIL,yes,yes,6.52308842e2,2.72308364e2,3.15177874e2,9.82641021e1,-39.84789780,1152,3,0,0,0,0,3,180793 ns,160416,1152,1152,2432,2819,2819
64,28,butterfly-check,recompute,ntt,mul-output,5,50,26,2,PASS,FAIL,yes,yes,5.44615924e2,2.39384000e2,2.67565115e2,8.34197068e1,-38.42537318,1152,3,0,0,0,0,3,118625 ns,104871,1152,1152,2432,2819,2819
64,28,butterfly-check,recompute,ntt,mul-output,5,53,0,2,PASS,FAIL,yes,yes,5.45507642e2,2.71005763e2,3.05919570e2,9.53776086e1,-39.58892859,1152,3,0,0,0,0,3,201250 ns,177167,1152,1152,2432,2819,2819
64,28,butterfly-check,recompute,ntt,mul-output,5,53,8,2,PASS,FAIL,yes,yes,5.56885907e2,2.65558454e2,2.92018850e2,9.10437326e1,-39.18500110,1152,3,0,0,0,0,3,181790 ns,161752,1152,1152,2432,2819,2819
64,28,butterfly-check,recompute,ntt,mul-output,5,53,24,2,PASS,FAIL,yes,yes,5.27115351e2,2.65436910e2,2.95136466e2,9.20157228e1,-39.27724084,1152,3,0,0,0,0,3,169041 ns,150377,1152,1152,2432,2819,2819
64,28,butterfly-check,recompute,ntt,mul-output,5,53,26,2,PASS,FAIL,yes,yes,8.31087133e2,2.73813885e2,3.13641079e2,9.77849702e1,-39.80544215,1152,3,0,0,0,0,3,180709 ns,160417,1152,1152,2432,2819,2819
64,28,butterfly-check,recompute,ntt,mul-output,5,55,0,2,PASS,FAIL,yes,yes,4.70628285e2,2.62334372e2,2.86494324e2,8.93213321e1,-39.01910383,1152,3,0,0,0,0,3,182751 ns,161418,1152,1152,2432,2819,2819
64,28,butterfly-check,recompute,ntt,mul-output,5,55,8,2,PASS,FAIL,yes,yes,5.16430206e2,2.51087155e2,2.81088778e2,8.76360263e1,-38.85365354,1152,3,0,0,0,0,3,169209 ns,148790,1152,1152,2432,2819,2819
64,28,butterfly-check,recompute,ntt,mul-output,5,55,24,2,PASS,FAIL,yes,yes,5.34989787e2,2.73582288e2,2.90675169e2,9.06248087e1,-39.14494206,1152,3,0,0,0,0,3,152583 ns,135668,1152,1152,2432,2819,2819
64,28,butterfly-check,recompute,ntt,mul-output,5,55,26,2,PASS,FAIL,yes,yes,5.40502165e2,2.55046721e2,2.93872667e2,9.16217036e1,-39.23996726,1152,3,0,0,0,0,3,118916 ns,104873,1152,1152,2432,2819,2819
64,28,butterfly-check,recompute,ntt,mul-output,5,56,0,2,PASS,FAIL,yes,yes,5.78832785e2,2.55067557e2,2.84937080e2,8.88358248e1,-38.97176278,1152,3,0,0,0,0,3,168626 ns,150001,1152,1152,2432,2819,2819
64,28,butterfly-check,recompute,ntt,mul-output,5,56,8,2,PASS,FAIL,yes,yes,7.44419533e2,3.06491986e2,3.41405395e2,1.06441148e2,-40.54219097,1152,3,0,0,0,0,3,180917 ns,161044,1152,1152,2432,2819,2819
64,28,butterfly-check,recompute,ntt,mul-output,5,56,24,2,PASS,FAIL,yes,yes,5.77476480e2,2.57761971e2,2.96474896e2,9.24330097e1,-39.31654188,1152,3,0,0,0,0,3,169333 ns,149668,1152,1152,2432,2819,2819
64,28,butterfly-check,recompute,ntt,mul-output,5,56,26,2,PASS,FAIL,yes,yes,7.67659497e2,2.71308198e2,3.11902911e2,9.72430557e1,-39.75717195,1152,3,0,0,0,0,3,181582 ns,161207,1152,1152,2432,2819,2819
64,28,butterfly-check,recompute,ntt,mul-output,5,57,0,2,PASS,FAIL,yes,yes,5.17921566e2,2.58932735e2,2.86666147e2,8.93749020e1,-39.02431157,1152,3,0,0,0,0,3,126750 ns,111456,1152,1152,2432,2819,2819
64,28,butterfly-check,recompute,ntt,mul-output,5,57,8,2,PASS,FAIL,yes,yes,6.18029126e2,2.80135525e2,3.10656037e2,9.68543132e1,-39.72237932,1152,3,0,0,0,0,3,130541 ns,115958,1152,1152,2432,2819,2819
64,28,butterfly-check,recompute,ntt,mul-output,5,57,24,2,PASS,FAIL,yes,yes,6.54117677e2,2.61111942e2,2.97718477e2,9.28207253e1,-39.35289915,1152,3,0,0,0,0,3,167876 ns,149669,1152,1152,2432,2819,2819
64,28,butterfly-check,recompute,ntt,mul-output,5,57,26,2,PASS,FAIL,yes,yes,6.45147860e2,2.82332846e2,3.25917075e2,1.01612300e2,-40.13892566,1152,3,0,0,0,0,3,182417 ns,161291,1152,1152,2432,2819,2819
64,28,butterfly-check,recompute,ntt,mul-output,5,58,0,2,PASS,FAIL,yes,yes,7.69507716e2,2.78876363e2,3.22209803e2,1.00456471e2,-40.03955835,1152,3,0,0,0,0,3,143210 ns,127334,1152,1152,2432,2819,2819
64,28,butterfly-check,recompute,ntt,mul-output,5,58,8,2,PASS,FAIL,yes,yes,6.90776053e2,2.73380655e2,3.20112801e2,9.98026815e1,-39.98284420,1152,3,0,0,0,0,3,124667 ns,110663,1152,1152,2432,2819,2819
64,28,butterfly-check,recompute,ntt,mul-output,5,58,24,2,PASS,FAIL,yes,yes,4.60821454e2,2.43500460e2,2.66866386e2,8.32018616e1,-38.40266087,1152,3,0,0,0,0,3,168334 ns,149627,1152,1152,2432,2819,2819
64,28,butterfly-check,recompute,ntt,mul-output,5,58,26,2,PASS,FAIL,yes,yes,6.38521017e2,2.64563783e2,3.06502022e2,9.55592017e1,-39.60545026,1152,3,0,0,0,0,3,184167 ns,162709,1152,1152,2432,2819,2819
64,28,butterfly-check,recompute,ntt,mul-output,5,63,0,2,PASS,FAIL,yes,yes,6.56834653e2,2.71670440e2,3.15640774e2,9.84084221e1,-39.86064537,1152,3,0,0,0,0,3,123083 ns,108871,1152,1152,2432,2819,2819
64,28,butterfly-check,recompute,ntt,mul-output,5,63,8,2,PASS,FAIL,yes,yes,5.75537231e2,2.49354872e2,2.79636441e2,8.71832261e1,-38.80865871,1152,3,0,0,0,0,3,118333 ns,105005,1152,1152,2432,2819,2819
64,28,butterfly-check,recompute,ntt,mul-output,5,63,24,2,PASS,FAIL,yes,yes,5.86708780e2,2.57390989e2,2.87739912e2,8.97096735e1,-39.05678552,1152,3,0,0,0,0,3,182582 ns,163376,1152,1152,2432,2819,2819
64,28,butterfly-check,recompute,ntt,mul-output,5,63,26,2,PASS,FAIL,yes,yes,5.32303333e2,2.43948582e2,2.79935576e2,8.72764885e1,-38.81794528,1152,3,0,0,0,0,3,167790 ns,148873,1152,1152,2432,2819,2819
64,28,butterfly-check,recompute,ntt,mul-output,5,2,0,3,PASS,FAIL,no,no,4.63934567e2,2.50573533e2,2.78582909e2,8.68547625e1,-38.77587274,1152,0,0,0,0,0,0,131292 ns,116623,1152,1152,2432,2819,2819
64,28,butterfly-check,recompute,ntt,mul-output,5,2,8,3,PASS,FAIL,no,no,6.98221012e2,2.87211616e2,3.13882816e2,9.78603375e1,-39.81213418,1152,0,0,0,0,0,0,181416 ns,161038,1152,1152,2432,2819,2819
64,28,butterfly-check,recompute,ntt,mul-output,5,2,24,3,PASS,FAIL,no,no,5.22578569e2,2.41782852e2,2.73885305e2,8.53901743e1,-38.62815800,1152,0,0,0,0,0,0,168374 ns,149168,1152,1152,2432,2819,2819
64,28,butterfly-check,recompute,ntt,mul-output,5,2,26,3,PASS,FAIL,no,no,6.19474248e2,2.44835900e2,2.82104994e2,8.79528553e1,-38.88499886,1152,0,0,0,0,0,0,132874 ns,118001,1152,1152,2432,2819,2819
64,28,butterfly-check,recompute,ntt,mul-output,5,4,0,3,PASS,FAIL,no,no,5.47510616e2,2.71724223e2,3.01635262e2,9.40418750e1,-39.46642559,1152,0,0,0,0,0,0,168625 ns,149918,1152,1152,2432,2819,2819
64,28,butterfly-check,recompute,ntt,mul-output,5,4,8,3,PASS,FAIL,no,no,8.01270533e2,2.53671082e2,2.94995775e2,9.19718589e1,-39.27309929,1152,0,0,0,0,0,0,167500 ns,148704,1152,1152,2432,2819,2819
64,28,butterfly-check,recompute,ntt,mul-output,5,4,24,3,PASS,FAIL,no,no,7.10638879e2,2.66604324e2,3.00870993e2,9.38035962e1,-39.44438977,1152,0,0,0,0,0,0,181542 ns,161336,1152,1152,2432,2819,2819
64,28,butterfly-check,recompute,ntt,mul-output,5,4,26,3,PASS,FAIL,no,no,5.48878150e2,2.80848987e2,3.07096420e2,9.57445191e1,-39.62227845,1152,0,0,0,0,0,0,181751 ns,161288,1152,1152,2432,2819,2819
64,28,butterfly-check,recompute,ntt,mul-output,5,5,0,3,PASS,FAIL,no,no,6.64565284e2,2.70704787e2,3.05731799e2,9.53190666e1,-39.58359562,1152,0,0,0,0,0,0,168335 ns,149291,1152,1152,2432,2819,2819
64,28,butterfly-check,recompute,ntt,mul-output,5,5,8,3,PASS,FAIL,no,no,6.47346055e2,2.73955768e2,3.04365483e2,9.48930856e1,-39.54469137,1152,0,0,0,0,0,0,125084 ns,110958,1152,1152,2432,2819,2819
64,28,butterfly-check,recompute,ntt,mul-output,5,5,24,3,PASS,FAIL,no,no,6.11515586e2,2.74712472e2,3.12780299e2,9.75166018e1,-39.78157118,1152,0,0,0,0,0,0,124459 ns,110499,1152,1152,2432,2819,2819
64,28,butterfly-check,recompute,ntt,mul-output,5,5,26,3,PASS,FAIL,no,no,5.47143419e2,2.72961699e2,2.98218845e2,9.29767266e1,-39.36748504,1152,0,0,0,0,0,0,167833 ns,148710,1152,1152,2432,2819,2819
64,28,butterfly-check,recompute,ntt,mul-output,5,6,0,3,PASS,FAIL,no,no,4.88799338e2,2.74757124e2,2.99403871e2,9.33461865e1,-39.40193161,1152,0,0,0,0,0,0,182042 ns,161748,1152,1152,2432,2819,2819
64,28,butterfly-check,recompute,ntt,mul-output,5,6,8,3,PASS,FAIL,no,no,5.95145713e2,2.64052045e2,2.97897924e2,9.28766722e1,-39.35813292,1152,0,0,0,0,0,0,167791 ns,149002,1152,1152,2432,2819,2819
64,28,butterfly-check,recompute,ntt,mul-output,5,6,24,3,PASS,FAIL,no,no,6.16294290e2,2.40463695e2,2.83941192e2,8.85253331e1,-38.94135140,1152,0,0,0,0,0,0,133083 ns,117166,1152,1152,2432,2819,2819
64,28,butterfly-check,recompute,ntt,mul-output,5,6,26,3,PASS,FAIL,no,no,6.00980136e2,2.44345145e2,2.81274713e2,8.76939958e1,-38.85939718,1152,0,0,0,0,0,0,169042 ns,149542,1152,1152,2432,2819,2819
64,28,butterfly-check,recompute,ntt,mul-output,5,8,0,3,PASS,FAIL,no,no,6.42151715e2,2.71235655e2,3.00870261e2,9.38033679e1,-39.44436863,1152,0,0,0,0,0,0,222667 ns,196999,1152,1152,2432,2819,2819
64,28,butterfly-check,recompute,ntt,mul-output,5,8,8,3,PASS,FAIL,no,no,5.37615087e2,2.55994628e2,2.83466685e2,8.83773946e1,-38.92682388,1152,0,0,0,0,0,0,181125 ns,160624,1152,1152,2432,2819,2819
64,28,butterfly-check,recompute,ntt,mul-output,5,8,24,3,PASS,FAIL,no,no,5.74012749e2,2.66706834e2,2.91645696e2,9.09273933e1,-39.17389482,1152,0,0,0,0,0,0,180751 ns,160289,1152,1152,2432,2819,2819
64,28,butterfly-check,recompute,ntt,mul-output,5,8,26,3,PASS,FAIL,no,no,7.05658372e2,2.32173674e2,2.75811290e2,8.59906452e1,-38.68902415,1152,0,0,0,0,0,0,163125 ns,143958,1152,1152,2432,2819,2819
64,28,butterfly-check,recompute,ntt,mul-output,5,9,0,3,PASS,FAIL,no,no,6.65538897e2,2.70936301e2,3.06568657e2,9.55799767e1,-39.60733841,1152,0,0,0,0,0,0,181375 ns,160830,1152,1152,2432,2819,2819
64,28,butterfly-check,recompute,ntt,mul-output,5,9,8,3,PASS,FAIL,no,no,4.89231368e2,2.51365716e2,2.77901096e2,8.66421916e1,-38.75458858,1152,0,0,0,0,0,0,125834 ns,111377,1152,1152,2432,2819,2819
64,28,butterfly-check,recompute,ntt,mul-output,5,9,24,3,PASS,FAIL,no,no,5.96775247e2,2.68192160e2,3.02145722e2,9.42010227e1,-39.48111236,1152,0,0,0,0,0,0,181500 ns,160958,1152,1152,2432,2819,2819
64,28,butterfly-check,recompute,ntt,mul-output,5,9,26,3,PASS,FAIL,no,no,5.61211775e2,2.51957692e2,2.80227077e2,8.73673706e1,-38.82698531,1152,0,0,0,0,0,0,166999 ns,148293,1152,1152,2432,2819,2819
64,28,butterfly-check,recompute,ntt,mul-output,5,10,0,3,PASS,FAIL,no,no,6.32759619e2,2.72135957e2,3.00088111e2,9.35595141e1,-39.42175916,1152,0,0,0,0,0,0,182416 ns,161335,1152,1152,2432,2819,2819
64,28,butterfly-check,recompute,ntt,mul-output,5,10,8,3,PASS,FAIL,no,no,8.00064522e2,2.54324385e2,3.01685613e2,9.40575730e1,-39.46787536,1152,0,0,0,0,0,0,146417 ns,129419,1152,1152,2432,2819,2819
64,28,butterfly-check,recompute,ntt,mul-output,5,10,24,3,PASS,FAIL,no,no,6.26916357e2,2.55502835e2,2.98213346e2,9.29750123e1,-39.36732489,1152,0,0,0,0,0,0,182667 ns,162083,1152,1152,2432,2819,2819
64,28,butterfly-check,recompute,ntt,mul-output,5,10,26,3,PASS,FAIL,no,no,6.42036334e2,2.74261841e2,3.17744172e2,9.90642059e1,-39.91833525,1152,0,0,0,0,0,0,197751 ns,175959,1152,1152,2432,2819,2819
64,28,butterfly-check,recompute,ntt,mul-output,5,11,0,3,PASS,FAIL,no,no,6.04670441e2,2.60337569e2,2.95557542e2,9.21470030e1,-39.28962430,1152,0,0,0,0,0,0,181126 ns,161376,1152,1152,2432,2819,2819
64,28,butterfly-check,recompute,ntt,mul-output,5,11,8,3,PASS,FAIL,no,no,4.88692886e2,2.81642491e2,2.96341922e2,9.23915519e1,-39.31264524,1152,0,0,0,0,0,0,151542 ns,134835,1152,1152,2432,2819,2819
64,28,butterfly-check,recompute,ntt,mul-output,5,11,24,3,PASS,FAIL,no,no,5.40908061e2,2.60672232e2,2.84862830e2,8.88126756e1,-38.96949908,1152,0,0,0,0,0,0,152584 ns,136000,1152,1152,2432,2819,2819
64,28,butterfly-check,recompute,ntt,mul-output,5,11,26,3,PASS,FAIL,no,no,6.22569195e2,2.61672731e2,3.08880932e2,9.63008826e1,-39.67260535,1152,0,0,0,0,0,0,182207 ns,161000,1152,1152,2432,2819,2819
64,28,butterfly-check,recompute,ntt,mul-output,5,13,0,3,PASS,FAIL,no,no,6.61005165e2,2.70949799e2,3.06028253e2,9.54114930e1,-39.59201384,1152,0,0,0,0,0,0,153333 ns,135496,1152,1152,2432,2819,2819
64,28,butterfly-check,recompute,ntt,mul-output,5,13,8,3,PASS,FAIL,no,no,6.22503966e2,2.92390035e2,3.27105368e2,1.01982778e2,-40.17053679,1152,0,0,0,0,0,0,128876 ns,113921,1152,1152,2432,2819,2819
64,28,butterfly-check,recompute,ntt,mul-output,5,13,24,3,PASS,FAIL,no,no,5.24377045e2,2.73875323e2,2.94077721e2,9.16856341e1,-39.24602586,1152,0,0,0,0,0,0,181332 ns,161044,1152,1152,2432,2819,2819
64,28,butterfly-check,recompute,ntt,mul-output,5,13,26,3,PASS,FAIL,no,no,6.66773977e2,2.75412742e2,3.16797515e2,9.87690632e1,-39.89241869,1152,0,0,0,0,0,0,131416 ns,116710,1152,1152,2432,2819,2819
64,28,butterfly-check,recompute,ntt,mul-output,5,15,0,3,PASS,FAIL,no,no,6.39210177e2,2.75115736e2,3.07316021e2,9.58129848e1,-39.62848740,1152,0,0,0,0,0,0,118210 ns,104711,1152,1152,2432,2819,2819
64,28,butterfly-check,recompute,ntt,mul-output,5,15,8,3,PASS,FAIL,no,no,5.18620594e2,2.59042747e2,2.87879950e2,8.97533336e1,-39.06101176,1152,0,0,0,0,0,0,120169 ns,106458,1152,1152,2432,2819,2819
64,28,butterfly-check,recompute,ntt,mul-output,5,15,24,3,PASS,FAIL,no,no,5.54218905e2,2.47529231e2,2.81333705e2,8.77123878e1,-38.86121868,1152,0,0,0,0,0,0,223791 ns,197168,1152,1152,2432,2819,2819
64,28,butterfly-check,recompute,ntt,mul-output,5,15,26,3,PASS,FAIL,no,no,6.79953215e2,2.82056603e2,3.17655180e2,9.90364604e1,-39.91590220,1152,0,0,0,0,0,0,131792 ns,116876,1152,1152,2432,2819,2819
64,28,butterfly-check,recompute,ntt,mul-output,5,18,0,3,PASS,FAIL,no,no,5.76568175e2,2.49903096e2,2.94054674e2,9.16784486e1,-39.24534511,1152,0,0,0,0,0,0,168582 ns,149584,1152,1152,2432,2819,2819
64,28,butterfly-check,recompute,ntt,mul-output,5,18,8,3,PASS,FAIL,no,no,6.15808188e2,2.27086783e2,2.82571997e2,8.80984544e1,-38.89936579,1152,0,0,0,0,0,0,182916 ns,162709,1152,1152,2432,2819,2819
64,28,butterfly-check,recompute,ntt,mul-output,5,18,24,3,PASS,FAIL,no,no,6.68536590e2,2.67368821e2,2.96381725e2,9.24039615e1,-39.31381181,1152,0,0,0,0,0,0,167707 ns,149084,1152,1152,2432,2819,2819
64,28,butterfly-check,recompute,ntt,mul-output,5,18,26,3,PASS,FAIL,no,no,7.19357386e2,2.77797336e2,3.11811080e2,9.72144252e1,-39.75461426,1152,0,0,0,0,0,0,120875 ns,106166,1152,1152,2432,2819,2819
64,28,butterfly-check,recompute,ntt,mul-output,5,21,0,3,PASS,FAIL,no,no,6.14012451e2,2.54236319e2,2.91093554e2,9.07552499e1,-39.15743514,1152,0,0,0,0,0,0,118333 ns,104875,1152,1152,2432,2819,2819
64,28,butterfly-check,recompute,ntt,mul-output,5,21,8,3,PASS,FAIL,no,no,7.80116737e2,2.74845184e2,3.14536870e2,9.80642540e1,-39.83021458,1152,0,0,0,0,0,0,181750 ns,161334,1152,1152,2432,2819,2819
64,28,butterfly-check,recompute,ntt,mul-output,5,21,24,3,PASS,FAIL,no,no,7.08271910e2,2.83026470e2,3.31550792e2,1.03368744e2,-40.28778476,1152,0,0,0,0,0,0,132708 ns,117583,1152,1152,2432,2819,2819
64,28,butterfly-check,recompute,ntt,mul-output,5,21,26,3,PASS,FAIL,no,no,5.20314377e2,2.78773817e2,3.04515282e2,9.49397889e1,-39.54896523,1152,0,0,0,0,0,0,130626 ns,115665,1152,1152,2432,2819,2819
64,28,butterfly-check,recompute,ntt,mul-output,5,22,0,3,PASS,FAIL,no,no,6.77700127e2,2.76693592e2,3.12859477e2,9.75412876e1,-39.78376968,1152,0,0,0,0,0,0,118500 ns,104836,1152,1152,2432,2819,2819
64,28,butterfly-check,recompute,ntt,mul-output,5,22,8,3,PASS,FAIL,no,no,6.27599184e2,2.86018635e2,3.23865639e2,1.00972717e2,-40.08408084,1152,0,0,0,0,0,0,182084 ns,161750,1152,1152,2432,2819,2819
64,28,butterfly-check,recompute,ntt,mul-output,5,22,24,3,PASS,FAIL,no,no,6.03691532e2,2.90734423e2,3.23499363e2,1.00858522e2,-40.07425197,1152,0,0,0,0,0,0,169291 ns,150500,1152,1152,2432,2819,2819
64,28,butterfly-check,recompute,ntt,mul-output,5,22,26,3,PASS,FAIL,no,no,6.47059747e2,2.61562752e2,2.96166732e2,9.23369323e1,-39.30750884,1152,0,0,0,0,0,0,180917 ns,160628,1152,1152,2432,2819,2819
64,28,butterfly-check,recompute,ntt,mul-output,5,26,0,3,PASS,FAIL,no,no,8.60458420e2,2.54345519e2,3.12114802e2,9.73091177e1,-39.76307069,1152,0,0,0,0,0,0,166667 ns,148291,1152,1152,2432,2819,2819
64,28,butterfly-check,recompute,ntt,mul-output,5,26,8,3,PASS,FAIL,no,no,7.45031388e2,2.61665806e2,2.97056671e2,9.26143916e1,-39.33356956,1152,0,0,0,0,0,0,168126 ns,149417,1152,1152,2432,2819,2819
64,28,butterfly-check,recompute,ntt,mul-output,5,26,24,3,PASS,FAIL,no,no,5.47297371e2,2.83488348e2,3.13247170e2,9.76621598e1,-39.79452649,1152,0,0,0,0,0,0,130708 ns,116037,1152,1152,2432,2819,2819
64,28,butterfly-check,recompute,ntt,mul-output,5,26,26,3,PASS,FAIL,no,no,6.39097842e2,2.99833556e2,3.31083543e2,1.03223068e2,-40.27553525,1152,0,0,0,0,0,0,181541 ns,161085,1152,1152,2432,2819,2819
64,28,butterfly-check,recompute,ntt,mul-output,5,27,0,3,PASS,FAIL,no,no,6.80366191e2,2.81159259e2,3.06950298e2,9.56989621e1,-39.61814455,1152,0,0,0,0,0,0,167543 ns,149165,1152,1152,2432,2819,2819
64,28,butterfly-check,recompute,ntt,mul-output,5,27,8,3,PASS,FAIL,no,no,6.20594421e2,2.64224711e2,2.95959641e2,9.22723669e1,-39.30143322,1152,0,0,0,0,0,0,180958 ns,160419,1152,1152,2432,2819,2819
64,28,butterfly-check,recompute,ntt,mul-output,5,27,24,3,PASS,FAIL,no,no,4.81451015e2,2.52103462e2,2.94707030e2,9.18818360e1,-39.26459329,1152,0,0,0,0,0,0,123626 ns,109585,1152,1152,2432,2819,2819
64,28,butterfly-check,recompute,ntt,mul-output,5,27,26,3,PASS,FAIL,no,no,7.68179110e2,2.68268138e2,3.11755465e2,9.71970858e1,-39.75306488,1152,0,0,0,0,0,0,167916 ns,149122,1152,1152,2432,2819,2819
64,28,butterfly-check,recompute,ntt,mul-output,5,30,0,3,PASS,FAIL,no,no,6.23510040e2,2.71444019e2,3.00318722e2,9.36314127e1,-39.42843152,1152,0,0,0,0,0,0,181209 ns,159332,1152,1152,2432,2819,2819
64,28,butterfly-check,recompute,ntt,mul-output,5,30,8,3,PASS,FAIL,no,no,5.19144927e2,2.81396762e2,3.06606325e2,9.55917206e1,-39.60840558,1152,0,0,0,0,0,0,129376 ns,114503,1152,1152,2432,2819,2819
64,28,butterfly-check,recompute,ntt,mul-output,5,30,24,3,PASS,FAIL,no,no,6.69646566e2,2.71776874e2,3.09719554e2,9.65623427e1,-39.69615587,1152,0,0,0,0,0,0,173376 ns,153875,1152,1152,2432,2819,2819
64,28,butterfly-check,recompute,ntt,mul-output,5,30,26,3,PASS,FAIL,no,no,4.45810505e2,2.54885684e2,2.79796251e2,8.72330506e1,-38.81362120,1152,0,0,0,0,0,0,152583 ns,135500,1152,1152,2432,2819,2819
64,28,butterfly-check,recompute,ntt,mul-output,5,31,0,3,PASS,FAIL,no,no,5.44464355e2,2.76783164e2,3.06753477e2,9.56375986e1,-39.61257326,1152,0,0,0,0,0,0,131872 ns,116376,1152,1152,2432,2819,2819
64,28,butterfly-check,recompute,ntt,mul-output,5,31,8,3,PASS,FAIL,no,no,7.11846537e2,2.77856042e2,3.11268588e2,9.70452906e1,-39.73948929,1152,0,0,0,0,0,0,168040 ns,149207,1152,1152,2432,2819,2819
64,28,butterfly-check,recompute,ntt,mul-output,5,31,24,3,PASS,FAIL,no,no,5.17416852e2,2.69091171e2,2.89876542e2,9.03758178e1,-39.12104480,1152,0,0,0,0,0,0,181084 ns,161418,1152,1152,2432,2819,2819
64,28,butterfly-check,recompute,ntt,mul-output,5,31,26,3,PASS,FAIL,no,no,6.65533848e2,2.50838831e2,2.89926482e2,9.03913877e1,-39.12254108,1152,0,0,0,0,0,0,133958 ns,119250,1152,1152,2432,2819,2819
64,28,butterfly-check,recompute,ntt,mul-output,5,32,0,3,PASS,FAIL,yes,yes,6.36741283e2,2.72528963e2,3.12459600e2,9.74166166e1,-39.77266084,1152,3,0,0,0,0,3,132749 ns,117998,1152,1152,2432,2819,2819
64,28,butterfly-check,recompute,ntt,mul-output,5,32,8,3,PASS,FAIL,yes,yes,6.10980767e2,2.56403669e2,2.97019944e2,9.26029411e1,-39.33249560,1152,3,0,0,0,0,3,181084 ns,160838,1152,1152,2432,2819,2819
64,28,butterfly-check,recompute,ntt,mul-output,5,32,24,3,PASS,FAIL,yes,yes,5.19480220e2,2.38058598e2,2.71908412e2,8.47738313e1,-38.56523623,1152,3,0,0,0,0,3,168125 ns,149165,1152,1152,2432,2819,2819
64,28,butterfly-check,recompute,ntt,mul-output,5,32,26,3,PASS,FAIL,yes,yes,8.11401129e2,2.68066401e2,3.05517216e2,9.52521653e1,-39.57749714,1152,3,0,0,0,0,3,182668 ns,162375,1152,1152,2432,2819,2819
64,28,butterfly-check,recompute,ntt,mul-output,5,34,0,3,PASS,FAIL,yes,yes,5.09192610e2,2.68950521e2,2.91521503e2,9.08886731e1,-39.17019526,1152,3,0,0,0,0,3,169208 ns,150208,1152,1152,2432,2819,2819
64,28,butterfly-check,recompute,ntt,mul-output,5,34,8,3,PASS,FAIL,yes,yes,5.37353762e2,2.81281948e2,3.08351309e2,9.61357604e1,-39.65769932,1152,3,0,0,0,0,3,133291 ns,118417,1152,1152,2432,2819,2819
64,28,butterfly-check,recompute,ntt,mul-output,5,34,24,3,PASS,FAIL,yes,yes,4.96310526e2,2.64965194e2,2.98206485e2,9.29728732e1,-39.36712505,1152,3,0,0,0,0,3,118001 ns,104625,1152,1152,2432,2819,2819
64,28,butterfly-check,recompute,ntt,mul-output,5,34,26,3,PASS,FAIL,yes,yes,7.64662960e2,2.44291157e2,2.87860547e2,8.97472843e1,-39.06042632,1152,3,0,0,0,0,3,198417 ns,176124,1152,1152,2432,2819,2819
64,28,butterfly-check,recompute,ntt,mul-output,5,35,0,3,PASS,FAIL,yes,yes,4.83588857e2,2.26798514e2,2.63840446e2,8.22584536e1,-38.30361081,1152,3,0,0,0,0,3,180791 ns,160710,1152,1152,2432,2819,2819
64,28,butterfly-check,recompute,ntt,mul-output,5,35,8,3,PASS,FAIL,yes,yes,7.19564837e2,2.74453623e2,3.13051852e2,9.76012648e1,-39.78910892,1152,3,0,0,0,0,3,181042 ns,160501,1152,1152,2432,2819,2819
64,28,butterfly-check,recompute,ntt,mul-output,5,35,24,3,PASS,FAIL,yes,yes,5.66057823e2,2.15912303e2,2.51317772e2,7.83542160e1,-37.88124738,1152,3,0,0,0,0,3,168624 ns,149583,1152,1152,2432,2819,2819
64,28,butterfly-check,recompute,ntt,mul-output,5,35,26,3,PASS,FAIL,yes,yes,6.59591198e2,2.38783289e2,2.72891897e2,8.50804561e1,-38.59659618,1152,3,0,0,0,0,3,181958 ns,161916,1152,1152,2432,2819,2819
64,28,butterfly-check,recompute,ntt,mul-output,5,36,0,3,PASS,FAIL,yes,yes,6.11720568e2,2.63504183e2,2.91142578e2,9.07705344e1,-39.15889785,1152,3,0,0,0,0,3,168544 ns,149538,1152,1152,2432,2819,2819
64,28,butterfly-check,recompute,ntt,mul-output,5,36,8,3,PASS,FAIL,yes,yes,4.77663683e2,2.64600719e2,2.91849832e2,9.09910374e1,-39.17997233,1152,3,0,0,0,0,3,168709 ns,149295,1152,1152,2432,2819,2819
64,28,butterfly-check,recompute,ntt,mul-output,5,36,24,3,PASS,FAIL,yes,yes,6.81128219e2,2.54788734e2,3.08052583e2,9.60426253e1,-39.64928045,1152,3,0,0,0,0,3,182251 ns,161581,1152,1152,2432,2819,2819
64,28,butterfly-check,recompute,ntt,mul-output,5,36,26,3,PASS,FAIL,yes,yes,4.79746995e2,2.61895952e2,2.86941654e2,8.94607976e1,-39.03265531,1152,3,0,0,0,0,3,156417 ns,139668,1152,1152,2432,2819,2819
64,28,butterfly-check,recompute,ntt,mul-output,5,40,0,3,PASS,FAIL,yes,yes,5.51338104e2,2.39039284e2,2.67643260e2,8.34440704e1,-38.42790961,1152,3,0,0,0,0,3,168877 ns,150251,1152,1152,2432,2819,2819
64,28,butterfly-check,recompute,ntt,mul-output,5,40,8,3,PASS,FAIL,yes,yes,6.73869530e2,2.50600241e2,2.80023139e2,8.73037882e1,-38.82066177,1152,3,0,0,0,0,3,131916 ns,117255,1152,1152,2432,2819,2819
64,28,butterfly-check,recompute,ntt,mul-output,5,40,24,3,PASS,FAIL,yes,yes,5.43113833e2,2.59951326e2,2.92293593e2,9.11293902e1,-39.19316928,1152,3,0,0,0,0,3,182544 ns,162165,1152,1152,2432,2819,2819
64,28,butterfly-check,recompute,ntt,mul-output,5,40,26,3,PASS,FAIL,yes,yes,4.99962687e2,2.62706118e2,2.80885054e2,8.75725105e1,-38.84735600,1152,3,0,0,0,0,3,182541 ns,161875,1152,1152,2432,2819,2819
64,28,butterfly-check,recompute,ntt,mul-output,5,44,0,3,PASS,FAIL,yes,yes,6.35340562e2,2.51754506e2,2.85978313e2,8.91604535e1,-39.00344538,1152,3,0,0,0,0,3,123333 ns,109792,1152,1152,2432,2819,2819
64,28,butterfly-check,recompute,ntt,mul-output,5,44,8,3,PASS,FAIL,yes,yes,7.19114480e2,2.52458153e2,2.90969332e2,9.07165207e1,-39.15372771,1152,3,0,0,0,0,3,168041 ns,149042,1152,1152,2432,2819,2819
64,28,butterfly-check,recompute,ntt,mul-output,5,44,24,3,PASS,FAIL,yes,yes,6.36132710e2,2.72141373e2,3.08756935e2,9.62622238e1,-39.66911781,1152,3,0,0,0,0,3,167791 ns,148917,1152,1152,2432,2819,2819
64,28,butterfly-check,recompute,ntt,mul-output,5,44,26,3,PASS,FAIL,yes,yes,6.53550791e2,2.40213802e2,2.79682979e2,8.71977354e1,-38.81010413,1152,3,0,0,0,0,3,182167 ns,161832,1152,1152,2432,2819,2819
64,28,butterfly-check,recompute,ntt,mul-output,5,45,0,3,PASS,FAIL,yes,yes,6.94301543e2,2.96688440e2,3.29185704e2,1.02631372e2,-40.22560269,1152,3,0,0,0,0,3,123625 ns,109957,1152,1152,2432,2819,2819
64,28,butterfly-check,recompute,ntt,mul-output,5,45,8,3,PASS,FAIL,yes,yes,5.72393641e2,2.71155616e2,2.96757805e2,9.25212132e1,-39.32482638,1152,3,0,0,0,0,3,129917 ns,115289,1152,1152,2432,2819,2819
64,28,butterfly-check,recompute,ntt,mul-output,5,45,24,3,PASS,FAIL,yes,yes,5.74650537e2,2.54024168e2,2.78598937e2,8.68597599e1,-38.77637249,1152,3,0,0,0,0,3,168750 ns,150040,1152,1152,2432,2819,2819
64,28,butterfly-check,recompute,ntt,mul-output,5,45,26,3,PASS,FAIL,yes,yes,5.06899085e2,2.75628921e2,3.00304265e2,9.36269053e1,-39.42801337,1152,3,0,0,0,0,3,133542 ns,118166,1152,1152,2432,2819,2819
64,28,butterfly-check,recompute,ntt,mul-output,5,46,0,3,PASS,FAIL,yes,yes,6.41104511e2,2.50364337e2,3.01536852e2,9.40111932e1,-39.46359130,1152,3,0,0,0,0,3,182415 ns,162083,1152,1152,2432,2819,2819
64,28,butterfly-check,recompute,ntt,mul-output,5,46,8,3,PASS,FAIL,yes,yes,5.59763664e2,2.70931365e2,3.08188825e2,9.60851021e1,-39.65312112,1152,3,0,0,0,0,3,167666 ns,148542,1152,1152,2432,2819,2819
64,28,butterfly-check,recompute,ntt,mul-output,5,46,24,3,PASS,FAIL,yes,yes,6.01630189e2,2.87293993e2,3.12143933e2,9.73181999e1,-39.76388135,1152,3,0,0,0,0,3,169250 ns,149918,1152,1152,2432,2819,2819
64,28,butterfly-check,recompute,ntt,mul-output,5,46,26,3,PASS,FAIL,yes,yes,5.88283719e2,2.45872955e2,2.87497052e2,8.96339559e1,-39.04945128,1152,3,0,0,0,0,3,134417 ns,119788,1152,1152,2432,2819,2819
64,28,butterfly-check,recompute,ntt,mul-output,5,53,0,3,PASS,FAIL,yes,yes,5.45507642e2,2.71005763e2,3.05919570e2,9.53776086e1,-39.58892859,1152,3,0,0,0,0,3,166834 ns,146166,1152,1152,2432,2819,2819
64,28,butterfly-check,recompute,ntt,mul-output,5,53,8,3,PASS,FAIL,yes,yes,5.56885907e2,2.65558454e2,2.92018850e2,9.10437326e1,-39.18500110,1152,3,0,0,0,0,3,167834 ns,149456,1152,1152,2432,2819,2819
64,28,butterfly-check,recompute,ntt,mul-output,5,53,24,3,PASS,FAIL,yes,yes,5.27115351e2,2.65436910e2,2.95136466e2,9.20157228e1,-39.27724084,1152,3,0,0,0,0,3,181626 ns,161292,1152,1152,2432,2819,2819
64,28,butterfly-check,recompute,ntt,mul-output,5,53,26,3,PASS,FAIL,yes,yes,8.31087133e2,2.73813885e2,3.13641079e2,9.77849702e1,-39.80544215,1152,3,0,0,0,0,3,170292 ns,150376,1152,1152,2432,2819,2819
64,28,butterfly-check,recompute,ntt,mul-output,5,55,0,3,PASS,FAIL,yes,yes,4.70628285e2,2.62334372e2,2.86494324e2,8.93213321e1,-39.01910383,1152,3,0,0,0,0,3,182124 ns,160249,1152,1152,2432,2819,2819
64,28,butterfly-check,recompute,ntt,mul-output,5,55,8,3,PASS,FAIL,yes,yes,5.16430206e2,2.51087155e2,2.81088778e2,8.76360263e1,-38.85365354,1152,3,0,0,0,0,3,169416 ns,150125,1152,1152,2432,2819,2819
64,28,butterfly-check,recompute,ntt,mul-output,5,55,24,3,PASS,FAIL,yes,yes,5.34989787e2,2.73582288e2,2.90675169e2,9.06248087e1,-39.14494206,1152,3,0,0,0,0,3,182499 ns,161709,1152,1152,2432,2819,2819
64,28,butterfly-check,recompute,ntt,mul-output,5,55,26,3,PASS,FAIL,yes,yes,5.40502165e2,2.55046721e2,2.93872667e2,9.16217036e1,-39.23996726,1152,3,0,0,0,0,3,128709 ns,114122,1152,1152,2432,2819,2819
64,28,butterfly-check,recompute,ntt,mul-output,5,57,0,3,PASS,FAIL,yes,yes,5.17921566e2,2.58932735e2,2.86666147e2,8.93749020e1,-39.02431157,1152,3,0,0,0,0,3,159624 ns,140665,1152,1152,2432,2819,2819
64,28,butterfly-check,recompute,ntt,mul-output,5,57,8,3,PASS,FAIL,yes,yes,6.18029126e2,2.80135525e2,3.10656037e2,9.68543132e1,-39.72237932,1152,3,0,0,0,0,3,181833 ns,161455,1152,1152,2432,2819,2819
64,28,butterfly-check,recompute,ntt,mul-output,5,57,24,3,PASS,FAIL,yes,yes,6.54117677e2,2.61111942e2,2.97718477e2,9.28207253e1,-39.35289915,1152,3,0,0,0,0,3,124417 ns,110581,1152,1152,2432,2819,2819
64,28,butterfly-check,recompute,ntt,mul-output,5,57,26,3,PASS,FAIL,yes,yes,6.45147860e2,2.82332846e2,3.25917075e2,1.01612300e2,-40.13892566,1152,3,0,0,0,0,3,168543 ns,149498,1152,1152,2432,2819,2819
64,28,butterfly-check,recompute,ntt,mul-output,5,60,0,3,PASS,FAIL,yes,yes,6.26460838e2,2.48396317e2,2.86181125e2,8.92236849e1,-39.00960311,1152,3,0,0,0,0,3,182375 ns,161959,1152,1152,2432,2819,2819
64,28,butterfly-check,recompute,ntt,mul-output,5,60,8,3,PASS,FAIL,yes,yes,5.86124400e2,2.72398852e2,3.05604166e2,9.52792739e1,-39.57996878,1152,3,0,0,0,0,3,170543 ns,150209,1152,1152,2432,2819,2819
64,28,butterfly-check,recompute,ntt,mul-output,5,60,24,3,PASS,FAIL,yes,yes,6.49466242e2,2.59918011e2,2.99282875e2,9.33084631e1,-39.39842072,1152,3,0,0,0,0,3,183332 ns,162374,1152,1152,2432,2819,2819
64,28,butterfly-check,recompute,ntt,mul-output,5,60,26,3,PASS,FAIL,yes,yes,4.96201840e2,2.47611475e2,2.73939086e2,8.54069418e1,-38.62986343,1152,3,0,0,0,0,3,181292 ns,161042,1152,1152,2432,2819,2819
64,28,butterfly-check,recompute,ntt,mul-output,5,61,0,3,PASS,FAIL,yes,yes,5.10791382e2,2.56750772e2,2.81022825e2,8.76154636e1,-38.85161527,1152,3,0,0,0,0,3,131209 ns,116121,1152,1152,2432,2819,2819
64,28,butterfly-check,recompute,ntt,mul-output,5,61,8,3,PASS,FAIL,yes,yes,4.63414768e2,2.46102321e2,2.76408785e2,8.61769285e1,-38.70782022,1152,3,0,0,0,0,3,139708 ns,124452,1152,1152,2432,2819,2819
64,28,butterfly-check,recompute,ntt,mul-output,5,61,24,3,PASS,FAIL,yes,yes,4.19544386e2,2.64431237e2,2.76651350e2,8.62525536e1,-38.71543924,1152,3,0,0,0,0,3,181291 ns,161001,1152,1152,2432,2819,2819
64,28,butterfly-check,recompute,ntt,mul-output,5,61,26,3,PASS,FAIL,yes,yes,5.17003645e2,2.68242174e2,2.97095518e2,9.26265031e1,-39.33470537,1152,3,0,0,0,0,3,130625 ns,116248,1152,1152,2432,2819,2819
64,28,butterfly-check,recompute,ntt,mul-output,5,62,0,3,PASS,FAIL,yes,yes,6.15408522e2,2.53943892e2,2.80501343e2,8.74528795e1,-38.83548228,1152,3,0,0,0,0,3,182626 ns,161915,1152,1152,2432,2819,2819
64,28,butterfly-check,recompute,ntt,mul-output,5,62,8,3,PASS,FAIL,yes,yes,4.94500025e2,2.52700999e2,2.83321841e2,8.83322358e1,-38.92238446,1152,3,0,0,0,0,3,169459 ns,149418,1152,1152,2432,2819,2819
64,28,butterfly-check,recompute,ntt,mul-output,5,62,24,3,PASS,FAIL,yes,yes,5.30620102e2,2.24087884e2,2.64832090e2,8.25676221e1,-38.33619554,1152,3,0,0,0,0,3,169500 ns,151250,1152,1152,2432,2819,2819
64,28,butterfly-check,recompute,ntt,mul-output,5,62,26,3,PASS,FAIL,yes,yes,4.98642181e2,2.26715498e2,2.54262699e2,7.92723663e1,-37.98243644,1152,3,0,0,0,0,3,180250 ns,160377,1152,1152,2432,2819,2819
64,28,butterfly-check,recompute,ntt,mul-output,5,63,0,3,PASS,FAIL,yes,yes,6.56834653e2,2.71670440e2,3.15640774e2,9.84084221e1,-39.86064537,1152,3,0,0,0,0,3,168249 ns,148874,1152,1152,2432,2819,2819
64,28,butterfly-check,recompute,ntt,mul-output,5,63,8,3,PASS,FAIL,yes,yes,5.75537231e2,2.49354872e2,2.79636441e2,8.71832261e1,-38.80865871,1152,3,0,0,0,0,3,199043 ns,176581,1152,1152,2432,2819,2819
64,28,butterfly-check,recompute,ntt,mul-output,5,63,24,3,PASS,FAIL,yes,yes,5.86708780e2,2.57390989e2,2.87739912e2,8.97096735e1,-39.05678552,1152,3,0,0,0,0,3,168541 ns,149918,1152,1152,2432,2819,2819
64,28,butterfly-check,recompute,ntt,mul-output,5,63,26,3,PASS,FAIL,yes,yes,5.32303333e2,2.43948582e2,2.79935576e2,8.72764885e1,-38.81794528,1152,3,0,0,0,0,3,181834 ns,161584,1152,1152,2432,2819,2819
64,28,butterfly-check,recompute,ntt,add-output,0,2,0,1,PASS,FAIL,yes,yes,6.44524536e2,2.49132312e2,2.82844917e2,8.81835437e1,-38.90775094,1152,3,0,0,0,0,3,136041 ns,121416,1152,1152,2432,2819,2819
64,28,butterfly-check,recompute,ntt,add-output,0,2,8,1,PASS,FAIL,yes,yes,5.04663089e2,2.70192614e2,3.00966764e2,9.38334549e1,-39.44715414,1152,3,0,0,0,0,3,183207 ns,161751,1152,1152,2432,2819,2819
64,28,butterfly-check,recompute,ntt,add-output,0,2,24,1,PASS,FAIL,yes,yes,5.03195727e2,2.64137085e2,2.99245831e2,9.32969136e1,-39.39734553,1152,3,0,0,0,0,3,182375 ns,161960,1152,1152,2432,2819,2819
64,28,butterfly-check,recompute,ntt,add-output,0,2,26,1,PASS,FAIL,yes,yes,5.76726079e2,2.59415458e2,2.93976358e2,9.16540318e1,-39.24303148,1152,3,0,0,0,0,3,182125 ns,162001,1152,1152,2432,2819,2819
64,28,butterfly-check,recompute,ntt,add-output,0,4,0,1,PASS,FAIL,yes,yes,5.85748703e2,2.73823215e2,3.15542805e2,9.83778781e1,-39.85794902,1152,3,0,0,0,0,3,132083 ns,116789,1152,1152,2432,2819,2819
64,28,butterfly-check,recompute,ntt,add-output,0,4,8,1,PASS,FAIL,yes,yes,6.07181685e2,2.88466460e2,3.15463924e2,9.83532851e1,-39.85577740,1152,3,0,0,0,0,3,169125 ns,150458,1152,1152,2432,2819,2819
64,28,butterfly-check,recompute,ntt,add-output,0,4,24,1,PASS,FAIL,yes,yes,4.90117378e2,2.60177124e2,2.90150377e2,9.04611925e1,-39.12924617,1152,3,0,0,0,0,3,182248 ns,162084,1152,1152,2432,2819,2819
64,28,butterfly-check,recompute,ntt,add-output,0,4,26,1,PASS,FAIL,yes,yes,5.37864599e2,2.42263362e2,2.90801406e2,9.06641660e1,-39.14871342,1152,3,0,0,0,0,3,181999 ns,161831,1152,1152,2432,2819,2819
64,28,butterfly-check,recompute,ntt,add-output,0,7,0,1,PASS,FAIL,no,no,6.75983122e2,2.67773683e2,3.07511136e2,9.58738167e1,-39.63400034,1152,0,0,0,0,0,0,182001 ns,160958,1152,1152,2432,2819,2819
64,28,butterfly-check,recompute,ntt,add-output,0,7,8,1,PASS,FAIL,no,no,4.34013907e2,2.35640804e2,2.54761999e2,7.94280346e1,-37.99947632,1152,0,0,0,0,0,0,181917 ns,161581,1152,1152,2432,2819,2819
64,28,butterfly-check,recompute,ntt,add-output,0,7,24,1,PASS,FAIL,no,no,5.77638676e2,2.58168851e2,2.82193893e2,8.79805718e1,-38.88773560,1152,0,0,0,0,0,0,181000 ns,160581,1152,1152,2432,2819,2819
64,28,butterfly-check,recompute,ntt,add-output,0,7,26,1,PASS,FAIL,no,no,5.99441902e2,2.72878019e2,3.04036273e2,9.47904466e1,-39.53529138,1152,0,0,0,0,0,0,130500 ns,115666,1152,1152,2432,2819,2819
64,28,butterfly-check,recompute,ntt,add-output,0,8,0,1,PASS,FAIL,yes,yes,5.13283818e2,2.42030188e2,2.75356417e2,8.58488282e1,-38.67468743,1152,3,0,0,0,0,3,199374 ns,177335,1152,1152,2432,2819,2819
64,28,butterfly-check,recompute,ntt,add-output,0,8,8,1,PASS,FAIL,yes,yes,5.54549011e2,2.33242100e2,2.64826512e2,8.25658829e1,-38.33601259,1152,3,0,0,0,0,3,168460 ns,149626,1152,1152,2432,2819,2819
64,28,butterfly-check,recompute,ntt,add-output,0,8,24,1,PASS,FAIL,yes,yes,6.59879501e2,2.71165664e2,3.17003798e2,9.88333767e1,-39.89807267,1152,3,0,0,0,0,3,182750 ns,162249,1152,1152,2432,2819,2819
64,28,butterfly-check,recompute,ntt,add-output,0,8,26,1,PASS,FAIL,yes,yes,6.17591797e2,2.83805301e2,3.20390200e2,9.98891673e1,-39.99036786,1152,3,0,0,0,0,3,181291 ns,161128,1152,1152,2432,2819,2819
64,28,butterfly-check,recompute,ntt,add-output,0,10,0,1,PASS,FAIL,yes,yes,6.87142534e2,2.70722397e2,3.14646801e2,9.80985276e1,-39.83324978,1152,3,0,0,0,0,3,200043 ns,176625,1152,1152,2432,2819,2819
64,28,butterfly-check,recompute,ntt,add-output,0,10,8,1,PASS,FAIL,yes,yes,5.02835007e2,2.65380205e2,2.95349591e2,9.20821694e1,-39.28351085,1152,3,0,0,0,0,3,182374 ns,161751,1152,1152,2432,2819,2819
64,28,butterfly-check,recompute,ntt,add-output,0,10,24,1,PASS,FAIL,yes,yes,5.41033184e2,2.49548200e2,2.81169390e2,8.76611589e1,-38.85614416,1152,3,0,0,0,0,3,130501 ns,115832,1152,1152,2432,2819,2819
64,28,butterfly-check,recompute,ntt,add-output,0,10,26,1,PASS,FAIL,yes,yes,7.17891023e2,2.73706707e2,3.07935713e2,9.60061883e1,-39.64598455,1152,3,0,0,0,0,3,131958 ns,116916,1152,1152,2432,2819,2819
64,28,butterfly-check,recompute,ntt,add-output,0,12,0,1,PASS,FAIL,yes,yes,6.04214891e2,2.92982567e2,3.23362939e2,1.00815988e2,-40.07058825,1152,3,0,0,0,0,3,169583 ns,149916,1152,1152,2432,2819,2819
64,28,butterfly-check,recompute,ntt,add-output,0,12,8,1,PASS,FAIL,yes,yes,8.00353027e2,2.67783189e2,3.17858689e2,9.90999091e1,-39.92146512,1152,3,0,0,0,0,3,182542 ns,161333,1152,1152,2432,2819,2819
64,28,butterfly-check,recompute,ntt,add-output,0,12,24,1,PASS,FAIL,yes,yes,6.48962296e2,2.62814564e2,2.95057791e2,9.19911940e1,-39.27492512,1152,3,0,0,0,0,3,167500 ns,148624,1152,1152,2432,2819,2819
64,28,butterfly-check,recompute,ntt,add-output,0,12,26,1,PASS,FAIL,yes,yes,6.20868788e2,2.69127510e2,3.06359571e2,9.55147891e1,-39.60141242,1152,3,0,0,0,0,3,179834 ns,160207,1152,1152,2432,2819,2819
64,28,butterfly-check,recompute,ntt,add-output,0,14,0,1,PASS,FAIL,yes,yes,5.27711938e2,2.51411102e2,2.89433909e2,9.02378165e1,-39.10777157,1152,3,0,0,0,0,3,206251 ns,183373,1152,1152,2432,2819,2819
64,28,butterfly-check,recompute,ntt,add-output,0,14,8,1,PASS,FAIL,yes,yes,5.94952262e2,2.64956972e2,2.96082410e2,9.23106429e1,-39.30503551,1152,3,0,0,0,0,3,143582 ns,127708,1152,1152,2432,2819,2819
64,28,butterfly-check,recompute,ntt,add-output,0,14,24,1,PASS,FAIL,yes,yes,8.12269536e2,2.61959172e2,3.01671108e2,9.40530507e1,-39.46745773,1152,3,0,0,0,0,3,182375 ns,161415,1152,1152,2432,2819,2819
64,28,butterfly-check,recompute,ntt,add-output,0,14,26,1,PASS,FAIL,yes,yes,6.13546316e2,2.82977320e2,3.17401641e2,9.89574137e1,-39.90896672,1152,3,0,0,0,0,3,133209 ns,118127,1152,1152,2432,2819,2819
64,28,butterfly-check,recompute,ntt,add-output,0,16,0,1,PASS,FAIL,yes,yes,5.85710559e2,2.61407788e2,3.02233818e2,9.42284889e1,-39.48364454,1152,3,0,0,0,0,3,167667 ns,148709,1152,1152,2432,2819,2819
64,28,butterfly-check,recompute,ntt,add-output,0,16,8,1,PASS,FAIL,yes,yes,4.62453973e2,2.58919014e2,2.80111612e2,8.73313716e1,-38.82340562,1152,3,0,0,0,0,3,170750 ns,150122,1152,1152,2432,2819,2819
64,28,butterfly-check,recompute,ntt,add-output,0,16,24,1,PASS,FAIL,yes,yes,7.23115814e2,2.44142252e2,2.84783963e2,8.87880869e1,-38.96709397,1152,3,0,0,0,0,3,181000 ns,160669,1152,1152,2432,2819,2819
64,28,butterfly-check,recompute,ntt,add-output,0,16,26,1,PASS,FAIL,yes,yes,5.52394056e2,2.87187437e2,3.17569093e2,9.90096208e1,-39.91354794,1152,3,0,0,0,0,3,132708 ns,117583,1152,1152,2432,2819,2819
64,28,butterfly-check,recompute,ntt,add-output,0,18,0,1,PASS,FAIL,yes,yes,7.13332765e2,2.81804965e2,3.17782796e2,9.90762477e1,-39.91939101,1152,3,0,0,0,0,3,125918 ns,111419,1152,1152,2432,2819,2819
64,28,butterfly-check,recompute,ntt,add-output,0,18,8,1,PASS,FAIL,yes,yes,9.56533596e2,2.71333298e2,3.14687770e2,9.81113008e1,-39.83438067,1152,3,0,0,0,0,3,181916 ns,161749,1152,1152,2432,2819,2819
64,28,butterfly-check,recompute,ntt,add-output,0,18,24,1,PASS,FAIL,yes,yes,6.23290324e2,2.49253869e2,2.82278893e2,8.80070726e1,-38.89035150,1152,3,0,0,0,0,3,131999 ns,116625,1152,1152,2432,2819,2819
64,28,butterfly-check,recompute,ntt,add-output,0,18,26,1,PASS,FAIL,yes,yes,7.65625595e2,2.52023762e2,2.93080580e2,9.13747518e1,-39.21652421,1152,3,0,0,0,0,3,182831 ns,161624,1152,1152,2432,2819,2819
64,28,butterfly-check,recompute,ntt,add-output,0,21,0,1,PASS,FAIL,no,no,5.79176321e2,2.68338393e2,2.99929033e2,9.35099181e1,-39.41715353,1152,0,0,0,0,0,0,181041 ns,160623,1152,1152,2432,2819,2819
64,28,butterfly-check,recompute,ntt,add-output,0,21,8,1,PASS,FAIL,no,no,5.55577336e2,2.60646252e2,2.83329868e2,8.83347386e1,-38.92263056,1152,0,0,0,0,0,0,183958 ns,162498,1152,1152,2432,2819,2819
64,28,butterfly-check,recompute,ntt,add-output,0,21,24,1,PASS,FAIL,no,no,7.05014930e2,2.45102929e2,2.79420873e2,8.71160176e1,-38.80196028,1152,0,0,0,0,0,0,128500 ns,113961,1152,1152,2432,2819,2819
64,28,butterfly-check,recompute,ntt,add-output,0,21,26,1,PASS,FAIL,no,no,5.93064258e2,2.53147471e2,2.88640428e2,8.99904304e1,-39.08392657,1152,0,0,0,0,0,0,128293 ns,113410,1152,1152,2432,2819,2819
64,28,butterfly-check,recompute,ntt,add-output,0,22,0,1,PASS,FAIL,yes,yes,5.70536753e2,2.60672826e2,2.93353844e2,9.14599485e1,-39.22461905,1152,3,0,0,0,0,3,183084 ns,162164,1152,1152,2432,2819,2819
64,28,butterfly-check,recompute,ntt,add-output,0,22,8,1,PASS,FAIL,yes,yes,7.72385864e2,2.50836257e2,2.90398779e2,9.05386377e1,-39.13667911,1152,3,0,0,0,0,3,169001 ns,149207,1152,1152,2432,2819,2819
64,28,butterfly-check,recompute,ntt,add-output,0,22,24,1,PASS,FAIL,yes,yes,6.20119618e2,2.79808224e2,3.12929956e2,9.75632609e1,-39.78572615,1152,3,0,0,0,0,3,200500 ns,177420,1152,1152,2432,2819,2819
64,28,butterfly-check,recompute,ntt,add-output,0,22,26,1,PASS,FAIL,yes,yes,5.62622083e2,2.83596164e2,3.09488995e2,9.64904605e1,-39.68968758,1152,3,0,0,0,0,3,167709 ns,149751,1152,1152,2432,2819,2819
64,28,butterfly-check,recompute,ntt,add-output,0,27,0,1,PASS,FAIL,no,no,5.42728582e2,2.51372058e2,2.83902412e2,8.85132427e1,-38.94016503,1152,0,0,0,0,0,0,182750 ns,160833,1152,1152,2432,2819,2819
64,28,butterfly-check,recompute,ntt,add-output,0,27,8,1,PASS,FAIL,no,no,6.03149462e2,2.58019119e2,2.90113943e2,9.04498332e1,-39.12815540,1152,0,0,0,0,0,0,168000 ns,149711,1152,1152,2432,2819,2819
64,28,butterfly-check,recompute,ntt,add-output,0,27,24,1,PASS,FAIL,no,no,5.45704217e2,2.70122254e2,2.98184865e2,9.29661325e1,-39.36649529,1152,0,0,0,0,0,0,168207 ns,149166,1152,1152,2432,2819,2819
64,28,butterfly-check,recompute,ntt,add-output,0,27,26,1,PASS,FAIL,no,no,6.01490492e2,2.56208003e2,2.90833619e2,9.06742090e1,-39.14967552,1152,0,0,0,0,0,0,133168 ns,117786,1152,1152,2432,2819,2819
64,28,butterfly-check,recompute,ntt,add-output,0,28,0,1,PASS,FAIL,yes,yes,5.42451275e2,2.47291710e2,2.72961041e2,8.51020133e1,-38.59879669,1152,3,0,0,0,0,3,131626 ns,117085,1152,1152,2432,2819,2819
64,28,butterfly-check,recompute,ntt,add-output,0,28,8,1,PASS,FAIL,yes,yes,5.26199816e2,2.85008687e2,3.15520119e2,9.83708051e1,-39.85732452,1152,3,0,0,0,0,3,156292 ns,139332,1152,1152,2432,2819,2819
64,28,butterfly-check,recompute,ntt,add-output,0,28,24,1,PASS,FAIL,yes,yes,7.81958678e2,2.73694845e2,3.11868095e2,9.72322010e1,-39.75620233,1152,3,0,0,0,0,3,168583 ns,149336,1152,1152,2432,2819,2819
64,28,butterfly-check,recompute,ntt,add-output,0,28,26,1,PASS,FAIL,yes,yes,5.52887477e2,2.61103703e2,2.98119262e2,9.29456795e1,-39.36458414,1152,3,0,0,0,0,3,182375 ns,161540,1152,1152,2432,2819,2819
64,28,butterfly-check,recompute,ntt,add-output,0,29,0,1,PASS,FAIL,no,no,6.45506252e2,2.56315750e2,2.94042573e2,9.16746759e1,-39.24498767,1152,0,0,0,0,0,0,130125 ns,115248,1152,1152,2432,2819,2819
64,28,butterfly-check,recompute,ntt,add-output,0,29,8,1,PASS,FAIL,no,no,7.23760993e2,2.39697491e2,2.84163242e2,8.85945625e1,-38.94814136,1152,0,0,0,0,0,0,180125 ns,159915,1152,1152,2432,2819,2819
64,28,butterfly-check,recompute,ntt,add-output,0,29,24,1,PASS,FAIL,no,no,5.50012893e2,2.58681475e2,2.94075618e2,9.16849784e1,-39.24596374,1152,0,0,0,0,0,0,168332 ns,149211,1152,1152,2432,2819,2819
64,28,butterfly-check,recompute,ntt,add-output,0,29,26,1,PASS,FAIL,no,no,1.04324592e3,2.44958289e2,3.17762753e2,9.90699989e1,-39.91884316,1152,0,0,0,0,0,0,131334 ns,116331,1152,1152,2432,2819,2819
64,28,butterfly-check,recompute,ntt,add-output,0,30,0,1,PASS,FAIL,yes,yes,6.61099242e2,2.41965190e2,2.87756469e2,8.97148352e1,-39.05728528,1152,3,0,0,0,0,3,133417 ns,118498,1152,1152,2432,2819,2819
64,28,butterfly-check,recompute,ntt,add-output,0,30,8,1,PASS,FAIL,yes,yes,9.84092103e2,2.44894356e2,3.09335341e2,9.64425552e1,-39.68537417,1152,3,0,0,0,0,3,182667 ns,161372,1152,1152,2432,2819,2819
64,28,butterfly-check,recompute,ntt,add-output,0,30,24,1,PASS,FAIL,yes,yes,4.51765851e2,2.85578380e2,3.07614023e2,9.59058942e1,-39.63690598,1152,3,0,0,0,0,3,182833 ns,162416,1152,1152,2432,2819,2819
64,28,butterfly-check,recompute,ntt,add-output,0,30,26,1,PASS,FAIL,yes,yes,6.32984142e2,2.85735614e2,3.15714296e2,9.84313444e1,-39.86266833,1152,3,0,0,0,0,3,181501 ns,161542,1152,1152,2432,2819,2819
64,28,butterfly-check,recompute,ntt,add-output,0,32,0,1,PASS,FAIL,yes,yes,5.97405803e2,2.48992414e2,2.90611639e2,9.06050018e1,-39.14304346,1152,3,0,0,0,0,3,168583 ns,149914,1152,1152,2432,2819,2819
64,28,butterfly-check,recompute,ntt,add-output,0,32,8,1,PASS,FAIL,yes,yes,6.35294468e2,3.03592339e2,3.35710017e2,1.04665480e2,-40.39606938,1152,3,0,0,0,0,3,134249 ns,119333,1152,1152,2432,2819,2819
64,28,butterfly-check,recompute,ntt,add-output,0,32,24,1,PASS,FAIL,yes,yes,4.49469872e2,2.39413508e2,2.64814085e2,8.25620086e1,-38.33560501,1152,3,0,0,0,0,3,169625 ns,149876,1152,1152,2432,2819,2819
64,28,butterfly-check,recompute,ntt,add-output,0,32,26,1,PASS,FAIL,yes,yes,6.09343499e2,2.50037023e2,2.85150479e2,8.89023567e1,-38.97826548,1152,3,0,0,0,0,3,132002 ns,116536,1152,1152,2432,2819,2819
64,28,butterfly-check,recompute,ntt,add-output,0,33,0,1,PASS,FAIL,no,no,5.68562296e2,2.64684342e2,2.96391064e2,9.24068730e1,-39.31408548,1152,0,0,0,0,0,0,181793 ns,160748,1152,1152,2432,2819,2819
64,28,butterfly-check,recompute,ntt,add-output,0,33,8,1,PASS,FAIL,no,no,5.49185619e2,2.75327847e2,3.09611607e2,9.65286879e1,-39.69312806,1152,0,0,0,0,0,0,392167 ns,343004,1152,1152,2432,2819,2819
64,28,butterfly-check,recompute,ntt,add-output,0,33,24,1,PASS,FAIL,no,no,5.70877260e2,2.93992007e2,3.17288880e2,9.89222579e1,-39.90588041,1152,0,0,0,0,0,0,199376 ns,176419,1152,1152,2432,2819,2819
64,28,butterfly-check,recompute,ntt,add-output,0,33,26,1,PASS,FAIL,no,no,5.21734039e2,2.71928115e2,2.96945776e2,9.25798177e1,-39.33032642,1152,0,0,0,0,0,0,220833 ns,196751,1152,1152,2432,2819,2819
64,28,butterfly-check,recompute,ntt,add-output,0,35,0,1,PASS,FAIL,no,no,5.96175359e2,2.90875359e2,3.24757796e2,1.01250868e2,-40.10797509,1152,0,0,0,0,0,0,198541 ns,176250,1152,1152,2432,2819,2819
64,28,butterfly-check,recompute,ntt,add-output,0,35,8,1,PASS,FAIL,no,no,4.71655298e2,2.49718023e2,2.77541425e2,8.65300556e1,-38.74333965,1152,0,0,0,0,0,0,182208 ns,161627,1152,1152,2432,2819,2819
64,28,butterfly-check,recompute,ntt,add-output,0,35,24,1,PASS,FAIL,no,no,7.50026544e2,2.72273670e2,3.07764801e2,9.59529025e1,-39.64116233,1152,0,0,0,0,0,0,129501 ns,114628,1152,1152,2432,2819,2819
64,28,butterfly-check,recompute,ntt,add-output,0,35,26,1,PASS,FAIL,no,no,5.68053368e2,2.50554019e2,2.93979504e2,9.16550125e1,-39.24312442,1152,0,0,0,0,0,0,199959 ns,178128,1152,1152,2432,2819,2819
64,28,butterfly-check,recompute,ntt,add-output,0,38,0,1,PASS,FAIL,yes,yes,7.64482849e2,2.67741316e2,3.05559385e2,9.52653124e1,-39.57869592,1152,3,0,0,0,0,3,287833 ns,255878,1152,1152,2432,2819,2819
64,28,butterfly-check,recompute,ntt,add-output,0,38,8,1,PASS,FAIL,yes,yes,5.82123547e2,2.81609994e2,3.11062578e2,9.69810619e1,-39.73373871,1152,3,0,0,0,0,3,198501 ns,176502,1152,1152,2432,2819,2819
64,28,butterfly-check,recompute,ntt,add-output,0,38,24,1,PASS,FAIL,yes,yes,5.17291520e2,2.56146700e2,2.93819096e2,9.16050017e1,-39.23838374,1152,3,0,0,0,0,3,133833 ns,118081,1152,1152,2432,2819,2819
64,28,butterfly-check,recompute,ntt,add-output,0,38,26,1,PASS,FAIL,yes,yes,4.85910743e2,2.35770808e2,2.61883395e2,8.16482971e1,-38.23894263,1152,3,0,0,0,0,3,130873 ns,116003,1152,1152,2432,2819,2819
64,28,butterfly-check,recompute,ntt,add-output,0,39,0,1,PASS,FAIL,no,no,5.44654592e2,2.45659349e2,2.75435076e2,8.58733517e1,-38.67716828,1152,0,0,0,0,0,0,151793 ns,135416,1152,1152,2432,2819,2819
64,28,butterfly-check,recompute,ntt,add-output,0,39,8,1,PASS,FAIL,no,no,6.52548134e2,2.64665411e2,3.00168105e2,9.35844544e1,-39.42407425,1152,0,0,0,0,0,0,132000 ns,117456,1152,1152,2432,2819,2819
64,28,butterfly-check,recompute,ntt,add-output,0,39,24,1,PASS,FAIL,no,no,7.07828972e2,2.80107757e2,3.13107193e2,9.76185188e1,-39.79064427,1152,0,0,0,0,0,0,126667 ns,112378,1152,1152,2432,2819,2819
64,28,butterfly-check,recompute,ntt,add-output,0,39,26,1,PASS,FAIL,no,no,5.57199545e2,2.48963803e2,2.87273596e2,8.95642884e1,-39.04269760,1152,0,0,0,0,0,0,154416 ns,138292,1152,1152,2432,2819,2819
64,28,butterfly-check,recompute,ntt,add-output,0,40,0,1,PASS,FAIL,yes,yes,6.07780126e2,2.60443634e2,2.99306827e2,9.33159308e1,-39.39911584,1152,3,0,0,0,0,3,396333 ns,350707,1152,1152,2432,2819,2819
64,28,butterfly-check,recompute,ntt,add-output,0,40,8,1,PASS,FAIL,yes,yes,6.69073124e2,2.86113794e2,3.20085084e2,9.97940400e1,-39.98209210,1152,3,0,0,0,0,3,123291 ns,109624,1152,1152,2432,2819,2819
64,28,butterfly-check,recompute,ntt,add-output,0,40,24,1,PASS,FAIL,yes,yes,5.96615151e2,2.36200501e2,2.68754111e2,8.37904042e1,-38.46388571,1152,3,0,0,0,0,3,199376 ns,176919,1152,1152,2432,2819,2819
64,28,butterfly-check,recompute,ntt,add-output,0,40,26,1,PASS,FAIL,yes,yes,6.10450787e2,2.72713619e2,3.04225389e2,9.48494079e1,-39.54069248,1152,3,0,0,0,0,3,217709 ns,194332,1152,1152,2432,2819,2819
64,28,butterfly-check,recompute,ntt,add-output,0,41,0,1,PASS,FAIL,no,no,6.10894435e2,2.76533268e2,3.09747686e2,9.65711137e1,-39.69694480,1152,0,0,0,0,0,0,130917 ns,116379,1152,1152,2432,2819,2819
64,28,butterfly-check,recompute,ntt,add-output,0,41,8,1,PASS,FAIL,no,no,5.78511357e2,2.74011190e2,3.05143850e2,9.51357596e1,-39.56687580,1152,0,0,0,0,0,0,168208 ns,149712,1152,1152,2432,2819,2819
64,28,butterfly-check,recompute,ntt,add-output,0,41,24,1,PASS,FAIL,no,no,6.18543246e2,2.51650639e2,2.89856788e2,9.03696590e1,-39.12045287,1152,0,0,0,0,0,0,221043 ns,196208,1152,1152,2432,2819,2819
64,28,butterfly-check,recompute,ntt,add-output,0,41,26,1,PASS,FAIL,no,no,6.71011400e2,2.67487716e2,3.01424411e2,9.39761372e1,-39.46035179,1152,0,0,0,0,0,0,220626 ns,196039,1152,1152,2432,2819,2819
64,28,butterfly-check,recompute,ntt,add-output,0,45,0,1,PASS,FAIL,no,no,6.49160592e2,2.44541896e2,2.77884351e2,8.66369709e1,-38.75406519,1152,0,0,0,0,0,0,130292 ns,115711,1152,1152,2432,2819,2819
64,28,butterfly-check,recompute,ntt,add-output,0,45,8,1,PASS,FAIL,no,no,5.05957977e2,2.44480252e2,2.74761606e2,8.56633818e1,-38.65590431,1152,0,0,0,0,0,0,169332 ns,149748,1152,1152,2432,2819,2819
64,28,butterfly-check,recompute,ntt,add-output,0,45,24,1,PASS,FAIL,no,no,4.47816348e2,2.35083220e2,2.66381996e2,8.30508414e1,-38.38688073,1152,0,0,0,0,0,0,220291 ns,195464,1152,1152,2432,2819,2819
64,28,butterfly-check,recompute,ntt,add-output,0,45,26,1,PASS,FAIL,no,no,5.72160172e2,2.60117858e2,2.88849133e2,9.00554991e1,-39.09020475,1152,0,0,0,0,0,0,227209 ns,201541,1152,1152,2432,2819,2819
64,28,butterfly-check,recompute,ntt,add-output,0,47,0,1,PASS,FAIL,no,no,5.41885956e2,2.58538787e2,2.94526645e2,9.18255966e1,-39.25927517,1152,0,0,0,0,0,0,189625 ns,167998,1152,1152,2432,2819,2819
64,28,butterfly-check,recompute,ntt,add-output,0,47,8,1,PASS,FAIL,no,no,7.96235633e2,2.76881469e2,3.16000282e2,9.85205072e1,-39.87053278,1152,0,0,0,0,0,0,132957 ns,116998,1152,1152,2432,2819,2819
64,28,butterfly-check,recompute,ntt,add-output,0,47,24,1,PASS,FAIL,no,no,5.63956883e2,2.67642442e2,2.96589909e2,9.24688677e1,-39.31991080,1152,0,0,0,0,0,0,220626 ns,196038,1152,1152,2432,2819,2819
64,28,butterfly-check,recompute,ntt,add-output,0,47,26,1,PASS,FAIL,no,no,5.78800431e2,2.67191953e2,3.02369700e2,9.42708533e1,-39.48754876,1152,0,0,0,0,0,0,130749 ns,115833,1152,1152,2432,2819,2819
64,28,butterfly-check,recompute,ntt,add-output,0,53,0,1,PASS,FAIL,no,no,6.23715210e2,2.87501039e2,3.23209853e2,1.00768260e2,-40.06647521,1152,0,0,0,0,0,0,122166 ns,108461,1152,1152,2432,2819,2819
64,28,butterfly-check,recompute,ntt,add-output,0,53,8,1,PASS,FAIL,no,no,5.96686150e2,2.90002895e2,3.15690622e2,9.84239634e1,-39.86201699,1152,0,0,0,0,0,0,199583 ns,177420,1152,1152,2432,2819,2819
64,28,butterfly-check,recompute,ntt,add-output,0,53,24,1,PASS,FAIL,no,no,5.26952211e2,2.85581797e2,3.12074936e2,9.72966885e1,-39.76196118,1152,0,0,0,0,0,0,180709 ns,160377,1152,1152,2432,2819,2819
64,28,butterfly-check,recompute,ntt,add-output,0,53,26,1,PASS,FAIL,no,no,7.21167692e2,2.73865527e2,3.01447737e2,9.39834096e1,-39.46102393,1152,0,0,0,0,0,0,130626 ns,115335,1152,1152,2432,2819,2819
64,28,butterfly-check,recompute,ntt,add-output,0,54,0,1,PASS,FAIL,yes,yes,5.89346472e2,2.76810442e2,3.09445684e2,9.64769575e1,-39.68847198,1152,3,0,0,0,0,3,167626 ns,148919,1152,1152,2432,2819,2819
64,28,butterfly-check,recompute,ntt,add-output,0,54,8,1,PASS,FAIL,yes,yes,5.80025862e2,2.62151890e2,2.96941683e2,9.25785415e1,-39.33020669,1152,3,0,0,0,0,3,182625 ns,162250,1152,1152,2432,2819,2819
64,28,butterfly-check,recompute,ntt,add-output,0,54,24,1,PASS,FAIL,yes,yes,6.04549043e2,2.44660585e2,2.92090649e2,9.10661179e1,-39.18713646,1152,3,0,0,0,0,3,220000 ns,195413,1152,1152,2432,2819,2819
64,28,butterfly-check,recompute,ntt,add-output,0,54,26,1,PASS,FAIL,yes,yes,6.01052003e2,2.67567879e2,3.02910540e2,9.44394729e1,-39.50307109,1152,3,0,0,0,0,3,130999 ns,115792,1152,1152,2432,2819,2819
64,28,butterfly-check,recompute,ntt,add-output,0,55,0,1,PASS,FAIL,no,no,5.64787872e2,2.94989483e2,3.20098668e2,9.97982753e1,-39.98246072,1152,0,0,0,0,0,0,167959 ns,149085,1152,1152,2432,2819,2819
64,28,butterfly-check,recompute,ntt,add-output,0,55,8,1,PASS,FAIL,no,no,6.81078878e2,2.76407048e2,3.17919755e2,9.91189480e1,-39.92313368,1152,0,0,0,0,0,0,126375 ns,111872,1152,1152,2432,2819,2819
64,28,butterfly-check,recompute,ntt,add-output,0,55,24,1,PASS,FAIL,no,no,6.18725182e2,2.66308057e2,2.93570519e2,9.15275018e1,-39.23103218,1152,0,0,0,0,0,0,248040 ns,221169,1152,1152,2432,2819,2819
64,28,butterfly-check,recompute,ntt,add-output,0,55,26,1,PASS,FAIL,no,no,5.90792289e2,2.41286650e2,2.82880831e2,8.81947408e1,-38.90885377,1152,0,0,0,0,0,0,124958 ns,110794,1152,1152,2432,2819,2819
64,28,butterfly-check,recompute,ntt,add-output,0,56,0,1,PASS,FAIL,yes,yes,5.68065972e2,2.87748338e2,3.27283644e2,1.02038360e2,-40.17526942,1152,3,0,0,0,0,3,128166 ns,113542,1152,1152,2432,2819,2819
64,28,butterfly-check,recompute,ntt,add-output,0,56,8,1,PASS,FAIL,yes,yes,5.55421796e2,2.43295734e2,2.74527642e2,8.55904381e1,-38.64850498,1152,3,0,0,0,0,3,200001 ns,176292,1152,1152,2432,2819,2819
64,28,butterfly-check,recompute,ntt,add-output,0,56,24,1,PASS,FAIL,yes,yes,4.91768770e2,2.68108920e2,2.95131155e2,9.20140669e1,-39.27708452,1152,3,0,0,0,0,3,200083 ns,177833,1152,1152,2432,2819,2819
64,28,butterfly-check,recompute,ntt,add-output,0,56,26,1,PASS,FAIL,yes,yes,5.22939651e2,2.69477241e2,2.98057310e2,9.29263644e1,-39.36277893,1152,3,0,0,0,0,3,200625 ns,178665,1152,1152,2432,2819,2819
64,28,butterfly-check,recompute,ntt,add-output,0,57,0,1,PASS,FAIL,no,no,5.76434466e2,2.34450877e2,2.65527243e2,8.27843521e1,-38.35896509,1152,0,0,0,0,0,0,220834 ns,196043,1152,1152,2432,2819,2819
64,28,butterfly-check,recompute,ntt,add-output,0,57,8,1,PASS,FAIL,no,no,5.95566449e2,2.37617711e2,2.74756853e2,8.56618999e1,-38.65575405,1152,0,0,0,0,0,0,198166 ns,175873,1152,1152,2432,2819,2819
64,28,butterfly-check,recompute,ntt,add-output,0,57,24,1,PASS,FAIL,no,no,5.50350879e2,2.89318652e2,3.14115017e2,9.79327317e1,-39.81855737,1152,0,0,0,0,0,0,129918 ns,115832,1152,1152,2432,2819,2819
64,28,butterfly-check,recompute,ntt,add-output,0,57,26,1,PASS,FAIL,no,no,6.21711836e2,2.42011131e2,2.71116446e2,8.45269175e1,-38.53990063,1152,0,0,0,0,0,0,175750 ns,156167,1152,1152,2432,2819,2819
64,28,butterfly-check,recompute,ntt,add-output,0,58,0,1,PASS,FAIL,yes,yes,5.62721659e2,2.77574737e2,3.14889604e2,9.81742272e1,-39.83994982,1152,3,0,0,0,0,3,210707 ns,187456,1152,1152,2432,2819,2819
64,28,butterfly-check,recompute,ntt,add-output,0,58,8,1,PASS,FAIL,yes,yes,5.57273191e2,2.66636926e2,2.91588760e2,9.09096421e1,-39.17219896,1152,3,0,0,0,0,3,201958 ns,179584,1152,1152,2432,2819,2819
64,28,butterfly-check,recompute,ntt,add-output,0,58,24,1,PASS,FAIL,yes,yes,4.74873575e2,2.39277119e2,2.64713291e2,8.25305837e1,-38.33229833,1152,3,0,0,0,0,3,199916 ns,177415,1152,1152,2432,2819,2819
64,28,butterfly-check,recompute,ntt,add-output,0,58,26,1,PASS,FAIL,yes,yes,6.20297960e2,2.73924515e2,3.10393148e2,9.67723516e1,-39.71502589,1152,3,0,0,0,0,3,222416 ns,197581,1152,1152,2432,2819,2819
64,28,butterfly-check,recompute,ntt,add-output,0,62,0,1,PASS,FAIL,yes,yes,6.17688008e2,2.57325819e2,3.01428058e2,9.39772741e1,-39.46045687,1152,3,0,0,0,0,3,221707 ns,197000,1152,1152,2432,2819,2819
64,28,butterfly-check,recompute,ntt,add-output,0,62,8,1,PASS,FAIL,yes,yes,6.18891215e2,2.87895354e2,3.15988315e2,9.85167761e1,-39.87020383,1152,3,0,0,0,0,3,199875 ns,177667,1152,1152,2432,2819,2819
64,28,butterfly-check,recompute,ntt,add-output,0,62,24,1,PASS,FAIL,yes,yes,5.86945121e2,2.69129983e2,2.98435633e2,9.30443155e1,-39.37379691,1152,3,0,0,0,0,3,199626 ns,177208,1152,1152,2432,2819,2819
64,28,butterfly-check,recompute,ntt,add-output,0,62,26,1,PASS,FAIL,yes,yes,6.58469338e2,2.65165112e2,3.01445469e2,9.39827024e1,-39.46095857,1152,3,0,0,0,0,3,124251 ns,109880,1152,1152,2432,2819,2819
64,28,butterfly-check,recompute,ntt,add-output,0,63,0,1,PASS,FAIL,no,no,6.40597650e2,2.51578150e2,2.92024411e2,9.10454664e1,-39.18516650,1152,0,0,0,0,0,0,199417 ns,176875,1152,1152,2432,2819,2819
64,28,butterfly-check,recompute,ntt,add-output,0,63,8,1,PASS,FAIL,no,no,5.87162019e2,2.65447437e2,3.09336757e2,9.64429967e1,-39.68541393,1152,0,0,0,0,0,0,158084 ns,140913,1152,1152,2432,2819,2819
64,28,butterfly-check,recompute,ntt,add-output,0,63,24,1,PASS,FAIL,no,no,5.61797638e2,2.70902857e2,2.99486726e2,9.33720184e1,-39.40433494,1152,0,0,0,0,0,0,181916 ns,161712,1152,1152,2432,2819,2819
64,28,butterfly-check,recompute,ntt,add-output,0,63,26,1,PASS,FAIL,no,no,6.94573755e2,2.53899228e2,2.92915921e2,9.13234156e1,-39.21164292,1152,0,0,0,0,0,0,221915 ns,195419,1152,1152,2432,2819,2819
64,28,butterfly-check,recompute,ntt,add-output,0,1,0,2,PASS,FAIL,no,no,4.53959891e2,2.32795804e2,2.59221705e2,8.08184528e1,-38.15021064,1152,0,0,0,0,0,0,134833 ns,119793,1152,1152,2432,2819,2819
64,28,butterfly-check,recompute,ntt,add-output,0,1,8,2,PASS,FAIL,no,no,6.92080617e2,2.63561511e2,3.06958293e2,9.57014548e1,-39.61837079,1152,0,0,0,0,0,0,132541 ns,116708,1152,1152,2432,2819,2819
64,28,butterfly-check,recompute,ntt,add-output,0,1,24,2,PASS,FAIL,no,no,5.79684334e2,2.58504880e2,3.02332527e2,9.42592638e1,-39.48648087,1152,0,0,0,0,0,0,183875 ns,162419,1152,1152,2432,2819,2819
64,28,butterfly-check,recompute,ntt,add-output,0,1,26,2,PASS,FAIL,no,no,6.06635519e2,2.94904294e2,3.24546649e2,1.01185038e2,-40.10232596,1152,0,0,0,0,0,0,200332 ns,177000,1152,1152,2432,2819,2819
64,28,butterfly-check,recompute,ntt,add-output,0,4,0,2,PASS,FAIL,yes,yes,5.85748703e2,2.73823215e2,3.15542805e2,9.83778781e1,-39.85794902,1152,3,0,0,0,0,3,199126 ns,176876,1152,1152,2432,2819,2819
64,28,butterfly-check,recompute,ntt,add-output,0,4,8,2,PASS,FAIL,yes,yes,6.07181685e2,2.88466460e2,3.15463924e2,9.83532851e1,-39.85577740,1152,3,0,0,0,0,3,222875 ns,197707,1152,1152,2432,2819,2819
64,28,butterfly-check,recompute,ntt,add-output,0,4,24,2,PASS,FAIL,yes,yes,4.90117378e2,2.60177124e2,2.90150377e2,9.04611925e1,-39.12924617,1152,3,0,0,0,0,3,181332 ns,161293,1152,1152,2432,2819,2819
64,28,butterfly-check,recompute,ntt,add-output,0,4,26,2,PASS,FAIL,yes,yes,5.37864599e2,2.42263362e2,2.90801406e2,9.06641660e1,-39.14871342,1152,3,0,0,0,0,3,221458 ns,197292,1152,1152,2432,2819,2819
64,28,butterfly-check,recompute,ntt,add-output,0,6,0,2,PASS,FAIL,yes,yes,5.80323843e2,2.93485724e2,3.12637011e2,9.74719286e1,-39.77759119,1152,3,0,0,0,0,3,129040 ns,114754,1152,1152,2432,2819,2819
64,28,butterfly-check,recompute,ntt,add-output,0,6,8,2,PASS,FAIL,yes,yes,7.86458094e2,2.46411310e2,2.92590742e2,9.12220336e1,-39.20199499,1152,3,0,0,0,0,3,221501 ns,196288,1152,1152,2432,2819,2819
64,28,butterfly-check,recompute,ntt,add-output,0,6,24,2,PASS,FAIL,yes,yes,7.70523082e2,2.93140700e2,3.32426954e2,1.03641908e2,-40.31070797,1152,3,0,0,0,0,3,181540 ns,161749,1152,1152,2432,2819,2819
64,28,butterfly-check,recompute,ntt,add-output,0,6,26,2,PASS,FAIL,yes,yes,5.70024095e2,2.39511209e2,2.74190841e2,8.54854324e1,-38.63784226,1152,3,0,0,0,0,3,199792 ns,177627,1152,1152,2432,2819,2819
64,28,butterfly-check,recompute,ntt,add-output,0,7,0,2,PASS,FAIL,no,no,6.75983122e2,2.67773683e2,3.07511136e2,9.58738167e1,-39.63400034,1152,0,0,0,0,0,0,130999 ns,115997,1152,1152,2432,2819,2819
64,28,butterfly-check,recompute,ntt,add-output,0,7,8,2,PASS,FAIL,no,no,4.34013907e2,2.35640804e2,2.54761999e2,7.94280346e1,-37.99947632,1152,0,0,0,0,0,0,168377 ns,149667,1152,1152,2432,2819,2819
64,28,butterfly-check,recompute,ntt,add-output,0,7,24,2,PASS,FAIL,no,no,5.77638676e2,2.58168851e2,2.82193893e2,8.79805718e1,-38.88773560,1152,0,0,0,0,0,0,129457 ns,114917,1152,1152,2432,2819,2819
64,28,butterfly-check,recompute,ntt,add-output,0,7,26,2,PASS,FAIL,no,no,5.99441902e2,2.72878019e2,3.04036273e2,9.47904466e1,-39.53529138,1152,0,0,0,0,0,0,221249 ns,196583,1152,1152,2432,2819,2819
64,28,butterfly-check,recompute,ntt,add-output,0,8,0,2,PASS,FAIL,yes,yes,5.13283818e2,2.42030188e2,2.75356417e2,8.58488282e1,-38.67468743,1152,3,0,0,0,0,3,195124 ns,174086,1152,1152,2432,2819,2819
64,28,butterfly-check,recompute,ntt,add-output,0,8,8,2,PASS,FAIL,yes,yes,5.54549011e2,2.33242100e2,2.64826512e2,8.25658829e1,-38.33601259,1152,3,0,0,0,0,3,221166 ns,197045,1152,1152,2432,2819,2819
64,28,butterfly-check,recompute,ntt,add-output,0,8,24,2,PASS,FAIL,yes,yes,6.59879501e2,2.71165664e2,3.17003798e2,9.88333767e1,-39.89807267,1152,3,0,0,0,0,3,221874 ns,197127,1152,1152,2432,2819,2819
64,28,butterfly-check,recompute,ntt,add-output,0,8,26,2,PASS,FAIL,yes,yes,6.17591797e2,2.83805301e2,3.20390200e2,9.98891673e1,-39.99036786,1152,3,0,0,0,0,3,127666 ns,113419,1152,1152,2432,2819,2819
64,28,butterfly-check,recompute,ntt,add-output,0,9,0,2,PASS,FAIL,no,no,7.68101324e2,2.72666746e2,3.06766502e2,9.56416593e1,-39.61294205,1152,0,0,0,0,0,0,137875 ns,121712,1152,1152,2432,2819,2819
64,28,butterfly-check,recompute,ntt,add-output,0,9,8,2,PASS,FAIL,no,no,5.43005410e2,2.67321555e2,2.99511130e2,9.33796270e1,-39.40504269,1152,0,0,0,0,0,0,222498 ns,196336,1152,1152,2432,2819,2819
64,28,butterfly-check,recompute,ntt,add-output,0,9,24,2,PASS,FAIL,no,no,4.60958380e2,2.45668925e2,2.74905389e2,8.57082095e1,-38.66044845,1152,0,0,0,0,0,0,222584 ns,198289,1152,1152,2432,2819,2819
64,28,butterfly-check,recompute,ntt,add-output,0,9,26,2,PASS,FAIL,no,no,5.95935426e2,2.91837278e2,3.22192350e2,1.00451030e2,-40.03908786,1152,0,0,0,0,0,0,132625 ns,117497,1152,1152,2432,2819,2819
64,28,butterfly-check,recompute,ntt,add-output,0,10,0,2,PASS,FAIL,yes,yes,6.87142534e2,2.70722397e2,3.14646801e2,9.80985276e1,-39.83324978,1152,3,0,0,0,0,3,200290 ns,177542,1152,1152,2432,2819,2819
64,28,butterfly-check,recompute,ntt,add-output,0,10,8,2,PASS,FAIL,yes,yes,5.02835007e2,2.65380205e2,2.95349591e2,9.20821694e1,-39.28351085,1152,3,0,0,0,0,3,198957 ns,176501,1152,1152,2432,2819,2819
64,28,butterfly-check,recompute,ntt,add-output,0,10,24,2,PASS,FAIL,yes,yes,5.41033184e2,2.49548200e2,2.81169390e2,8.76611589e1,-38.85614416,1152,3,0,0,0,0,3,199374 ns,177334,1152,1152,2432,2819,2819
64,28,butterfly-check,recompute,ntt,add-output,0,10,26,2,PASS,FAIL,yes,yes,7.17891023e2,2.73706707e2,3.07935713e2,9.60061883e1,-39.64598455,1152,3,0,0,0,0,3,181916 ns,161542,1152,1152,2432,2819,2819
64,28,butterfly-check,recompute,ntt,add-output,0,11,0,2,PASS,FAIL,no,no,5.47196418e2,2.69929948e2,2.94995317e2,9.19717163e1,-39.27308582,1152,0,0,0,0,0,0,124375 ns,110082,1152,1152,2432,2819,2819
64,28,butterfly-check,recompute,ntt,add-output,0,11,8,2,PASS,FAIL,no,no,6.68838213e2,2.33662194e2,2.79067799e2,8.70059385e1,-38.79097792,1152,0,0,0,0,0,0,124874 ns,110460,1152,1152,2432,2819,2819
64,28,butterfly-check,recompute,ntt,add-output,0,11,24,2,PASS,FAIL,no,no,6.32743051e2,2.69592938e2,3.13390690e2,9.77069055e1,-39.79850518,1152,0,0,0,0,0,0,199960 ns,177124,1152,1152,2432,2819,2819
64,28,butterfly-check,recompute,ntt,add-output,0,11,26,2,PASS,FAIL,no,no,5.57460448e2,2.52064527e2,2.91494606e2,9.08802874e1,-39.16939384,1152,0,0,0,0,0,0,168458 ns,150415,1152,1152,2432,2819,2819
64,28,butterfly-check,recompute,ntt,add-output,0,15,0,2,PASS,FAIL,no,no,6.92503052e2,2.65055632e2,2.95699360e2,9.21912182e1,-39.29379108,1152,0,0,0,0,0,0,182669 ns,162042,1152,1152,2432,2819,2819
64,28,butterfly-check,recompute,ntt,add-output,0,15,8,2,PASS,FAIL,no,no,6.13585828e2,2.79442816e2,3.09596816e2,9.65240762e1,-39.69271308,1152,0,0,0,0,0,0,199792 ns,177624,1152,1152,2432,2819,2819
64,28,butterfly-check,recompute,ntt,add-output,0,15,24,2,PASS,FAIL,no,no,5.24228357e2,2.13872804e2,2.42376100e2,7.55664400e1,-37.56657925,1152,0,0,0,0,0,0,200374 ns,178376,1152,1152,2432,2819,2819
64,28,butterfly-check,recompute,ntt,add-output,0,15,26,2,PASS,FAIL,no,no,6.38926699e2,2.48268862e2,2.86399103e2,8.92916446e1,-39.01621644,1152,0,0,0,0,0,0,180791 ns,160372,1152,1152,2432,2819,2819
64,28,butterfly-check,recompute,ntt,add-output,0,16,0,2,PASS,FAIL,yes,yes,5.85710559e2,2.61407788e2,3.02233818e2,9.42284889e1,-39.48364454,1152,3,0,0,0,0,3,180709 ns,160502,1152,1152,2432,2819,2819
64,28,butterfly-check,recompute,ntt,add-output,0,16,8,2,PASS,FAIL,yes,yes,4.62453973e2,2.58919014e2,2.80111612e2,8.73313716e1,-38.82340562,1152,3,0,0,0,0,3,182209 ns,161626,1152,1152,2432,2819,2819
64,28,butterfly-check,recompute,ntt,add-output,0,16,24,2,PASS,FAIL,yes,yes,7.23115814e2,2.44142252e2,2.84783963e2,8.87880869e1,-38.96709397,1152,3,0,0,0,0,3,199209 ns,176709,1152,1152,2432,2819,2819
64,28,butterfly-check,recompute,ntt,add-output,0,16,26,2,PASS,FAIL,yes,yes,5.52394056e2,2.87187437e2,3.17569093e2,9.90096208e1,-39.91354794,1152,3,0,0,0,0,3,133208 ns,117671,1152,1152,2432,2819,2819
64,28,butterfly-check,recompute,ntt,add-output,0,18,0,2,PASS,FAIL,yes,yes,7.13332765e2,2.81804965e2,3.17782796e2,9.90762477e1,-39.91939101,1152,3,0,0,0,0,3,201626 ns,177039,1152,1152,2432,2819,2819
64,28,butterfly-check,recompute,ntt,add-output,0,18,8,2,PASS,FAIL,yes,yes,9.56533596e2,2.71333298e2,3.14687770e2,9.81113008e1,-39.83438067,1152,3,0,0,0,0,3,199207 ns,175919,1152,1152,2432,2819,2819
64,28,butterfly-check,recompute,ntt,add-output,0,18,24,2,PASS,FAIL,yes,yes,6.23290324e2,2.49253869e2,2.82278893e2,8.80070726e1,-38.89035150,1152,3,0,0,0,0,3,198168 ns,176166,1152,1152,2432,2819,2819
64,28,butterfly-check,recompute,ntt,add-output,0,18,26,2,PASS,FAIL,yes,yes,7.65625595e2,2.52023762e2,2.93080580e2,9.13747518e1,-39.21652421,1152,3,0,0,0,0,3,132960 ns,117832,1152,1152,2432,2819,2819
64,28,butterfly-check,recompute,ntt,add-output,0,19,0,2,PASS,FAIL,no,no,5.38191880e2,2.49457842e2,2.77595617e2,8.65469513e1,-38.74503548,1152,0,0,0,0,0,0,181083 ns,160419,1152,1152,2432,2819,2819
64,28,butterfly-check,recompute,ntt,add-output,0,19,8,2,PASS,FAIL,no,no,6.22640794e2,2.88653420e2,3.21904988e2,1.00361438e2,-40.03133750,1152,0,0,0,0,0,0,198542 ns,176665,1152,1152,2432,2819,2819
64,28,butterfly-check,recompute,ntt,add-output,0,19,24,2,PASS,FAIL,no,no,5.80491201e2,2.55821531e2,2.84895468e2,8.88228511e1,-38.97049419,1152,0,0,0,0,0,0,221417 ns,196584,1152,1152,2432,2819,2819
64,28,butterfly-check,recompute,ntt,add-output,0,19,26,2,PASS,FAIL,no,no,5.81559407e2,2.59536415e2,2.92827322e2,9.12957927e1,-39.20901528,1152,0,0,0,0,0,0,127917 ns,113831,1152,1152,2432,2819,2819
64,28,butterfly-check,recompute,ntt,add-output,0,23,0,2,PASS,FAIL,no,no,7.58401359e2,2.90665783e2,3.24737554e2,1.01244557e2,-40.10743368,1152,0,0,0,0,0,0,150792 ns,134211,1152,1152,2432,2819,2819
64,28,butterfly-check,recompute,ntt,add-output,0,23,8,2,PASS,FAIL,no,no,8.35527300e2,2.51229748e2,3.12703458e2,9.74926449e1,-39.77943705,1152,0,0,0,0,0,0,123792 ns,109583,1152,1152,2432,2819,2819
64,28,butterfly-check,recompute,ntt,add-output,0,23,24,2,PASS,FAIL,no,no,5.26128368e2,2.91613998e2,3.17497952e2,9.89874409e1,-39.91160193,1152,0,0,0,0,0,0,198542 ns,176247,1152,1152,2432,2819,2819
64,28,butterfly-check,recompute,ntt,add-output,0,23,26,2,PASS,FAIL,no,no,7.22862403e2,2.55585327e2,3.02861349e2,9.44241363e1,-39.50166042,1152,0,0,0,0,0,0,199666 ns,177040,1152,1152,2432,2819,2819
64,28,butterfly-check,recompute,ntt,add-output,0,24,0,2,PASS,FAIL,yes,yes,7.43820232e2,2.65280453e2,3.12470635e2,9.74200570e1,-39.77296759,1152,3,0,0,0,0,3,220249 ns,195499,1152,1152,2432,2819,2819
64,28,butterfly-check,recompute,ntt,add-output,0,24,8,2,PASS,FAIL,yes,yes,4.85210499e2,2.64546666e2,2.85863798e2,8.91247506e1,-38.99996656,1152,3,0,0,0,0,3,124334 ns,110455,1152,1152,2432,2819,2819
64,28,butterfly-check,recompute,ntt,add-output,0,24,24,2,PASS,FAIL,yes,yes,5.60355070e2,2.41494149e2,2.68627106e2,8.37508073e1,-38.45978004,1152,3,0,0,0,0,3,199333 ns,177208,1152,1152,2432,2819,2819
64,28,butterfly-check,recompute,ntt,add-output,0,24,26,2,PASS,FAIL,yes,yes,8.08750250e2,3.03944752e2,3.42916591e2,1.06912298e2,-40.58055332,1152,3,0,0,0,0,3,201791 ns,178334,1152,1152,2432,2819,2819
64,28,butterfly-check,recompute,ntt,add-output,0,26,0,2,PASS,FAIL,yes,yes,5.27939676e2,2.64722649e2,2.98052332e2,9.29248125e1,-39.36263387,1152,3,0,0,0,0,3,221166 ns,196669,1152,1152,2432,2819,2819
64,28,butterfly-check,recompute,ntt,add-output,0,26,8,2,PASS,FAIL,yes,yes,5.88898587e2,2.68623505e2,2.96660992e2,9.24910295e1,-39.32199227,1152,3,0,0,0,0,3,222791 ns,197579,1152,1152,2432,2819,2819
64,28,butterfly-check,recompute,ntt,add-output,0,26,24,2,PASS,FAIL,yes,yes,5.04220114e2,2.53022228e2,2.75996964e2,8.60485336e1,-38.69486947,1152,3,0,0,0,0,3,220292 ns,196126,1152,1152,2432,2819,2819
64,28,butterfly-check,recompute,ntt,add-output,0,26,26,2,PASS,FAIL,yes,yes,5.85705467e2,2.67320839e2,2.98343072e2,9.30154575e1,-39.37110253,1152,3,0,0,0,0,3,221458 ns,196585,1152,1152,2432,2819,2819
64,28,butterfly-check,recompute,ntt,add-output,0,27,0,2,PASS,FAIL,no,no,5.42728582e2,2.51372058e2,2.83902412e2,8.85132427e1,-38.94016503,1152,0,0,0,0,0,0,199125 ns,177542,1152,1152,2432,2819,2819
64,28,butterfly-check,recompute,ntt,add-output,0,27,8,2,PASS,FAIL,no,no,6.03149462e2,2.58019119e2,2.90113943e2,9.04498332e1,-39.12815540,1152,0,0,0,0,0,0,220708 ns,196000,1152,1152,2432,2819,2819
64,28,butterfly-check,recompute,ntt,add-output,0,27,24,2,PASS,FAIL,no,no,5.45704217e2,2.70122254e2,2.98184865e2,9.29661325e1,-39.36649529,1152,0,0,0,0,0,0,198209 ns,176459,1152,1152,2432,2819,2819
64,28,butterfly-check,recompute,ntt,add-output,0,27,26,2,PASS,FAIL,no,no,6.01490492e2,2.56208003e2,2.90833619e2,9.06742090e1,-39.14967552,1152,0,0,0,0,0,0,198084 ns,175833,1152,1152,2432,2819,2819
64,28,butterfly-check,recompute,ntt,add-output,0,28,0,2,PASS,FAIL,yes,yes,5.42451275e2,2.47291710e2,2.72961041e2,8.51020133e1,-38.59879669,1152,3,0,0,0,0,3,198583 ns,176250,1152,1152,2432,2819,2819
64,28,butterfly-check,recompute,ntt,add-output,0,28,8,2,PASS,FAIL,yes,yes,5.26199816e2,2.85008687e2,3.15520119e2,9.83708051e1,-39.85732452,1152,3,0,0,0,0,3,181500 ns,161167,1152,1152,2432,2819,2819
64,28,butterfly-check,recompute,ntt,add-output,0,28,24,2,PASS,FAIL,yes,yes,7.81958678e2,2.73694845e2,3.11868095e2,9.72322010e1,-39.75620233,1152,3,0,0,0,0,3,201666 ns,177871,1152,1152,2432,2819,2819
64,28,butterfly-check,recompute,ntt,add-output,0,28,26,2,PASS,FAIL,yes,yes,5.52887477e2,2.61103703e2,2.98119262e2,9.29456795e1,-39.36458414,1152,3,0,0,0,0,3,131750 ns,116334,1152,1152,2432,2819,2819
64,28,butterfly-check,recompute,ntt,add-output,0,29,0,2,PASS,FAIL,no,no,6.45506252e2,2.56315750e2,2.94042573e2,9.16746759e1,-39.24498767,1152,0,0,0,0,0,0,122875 ns,109165,1152,1152,2432,2819,2819
64,28,butterfly-check,recompute,ntt,add-output,0,29,8,2,PASS,FAIL,no,no,7.23760993e2,2.39697491e2,2.84163242e2,8.85945625e1,-38.94814136,1152,0,0,0,0,0,0,229833 ns,196501,1152,1152,2432,2819,2819
64,28,butterfly-check,recompute,ntt,add-output,0,29,24,2,PASS,FAIL,no,no,5.50012893e2,2.58681475e2,2.94075618e2,9.16849784e1,-39.24596374,1152,0,0,0,0,0,0,198709 ns,176582,1152,1152,2432,2819,2819
64,28,butterfly-check,recompute,ntt,add-output,0,29,26,2,PASS,FAIL,no,no,1.04324592e3,2.44958289e2,3.17762753e2,9.90699989e1,-39.91884316,1152,0,0,0,0,0,0,132417 ns,117459,1152,1152,2432,2819,2819
64,28,butterfly-check,recompute,ntt,add-output,0,31,0,2,PASS,FAIL,no,no,5.48453965e2,2.67138479e2,2.98922123e2,9.31959901e1,-39.38794453,1152,0,0,0,0,0,0,219748 ns,195373,1152,1152,2432,2819,2819
64,28,butterfly-check,recompute,ntt,add-output,0,31,8,2,PASS,FAIL,no,no,5.75600931e2,2.84631282e2,3.14783756e2,9.81412266e1,-39.83702963,1152,0,0,0,0,0,0,197666 ns,175918,1152,1152,2432,2819,2819
64,28,butterfly-check,recompute,ntt,add-output,0,31,24,2,PASS,FAIL,no,no,6.46054128e2,2.74276343e2,3.16873285e2,9.87926862e1,-39.89449589,1152,0,0,0,0,0,0,181210 ns,161333,1152,1152,2432,2819,2819
64,28,butterfly-check,recompute,ntt,add-output,0,31,26,2,PASS,FAIL,no,no,6.07098168e2,2.55048123e2,2.86063487e2,8.91870086e1,-39.00603195,1152,0,0,0,0,0,0,199624 ns,177378,1152,1152,2432,2819,2819
64,28,butterfly-check,recompute,ntt,add-output,0,32,0,2,PASS,FAIL,yes,yes,5.97405803e2,2.48992414e2,2.90611639e2,9.06050018e1,-39.14304346,1152,3,0,0,0,0,3,122624 ns,108749,1152,1152,2432,2819,2819
64,28,butterfly-check,recompute,ntt,add-output,0,32,8,2,PASS,FAIL,yes,yes,6.35294468e2,3.03592339e2,3.35710017e2,1.04665480e2,-40.39606938,1152,3,0,0,0,0,3,198751 ns,176913,1152,1152,2432,2819,2819
64,28,butterfly-check,recompute,ntt,add-output,0,32,24,2,PASS,FAIL,yes,yes,4.49469872e2,2.39413508e2,2.64814085e2,8.25620086e1,-38.33560501,1152,3,0,0,0,0,3,182874 ns,161251,1152,1152,2432,2819,2819
64,28,butterfly-check,recompute,ntt,add-output,0,32,26,2,PASS,FAIL,yes,yes,6.09343499e2,2.50037023e2,2.85150479e2,8.89023567e1,-38.97826548,1152,3,0,0,0,0,3,182626 ns,161166,1152,1152,2432,2819,2819
64,28,butterfly-check,recompute,ntt,add-output,0,33,0,2,PASS,FAIL,no,no,5.68562296e2,2.64684342e2,2.96391064e2,9.24068730e1,-39.31408548,1152,0,0,0,0,0,0,219750 ns,195041,1152,1152,2432,2819,2819
64,28,butterfly-check,recompute,ntt,add-output,0,33,8,2,PASS,FAIL,no,no,5.49185619e2,2.75327847e2,3.09611607e2,9.65286879e1,-39.69312806,1152,0,0,0,0,0,0,221915 ns,196831,1152,1152,2432,2819,2819
64,28,butterfly-check,recompute,ntt,add-output,0,33,24,2,PASS,FAIL,no,no,5.70877260e2,2.93992007e2,3.17288880e2,9.89222579e1,-39.90588041,1152,0,0,0,0,0,0,221000 ns,196291,1152,1152,2432,2819,2819
64,28,butterfly-check,recompute,ntt,add-output,0,33,26,2,PASS,FAIL,no,no,5.21734039e2,2.71928115e2,2.96945776e2,9.25798177e1,-39.33032642,1152,0,0,0,0,0,0,214833 ns,191086,1152,1152,2432,2819,2819
64,28,butterfly-check,recompute,ntt,add-output,0,35,0,2,PASS,FAIL,no,no,5.96175359e2,2.90875359e2,3.24757796e2,1.01250868e2,-40.10797509,1152,0,0,0,0,0,0,221293 ns,196500,1152,1152,2432,2819,2819
64,28,butterfly-check,recompute,ntt,add-output,0,35,8,2,PASS,FAIL,no,no,4.71655298e2,2.49718023e2,2.77541425e2,8.65300556e1,-38.74333965,1152,0,0,0,0,0,0,200415 ns,176749,1152,1152,2432,2819,2819
64,28,butterfly-check,recompute,ntt,add-output,0,35,24,2,PASS,FAIL,no,no,7.50026544e2,2.72273670e2,3.07764801e2,9.59529025e1,-39.64116233,1152,0,0,0,0,0,0,199875 ns,176460,1152,1152,2432,2819,2819
64,28,butterfly-check,recompute,ntt,add-output,0,35,26,2,PASS,FAIL,no,no,5.68053368e2,2.50554019e2,2.93979504e2,9.16550125e1,-39.24312442,1152,0,0,0,0,0,0,199544 ns,177167,1152,1152,2432,2819,2819
64,28,butterfly-check,recompute,ntt,add-output,0,38,0,2,PASS,FAIL,yes,yes,7.64482849e2,2.67741316e2,3.05559385e2,9.52653124e1,-39.57869592,1152,3,0,0,0,0,3,199416 ns,177333,1152,1152,2432,2819,2819
64,28,butterfly-check,recompute,ntt,add-output,0,38,8,2,PASS,FAIL,yes,yes,5.82123547e2,2.81609994e2,3.11062578e2,9.69810619e1,-39.73373871,1152,3,0,0,0,0,3,132166 ns,116833,1152,1152,2432,2819,2819
64,28,butterfly-check,recompute,ntt,add-output,0,38,24,2,PASS,FAIL,yes,yes,5.17291520e2,2.56146700e2,2.93819096e2,9.16050017e1,-39.23838374,1152,3,0,0,0,0,3,182750 ns,162625,1152,1152,2432,2819,2819
64,28,butterfly-check,recompute,ntt,add-output,0,38,26,2,PASS,FAIL,yes,yes,4.85910743e2,2.35770808e2,2.61883395e2,8.16482971e1,-38.23894263,1152,3,0,0,0,0,3,181709 ns,161458,1152,1152,2432,2819,2819
64,28,butterfly-check,recompute,ntt,add-output,0,43,0,2,PASS,FAIL,no,no,6.15069262e2,2.67801011e2,2.94456552e2,9.18037436e1,-39.25720782,1152,0,0,0,0,0,0,250082 ns,221209,1152,1152,2432,2819,2819
64,28,butterfly-check,recompute,ntt,add-output,0,43,8,2,PASS,FAIL,no,no,7.88807593e2,2.37871158e2,2.80452679e2,8.74377074e1,-38.83397524,1152,0,0,0,0,0,0,197750 ns,176459,1152,1152,2432,2819,2819
64,28,butterfly-check,recompute,ntt,add-output,0,43,24,2,PASS,FAIL,no,no,6.98103788e2,2.96137121e2,3.28058742e2,1.02280015e2,-40.19581568,1152,0,0,0,0,0,0,221875 ns,196999,1152,1152,2432,2819,2819
64,28,butterfly-check,recompute,ntt,add-output,0,43,26,2,PASS,FAIL,no,no,6.16299848e2,2.55714201e2,2.83527940e2,8.83964920e1,-38.92870061,1152,0,0,0,0,0,0,119208 ns,105046,1152,1152,2432,2819,2819
64,28,butterfly-check,recompute,ntt,add-output,0,45,0,2,PASS,FAIL,no,no,6.49160592e2,2.44541896e2,2.77884351e2,8.66369709e1,-38.75406519,1152,0,0,0,0,0,0,153001 ns,136668,1152,1152,2432,2819,2819
64,28,butterfly-check,recompute,ntt,add-output,0,45,8,2,PASS,FAIL,no,no,5.05957977e2,2.44480252e2,2.74761606e2,8.56633818e1,-38.65590431,1152,0,0,0,0,0,0,198710 ns,176666,1152,1152,2432,2819,2819
64,28,butterfly-check,recompute,ntt,add-output,0,45,24,2,PASS,FAIL,no,no,4.47816348e2,2.35083220e2,2.66381996e2,8.30508414e1,-38.38688073,1152,0,0,0,0,0,0,198916 ns,177040,1152,1152,2432,2819,2819
64,28,butterfly-check,recompute,ntt,add-output,0,45,26,2,PASS,FAIL,no,no,5.72160172e2,2.60117858e2,2.88849133e2,9.00554991e1,-39.09020475,1152,0,0,0,0,0,0,198666 ns,176334,1152,1152,2432,2819,2819
64,28,butterfly-check,recompute,ntt,add-output,0,46,0,2,PASS,FAIL,yes,yes,5.06673969e2,2.51541528e2,2.78421787e2,8.68045290e1,-38.77084770,1152,3,0,0,0,0,3,198710 ns,176375,1152,1152,2432,2819,2819
64,28,butterfly-check,recompute,ntt,add-output,0,46,8,2,PASS,FAIL,yes,yes,6.89334284e2,2.95664931e2,3.40172449e2,1.06056748e2,-40.51076611,1152,3,0,0,0,0,3,222208 ns,197959,1152,1152,2432,2819,2819
64,28,butterfly-check,recompute,ntt,add-output,0,46,24,2,PASS,FAIL,yes,yes,5.91712939e2,2.65055038e2,2.93755432e2,9.15851529e1,-39.23650150,1152,3,0,0,0,0,3,199167 ns,176956,1152,1152,2432,2819,2819
64,28,butterfly-check,recompute,ntt,add-output,0,46,26,2,PASS,FAIL,yes,yes,6.19317663e2,2.87705987e2,3.21004655e2,1.00080738e2,-40.00700999,1152,3,0,0,0,0,3,173291 ns,153456,1152,1152,2432,2819,2819
64,28,butterfly-check,recompute,ntt,add-output,0,47,0,2,PASS,FAIL,no,no,5.41885956e2,2.58538787e2,2.94526645e2,9.18255966e1,-39.25927517,1152,0,0,0,0,0,0,220502 ns,195917,1152,1152,2432,2819,2819
64,28,butterfly-check,recompute,ntt,add-output,0,47,8,2,PASS,FAIL,no,no,7.96235633e2,2.76881469e2,3.16000282e2,9.85205072e1,-39.87053278,1152,0,0,0,0,0,0,146124 ns,129084,1152,1152,2432,2819,2819
64,28,butterfly-check,recompute,ntt,add-output,0,47,24,2,PASS,FAIL,no,no,5.63956883e2,2.67642442e2,2.96589909e2,9.24688677e1,-39.31991080,1152,0,0,0,0,0,0,131457 ns,116870,1152,1152,2432,2819,2819
64,28,butterfly-check,recompute,ntt,add-output,0,47,26,2,PASS,FAIL,no,no,5.78800431e2,2.67191953e2,3.02369700e2,9.42708533e1,-39.48754876,1152,0,0,0,0,0,0,250500 ns,221588,1152,1152,2432,2819,2819
64,28,butterfly-check,recompute,ntt,add-output,0,48,0,2,PASS,FAIL,yes,yes,5.47598773e2,2.65001937e2,2.92886918e2,9.13143733e1,-39.21078286,1152,3,0,0,0,0,3,177459 ns,158251,1152,1152,2432,2819,2819
64,28,butterfly-check,recompute,ntt,add-output,0,48,8,2,PASS,FAIL,yes,yes,6.93486435e2,2.71948739e2,3.02487034e2,9.43074347e1,-39.49091863,1152,3,0,0,0,0,3,199166 ns,177083,1152,1152,2432,2819,2819
64,28,butterfly-check,recompute,ntt,add-output,0,48,24,2,PASS,FAIL,yes,yes,5.51391335e2,2.47005209e2,2.83718124e2,8.84557865e1,-38.93452497,1152,3,0,0,0,0,3,198667 ns,176791,1152,1152,2432,2819,2819
64,28,butterfly-check,recompute,ntt,add-output,0,48,26,2,PASS,FAIL,yes,yes,5.49754391e2,2.49784485e2,2.88122489e2,8.98289508e1,-39.06832655,1152,3,0,0,0,0,3,221959 ns,197207,1152,1152,2432,2819,2819
64,28,butterfly-check,recompute,ntt,add-output,0,50,0,2,PASS,FAIL,yes,yes,6.72800392e2,2.65829009e2,3.05014317e2,9.50953748e1,-39.56318789,1152,3,0,0,0,0,3,125499 ns,111077,1152,1152,2432,2819,2819
64,28,butterfly-check,recompute,ntt,add-output,0,50,8,2,PASS,FAIL,yes,yes,5.49241977e2,2.51603010e2,2.89900482e2,9.03832817e1,-39.12176212,1152,3,0,0,0,0,3,199958 ns,176583,1152,1152,2432,2819,2819
64,28,butterfly-check,recompute,ntt,add-output,0,50,24,2,PASS,FAIL,yes,yes,5.38594090e2,2.50158399e2,2.77260534e2,8.64424811e1,-38.73454447,1152,3,0,0,0,0,3,151832 ns,134126,1152,1152,2432,2819,2819
64,28,butterfly-check,recompute,ntt,add-output,0,50,26,2,PASS,FAIL,yes,yes,5.87972497e2,2.74005658e2,3.08376971e2,9.61437611e1,-39.65842215,1152,3,0,0,0,0,3,221583 ns,196875,1152,1152,2432,2819,2819
64,28,butterfly-check,recompute,ntt,add-output,0,51,0,2,PASS,FAIL,no,no,6.44699595e2,2.53123082e2,2.87992220e2,8.97883364e1,-39.06439850,1152,0,0,0,0,0,0,181998 ns,161377,1152,1152,2432,2819,2819
64,28,butterfly-check,recompute,ntt,add-output,0,51,8,2,PASS,FAIL,no,no,5.89581798e2,2.72063308e2,3.01863022e2,9.41128845e1,-39.47298169,1152,0,0,0,0,0,0,198960 ns,176749,1152,1152,2432,2819,2819
64,28,butterfly-check,recompute,ntt,add-output,0,51,24,2,PASS,FAIL,no,no,5.76953228e2,3.03450571e2,3.23786134e2,1.00947929e2,-40.08194831,1152,0,0,0,0,0,0,199292 ns,177209,1152,1152,2432,2819,2819
64,28,butterfly-check,recompute,ntt,add-output,0,51,26,2,PASS,FAIL,no,no,6.13184361e2,2.35423655e2,2.80830265e2,8.75554286e1,-38.84566156,1152,0,0,0,0,0,0,199959 ns,177373,1152,1152,2432,2819,2819
64,28,butterfly-check,recompute,ntt,add-output,0,58,0,2,PASS,FAIL,yes,yes,5.62721659e2,2.77574737e2,3.14889604e2,9.81742272e1,-39.83994982,1152,3,0,0,0,0,3,181916 ns,161542,1152,1152,2432,2819,2819
64,28,butterfly-check,recompute,ntt,add-output,0,58,8,2,PASS,FAIL,yes,yes,5.57273191e2,2.66636926e2,2.91588760e2,9.09096421e1,-39.17219896,1152,3,0,0,0,0,3,248876 ns,221582,1152,1152,2432,2819,2819
64,28,butterfly-check,recompute,ntt,add-output,0,58,24,2,PASS,FAIL,yes,yes,4.74873575e2,2.39277119e2,2.64713291e2,8.25305837e1,-38.33229833,1152,3,0,0,0,0,3,200625 ns,178208,1152,1152,2432,2819,2819
64,28,butterfly-check,recompute,ntt,add-output,0,58,26,2,PASS,FAIL,yes,yes,6.20297960e2,2.73924515e2,3.10393148e2,9.67723516e1,-39.71502589,1152,3,0,0,0,0,3,131125 ns,116542,1152,1152,2432,2819,2819
64,28,butterfly-check,recompute,ntt,add-output,0,59,0,2,PASS,FAIL,no,no,7.03089965e2,2.56544044e2,2.93355798e2,9.14605576e1,-39.22467689,1152,0,0,0,0,0,0,198082 ns,176333,1152,1152,2432,2819,2819
64,28,butterfly-check,recompute,ntt,add-output,0,59,8,2,PASS,FAIL,no,no,5.06788218e2,2.82102098e2,3.10343221e2,9.67567856e1,-39.71362864,1152,0,0,0,0,0,0,222459 ns,196377,1152,1152,2432,2819,2819
64,28,butterfly-check,recompute,ntt,add-output,0,59,24,2,PASS,FAIL,no,no,7.91230506e2,2.85767043e2,3.25399553e2,1.01450951e2,-40.12512241,1152,0,0,0,0,0,0,182169 ns,161496,1152,1152,2432,2819,2819
64,28,butterfly-check,recompute,ntt,add-output,0,59,26,2,PASS,FAIL,no,no,5.21204571e2,2.69018711e2,3.04558839e2,9.49533686e1,-39.55020753,1152,0,0,0,0,0,0,153625 ns,136126,1152,1152,2432,2819,2819
64,28,butterfly-check,recompute,ntt,add-output,0,0,0,3,PASS,FAIL,yes,yes,5.62062584e2,2.52476300e2,2.90308588e2,9.05105185e1,-39.13398106,1152,3,0,0,0,0,3,132042 ns,117209,1152,1152,2432,2819,2819
64,28,butterfly-check,recompute,ntt,add-output,0,0,8,3,PASS,FAIL,yes,yes,5.43086719e2,2.64632541e2,2.91192725e2,9.07861689e1,-39.16039379,1152,3,0,0,0,0,3,192334 ns,169624,1152,1152,2432,2819,2819
64,28,butterfly-check,recompute,ntt,add-output,0,0,24,3,PASS,FAIL,yes,yes,6.23244838e2,2.34006350e2,2.61750955e2,8.16070058e1,-38.23454887,1152,3,0,0,0,0,3,131293 ns,116750,1152,1152,2432,2819,2819
64,28,butterfly-check,recompute,ntt,add-output,0,0,26,3,PASS,FAIL,yes,yes,5.97471162e2,2.63133074e2,2.91951466e2,9.10227243e1,-39.18299659,1152,3,0,0,0,0,3,198375 ns,176249,1152,1152,2432,2819,2819
64,28,butterfly-check,recompute,ntt,add-output,0,2,0,3,PASS,FAIL,yes,yes,6.44524536e2,2.49132312e2,2.82844917e2,8.81835437e1,-38.90775094,1152,3,0,0,0,0,3,199333 ns,177503,1152,1152,2432,2819,2819
64,28,butterfly-check,recompute,ntt,add-output,0,2,8,3,PASS,FAIL,yes,yes,5.04663089e2,2.70192614e2,3.00966764e2,9.38334549e1,-39.44715414,1152,3,0,0,0,0,3,138751 ns,122750,1152,1152,2432,2819,2819
64,28,butterfly-check,recompute,ntt,add-output,0,2,24,3,PASS,FAIL,yes,yes,5.03195727e2,2.64137085e2,2.99245831e2,9.32969136e1,-39.39734553,1152,3,0,0,0,0,3,222044 ns,197085,1152,1152,2432,2819,2819
64,28,butterfly-check,recompute,ntt,add-output,0,2,26,3,PASS,FAIL,yes,yes,5.76726079e2,2.59415458e2,2.93976358e2,9.16540318e1,-39.24303148,1152,3,0,0,0,0,3,182835 ns,162291,1152,1152,2432,2819,2819
64,28,butterfly-check,recompute,ntt,add-output,0,6,0,3,PASS,FAIL,yes,yes,5.80323843e2,2.93485724e2,3.12637011e2,9.74719286e1,-39.77759119,1152,3,0,0,0,0,3,132042 ns,117583,1152,1152,2432,2819,2819
64,28,butterfly-check,recompute,ntt,add-output,0,6,8,3,PASS,FAIL,yes,yes,7.86458094e2,2.46411310e2,2.92590742e2,9.12220336e1,-39.20199499,1152,3,0,0,0,0,3,206668 ns,183208,1152,1152,2432,2819,2819
64,28,butterfly-check,recompute,ntt,add-output,0,6,24,3,PASS,FAIL,yes,yes,7.70523082e2,2.93140700e2,3.32426954e2,1.03641908e2,-40.31070797,1152,3,0,0,0,0,3,288874 ns,257000,1152,1152,2432,2819,2819
64,28,butterfly-check,recompute,ntt,add-output,0,6,26,3,PASS,FAIL,yes,yes,5.70024095e2,2.39511209e2,2.74190841e2,8.54854324e1,-38.63784226,1152,3,0,0,0,0,3,199414 ns,177500,1152,1152,2432,2819,2819
64,28,butterfly-check,recompute,ntt,add-output,0,7,0,3,PASS,FAIL,no,no,6.75983122e2,2.67773683e2,3.07511136e2,9.58738167e1,-39.63400034,1152,0,0,0,0,0,0,130500 ns,116043,1152,1152,2432,2819,2819
64,28,butterfly-check,recompute,ntt,add-output,0,7,8,3,PASS,FAIL,no,no,4.34013907e2,2.35640804e2,2.54761999e2,7.94280346e1,-37.99947632,1152,0,0,0,0,0,0,180915 ns,160376,1152,1152,2432,2819,2819
64,28,butterfly-check,recompute,ntt,add-output,0,7,24,3,PASS,FAIL,no,no,5.77638676e2,2.58168851e2,2.82193893e2,8.79805718e1,-38.88773560,1152,0,0,0,0,0,0,131082 ns,116042,1152,1152,2432,2819,2819
64,28,butterfly-check,recompute,ntt,add-output,0,7,26,3,PASS,FAIL,no,no,5.99441902e2,2.72878019e2,3.04036273e2,9.47904466e1,-39.53529138,1152,0,0,0,0,0,0,220208 ns,195416,1152,1152,2432,2819,2819
64,28,butterfly-check,recompute,ntt,add-output,0,9,0,3,PASS,FAIL,no,no,7.68101324e2,2.72666746e2,3.06766502e2,9.56416593e1,-39.61294205,1152,0,0,0,0,0,0,161583 ns,143994,1152,1152,2432,2819,2819
64,28,butterfly-check,recompute,ntt,add-output,0,9,8,3,PASS,FAIL,no,no,5.43005410e2,2.67321555e2,2.99511130e2,9.33796270e1,-39.40504269,1152,0,0,0,0,0,0,130124 ns,115666,1152,1152,2432,2819,2819
64,28,butterfly-check,recompute,ntt,add-output,0,9,24,3,PASS,FAIL,no,no,4.60958380e2,2.45668925e2,2.74905389e2,8.57082095e1,-38.66044845,1152,0,0,0,0,0,0,167751 ns,148916,1152,1152,2432,2819,2819
64,28,butterfly-check,recompute,ntt,add-output,0,9,26,3,PASS,FAIL,no,no,5.95935426e2,2.91837278e2,3.22192350e2,1.00451030e2,-40.03908786,1152,0,0,0,0,0,0,221166 ns,197081,1152,1152,2432,2819,2819
64,28,butterfly-check,recompute,ntt,add-output,0,10,0,3,PASS,FAIL,yes,yes,6.87142534e2,2.70722397e2,3.14646801e2,9.80985276e1,-39.83324978,1152,3,0,0,0,0,3,225125 ns,200082,1152,1152,2432,2819,2819
64,28,butterfly-check,recompute,ntt,add-output,0,10,8,3,PASS,FAIL,yes,yes,5.02835007e2,2.65380205e2,2.95349591e2,9.20821694e1,-39.28351085,1152,3,0,0,0,0,3,199291 ns,176870,1152,1152,2432,2819,2819
64,28,butterfly-check,recompute,ntt,add-output,0,10,24,3,PASS,FAIL,yes,yes,5.41033184e2,2.49548200e2,2.81169390e2,8.76611589e1,-38.85614416,1152,3,0,0,0,0,3,199500 ns,177374,1152,1152,2432,2819,2819
64,28,butterfly-check,recompute,ntt,add-output,0,10,26,3,PASS,FAIL,yes,yes,7.17891023e2,2.73706707e2,3.07935713e2,9.60061883e1,-39.64598455,1152,3,0,0,0,0,3,222375 ns,197501,1152,1152,2432,2819,2819
64,28,butterfly-check,recompute,ntt,add-output,0,11,0,3,PASS,FAIL,no,no,5.47196418e2,2.69929948e2,2.94995317e2,9.19717163e1,-39.27308582,1152,0,0,0,0,0,0,249542 ns,221705,1152,1152,2432,2819,2819
64,28,butterfly-check,recompute,ntt,add-output,0,11,8,3,PASS,FAIL,no,no,6.68838213e2,2.33662194e2,2.79067799e2,8.70059385e1,-38.79097792,1152,0,0,0,0,0,0,198624 ns,176248,1152,1152,2432,2819,2819
64,28,butterfly-check,recompute,ntt,add-output,0,11,24,3,PASS,FAIL,no,no,6.32743051e2,2.69592938e2,3.13390690e2,9.77069055e1,-39.79850518,1152,0,0,0,0,0,0,198916 ns,176793,1152,1152,2432,2819,2819
64,28,butterfly-check,recompute,ntt,add-output,0,11,26,3,PASS,FAIL,no,no,5.57460448e2,2.52064527e2,2.91494606e2,9.08802874e1,-39.16939384,1152,0,0,0,0,0,0,222124 ns,197125,1152,1152,2432,2819,2819
64,28,butterfly-check,recompute,ntt,add-output,0,13,0,3,PASS,FAIL,no,no,6.34525153e2,2.85547095e2,3.19588321e2,9.96391627e1,-39.96860139,1152,0,0,0,0,0,0,131542 ns,116962,1152,1152,2432,2819,2819
64,28,butterfly-check,recompute,ntt,add-output,0,13,8,3,PASS,FAIL,no,no,4.57834314e2,2.26774977e2,2.54404563e2,7.93165956e1,-37.98728130,1152,0,0,0,0,0,0,158500 ns,140045,1152,1152,2432,2819,2819
64,28,butterfly-check,recompute,ntt,add-output,0,13,24,3,PASS,FAIL,no,no,6.01315752e2,2.70612539e2,3.03914971e2,9.47526278e1,-39.53182526,1152,0,0,0,0,0,0,201210 ns,177294,1152,1152,2432,2819,2819
64,28,butterfly-check,recompute,ntt,add-output,0,13,26,3,PASS,FAIL,no,no,6.67225326e2,2.74586319e2,3.07931527e2,9.60048835e1,-39.64586650,1152,0,0,0,0,0,0,199375 ns,176999,1152,1152,2432,2819,2819
64,28,butterfly-check,recompute,ntt,add-output,0,15,0,3,PASS,FAIL,no,no,6.92503052e2,2.65055632e2,2.95699360e2,9.21912182e1,-39.29379108,1152,0,0,0,0,0,0,198627 ns,176543,1152,1152,2432,2819,2819
64,28,butterfly-check,recompute,ntt,add-output,0,15,8,3,PASS,FAIL,no,no,6.13585828e2,2.79442816e2,3.09596816e2,9.65240762e1,-39.69271308,1152,0,0,0,0,0,0,182501 ns,162042,1152,1152,2432,2819,2819
64,28,butterfly-check,recompute,ntt,add-output,0,15,24,3,PASS,FAIL,no,no,5.24228357e2,2.13872804e2,2.42376100e2,7.55664400e1,-37.56657925,1152,0,0,0,0,0,0,223167 ns,198336,1152,1152,2432,2819,2819
64,28,butterfly-check,recompute,ntt,add-output,0,15,26,3,PASS,FAIL,no,no,6.38926699e2,2.48268862e2,2.86399103e2,8.92916446e1,-39.01621644,1152,0,0,0,0,0,0,199083 ns,176874,1152,1152,2432,2819,2819
64,28,butterfly-check,recompute,ntt,add-output,0,17,0,3,PASS,FAIL,no,no,6.89029659e2,2.76594393e2,3.11549776e2,9.71329574e1,-39.74733224,1152,0,0,0,0,0,0,159332 ns,141916,1152,1152,2432,2819,2819
64,28,butterfly-check,recompute,ntt,add-output,0,17,8,3,PASS,FAIL,no,no,5.53439180e2,2.48098325e2,2.88287396e2,8.98803643e1,-39.07329648,1152,0,0,0,0,0,0,182209 ns,160709,1152,1152,2432,2819,2819
64,28,butterfly-check,recompute,ntt,add-output,0,17,24,3,PASS,FAIL,no,no,6.08035400e2,2.74080040e2,3.08941751e2,9.63198444e1,-39.67431544,1152,0,0,0,0,0,0,199710 ns,176543,1152,1152,2432,2819,2819
64,28,butterfly-check,recompute,ntt,add-output,0,17,26,3,PASS,FAIL,no,no,5.26383039e2,2.55452987e2,2.78522827e2,8.68360307e1,-38.77399927,1152,0,0,0,0,0,0,130874 ns,116295,1152,1152,2432,2819,2819
64,28,butterfly-check,recompute,ntt,add-output,0,18,0,3,PASS,FAIL,yes,yes,7.13332765e2,2.81804965e2,3.17782796e2,9.90762477e1,-39.91939101,1152,3,0,0,0,0,3,182875 ns,162587,1152,1152,2432,2819,2819
64,28,butterfly-check,recompute,ntt,add-output,0,18,8,3,PASS,FAIL,yes,yes,9.56533596e2,2.71333298e2,3.14687770e2,9.81113008e1,-39.83438067,1152,3,0,0,0,0,3,199961 ns,176749,1152,1152,2432,2819,2819
64,28,butterfly-check,recompute,ntt,add-output,0,18,24,3,PASS,FAIL,yes,yes,6.23290324e2,2.49253869e2,2.82278893e2,8.80070726e1,-38.89035150,1152,3,0,0,0,0,3,128251 ns,114086,1152,1152,2432,2819,2819
64,28,butterfly-check,recompute,ntt,add-output,0,18,26,3,PASS,FAIL,yes,yes,7.65625595e2,2.52023762e2,2.93080580e2,9.13747518e1,-39.21652421,1152,3,0,0,0,0,3,199000 ns,176669,1152,1152,2432,2819,2819
64,28,butterfly-check,recompute,ntt,add-output,0,19,0,3,PASS,FAIL,no,no,5.38191880e2,2.49457842e2,2.77595617e2,8.65469513e1,-38.74503548,1152,0,0,0,0,0,0,289251 ns,256958,1152,1152,2432,2819,2819
64,28,butterfly-check,recompute,ntt,add-output,0,19,8,3,PASS,FAIL,no,no,6.22640794e2,2.88653420e2,3.21904988e2,1.00361438e2,-40.03133750,1152,0,0,0,0,0,0,198458 ns,176250,1152,1152,2432,2819,2819
64,28,butterfly-check,recompute,ntt,add-output,0,19,24,3,PASS,FAIL,no,no,5.80491201e2,2.55821531e2,2.84895468e2,8.88228511e1,-38.97049419,1152,0,0,0,0,0,0,231791 ns,205081,1152,1152,2432,2819,2819
64,28,butterfly-check,recompute,ntt,add-output,0,19,26,3,PASS,FAIL,no,no,5.81559407e2,2.59536415e2,2.92827322e2,9.12957927e1,-39.20901528,1152,0,0,0,0,0,0,222708 ns,197376,1152,1152,2432,2819,2819
64,28,butterfly-check,recompute,ntt,add-output,0,25,0,3,PASS,FAIL,no,no,6.60661950e2,2.51945447e2,2.86349492e2,8.92761771e1,-39.01471170,1152,0,0,0,0,0,0,248792 ns,222131,1152,1152,2432,2819,2819
64,28,butterfly-check,recompute,ntt,add-output,0,25,8,3,PASS,FAIL,no,no,5.68857948e2,2.67051523e2,2.91542217e2,9.08951311e1,-39.17081241,1152,0,0,0,0,0,0,221542 ns,196919,1152,1152,2432,2819,2819
64,28,butterfly-check,recompute,ntt,add-output,0,25,24,3,PASS,FAIL,no,no,4.52227487e2,2.57751516e2,2.79416022e2,8.71145053e1,-38.80180949,1152,0,0,0,0,0,0,127499 ns,112123,1152,1152,2432,2819,2819
64,28,butterfly-check,recompute,ntt,add-output,0,25,26,3,PASS,FAIL,no,no,5.56930098e2,2.68219434e2,3.12658102e2,9.74785042e1,-39.77817713,1152,0,0,0,0,0,0,124126 ns,110497,1152,1152,2432,2819,2819
64,28,butterfly-check,recompute,ntt,add-output,0,26,0,3,PASS,FAIL,yes,yes,5.27939676e2,2.64722649e2,2.98052332e2,9.29248125e1,-39.36263387,1152,3,0,0,0,0,3,181832 ns,161416,1152,1152,2432,2819,2819
64,28,butterfly-check,recompute,ntt,add-output,0,26,8,3,PASS,FAIL,yes,yes,5.88898587e2,2.68623505e2,2.96660992e2,9.24910295e1,-39.32199227,1152,3,0,0,0,0,3,198124 ns,175918,1152,1152,2432,2819,2819
64,28,butterfly-check,recompute,ntt,add-output,0,26,24,3,PASS,FAIL,yes,yes,5.04220114e2,2.53022228e2,2.75996964e2,8.60485336e1,-38.69486947,1152,3,0,0,0,0,3,198583 ns,176709,1152,1152,2432,2819,2819
64,28,butterfly-check,recompute,ntt,add-output,0,26,26,3,PASS,FAIL,yes,yes,5.85705467e2,2.67320839e2,2.98343072e2,9.30154575e1,-39.37110253,1152,3,0,0,0,0,3,129458 ns,114506,1152,1152,2432,2819,2819
64,28,butterfly-check,recompute,ntt,add-output,0,27,0,3,PASS,FAIL,no,no,5.42728582e2,2.51372058e2,2.83902412e2,8.85132427e1,-38.94016503,1152,0,0,0,0,0,0,128751 ns,113291,1152,1152,2432,2819,2819
64,28,butterfly-check,recompute,ntt,add-output,0,27,8,3,PASS,FAIL,no,no,6.03149462e2,2.58019119e2,2.90113943e2,9.04498332e1,-39.12815540,1152,0,0,0,0,0,0,146001 ns,129330,1152,1152,2432,2819,2819
64,28,butterfly-check,recompute,ntt,add-output,0,27,24,3,PASS,FAIL,no,no,5.45704217e2,2.70122254e2,2.98184865e2,9.29661325e1,-39.36649529,1152,0,0,0,0,0,0,203166 ns,180500,1152,1152,2432,2819,2819
64,28,butterfly-check,recompute,ntt,add-output,0,27,26,3,PASS,FAIL,no,no,6.01490492e2,2.56208003e2,2.90833619e2,9.06742090e1,-39.14967552,1152,0,0,0,0,0,0,128751 ns,113625,1152,1152,2432,2819,2819
64,28,butterfly-check,recompute,ntt,add-output,0,28,0,3,PASS,FAIL,yes,yes,5.42451275e2,2.47291710e2,2.72961041e2,8.51020133e1,-38.59879669,1152,3,0,0,0,0,3,182749 ns,161584,1152,1152,2432,2819,2819
64,28,butterfly-check,recompute,ntt,add-output,0,28,8,3,PASS,FAIL,yes,yes,5.26199816e2,2.85008687e2,3.15520119e2,9.83708051e1,-39.85732452,1152,3,0,0,0,0,3,132915 ns,117331,1152,1152,2432,2819,2819
64,28,butterfly-check,recompute,ntt,add-output,0,28,24,3,PASS,FAIL,yes,yes,7.81958678e2,2.73694845e2,3.11868095e2,9.72322010e1,-39.75620233,1152,3,0,0,0,0,3,169667 ns,150746,1152,1152,2432,2819,2819
64,28,butterfly-check,recompute,ntt,add-output,0,28,26,3,PASS,FAIL,yes,yes,5.52887477e2,2.61103703e2,2.98119262e2,9.29456795e1,-39.36458414,1152,3,0,0,0,0,3,220542 ns,195585,1152,1152,2432,2819,2819
64,28,butterfly-check,recompute,ntt,add-output,0,29,0,3,PASS,FAIL,no,no,6.45506252e2,2.56315750e2,2.94042573e2,9.16746759e1,-39.24498767,1152,0,0,0,0,0,0,199999 ns,176584,1152,1152,2432,2819,2819
64,28,butterfly-check,recompute,ntt,add-output,0,29,8,3,PASS,FAIL,no,no,7.23760993e2,2.39697491e2,2.84163242e2,8.85945625e1,-38.94814136,1152,0,0,0,0,0,0,219751 ns,195251,1152,1152,2432,2819,2819
64,28,butterfly-check,recompute,ntt,add-output,0,29,24,3,PASS,FAIL,no,no,5.50012893e2,2.58681475e2,2.94075618e2,9.16849784e1,-39.24596374,1152,0,0,0,0,0,0,220833 ns,196291,1152,1152,2432,2819,2819
64,28,butterfly-check,recompute,ntt,add-output,0,29,26,3,PASS,FAIL,no,no,1.04324592e3,2.44958289e2,3.17762753e2,9.90699989e1,-39.91884316,1152,0,0,0,0,0,0,220459 ns,196006,1152,1152,2432,2819,2819
64,28,butterfly-check,recompute,ntt,add-output,0,31,0,3,PASS,FAIL,no,no,5.48453965e2,2.67138479e2,2.98922123e2,9.31959901e1,-39.38794453,1152,0,0,0,0,0,0,199083 ns,176293,1152,1152,2432,2819,2819
64,28,butterfly-check,recompute,ntt,add-output,0,31,8,3,PASS,FAIL,no,no,5.75600931e2,2.84631282e2,3.14783756e2,9.81412266e1,-39.83702963,1152,0,0,0,0,0,0,200415 ns,177125,1152,1152,2432,2819,2819
64,28,butterfly-check,recompute,ntt,add-output,0,31,24,3,PASS,FAIL,no,no,6.46054128e2,2.74276343e2,3.16873285e2,9.87926862e1,-39.89449589,1152,0,0,0,0,0,0,198958 ns,176748,1152,1152,2432,2819,2819
64,28,butterfly-check,recompute,ntt,add-output,0,31,26,3,PASS,FAIL,no,no,6.07098168e2,2.55048123e2,2.86063487e2,8.91870086e1,-39.00603195,1152,0,0,0,0,0,0,221083 ns,196207,1152,1152,2432,2819,2819
64,28,butterfly-check,recompute,ntt,add-output,0,33,0,3,PASS,FAIL,no,no,5.68562296e2,2.64684342e2,2.96391064e2,9.24068730e1,-39.31408548,1152,0,0,0,0,0,0,130125 ns,115665,1152,1152,2432,2819,2819
64,28,butterfly-check,recompute,ntt,add-output,0,33,8,3,PASS,FAIL,no,no,5.49185619e2,2.75327847e2,3.09611607e2,9.65286879e1,-39.69312806,1152,0,0,0,0,0,0,169334 ns,150293,1152,1152,2432,2819,2819
64,28,butterfly-check,recompute,ntt,add-output,0,33,24,3,PASS,FAIL,no,no,5.70877260e2,2.93992007e2,3.17288880e2,9.89222579e1,-39.90588041,1152,0,0,0,0,0,0,221083 ns,196374,1152,1152,2432,2819,2819
64,28,butterfly-check,recompute,ntt,add-output,0,33,26,3,PASS,FAIL,no,no,5.21734039e2,2.71928115e2,2.96945776e2,9.25798177e1,-39.33032642,1152,0,0,0,0,0,0,129916 ns,115504,1152,1152,2432,2819,2819
64,28,butterfly-check,recompute,ntt,add-output,0,36,0,3,PASS,FAIL,yes,yes,6.12765339e2,2.69831960e2,3.00258517e2,9.36126423e1,-39.42669007,1152,3,0,0,0,0,3,224208 ns,197920,1152,1152,2432,2819,2819
64,28,butterfly-check,recompute,ntt,add-output,0,36,8,3,PASS,FAIL,yes,yes,5.40263691e2,2.56809296e2,2.89170255e2,9.01556163e1,-39.09985573,1152,3,0,0,0,0,3,221291 ns,196668,1152,1152,2432,2819,2819
64,28,butterfly-check,recompute,ntt,add-output,0,36,24,3,PASS,FAIL,yes,yes,6.27552034e2,2.92820466e2,3.31772496e2,1.03437865e2,-40.29359099,1152,3,0,0,0,0,3,222125 ns,197543,1152,1152,2432,2819,2819
64,28,butterfly-check,recompute,ntt,add-output,0,36,26,3,PASS,FAIL,yes,yes,6.15065549e2,2.72612014e2,3.09544623e2,9.65078038e1,-39.69124865,1152,3,0,0,0,0,3,221915 ns,196418,1152,1152,2432,2819,2819
64,28,butterfly-check,recompute,ntt,add-output,0,38,0,3,PASS,FAIL,yes,yes,7.64482849e2,2.67741316e2,3.05559385e2,9.52653124e1,-39.57869592,1152,3,0,0,0,0,3,198999 ns,176834,1152,1152,2432,2819,2819
64,28,butterfly-check,recompute,ntt,add-output,0,38,8,3,PASS,FAIL,yes,yes,5.82123547e2,2.81609994e2,3.11062578e2,9.69810619e1,-39.73373871,1152,3,0,0,0,0,3,222582 ns,197710,1152,1152,2432,2819,2819
64,28,butterfly-check,recompute,ntt,add-output,0,38,24,3,PASS,FAIL,yes,yes,5.17291520e2,2.56146700e2,2.93819096e2,9.16050017e1,-39.23838374,1152,3,0,0,0,0,3,201208 ns,179084,1152,1152,2432,2819,2819
64,28,butterfly-check,recompute,ntt,add-output,0,38,26,3,PASS,FAIL,yes,yes,4.85910743e2,2.35770808e2,2.61883395e2,8.16482971e1,-38.23894263,1152,3,0,0,0,0,3,182541 ns,161208,1152,1152,2432,2819,2819
64,28,butterfly-check,recompute,ntt,add-output,0,39,0,3,PASS,FAIL,no,no,5.44654592e2,2.45659349e2,2.75435076e2,8.58733517e1,-38.67716828,1152,0,0,0,0,0,0,181082 ns,161124,1152,1152,2432,2819,2819
64,28,butterfly-check,recompute,ntt,add-output,0,39,8,3,PASS,FAIL,no,no,6.52548134e2,2.64665411e2,3.00168105e2,9.35844544e1,-39.42407425,1152,0,0,0,0,0,0,200794 ns,177292,1152,1152,2432,2819,2819
64,28,butterfly-check,recompute,ntt,add-output,0,39,24,3,PASS,FAIL,no,no,7.07828972e2,2.80107757e2,3.13107193e2,9.76185188e1,-39.79064427,1152,0,0,0,0,0,0,180791 ns,160541,1152,1152,2432,2819,2819
64,28,butterfly-check,recompute,ntt,add-output,0,39,26,3,PASS,FAIL,no,no,5.57199545e2,2.48963803e2,2.87273596e2,8.95642884e1,-39.04269760,1152,0,0,0,0,0,0,130585 ns,116081,1152,1152,2432,2819,2819
64,28,butterfly-check,recompute,ntt,add-output,0,41,0,3,PASS,FAIL,no,no,6.10894435e2,2.76533268e2,3.09747686e2,9.65711137e1,-39.69694480,1152,0,0,0,0,0,0,135792 ns,120795,1152,1152,2432,2819,2819
64,28,butterfly-check,recompute,ntt,add-output,0,41,8,3,PASS,FAIL,no,no,5.78511357e2,2.74011190e2,3.05143850e2,9.51357596e1,-39.56687580,1152,0,0,0,0,0,0,220792 ns,196165,1152,1152,2432,2819,2819
64,28,butterfly-check,recompute,ntt,add-output,0,41,24,3,PASS,FAIL,no,no,6.18543246e2,2.51650639e2,2.89856788e2,9.03696590e1,-39.12045287,1152,0,0,0,0,0,0,199207 ns,176961,1152,1152,2432,2819,2819
64,28,butterfly-check,recompute,ntt,add-output,0,41,26,3,PASS,FAIL,no,no,6.71011400e2,2.67487716e2,3.01424411e2,9.39761372e1,-39.46035179,1152,0,0,0,0,0,0,214085 ns,190127,1152,1152,2432,2819,2819
64,28,butterfly-check,recompute,ntt,add-output,0,42,0,3,PASS,FAIL,yes,yes,7.36961444e2,2.51184506e2,2.95921792e2,9.22605666e1,-39.30032235,1152,3,0,0,0,0,3,222166 ns,197126,1152,1152,2432,2819,2819
64,28,butterfly-check,recompute,ntt,add-output,0,42,8,3,PASS,FAIL,yes,yes,5.30331345e2,2.70047799e2,2.94935606e2,9.19530999e1,-39.27132750,1152,3,0,0,0,0,3,220790 ns,195916,1152,1152,2432,2819,2819
64,28,butterfly-check,recompute,ntt,add-output,0,42,24,3,PASS,FAIL,yes,yes,5.01784994e2,2.63120056e2,2.85208590e2,8.89204743e1,-38.98003541,1152,3,0,0,0,0,3,181415 ns,161581,1152,1152,2432,2819,2819
64,28,butterfly-check,recompute,ntt,add-output,0,42,26,3,PASS,FAIL,yes,yes,7.04442992e2,2.57138010e2,2.97309519e2,9.26932231e1,-39.34095967,1152,3,0,0,0,0,3,221749 ns,196790,1152,1152,2432,2819,2819
64,28,butterfly-check,recompute,ntt,add-output,0,44,0,3,PASS,FAIL,yes,yes,6.22199245e2,2.76849652e2,3.10582284e2,9.68313190e1,-39.72031695,1152,3,0,0,0,0,3,132458 ns,117047,1152,1152,2432,2819,2819
64,28,butterfly-check,recompute,ntt,add-output,0,44,8,3,PASS,FAIL,yes,yes,6.27739024e2,2.60726136e2,3.05853702e2,9.53570727e1,-39.58705821,1152,3,0,0,0,0,3,199585 ns,177124,1152,1152,2432,2819,2819
64,28,butterfly-check,recompute,ntt,add-output,0,44,24,3,PASS,FAIL,yes,yes,5.15924316e2,2.62845413e2,2.87137425e2,8.95218338e1,-39.03857940,1152,3,0,0,0,0,3,182124 ns,161710,1152,1152,2432,2819,2819
64,28,butterfly-check,recompute,ntt,add-output,0,44,26,3,PASS,FAIL,yes,yes,5.70614005e2,2.47751101e2,2.81988655e2,8.79165838e1,-38.88141609,1152,3,0,0,0,0,3,198540 ns,176462,1152,1152,2432,2819,2819
64,28,butterfly-check,recompute,ntt,add-output,0,47,0,3,PASS,FAIL,no,no,5.41885956e2,2.58538787e2,2.94526645e2,9.18255966e1,-39.25927517,1152,0,0,0,0,0,0,199959 ns,177250,1152,1152,2432,2819,2819
64,28,butterfly-check,recompute,ntt,add-output,0,47,8,3,PASS,FAIL,no,no,7.96235633e2,2.76881469e2,3.16000282e2,9.85205072e1,-39.87053278,1152,0,0,0,0,0,0,181832 ns,161084,1152,1152,2432,2819,2819
64,28,butterfly-check,recompute,ntt,add-output,0,47,24,3,PASS,FAIL,no,no,5.63956883e2,2.67642442e2,2.96589909e2,9.24688677e1,-39.31991080,1152,0,0,0,0,0,0,220290 ns,195791,1152,1152,2432,2819,2819
64,28,butterfly-check,recompute,ntt,add-output,0,47,26,3,PASS,FAIL,no,no,5.78800431e2,2.67191953e2,3.02369700e2,9.42708533e1,-39.48754876,1152,0,0,0,0,0,0,131583 ns,116998,1152,1152,2432,2819,2819
64,28,butterfly-check,recompute,ntt,add-output,0,49,0,3,PASS,FAIL,no,no,6.35145287e2,2.52654913e2,2.90958090e2,9.07130157e1,-39.15339210,1152,0,0,0,0,0,0,199083 ns,176665,1152,1152,2432,2819,2819
64,28,butterfly-check,recompute,ntt,add-output,0,49,8,3,PASS,FAIL,no,no,7.53261380e2,2.57389687e2,2.94105383e2,9.16942584e1,-39.24684284,1152,0,0,0,0,0,0,199127 ns,176333,1152,1152,2432,2819,2819
64,28,butterfly-check,recompute,ntt,add-output,0,49,24,3,PASS,FAIL,no,no,5.51467153e2,2.59712429e2,2.84246875e2,8.86206371e1,-38.95069736,1152,0,0,0,0,0,0,199917 ns,176169,1152,1152,2432,2819,2819
64,28,butterfly-check,recompute,ntt,add-output,0,49,26,3,PASS,FAIL,no,no,4.84242150e2,2.36291595e2,2.59746677e2,8.09821252e1,-38.16778339,1152,0,0,0,0,0,0,131666 ns,117418,1152,1152,2432,2819,2819
64,28,butterfly-check,recompute,ntt,add-output,0,54,0,3,PASS,FAIL,yes,yes,5.89346472e2,2.76810442e2,3.09445684e2,9.64769575e1,-39.68847198,1152,3,0,0,0,0,3,182125 ns,161624,1152,1152,2432,2819,2819
64,28,butterfly-check,recompute,ntt,add-output,0,54,8,3,PASS,FAIL,yes,yes,5.80025862e2,2.62151890e2,2.96941683e2,9.25785415e1,-39.33020669,1152,3,0,0,0,0,3,131167 ns,116421,1152,1152,2432,2819,2819
64,28,butterfly-check,recompute,ntt,add-output,0,54,24,3,PASS,FAIL,yes,yes,6.04549043e2,2.44660585e2,2.92090649e2,9.10661179e1,-39.18713646,1152,3,0,0,0,0,3,201123 ns,177749,1152,1152,2432,2819,2819
64,28,butterfly-check,recompute,ntt,add-output,0,54,26,3,PASS,FAIL,yes,yes,6.01052003e2,2.67567879e2,3.02910540e2,9.44394729e1,-39.50307109,1152,3,0,0,0,0,3,135583 ns,120503,1152,1152,2432,2819,2819
64,28,butterfly-check,recompute,ntt,add-output,0,57,0,3,PASS,FAIL,no,no,5.76434466e2,2.34450877e2,2.65527243e2,8.27843521e1,-38.35896509,1152,0,0,0,0,0,0,198168 ns,176039,1152,1152,2432,2819,2819
64,28,butterfly-check,recompute,ntt,add-output,0,57,8,3,PASS,FAIL,no,no,5.95566449e2,2.37617711e2,2.74756853e2,8.56618999e1,-38.65575405,1152,0,0,0,0,0,0,161709 ns,143372,1152,1152,2432,2819,2819
64,28,butterfly-check,recompute,ntt,add-output,0,57,24,3,PASS,FAIL,no,no,5.50350879e2,2.89318652e2,3.14115017e2,9.79327317e1,-39.81855737,1152,0,0,0,0,0,0,220624 ns,196210,1152,1152,2432,2819,2819
64,28,butterfly-check,recompute,ntt,add-output,0,57,26,3,PASS,FAIL,no,no,6.21711836e2,2.42011131e2,2.71116446e2,8.45269175e1,-38.53990063,1152,0,0,0,0,0,0,222834 ns,197291,1152,1152,2432,2819,2819
64,28,butterfly-check,recompute,ntt,add-output,0,60,0,3,PASS,FAIL,yes,yes,5.95372410e2,2.79457328e2,3.25671735e2,1.01535810e2,-40.13238474,1152,3,0,0,0,0,3,201000 ns,178084,1152,1152,2432,2819,2819
64,28,butterfly-check,recompute,ntt,add-output,0,60,8,3,PASS,FAIL,yes,yes,6.98600348e2,2.57730665e2,2.99558766e2,9.33944785e1,-39.40642403,1152,3,0,0,0,0,3,249832 ns,222459,1152,1152,2432,2819,2819
64,28,butterfly-check,recompute,ntt,add-output,0,60,24,3,PASS,FAIL,yes,yes,6.35381038e2,2.45175704e2,2.77601284e2,8.65487181e1,-38.74521280,1152,3,0,0,0,0,3,162000 ns,144085,1152,1152,2432,2819,2819
64,28,butterfly-check,recompute,ntt,add-output,0,60,26,3,PASS,FAIL,yes,yes,5.26371718e2,2.52118837e2,2.78282658e2,8.67611525e1,-38.76650625,1152,3,0,0,0,0,3,190291 ns,169291,1152,1152,2432,2819,2819
64,28,butterfly-check,recompute,ntt,add-output,0,61,0,3,PASS,FAIL,no,no,4.94572606e2,2.78908398e2,3.08424168e2,9.61584757e1,-39.65975141,1152,0,0,0,0,0,0,161917 ns,144290,1152,1152,2432,2819,2819
64,28,butterfly-check,recompute,ntt,add-output,0,61,8,3,PASS,FAIL,no,no,5.19046236e2,2.55025739e2,2.91819345e2,9.09815324e1,-39.17906495,1152,0,0,0,0,0,0,221332 ns,196501,1152,1152,2432,2819,2819
64,28,butterfly-check,recompute,ntt,add-output,0,61,24,3,PASS,FAIL,no,no,5.71084485e2,2.88041532e2,3.12865280e2,9.75430966e1,-39.78393077,1152,0,0,0,0,0,0,221417 ns,196709,1152,1152,2432,2819,2819
64,28,butterfly-check,recompute,ntt,add-output,0,61,26,3,PASS,FAIL,no,no,5.75625096e2,2.22877683e2,2.54795139e2,7.94383670e1,-38.00060616,1152,0,0,0,0,0,0,131584 ns,115791,1152,1152,2432,2819,2819
64,28,butterfly-check,recompute,ntt,add-output,0,62,0,3,PASS,FAIL,yes,yes,6.17688008e2,2.57325819e2,3.01428058e2,9.39772741e1,-39.46045687,1152,3,0,0,0,0,3,199333 ns,177290,1152,1152,2432,2819,2819
64,28,butterfly-check,recompute,ntt,add-output,0,62,8,3,PASS,FAIL,yes,yes,6.18891215e2,2.87895354e2,3.15988315e2,9.85167761e1,-39.87020383,1152,3,0,0,0,0,3,128583 ns,114292,1152,1152,2432,2819,2819
64,28,butterfly-check,recompute,ntt,add-output,0,62,24,3,PASS,FAIL,yes,yes,5.86945121e2,2.69129983e2,2.98435633e2,9.30443155e1,-39.37379691,1152,3,0,0,0,0,3,131208 ns,116252,1152,1152,2432,2819,2819
64,28,butterfly-check,recompute,ntt,add-output,0,62,26,3,PASS,FAIL,yes,yes,6.58469338e2,2.65165112e2,3.01445469e2,9.39827024e1,-39.46095857,1152,3,0,0,0,0,3,199708 ns,177332,1152,1152,2432,2819,2819
64,28,butterfly-check,recompute,ntt,add-output,3,0,0,1,PASS,FAIL,yes,yes,6.10168567e2,2.13989998e2,2.46400229e2,7.68210565e1,-37.70960551,1152,3,0,0,0,0,3,135666 ns,120294,1152,1152,2432,2819,2819
64,28,butterfly-check,recompute,ntt,add-output,3,0,8,1,PASS,FAIL,yes,yes,5.92658299e2,2.59285625e2,2.89048923e2,9.01177883e1,-39.09621049,1152,3,0,0,0,0,3,127126 ns,113292,1152,1152,2432,2819,2819
64,28,butterfly-check,recompute,ntt,add-output,3,0,24,1,PASS,FAIL,yes,yes,7.71933734e2,2.72623399e2,3.00691422e2,9.37476105e1,-39.43920414,1152,3,0,0,0,0,3,202417 ns,177707,1152,1152,2432,2819,2819
64,28,butterfly-check,recompute,ntt,add-output,3,0,26,1,PASS,FAIL,yes,yes,5.05047434e2,2.42357975e2,2.79055913e2,8.70022327e1,-38.79060795,1152,3,0,0,0,0,3,131001 ns,116544,1152,1152,2432,2819,2819
64,28,butterfly-check,recompute,ntt,add-output,3,4,0,1,PASS,FAIL,yes,yes,5.67581072e2,2.83113797e2,3.12148367e2,9.73195824e1,-39.76400473,1152,3,0,0,0,0,3,200042 ns,176921,1152,1152,2432,2819,2819
64,28,butterfly-check,recompute,ntt,add-output,3,4,8,1,PASS,FAIL,yes,yes,5.22303196e2,2.77409687e2,3.00969068e2,9.38341733e1,-39.44722064,1152,3,0,0,0,0,3,199292 ns,176916,1152,1152,2432,2819,2819
64,28,butterfly-check,recompute,ntt,add-output,3,4,24,1,PASS,FAIL,yes,yes,5.53655098e2,2.47437787e2,2.94703751e2,9.18808136e1,-39.26449664,1152,3,0,0,0,0,3,221499 ns,197417,1152,1152,2432,2819,2819
64,28,butterfly-check,recompute,ntt,add-output,3,4,26,1,PASS,FAIL,yes,yes,7.34763384e2,2.64150825e2,3.04936709e2,9.50711785e1,-39.56097755,1152,3,0,0,0,0,3,165625 ns,147626,1152,1152,2432,2819,2819
64,28,butterfly-check,recompute,ntt,add-output,3,5,0,1,PASS,FAIL,yes,yes,5.79980752e2,2.60052624e2,2.92773150e2,9.12789036e1,-39.20740829,1152,3,0,0,0,0,3,133251 ns,118167,1152,1152,2432,2819,2819
64,28,butterfly-check,recompute,ntt,add-output,3,5,8,1,PASS,FAIL,yes,yes,6.30898439e2,2.74475138e2,3.20514004e2,9.99277659e1,-39.99372356,1152,3,0,0,0,0,3,199292 ns,177208,1152,1152,2432,2819,2819
64,28,butterfly-check,recompute,ntt,add-output,3,5,24,1,PASS,FAIL,yes,yes,4.73495970e2,2.41709278e2,2.65463239e2,8.27643975e1,-38.35687115,1152,3,0,0,0,0,3,222499 ns,197830,1152,1152,2432,2819,2819
64,28,butterfly-check,recompute,ntt,add-output,3,5,26,1,PASS,FAIL,yes,yes,5.68431396e2,2.73981773e2,3.04357480e2,9.48905903e1,-39.54446296,1152,3,0,0,0,0,3,199998 ns,178291,1152,1152,2432,2819,2819
64,28,butterfly-check,recompute,ntt,add-output,3,6,0,1,PASS,FAIL,yes,yes,5.23580856e2,2.42164895e2,2.62005104e2,8.16862427e1,-38.24297841,1152,3,0,0,0,0,3,221626 ns,197125,1152,1152,2432,2819,2819
64,28,butterfly-check,recompute,ntt,add-output,3,6,8,1,PASS,FAIL,yes,yes,8.33642946e2,2.55699990e2,2.98750645e2,9.31425278e1,-39.38296040,1152,3,0,0,0,0,3,222874 ns,197836,1152,1152,2432,2819,2819
64,28,butterfly-check,recompute,ntt,add-output,3,6,24,1,PASS,FAIL,yes,yes,5.61513368e2,2.71406307e2,2.96941336e2,9.25784334e1,-39.33019655,1152,3,0,0,0,0,3,221833 ns,196583,1152,1152,2432,2819,2819
64,28,butterfly-check,recompute,ntt,add-output,3,6,26,1,PASS,FAIL,yes,yes,5.05147215e2,2.58146285e2,2.71989650e2,8.47991595e1,-38.56783095,1152,3,0,0,0,0,3,199165 ns,177042,1152,1152,2432,2819,2819
64,28,butterfly-check,recompute,ntt,add-output,3,7,0,1,PASS,FAIL,yes,yes,6.50313389e2,2.51648136e2,2.84764526e2,8.87820268e1,-38.96650111,1152,3,0,0,0,0,3,199459 ns,177544,1152,1152,2432,2819,2819
64,28,butterfly-check,recompute,ntt,add-output,3,7,8,1,PASS,FAIL,yes,yes,6.36006741e2,2.58946489e2,2.96270550e2,9.23693001e1,-39.31055306,1152,3,0,0,0,0,3,226541 ns,198500,1152,1152,2432,2819,2819
64,28,butterfly-check,recompute,ntt,add-output,3,7,24,1,PASS,FAIL,yes,yes,6.27536216e2,2.55033853e2,2.93713920e2,9.15722107e1,-39.23527398,1152,3,0,0,0,0,3,124251 ns,110458,1152,1152,2432,2819,2819
64,28,butterfly-check,recompute,ntt,add-output,3,7,26,1,PASS,FAIL,yes,yes,5.49156382e2,2.68139201e2,3.02261363e2,9.42370767e1,-39.48443611,1152,3,0,0,0,0,3,126959 ns,112541,1152,1152,2432,2819,2819
64,28,butterfly-check,recompute,ntt,add-output,3,8,0,1,PASS,FAIL,no,no,6.22004543e2,2.65266561e2,3.07384417e2,9.58343091e1,-39.63042032,1152,0,0,0,0,0,0,221415 ns,197251,1152,1152,2432,2819,2819
64,28,butterfly-check,recompute,ntt,add-output,3,8,8,1,PASS,FAIL,no,no,6.98170219e2,2.86480258e2,3.19747467e2,9.96887800e1,-39.97292562,1152,0,0,0,0,0,0,131459 ns,116873,1152,1152,2432,2819,2819
64,28,butterfly-check,recompute,ntt,add-output,3,8,24,1,PASS,FAIL,no,no,6.59829992e2,2.62229989e2,2.97070380e2,9.26186657e1,-39.33397041,1152,0,0,0,0,0,0,221708 ns,197168,1152,1152,2432,2819,2819
64,28,butterfly-check,recompute,ntt,add-output,3,8,26,1,PASS,FAIL,no,no,5.49145114e2,2.84711076e2,3.20607667e2,9.99569678e1,-39.99626146,1152,0,0,0,0,0,0,198207 ns,176583,1152,1152,2432,2819,2819
64,28,butterfly-check,recompute,ntt,add-output,3,9,0,1,PASS,FAIL,no,no,5.66287048e2,2.60911361e2,2.95118148e2,9.20100116e1,-39.27670170,1152,0,0,0,0,0,0,154500 ns,137876,1152,1152,2432,2819,2819
64,28,butterfly-check,recompute,ntt,add-output,3,9,8,1,PASS,FAIL,no,no,7.33130938e2,2.62294930e2,2.98248314e2,9.29859144e1,-39.36834332,1152,0,0,0,0,0,0,143833 ns,127788,1152,1152,2432,2819,2819
64,28,butterfly-check,recompute,ntt,add-output,3,9,24,1,PASS,FAIL,no,no,5.23610957e2,2.56464886e2,2.90576773e2,9.05941314e1,-39.14200131,1152,0,0,0,0,0,0,130958 ns,116294,1152,1152,2432,2819,2819
64,28,butterfly-check,recompute,ntt,add-output,3,9,26,1,PASS,FAIL,no,no,5.85138889e2,2.67553672e2,2.96186875e2,9.23432125e1,-39.30809958,1152,0,0,0,0,0,0,143416 ns,127128,1152,1152,2432,2819,2819
64,28,butterfly-check,recompute,ntt,add-output,3,10,0,1,PASS,FAIL,no,no,5.01998825e2,2.36333064e2,2.76619076e2,8.62424915e1,-38.71442589,1152,0,0,0,0,0,0,221751 ns,197253,1152,1152,2432,2819,2819
64,28,butterfly-check,recompute,ntt,add-output,3,10,8,1,PASS,FAIL,no,no,6.83836003e2,2.73175290e2,3.23855394e2,1.00969523e2,-40.08380607,1152,0,0,0,0,0,0,200667 ns,178122,1152,1152,2432,2819,2819
64,28,butterfly-check,recompute,ntt,add-output,3,10,24,1,PASS,FAIL,no,no,6.66511370e2,2.77716872e2,3.08783575e2,9.62705293e1,-39.66986719,1152,0,0,0,0,0,0,206334 ns,182917,1152,1152,2432,2819,2819
64,28,butterfly-check,recompute,ntt,add-output,3,10,26,1,PASS,FAIL,no,no,7.20551825e2,2.48919674e2,2.97079873e2,9.26216254e1,-39.33424796,1152,0,0,0,0,0,0,133292 ns,118002,1152,1152,2432,2819,2819
64,28,butterfly-check,recompute,ntt,add-output,3,11,0,1,PASS,FAIL,no,no,5.48731139e2,2.55349794e2,2.87808230e2,8.97309729e1,-39.05884753,1152,0,0,0,0,0,0,221666 ns,196289,1152,1152,2432,2819,2819
64,28,butterfly-check,recompute,ntt,add-output,3,11,8,1,PASS,FAIL,no,no,5.87381253e2,2.79990925e2,3.16093473e2,9.85495618e1,-39.87309395,1152,0,0,0,0,0,0,132751 ns,117664,1152,1152,2432,2819,2819
64,28,butterfly-check,recompute,ntt,add-output,3,11,24,1,PASS,FAIL,no,no,5.08628768e2,2.67097742e2,2.90778021e2,9.06568751e1,-39.14801490,1152,0,0,0,0,0,0,221375 ns,197293,1152,1152,2432,2819,2819
64,28,butterfly-check,recompute,ntt,add-output,3,11,26,1,PASS,FAIL,no,no,6.69292210e2,2.39056312e2,2.70201733e2,8.42417344e1,-38.51054599,1152,0,0,0,0,0,0,131210 ns,116708,1152,1152,2432,2819,2819
64,28,butterfly-check,recompute,ntt,add-output,3,12,0,1,PASS,FAIL,no,no,5.18495639e2,2.59341885e2,2.83420429e2,8.83629730e1,-38.92540639,1152,0,0,0,0,0,0,221749 ns,196795,1152,1152,2432,2819,2819
64,28,butterfly-check,recompute,ntt,add-output,3,12,8,1,PASS,FAIL,no,no,6.09444654e2,2.41680344e2,2.83772003e2,8.84725844e1,-38.93617428,1152,0,0,0,0,0,0,131208 ns,116296,1152,1152,2432,2819,2819
64,28,butterfly-check,recompute,ntt,add-output,3,12,24,1,PASS,FAIL,no,no,5.00956505e2,2.70145746e2,2.93365420e2,9.14635577e1,-39.22496180,1152,0,0,0,0,0,0,200460 ns,177792,1152,1152,2432,2819,2819
64,28,butterfly-check,recompute,ntt,add-output,3,12,26,1,PASS,FAIL,no,no,6.51079196e2,2.63530488e2,3.01515914e2,9.40046652e1,-39.46298814,1152,0,0,0,0,0,0,199082 ns,176709,1152,1152,2432,2819,2819
64,28,butterfly-check,recompute,ntt,add-output,3,14,0,1,PASS,FAIL,no,no,6.70592012e2,2.70737937e2,3.05716662e2,9.53143471e1,-39.58316554,1152,0,0,0,0,0,0,133584 ns,118250,1152,1152,2432,2819,2819
64,28,butterfly-check,recompute,ntt,add-output,3,14,8,1,PASS,FAIL,no,no,5.32098825e2,2.48589933e2,2.79622612e2,8.71789146e1,-38.80822915,1152,0,0,0,0,0,0,177668 ns,156704,1152,1152,2432,2819,2819
64,28,butterfly-check,recompute,ntt,add-output,3,14,24,1,PASS,FAIL,no,no,7.44937480e2,2.76265051e2,3.30965783e2,1.03186354e2,-40.27244531,1152,0,0,0,0,0,0,150208 ns,133458,1152,1152,2432,2819,2819
64,28,butterfly-check,recompute,ntt,add-output,3,14,26,1,PASS,FAIL,no,no,6.39662505e2,2.74823337e2,3.04123663e2,9.48176922e1,-39.53778762,1152,0,0,0,0,0,0,222583 ns,197919,1152,1152,2432,2819,2819
64,28,butterfly-check,recompute,ntt,add-output,3,19,0,1,PASS,FAIL,yes,yes,6.74214778e2,2.82498083e2,3.24642959e2,1.01215065e2,-40.10490313,1152,3,0,0,0,0,3,200458 ns,177293,1152,1152,2432,2819,2819
64,28,butterfly-check,recompute,ntt,add-output,3,19,8,1,PASS,FAIL,yes,yes,7.03790686e2,2.59287008e2,2.96093626e2,9.23141399e1,-39.30536455,1152,3,0,0,0,0,3,145584 ns,128916,1152,1152,2432,2819,2819
64,28,butterfly-check,recompute,ntt,add-output,3,19,24,1,PASS,FAIL,yes,yes,5.43820955e2,2.53522338e2,2.86198629e2,8.92291421e1,-39.01013435,1152,3,0,0,0,0,3,200209 ns,178208,1152,1152,2432,2819,2819
64,28,butterfly-check,recompute,ntt,add-output,3,19,26,1,PASS,FAIL,yes,yes,4.87833421e2,2.84364657e2,3.08687177e2,9.62404750e1,-39.66715516,1152,3,0,0,0,0,3,224917 ns,198585,1152,1152,2432,2819,2819
64,28,butterfly-check,recompute,ntt,add-output,3,21,0,1,PASS,FAIL,yes,yes,5.51561536e2,2.37110849e2,2.71979438e2,8.47959754e1,-38.56750481,1152,3,0,0,0,0,3,183042 ns,161332,1152,1152,2432,2819,2819
64,28,butterfly-check,recompute,ntt,add-output,3,21,8,1,PASS,FAIL,yes,yes,5.24121513e2,2.68423081e2,3.01556948e2,9.40174588e1,-39.46417017,1152,3,0,0,0,0,3,211375 ns,188124,1152,1152,2432,2819,2819
64,28,butterfly-check,recompute,ntt,add-output,3,21,24,1,PASS,FAIL,yes,yes,5.25928302e2,2.67878713e2,2.87648525e2,8.96811813e1,-39.05402641,1152,3,0,0,0,0,3,200458 ns,178293,1152,1152,2432,2819,2819
64,28,butterfly-check,recompute,ntt,add-output,3,21,26,1,PASS,FAIL,yes,yes,7.30376336e2,2.66193287e2,3.07398687e2,9.58387579e1,-39.63082353,1152,3,0,0,0,0,3,221000 ns,196452,1152,1152,2432,2819,2819
64,28,butterfly-check,recompute,ntt,add-output,3,22,0,1,PASS,FAIL,yes,yes,5.65118591e2,2.62199678e2,2.98558352e2,9.30825759e1,-39.37736786,1152,3,0,0,0,0,3,249834 ns,222333,1152,1152,2432,2819,2819
64,28,butterfly-check,recompute,ntt,add-output,3,22,8,1,PASS,FAIL,yes,yes,5.57577476e2,2.35516490e2,2.73696508e2,8.53313124e1,-38.62216850,1152,3,0,0,0,0,3,126000 ns,111378,1152,1152,2432,2819,2819
64,28,butterfly-check,recompute,ntt,add-output,3,22,24,1,PASS,FAIL,yes,yes,5.99187830e2,2.66395595e2,3.01876066e2,9.41169513e1,-39.47335701,1152,3,0,0,0,0,3,130625 ns,116544,1152,1152,2432,2819,2819
64,28,butterfly-check,recompute,ntt,add-output,3,22,26,1,PASS,FAIL,yes,yes,6.65011591e2,2.75543369e2,3.15002133e2,9.82093108e1,-39.84305326,1152,3,0,0,0,0,3,133875 ns,118249,1152,1152,2432,2819,2819
64,28,butterfly-check,recompute,ntt,add-output,3,24,0,1,PASS,FAIL,no,no,5.28800501e2,2.21899591e2,2.58758790e2,8.06741281e1,-38.13468560,1152,0,0,0,0,0,0,133081 ns,117879,1152,1152,2432,2819,2819
64,28,butterfly-check,recompute,ntt,add-output,3,24,8,1,PASS,FAIL,no,no,6.09478893e2,2.79350448e2,3.11513123e2,9.71215301e1,-39.74631032,1152,0,0,0,0,0,0,250292 ns,222370,1152,1152,2432,2819,2819
64,28,butterfly-check,recompute,ntt,add-output,3,24,24,1,PASS,FAIL,no,no,5.00672934e2,2.85825637e2,3.12386940e2,9.73939629e1,-39.77064075,1152,0,0,0,0,0,0,132751 ns,118123,1152,1152,2432,2819,2819
64,28,butterfly-check,recompute,ntt,add-output,3,24,26,1,PASS,FAIL,no,no,7.35324205e2,2.57341879e2,2.96857715e2,9.25523626e1,-39.32775019,1152,0,0,0,0,0,0,288624 ns,257079,1152,1152,2432,2819,2819
64,28,butterfly-check,recompute,ntt,add-output,3,25,0,1,PASS,FAIL,no,no,7.16488621e2,2.80217038e2,3.24945984e2,1.01309540e2,-40.11300685,1152,0,0,0,0,0,0,221666 ns,197251,1152,1152,2432,2819,2819
64,28,butterfly-check,recompute,ntt,add-output,3,25,8,1,PASS,FAIL,no,no,5.89727494e2,2.75812417e2,3.14851095e2,9.81622211e1,-39.83888753,1152,0,0,0,0,0,0,130875 ns,116456,1152,1152,2432,2819,2819
64,28,butterfly-check,recompute,ntt,add-output,3,25,24,1,PASS,FAIL,no,no,7.10160758e2,2.56769381e2,2.99411446e2,9.33485482e1,-39.40215136,1152,0,0,0,0,0,0,130668 ns,115498,1152,1152,2432,2819,2819
64,28,butterfly-check,recompute,ntt,add-output,3,25,26,1,PASS,FAIL,no,no,5.53904867e2,2.58582744e2,2.92793157e2,9.12851411e1,-39.20800182,1152,0,0,0,0,0,0,221375 ns,196544,1152,1152,2432,2819,2819
64,28,butterfly-check,recompute,ntt,add-output,3,28,0,1,PASS,FAIL,no,no,5.61779825e2,2.54004181e2,2.93004042e2,9.13508895e1,-39.21425561,1152,0,0,0,0,0,0,222582 ns,197833,1152,1152,2432,2819,2819
64,28,butterfly-check,recompute,ntt,add-output,3,28,8,1,PASS,FAIL,no,no,5.11669761e2,2.65286374e2,3.01167479e2,9.38960325e1,-39.45294483,1152,0,0,0,0,0,0,288291 ns,256209,1152,1152,2432,2819,2819
64,28,butterfly-check,recompute,ntt,add-output,3,28,24,1,PASS,FAIL,no,no,7.22796708e2,2.78683374e2,3.19069820e2,9.94775077e1,-39.95449792,1152,0,0,0,0,0,0,192417 ns,171958,1152,1152,2432,2819,2819
64,28,butterfly-check,recompute,ntt,add-output,3,28,26,1,PASS,FAIL,no,no,5.54775517e2,2.70551724e2,2.99440720e2,9.33576748e1,-39.40300053,1152,0,0,0,0,0,0,133625 ns,118959,1152,1152,2432,2819,2819
64,28,butterfly-check,recompute,ntt,add-output,3,31,0,1,PASS,FAIL,no,no,5.28852204e2,2.50787589e2,2.85023494e2,8.88627664e1,-38.97439658,1152,0,0,0,0,0,0,205583 ns,182794,1152,1152,2432,2819,2819
64,28,butterfly-check,recompute,ntt,add-output,3,31,8,1,PASS,FAIL,no,no,5.67889779e2,2.73366476e2,3.01677670e2,9.40550966e1,-39.46764668,1152,0,0,0,0,0,0,142125 ns,124911,1152,1152,2432,2819,2819
64,28,butterfly-check,recompute,ntt,add-output,3,31,24,1,PASS,FAIL,no,no,5.64463240e2,2.59891395e2,3.00678619e2,9.37436191e1,-39.43883432,1152,0,0,0,0,0,0,223249 ns,198377,1152,1152,2432,2819,2819
64,28,butterfly-check,recompute,ntt,add-output,3,31,26,1,PASS,FAIL,no,no,4.11461899e2,2.70709599e2,2.86263924e2,8.92494994e1,-39.01211577,1152,0,0,0,0,0,0,133042 ns,118292,1152,1152,2432,2819,2819
64,28,butterfly-check,recompute,ntt,add-output,3,33,0,1,PASS,FAIL,yes,yes,4.65838366e2,2.45066538e2,2.67361010e2,8.33560721e1,-38.41874484,1152,3,0,0,0,0,3,131083 ns,116459,1152,1152,2432,2819,2819
64,28,butterfly-check,recompute,ntt,add-output,3,33,8,1,PASS,FAIL,yes,yes,5.59876339e2,2.65173287e2,2.98875552e2,9.31814706e1,-39.38659120,1152,3,0,0,0,0,3,154876 ns,136711,1152,1152,2432,2819,2819
64,28,butterfly-check,recompute,ntt,add-output,3,33,24,1,PASS,FAIL,yes,yes,5.25957861e2,2.19900679e2,2.53520647e2,7.90410140e1,-37.95705006,1152,3,0,0,0,0,3,222750 ns,197833,1152,1152,2432,2819,2819
64,28,butterfly-check,recompute,ntt,add-output,3,33,26,1,PASS,FAIL,yes,yes,5.99387698e2,2.63185544e2,2.96396992e2,9.24087214e1,-39.31425922,1152,3,0,0,0,0,3,159917 ns,141250,1152,1152,2432,2819,2819
64,28,butterfly-check,recompute,ntt,add-output,3,34,0,1,PASS,FAIL,yes,yes,6.43696261e2,2.63949392e2,3.06842234e2,9.56652706e1,-39.61508609,1152,3,0,0,0,0,3,132083 ns,117207,1152,1152,2432,2819,2819
64,28,butterfly-check,recompute,ntt,add-output,3,34,8,1,PASS,FAIL,yes,yes,6.45151036e2,2.76577178e2,3.10317682e2,9.67488233e1,-39.71291383,1152,3,0,0,0,0,3,159584 ns,141998,1152,1152,2432,2819,2819
64,28,butterfly-check,recompute,ntt,add-output,3,34,24,1,PASS,FAIL,yes,yes,6.84387080e2,2.69173108e2,3.12612352e2,9.74642404e1,-39.77690605,1152,3,0,0,0,0,3,186750 ns,166461,1152,1152,2432,2819,2819
64,28,butterfly-check,recompute,ntt,add-output,3,34,26,1,PASS,FAIL,yes,yes,6.65692444e2,2.40950577e2,2.75937545e2,8.60300084e1,-38.69299930,1152,3,0,0,0,0,3,134458 ns,119124,1152,1152,2432,2819,2819
64,28,butterfly-check,recompute,ntt,add-output,3,35,0,1,PASS,FAIL,yes,yes,6.68731963e2,2.82853700e2,3.08872125e2,9.62981369e1,-39.67235770,1152,3,0,0,0,0,3,146333 ns,129542,1152,1152,2432,2819,2819
64,28,butterfly-check,recompute,ntt,add-output,3,35,8,1,PASS,FAIL,yes,yes,5.43748045e2,2.72929780e2,2.99598512e2,9.34068703e1,-39.40757641,1152,3,0,0,0,0,3,132917 ns,118042,1152,1152,2432,2819,2819
64,28,butterfly-check,recompute,ntt,add-output,3,35,24,1,PASS,FAIL,yes,yes,6.37801602e2,2.84248793e2,3.23000784e2,1.00703078e2,-40.06085491,1152,3,0,0,0,0,3,224794 ns,197960,1152,1152,2432,2819,2819
64,28,butterfly-check,recompute,ntt,add-output,3,35,26,1,PASS,FAIL,yes,yes,5.31235440e2,2.56559257e2,2.83020483e2,8.82382804e1,-38.91314072,1152,3,0,0,0,0,3,132916 ns,117166,1152,1152,2432,2819,2819
64,28,butterfly-check,recompute,ntt,add-output,3,38,0,1,PASS,FAIL,yes,yes,7.23053863e2,2.55706850e2,2.99684097e2,9.34335535e1,-39.41005733,1152,3,0,0,0,0,3,133457 ns,118250,1152,1152,2432,2819,2819
64,28,butterfly-check,recompute,ntt,add-output,3,38,8,1,PASS,FAIL,yes,yes,6.28602534e2,2.88083941e2,3.35298820e2,1.04537280e2,-40.38542389,1152,3,0,0,0,0,3,131833 ns,117001,1152,1152,2432,2819,2819
64,28,butterfly-check,recompute,ntt,add-output,3,38,24,1,PASS,FAIL,yes,yes,6.73909397e2,2.59216917e2,2.98610004e2,9.30986797e1,-39.37887044,1152,3,0,0,0,0,3,399625 ns,351123,1152,1152,2432,2819,2819
64,28,butterfly-check,recompute,ntt,add-output,3,38,26,1,PASS,FAIL,yes,yes,5.21833921e2,2.87357177e2,3.09473451e2,9.64856145e1,-39.68925135,1152,3,0,0,0,0,3,224001 ns,198209,1152,1152,2432,2819,2819
64,28,butterfly-check,recompute,ntt,add-output,3,40,0,1,PASS,FAIL,no,no,4.35509467e2,2.42602512e2,2.71100310e2,8.45218867e1,-38.53938366,1152,0,0,0,0,0,0,200084 ns,177626,1152,1152,2432,2819,2819
64,28,butterfly-check,recompute,ntt,add-output,3,40,8,1,PASS,FAIL,no,no,6.84948735e2,2.65334866e2,2.94717891e2,9.18852221e1,-39.26491339,1152,0,0,0,0,0,0,176291 ns,155960,1152,1152,2432,2819,2819
64,28,butterfly-check,recompute,ntt,add-output,3,40,24,1,PASS,FAIL,no,no,7.03355977e2,2.82172606e2,3.29728989e2,1.02800754e2,-40.23992600,1152,0,0,0,0,0,0,142415 ns,125710,1152,1152,2432,2819,2819
64,28,butterfly-check,recompute,ntt,add-output,3,40,26,1,PASS,FAIL,no,no,5.54925660e2,2.96277162e2,3.22060334e2,1.00409871e2,-40.03552814,1152,0,0,0,0,0,0,131502 ns,116627,1152,1152,2432,2819,2819
64,28,butterfly-check,recompute,ntt,add-output,3,46,0,1,PASS,FAIL,no,no,5.28025622e2,2.51982680e2,2.84634481e2,8.87414824e1,-38.96253358,1152,0,0,0,0,0,0,221917 ns,197376,1152,1152,2432,2819,2819
64,28,butterfly-check,recompute,ntt,add-output,3,46,8,1,PASS,FAIL,no,no,5.52795868e2,2.66120914e2,2.94715171e2,9.18843740e1,-39.26483321,1152,0,0,0,0,0,0,150582 ns,132417,1152,1152,2432,2819,2819
64,28,butterfly-check,recompute,ntt,add-output,3,46,24,1,PASS,FAIL,no,no,4.47718316e2,2.46414564e2,2.72098472e2,8.48330871e1,-38.57130543,1152,0,0,0,0,0,0,264749 ns,233999,1152,1152,2432,2819,2819
64,28,butterfly-check,recompute,ntt,add-output,3,46,26,1,PASS,FAIL,no,no,5.51458722e2,2.74227718e2,2.96852320e2,9.25506806e1,-39.32759234,1152,0,0,0,0,0,0,252875 ns,222830,1152,1152,2432,2819,2819
64,28,butterfly-check,recompute,ntt,add-output,3,48,0,1,PASS,FAIL,yes,yes,5.58142089e2,2.74482537e2,3.12035214e2,9.72843043e1,-39.76085555,1152,3,0,0,0,0,3,251375 ns,223534,1152,1152,2432,2819,2819
64,28,butterfly-check,recompute,ntt,add-output,3,48,8,1,PASS,FAIL,yes,yes,7.19198264e2,2.40662991e2,2.86839214e2,8.94288595e1,-39.02955384,1152,3,0,0,0,0,3,222042 ns,197209,1152,1152,2432,2819,2819
64,28,butterfly-check,recompute,ntt,add-output,3,48,24,1,PASS,FAIL,yes,yes,4.86740872e2,2.37417403e2,2.63676788e2,8.22074293e1,-38.29822135,1152,3,0,0,0,0,3,248376 ns,221210,1152,1152,2432,2819,2819
64,28,butterfly-check,recompute,ntt,add-output,3,48,26,1,PASS,FAIL,yes,yes,7.06511021e2,2.39296124e2,2.92242188e2,9.11133636e1,-39.19164159,1152,3,0,0,0,0,3,250001 ns,222163,1152,1152,2432,2819,2819
64,28,butterfly-check,recompute,ntt,add-output,3,49,0,1,PASS,FAIL,yes,yes,6.91140145e2,2.55331391e2,3.04935318e2,9.50707450e1,-39.56093795,1152,3,0,0,0,0,3,250624 ns,222336,1152,1152,2432,2819,2819
64,28,butterfly-check,recompute,ntt,add-output,3,49,8,1,PASS,FAIL,yes,yes,5.77520578e2,2.60434395e2,2.91497316e2,9.08811323e1,-39.16947458,1152,3,0,0,0,0,3,249668 ns,222165,1152,1152,2432,2819,2819
64,28,butterfly-check,recompute,ntt,add-output,3,49,24,1,PASS,FAIL,yes,yes,5.97349951e2,2.73073349e2,2.98690756e2,9.31238559e1,-39.38121900,1152,3,0,0,0,0,3,249458 ns,221332,1152,1152,2432,2819,2819
64,28,butterfly-check,recompute,ntt,add-output,3,49,26,1,PASS,FAIL,yes,yes,6.97780921e2,2.83356292e2,3.23535581e2,1.00869813e2,-40.07522435,1152,3,0,0,0,0,3,132792 ns,116670,1152,1152,2432,2819,2819
64,28,butterfly-check,recompute,ntt,add-output,3,50,0,1,PASS,FAIL,yes,yes,6.35624564e2,2.84642321e2,3.15797742e2,9.84573605e1,-39.86496377,1152,3,0,0,0,0,3,222292 ns,197458,1152,1152,2432,2819,2819
64,28,butterfly-check,recompute,ntt,add-output,3,50,8,1,PASS,FAIL,yes,yes,6.51144371e2,2.36173732e2,2.76439302e2,8.61864427e1,-38.70877912,1152,3,0,0,0,0,3,132293 ns,116586,1152,1152,2432,2819,2819
64,28,butterfly-check,recompute,ntt,add-output,3,50,24,1,PASS,FAIL,yes,yes,5.26113244e2,2.30732144e2,2.67082232e2,8.32691567e1,-38.40968333,1152,3,0,0,0,0,3,221125 ns,196789,1152,1152,2432,2819,2819
64,28,butterfly-check,recompute,ntt,add-output,3,50,26,1,PASS,FAIL,yes,yes,5.69616438e2,2.37941945e2,2.82626028e2,8.81152998e1,-38.90102647,1152,3,0,0,0,0,3,248877 ns,221125,1152,1152,2432,2819,2819
64,28,butterfly-check,recompute,ntt,add-output,3,51,0,1,PASS,FAIL,yes,yes,5.30879988e2,2.50601481e2,2.74094444e2,8.54553782e1,-38.63478801,1152,3,0,0,0,0,3,222666 ns,198083,1152,1152,2432,2819,2819
64,28,butterfly-check,recompute,ntt,add-output,3,51,8,1,PASS,FAIL,yes,yes,6.17583904e2,2.32731304e2,2.68238348e2,8.36296028e1,-38.44720069,1152,3,0,0,0,0,3,223584 ns,198497,1152,1152,2432,2819,2819
64,28,butterfly-check,recompute,ntt,add-output,3,51,24,1,PASS,FAIL,yes,yes,5.46465291e2,2.52072941e2,2.79833064e2,8.72445280e1,-38.81476394,1152,3,0,0,0,0,3,222085 ns,197793,1152,1152,2432,2819,2819
64,28,butterfly-check,recompute,ntt,add-output,3,51,26,1,PASS,FAIL,yes,yes,4.89079282e2,2.69659087e2,2.98062967e2,9.29281282e1,-39.36294379,1152,3,0,0,0,0,3,134458 ns,118371,1152,1152,2432,2819,2819
64,28,butterfly-check,recompute,ntt,add-output,3,53,0,1,PASS,FAIL,yes,yes,4.99392501e2,2.48049396e2,2.82532736e2,8.80862141e1,-38.89815889,1152,3,0,0,0,0,3,131209 ns,116248,1152,1152,2432,2819,2819
64,28,butterfly-check,recompute,ntt,add-output,3,53,8,1,PASS,FAIL,yes,yes,6.52392811e2,2.55707769e2,3.01913738e2,9.41286962e1,-39.47444086,1152,3,0,0,0,0,3,132041 ns,116000,1152,1152,2432,2819,2819
64,28,butterfly-check,recompute,ntt,add-output,3,53,24,1,PASS,FAIL,yes,yes,8.46716509e2,2.57049745e2,2.99120069e2,9.32577045e1,-39.39369443,1152,3,0,0,0,0,3,134166 ns,118955,1152,1152,2432,2819,2819
64,28,butterfly-check,recompute,ntt,add-output,3,53,26,1,PASS,FAIL,yes,yes,5.97138165e2,2.62666513e2,2.89325371e2,9.02039773e1,-39.10451374,1152,3,0,0,0,0,3,221124 ns,196293,1152,1152,2432,2819,2819
64,28,butterfly-check,recompute,ntt,add-output,3,57,0,1,PASS,FAIL,no,no,5.36998439e2,2.54358391e2,2.87757372e2,8.97151170e1,-39.05731256,1152,0,0,0,0,0,0,221292 ns,196833,1152,1152,2432,2819,2819
64,28,butterfly-check,recompute,ntt,add-output,3,57,8,1,PASS,FAIL,no,no,6.44354925e2,2.88725004e2,3.26880360e2,1.01912627e2,-40.16455994,1152,0,0,0,0,0,0,159082 ns,142041,1152,1152,2432,2819,2819
64,28,butterfly-check,recompute,ntt,add-output,3,57,24,1,PASS,FAIL,no,no,5.90824951e2,2.85942671e2,3.12423164e2,9.74052567e1,-39.77164790,1152,0,0,0,0,0,0,132626 ns,117500,1152,1152,2432,2819,2819
64,28,butterfly-check,recompute,ntt,add-output,3,57,26,1,PASS,FAIL,no,no,6.07001558e2,2.54444912e2,2.97477185e2,9.27454967e1,-39.34585663,1152,0,0,0,0,0,0,177667 ns,158337,1152,1152,2432,2819,2819
64,28,butterfly-check,recompute,ntt,add-output,3,58,0,1,PASS,FAIL,no,no,6.08958465e2,2.50415250e2,2.74863536e2,8.56951607e1,-38.65912595,1152,0,0,0,0,0,0,129373 ns,114999,1152,1152,2432,2819,2819
64,28,butterfly-check,recompute,ntt,add-output,3,58,8,1,PASS,FAIL,no,no,6.19624109e2,2.51388379e2,2.94848360e2,9.19258990e1,-39.26875772,1152,0,0,0,0,0,0,131168 ns,116709,1152,1152,2432,2819,2819
64,28,butterfly-check,recompute,ntt,add-output,3,58,24,1,PASS,FAIL,no,no,6.80796768e2,2.96221144e2,3.38286848e2,1.05468867e2,-40.46248565,1152,0,0,0,0,0,0,251375 ns,223542,1152,1152,2432,2819,2819
64,28,butterfly-check,recompute,ntt,add-output,3,58,26,1,PASS,FAIL,no,no,5.43929227e2,2.72573582e2,3.05514450e2,9.52513030e1,-39.57741850,1152,0,0,0,0,0,0,221374 ns,196128,1152,1152,2432,2819,2819
64,28,butterfly-check,recompute,ntt,add-output,3,60,0,1,PASS,FAIL,no,no,5.76641442e2,2.54982530e2,2.94756786e2,9.18973486e1,-39.26605963,1152,0,0,0,0,0,0,164916 ns,147168,1152,1152,2432,2819,2819
64,28,butterfly-check,recompute,ntt,add-output,3,60,8,1,PASS,FAIL,no,no,5.08823032e2,2.28695155e2,2.59684725e2,8.09628102e1,-38.16571148,1152,0,0,0,0,0,0,169500 ns,149087,1152,1152,2432,2819,2819
64,28,butterfly-check,recompute,ntt,add-output,3,60,24,1,PASS,FAIL,no,no,6.03626558e2,2.47749265e2,2.87758674e2,8.97155228e1,-39.05735184,1152,0,0,0,0,0,0,236250 ns,210250,1152,1152,2432,2819,2819
64,28,butterfly-check,recompute,ntt,add-output,3,60,26,1,PASS,FAIL,no,no,5.56576275e2,2.75524852e2,3.08136966e2,9.60689337e1,-39.65165941,1152,0,0,0,0,0,0,131251 ns,116043,1152,1152,2432,2819,2819
64,28,butterfly-check,recompute,ntt,add-output,3,0,0,2,PASS,FAIL,yes,yes,6.10168567e2,2.13989998e2,2.46400229e2,7.68210565e1,-37.70960551,1152,3,0,0,0,0,3,132375 ns,117668,1152,1152,2432,2819,2819
64,28,butterfly-check,recompute,ntt,add-output,3,0,8,2,PASS,FAIL,yes,yes,5.92658299e2,2.59285625e2,2.89048923e2,9.01177883e1,-39.09621049,1152,3,0,0,0,0,3,133085 ns,118045,1152,1152,2432,2819,2819
64,28,butterfly-check,recompute,ntt,add-output,3,0,24,2,PASS,FAIL,yes,yes,7.71933734e2,2.72623399e2,3.00691422e2,9.37476105e1,-39.43920414,1152,3,0,0,0,0,3,208208 ns,186293,1152,1152,2432,2819,2819
64,28,butterfly-check,recompute,ntt,add-output,3,0,26,2,PASS,FAIL,yes,yes,5.05047434e2,2.42357975e2,2.79055913e2,8.70022327e1,-38.79060795,1152,3,0,0,0,0,3,243083 ns,214123,1152,1152,2432,2819,2819
64,28,butterfly-check,recompute,ntt,add-output,3,1,0,2,PASS,FAIL,yes,yes,5.04479277e2,2.54909115e2,2.77035257e2,8.63722458e1,-38.72748424,1152,3,0,0,0,0,3,251168 ns,223168,1152,1152,2432,2819,2819
64,28,butterfly-check,recompute,ntt,add-output,3,1,8,2,PASS,FAIL,yes,yes,5.62663325e2,2.79052383e2,3.13782403e2,9.78290313e1,-39.80935506,1152,3,0,0,0,0,3,250458 ns,221871,1152,1152,2432,2819,2819
64,28,butterfly-check,recompute,ntt,add-output,3,1,24,2,PASS,FAIL,yes,yes,5.65049400e2,2.71485808e2,2.99317043e2,9.33191158e1,-39.39941230,1152,3,0,0,0,0,3,159125 ns,141249,1152,1152,2432,2819,2819
64,28,butterfly-check,recompute,ntt,add-output,3,1,26,2,PASS,FAIL,yes,yes,4.92354426e2,2.45468739e2,2.65672017e2,8.28294891e1,-38.36369965,1152,3,0,0,0,0,3,130833 ns,116375,1152,1152,2432,2819,2819
64,28,butterfly-check,recompute,ntt,add-output,3,3,0,2,PASS,FAIL,yes,yes,5.16775429e2,2.61768219e2,2.92561917e2,9.12130467e1,-39.20113924,1152,3,0,0,0,0,3,221082 ns,196748,1152,1152,2432,2819,2819
64,28,butterfly-check,recompute,ntt,add-output,3,3,8,2,PASS,FAIL,yes,yes,5.63191635e2,2.47422646e2,2.81390878e2,8.77302128e1,-38.86298366,1152,3,0,0,0,0,3,258791 ns,229497,1152,1152,2432,2819,2819
64,28,butterfly-check,recompute,ntt,add-output,3,3,24,2,PASS,FAIL,yes,yes,6.83222203e2,2.89673375e2,3.30931068e2,1.03175530e2,-40.27153419,1152,3,0,0,0,0,3,130418 ns,115832,1152,1152,2432,2819,2819
64,28,butterfly-check,recompute,ntt,add-output,3,3,26,2,PASS,FAIL,yes,yes,7.21474217e2,2.74324644e2,3.15881363e2,9.84834312e1,-39.86726343,1152,3,0,0,0,0,3,222335 ns,197374,1152,1152,2432,2819,2819
64,28,butterfly-check,recompute,ntt,add-output,3,5,0,2,PASS,FAIL,yes,yes,5.79980752e2,2.60052624e2,2.92773150e2,9.12789036e1,-39.20740829,1152,3,0,0,0,0,3,249958 ns,221248,1152,1152,2432,2819,2819
64,28,butterfly-check,recompute,ntt,add-output,3,5,8,2,PASS,FAIL,yes,yes,6.30898439e2,2.74475138e2,3.20514004e2,9.99277659e1,-39.99372356,1152,3,0,0,0,0,3,124293 ns,110664,1152,1152,2432,2819,2819
64,28,butterfly-check,recompute,ntt,add-output,3,5,24,2,PASS,FAIL,yes,yes,4.73495970e2,2.41709278e2,2.65463239e2,8.27643975e1,-38.35687115,1152,3,0,0,0,0,3,250124 ns,222205,1152,1152,2432,2819,2819
64,28,butterfly-check,recompute,ntt,add-output,3,5,26,2,PASS,FAIL,yes,yes,5.68431396e2,2.73981773e2,3.04357480e2,9.48905903e1,-39.54446296,1152,3,0,0,0,0,3,252167 ns,222917,1152,1152,2432,2819,2819
64,28,butterfly-check,recompute,ntt,add-output,3,11,0,2,PASS,FAIL,no,no,5.48731139e2,2.55349794e2,2.87808230e2,8.97309729e1,-39.05884753,1152,0,0,0,0,0,0,200415 ns,176999,1152,1152,2432,2819,2819
64,28,butterfly-check,recompute,ntt,add-output,3,11,8,2,PASS,FAIL,no,no,5.87381253e2,2.79990925e2,3.16093473e2,9.85495618e1,-39.87309395,1152,0,0,0,0,0,0,249749 ns,221461,1152,1152,2432,2819,2819
64,28,butterfly-check,recompute,ntt,add-output,3,11,24,2,PASS,FAIL,no,no,5.08628768e2,2.67097742e2,2.90778021e2,9.06568751e1,-39.14801490,1152,0,0,0,0,0,0,171874 ns,153957,1152,1152,2432,2819,2819
64,28,butterfly-check,recompute,ntt,add-output,3,11,26,2,PASS,FAIL,no,no,6.69292210e2,2.39056312e2,2.70201733e2,8.42417344e1,-38.51054599,1152,0,0,0,0,0,0,251584 ns,222000,1152,1152,2432,2819,2819
64,28,butterfly-check,recompute,ntt,add-output,3,13,0,2,PASS,FAIL,no,no,5.47820771e2,2.71423768e2,3.09248173e2,9.64153786e1,-39.68292622,1152,0,0,0,0,0,0,222624 ns,197457,1152,1152,2432,2819,2819
64,28,butterfly-check,recompute,ntt,add-output,3,13,8,2,PASS,FAIL,no,no,5.93016782e2,2.60952634e2,2.94028722e2,9.16703575e1,-39.24457850,1152,0,0,0,0,0,0,200959 ns,178373,1152,1152,2432,2819,2819
64,28,butterfly-check,recompute,ntt,add-output,3,13,24,2,PASS,FAIL,no,no,5.48933987e2,2.68113515e2,3.02643306e2,9.43561563e1,-39.49540482,1152,0,0,0,0,0,0,130083 ns,115791,1152,1152,2432,2819,2819
64,28,butterfly-check,recompute,ntt,add-output,3,13,26,2,PASS,FAIL,no,no,6.40123657e2,2.56606186e2,2.94321519e2,9.17616439e1,-39.25322371,1152,0,0,0,0,0,0,168874 ns,150043,1152,1152,2432,2819,2819
64,28,butterfly-check,recompute,ntt,add-output,3,15,0,2,PASS,FAIL,no,no,5.73458321e2,2.72828441e2,3.11894299e2,9.72403707e1,-39.75693212,1152,0,0,0,0,0,0,132959 ns,118209,1152,1152,2432,2819,2819
64,28,butterfly-check,recompute,ntt,add-output,3,15,8,2,PASS,FAIL,no,no,5.43593273e2,2.67721816e2,3.01406454e2,9.39705387e1,-39.45983433,1152,0,0,0,0,0,0,250376 ns,221537,1152,1152,2432,2819,2819
64,28,butterfly-check,recompute,ntt,add-output,3,15,24,2,PASS,FAIL,no,no,7.07524436e2,2.79382876e2,3.19599106e2,9.96425250e1,-39.96889448,1152,0,0,0,0,0,0,130708 ns,116166,1152,1152,2432,2819,2819
64,28,butterfly-check,recompute,ntt,add-output,3,15,26,2,PASS,FAIL,no,no,6.50362991e2,2.61274593e2,2.89142288e2,9.01468970e1,-39.09901564,1152,0,0,0,0,0,0,181623 ns,161455,1152,1152,2432,2819,2819
64,28,butterfly-check,recompute,ntt,add-output,3,16,0,2,PASS,FAIL,yes,yes,6.00178105e2,2.52353110e2,2.85201507e2,8.89182660e1,-38.97981970,1152,3,0,0,0,0,3,133749 ns,117837,1152,1152,2432,2819,2819
64,28,butterfly-check,recompute,ntt,add-output,3,16,8,2,PASS,FAIL,yes,yes,6.32341045e2,2.78610181e2,3.18667554e2,9.93520919e1,-39.94354032,1152,3,0,0,0,0,3,221999 ns,197415,1152,1152,2432,2819,2819
64,28,butterfly-check,recompute,ntt,add-output,3,16,24,2,PASS,FAIL,yes,yes,5.74194422e2,2.44451973e2,2.76316692e2,8.61482163e1,-38.70492579,1152,3,0,0,0,0,3,250041 ns,221956,1152,1152,2432,2819,2819
64,28,butterfly-check,recompute,ntt,add-output,3,16,26,2,PASS,FAIL,yes,yes,5.09858584e2,2.48838974e2,2.73781093e2,8.53576837e1,-38.62485243,1152,3,0,0,0,0,3,222751 ns,198291,1152,1152,2432,2819,2819
64,28,butterfly-check,recompute,ntt,add-output,3,18,0,2,PASS,FAIL,yes,yes,5.71120672e2,2.76062093e2,3.02308260e2,9.42516978e1,-39.48578364,1152,3,0,0,0,0,3,250500 ns,222672,1152,1152,2432,2819,2819
64,28,butterfly-check,recompute,ntt,add-output,3,18,8,2,PASS,FAIL,yes,yes,5.30318183e2,2.61103920e2,2.93192487e2,9.14096417e1,-39.21984013,1152,3,0,0,0,0,3,131876 ns,116714,1152,1152,2432,2819,2819
64,28,butterfly-check,recompute,ntt,add-output,3,18,24,2,PASS,FAIL,yes,yes,6.23899144e2,2.70998577e2,3.16120115e2,9.85578680e1,-39.87382601,1152,3,0,0,0,0,3,181999 ns,161629,1152,1152,2432,2819,2819
64,28,butterfly-check,recompute,ntt,add-output,3,18,26,2,PASS,FAIL,yes,yes,5.79119583e2,2.61032983e2,2.83459678e2,8.83752100e1,-38.92660918,1152,3,0,0,0,0,3,222126 ns,197500,1152,1152,2432,2819,2819
64,28,butterfly-check,recompute,ntt,add-output,3,20,0,2,PASS,FAIL,yes,yes,5.49585340e2,2.50322451e2,2.95429654e2,9.21071308e1,-39.28586508,1152,3,0,0,0,0,3,141957 ns,126126,1152,1152,2432,2819,2819
64,28,butterfly-check,recompute,ntt,add-output,3,20,8,2,PASS,FAIL,yes,yes,6.70229710e2,2.41487511e2,2.77778222e2,8.66038825e1,-38.75074724,1152,3,0,0,0,0,3,131333 ns,116585,1152,1152,2432,2819,2819
64,28,butterfly-check,recompute,ntt,add-output,3,20,24,2,PASS,FAIL,yes,yes,5.98774250e2,2.58956083e2,2.86606140e2,8.93561934e1,-39.02249319,1152,3,0,0,0,0,3,131499 ns,116249,1152,1152,2432,2819,2819
64,28,butterfly-check,recompute,ntt,add-output,3,20,26,2,PASS,FAIL,yes,yes,4.80253348e2,2.50327179e2,2.73645369e2,8.53153687e1,-38.62054544,1152,3,0,0,0,0,3,197543 ns,174541,1152,1152,2432,2819,2819
64,28,butterfly-check,recompute,ntt,add-output,3,23,0,2,PASS,FAIL,yes,yes,7.52099110e2,2.63471073e2,3.09987015e2,9.66457301e1,-39.70365343,1152,3,0,0,0,0,3,131583 ns,117006,1152,1152,2432,2819,2819
64,28,butterfly-check,recompute,ntt,add-output,3,23,8,2,PASS,FAIL,yes,yes,6.46075189e2,2.67844531e2,3.00847850e2,9.37963806e1,-39.44372161,1152,3,0,0,0,0,3,223500 ns,198421,1152,1152,2432,2819,2819
64,28,butterfly-check,recompute,ntt,add-output,3,23,24,2,PASS,FAIL,yes,yes,6.45700234e2,2.68221982e2,3.03561404e2,9.46423948e1,-39.52171442,1152,3,0,0,0,0,3,132416 ns,116164,1152,1152,2432,2819,2819
64,28,butterfly-check,recompute,ntt,add-output,3,23,26,2,PASS,FAIL,yes,yes,6.63849472e2,2.60417332e2,2.92931030e2,9.13281263e1,-39.21209095,1152,3,0,0,0,0,3,131542 ns,116501,1152,1152,2432,2819,2819
64,28,butterfly-check,recompute,ntt,add-output,3,24,0,2,PASS,FAIL,no,no,5.28800501e2,2.21899591e2,2.58758790e2,8.06741281e1,-38.13468560,1152,0,0,0,0,0,0,131084 ns,116329,1152,1152,2432,2819,2819
64,28,butterfly-check,recompute,ntt,add-output,3,24,8,2,PASS,FAIL,no,no,6.09478893e2,2.79350448e2,3.11513123e2,9.71215301e1,-39.74631032,1152,0,0,0,0,0,0,131875 ns,116750,1152,1152,2432,2819,2819
64,28,butterfly-check,recompute,ntt,add-output,3,24,24,2,PASS,FAIL,no,no,5.00672934e2,2.85825637e2,3.12386940e2,9.73939629e1,-39.77064075,1152,0,0,0,0,0,0,129458 ns,114876,1152,1152,2432,2819,2819
64,28,butterfly-check,recompute,ntt,add-output,3,24,26,2,PASS,FAIL,no,no,7.35324205e2,2.57341879e2,2.96857715e2,9.25523626e1,-39.32775019,1152,0,0,0,0,0,0,222334 ns,196164,1152,1152,2432,2819,2819
64,28,butterfly-check,recompute,ntt,add-output,3,26,0,2,PASS,FAIL,no,no,5.22707652e2,2.51159819e2,2.77035080e2,8.63721906e1,-38.72747869,1152,0,0,0,0,0,0,249458 ns,222082,1152,1152,2432,2819,2819
64,28,butterfly-check,recompute,ntt,add-output,3,26,8,2,PASS,FAIL,no,no,5.15703002e2,2.72921303e2,2.93111139e2,9.13842794e1,-39.21742983,1152,0,0,0,0,0,0,130498 ns,115619,1152,1152,2432,2819,2819
64,28,butterfly-check,recompute,ntt,add-output,3,26,24,2,PASS,FAIL,no,no,6.59125312e2,2.78924320e2,3.14389193e2,9.80182122e1,-39.82613554,1152,0,0,0,0,0,0,168709 ns,150586,1152,1152,2432,2819,2819
64,28,butterfly-check,recompute,ntt,add-output,3,26,26,2,PASS,FAIL,no,no,5.56453797e2,2.65628014e2,2.98820713e2,9.31643732e1,-39.38499733,1152,0,0,0,0,0,0,130875 ns,116215,1152,1152,2432,2819,2819
64,28,butterfly-check,recompute,ntt,add-output,3,28,0,2,PASS,FAIL,no,no,5.61779825e2,2.54004181e2,2.93004042e2,9.13508895e1,-39.21425561,1152,0,0,0,0,0,0,182998 ns,162667,1152,1152,2432,2819,2819
64,28,butterfly-check,recompute,ntt,add-output,3,28,8,2,PASS,FAIL,no,no,5.11669761e2,2.65286374e2,3.01167479e2,9.38960325e1,-39.45294483,1152,0,0,0,0,0,0,215791 ns,191706,1152,1152,2432,2819,2819
64,28,butterfly-check,recompute,ntt,add-output,3,28,24,2,PASS,FAIL,no,no,7.22796708e2,2.78683374e2,3.19069820e2,9.94775077e1,-39.95449792,1152,0,0,0,0,0,0,248542 ns,220959,1152,1152,2432,2819,2819
64,28,butterfly-check,recompute,ntt,add-output,3,28,26,2,PASS,FAIL,no,no,5.54775517e2,2.70551724e2,2.99440720e2,9.33576748e1,-39.40300053,1152,0,0,0,0,0,0,249209 ns,221169,1152,1152,2432,2819,2819
64,28,butterfly-check,recompute,ntt,add-output,3,29,0,2,PASS,FAIL,no,no,6.57079686e2,2.74288445e2,3.04889879e2,9.50565783e1,-39.55964354,1152,0,0,0,0,0,0,247916 ns,220458,1152,1152,2432,2819,2819
64,28,butterfly-check,recompute,ntt,add-output,3,29,8,2,PASS,FAIL,no,no,5.61397160e2,2.69498329e2,3.01281710e2,9.39316468e1,-39.45623872,1152,0,0,0,0,0,0,248249 ns,221458,1152,1152,2432,2819,2819
64,28,butterfly-check,recompute,ntt,add-output,3,29,24,2,PASS,FAIL,no,no,5.50888300e2,2.53567549e2,2.77617802e2,8.65538679e1,-38.74572961,1152,0,0,0,0,0,0,129793 ns,115420,1152,1152,2432,2819,2819
64,28,butterfly-check,recompute,ntt,add-output,3,29,26,2,PASS,FAIL,no,no,4.17673982e2,2.52254846e2,2.73480835e2,8.52640714e1,-38.61532133,1152,0,0,0,0,0,0,168792 ns,150087,1152,1152,2432,2819,2819
64,28,butterfly-check,recompute,ntt,add-output,3,30,0,2,PASS,FAIL,no,no,6.92658776e2,2.41489171e2,2.85577847e2,8.90355989e1,-38.99127369,1152,0,0,0,0,0,0,220751 ns,196123,1152,1152,2432,2819,2819
64,28,butterfly-check,recompute,ntt,add-output,3,30,8,2,PASS,FAIL,no,no,7.16487188e2,2.56029579e2,2.97565691e2,9.27730906e1,-39.34844050,1152,0,0,0,0,0,0,221251 ns,196206,1152,1152,2432,2819,2819
64,28,butterfly-check,recompute,ntt,add-output,3,30,24,2,PASS,FAIL,no,no,6.39885759e2,2.68927097e2,3.10797682e2,9.68984744e1,-39.72633879,1152,0,0,0,0,0,0,193708 ns,172498,1152,1152,2432,2819,2819
64,28,butterfly-check,recompute,ntt,add-output,3,30,26,2,PASS,FAIL,no,no,6.14423231e2,2.43301667e2,2.77351494e2,8.64708402e1,-38.73739358,1152,0,0,0,0,0,0,133501 ns,117789,1152,1152,2432,2819,2819
64,28,butterfly-check,recompute,ntt,add-output,3,31,0,2,PASS,FAIL,no,no,5.28852204e2,2.50787589e2,2.85023494e2,8.88627664e1,-38.97439658,1152,0,0,0,0,0,0,250624 ns,221332,1152,1152,2432,2819,2819
64,28,butterfly-check,recompute,ntt,add-output,3,31,8,2,PASS,FAIL,no,no,5.67889779e2,2.73366476e2,3.01677670e2,9.40550966e1,-39.46764668,1152,0,0,0,0,0,0,225958 ns,197627,1152,1152,2432,2819,2819
64,28,butterfly-check,recompute,ntt,add-output,3,31,24,2,PASS,FAIL,no,no,5.64463240e2,2.59891395e2,3.00678619e2,9.37436191e1,-39.43883432,1152,0,0,0,0,0,0,221293 ns,196669,1152,1152,2432,2819,2819
64,28,butterfly-check,recompute,ntt,add-output,3,31,26,2,PASS,FAIL,no,no,4.11461899e2,2.70709599e2,2.86263924e2,8.92494994e1,-39.01211577,1152,0,0,0,0,0,0,250752 ns,222996,1152,1152,2432,2819,2819
64,28,butterfly-check,recompute,ntt,add-output,3,36,0,2,PASS,FAIL,yes,yes,6.13998698e2,2.82309591e2,3.13285859e2,9.76742221e1,-39.79559922,1152,3,0,0,0,0,3,222419 ns,197289,1152,1152,2432,2819,2819
64,28,butterfly-check,recompute,ntt,add-output,3,36,8,2,PASS,FAIL,yes,yes,5.13795854e2,2.77476636e2,3.00961802e2,9.38319079e1,-39.44701094,1152,3,0,0,0,0,3,131416 ns,116622,1152,1152,2432,2819,2819
64,28,butterfly-check,recompute,ntt,add-output,3,36,24,2,PASS,FAIL,yes,yes,5.05873373e2,2.68567313e2,2.94407783e2,9.17885385e1,-39.25576910,1152,3,0,0,0,0,3,128250 ns,114044,1152,1152,2432,2819,2819
64,28,butterfly-check,recompute,ntt,add-output,3,36,26,2,PASS,FAIL,yes,yes,4.87144344e2,2.29290731e2,2.49432091e2,7.77663106e1,-37.81582991,1152,3,0,0,0,0,3,222793 ns,198002,1152,1152,2432,2819,2819
64,28,butterfly-check,recompute,ntt,add-output,3,38,0,2,PASS,FAIL,yes,yes,7.23053863e2,2.55706850e2,2.99684097e2,9.34335535e1,-39.41005733,1152,3,0,0,0,0,3,125500 ns,111416,1152,1152,2432,2819,2819
64,28,butterfly-check,recompute,ntt,add-output,3,38,8,2,PASS,FAIL,yes,yes,6.28602534e2,2.88083941e2,3.35298820e2,1.04537280e2,-40.38542389,1152,3,0,0,0,0,3,221375 ns,197000,1152,1152,2432,2819,2819
64,28,butterfly-check,recompute,ntt,add-output,3,38,24,2,PASS,FAIL,yes,yes,6.73909397e2,2.59216917e2,2.98610004e2,9.30986797e1,-39.37887044,1152,3,0,0,0,0,3,132835 ns,117630,1152,1152,2432,2819,2819
64,28,butterfly-check,recompute,ntt,add-output,3,38,26,2,PASS,FAIL,yes,yes,5.21833921e2,2.87357177e2,3.09473451e2,9.64856145e1,-39.68925135,1152,3,0,0,0,0,3,250834 ns,221292,1152,1152,2432,2819,2819
64,28,butterfly-check,recompute,ntt,add-output,3,39,0,2,PASS,FAIL,yes,yes,5.80594066e2,2.52934071e2,2.79596556e2,8.71707908e1,-38.80741972,1152,3,0,0,0,0,3,221126 ns,197042,1152,1152,2432,2819,2819
64,28,butterfly-check,recompute,ntt,add-output,3,39,8,2,PASS,FAIL,yes,yes,4.77414277e2,2.49271155e2,2.72896664e2,8.50819421e1,-38.59674790,1152,3,0,0,0,0,3,131375 ns,116579,1152,1152,2432,2819,2819
64,28,butterfly-check,recompute,ntt,add-output,3,39,24,2,PASS,FAIL,yes,yes,7.01332594e2,2.36878836e2,2.85793994e2,8.91029878e1,-38.99784534,1152,3,0,0,0,0,3,149043 ns,131669,1152,1152,2432,2819,2819
64,28,butterfly-check,recompute,ntt,add-output,3,39,26,2,PASS,FAIL,yes,yes,6.78937190e2,2.61312822e2,3.04315557e2,9.48775197e1,-39.54326645,1152,3,0,0,0,0,3,189540 ns,169751,1152,1152,2432,2819,2819
64,28,butterfly-check,recompute,ntt,add-output,3,42,0,2,PASS,FAIL,no,no,5.82610248e2,2.51857583e2,2.82708053e2,8.81408733e1,-38.90354698,1152,0,0,0,0,0,0,135251 ns,119919,1152,1152,2432,2819,2819
64,28,butterfly-check,recompute,ntt,add-output,3,42,8,2,PASS,FAIL,no,no,6.06440343e2,2.63069765e2,3.01150732e2,9.38908115e1,-39.45246185,1152,0,0,0,0,0,0,248834 ns,221582,1152,1152,2432,2819,2819
64,28,butterfly-check,recompute,ntt,add-output,3,42,24,2,PASS,FAIL,no,no,5.55094967e2,2.85090574e2,3.05350329e2,9.52001341e1,-39.57275121,1152,0,0,0,0,0,0,144707 ns,129081,1152,1152,2432,2819,2819
64,28,butterfly-check,recompute,ntt,add-output,3,42,26,2,PASS,FAIL,no,no,4.68644223e2,2.51907701e2,2.79169606e2,8.70376792e1,-38.79414605,1152,0,0,0,0,0,0,249457 ns,221630,1152,1152,2432,2819,2819
64,28,butterfly-check,recompute,ntt,add-output,3,43,0,2,PASS,FAIL,no,no,6.43876402e2,2.46662966e2,2.87180592e2,8.95352922e1,-39.03988510,1152,0,0,0,0,0,0,129876 ns,115000,1152,1152,2432,2819,2819
64,28,butterfly-check,recompute,ntt,add-output,3,43,8,2,PASS,FAIL,no,no,5.38012654e2,2.54214214e2,2.79891590e2,8.72627745e1,-38.81658035,1152,0,0,0,0,0,0,251791 ns,223497,1152,1152,2432,2819,2819
64,28,butterfly-check,recompute,ntt,add-output,3,43,24,2,PASS,FAIL,no,no,5.01377527e2,2.71144363e2,2.90078923e2,9.04389150e1,-39.12710687,1152,0,0,0,0,0,0,135999 ns,120585,1152,1152,2432,2819,2819
64,28,butterfly-check,recompute,ntt,add-output,3,43,26,2,PASS,FAIL,no,no,8.89038524e2,2.71056051e2,3.25045704e2,1.01340630e2,-40.11567199,1152,0,0,0,0,0,0,250916 ns,222915,1152,1152,2432,2819,2819
64,28,butterfly-check,recompute,ntt,add-output,3,44,0,2,PASS,FAIL,no,no,5.20030111e2,2.62643661e2,2.89793394e2,9.03498946e1,-39.11855301,1152,0,0,0,0,0,0,198292 ns,176294,1152,1152,2432,2819,2819
64,28,butterfly-check,recompute,ntt,add-output,3,44,8,2,PASS,FAIL,no,no,5.10135175e2,2.66105493e2,2.99787388e2,9.34657569e1,-39.41305055,1152,0,0,0,0,0,0,128667 ns,113208,1152,1152,2432,2819,2819
64,28,butterfly-check,recompute,ntt,add-output,3,44,24,2,PASS,FAIL,no,no,6.08674984e2,2.67032940e2,3.00430784e2,9.36663506e1,-39.43167199,1152,0,0,0,0,0,0,247709 ns,220209,1152,1152,2432,2819,2819
64,28,butterfly-check,recompute,ntt,add-output,3,44,26,2,PASS,FAIL,no,no,5.74542043e2,2.61461825e2,3.02385640e2,9.42758230e1,-39.48800665,1152,0,0,0,0,0,0,130334 ns,115585,1152,1152,2432,2819,2819
64,28,butterfly-check,recompute,ntt,add-output,3,45,0,2,PASS,FAIL,no,no,5.85263778e2,2.58798330e2,3.02681275e2,9.43679940e1,-39.49649447,1152,0,0,0,0,0,0,178459 ns,159087,1152,1152,2432,2819,2819
64,28,butterfly-check,recompute,ntt,add-output,3,45,8,2,PASS,FAIL,no,no,6.53299776e2,2.53398568e2,2.94357664e2,9.17729128e1,-39.25429032,1152,0,0,0,0,0,0,199541 ns,177086,1152,1152,2432,2819,2819
64,28,butterfly-check,recompute,ntt,add-output,3,45,24,2,PASS,FAIL,no,no,5.41811803e2,2.81531391e2,3.11942462e2,9.72553866e1,-39.75827329,1152,0,0,0,0,0,0,248000 ns,220209,1152,1152,2432,2819,2819
64,28,butterfly-check,recompute,ntt,add-output,3,45,26,2,PASS,FAIL,no,no,5.96459508e2,2.64707585e2,2.98367207e2,9.30229821e1,-39.37180516,1152,0,0,0,0,0,0,249374 ns,221457,1152,1152,2432,2819,2819
64,28,butterfly-check,recompute,ntt,add-output,3,49,0,2,PASS,FAIL,yes,yes,6.91140145e2,2.55331391e2,3.04935318e2,9.50707450e1,-39.56093795,1152,3,0,0,0,0,3,175126 ns,155959,1152,1152,2432,2819,2819
64,28,butterfly-check,recompute,ntt,add-output,3,49,8,2,PASS,FAIL,yes,yes,5.77520578e2,2.60434395e2,2.91497316e2,9.08811323e1,-39.16947458,1152,3,0,0,0,0,3,222958 ns,197795,1152,1152,2432,2819,2819
64,28,butterfly-check,recompute,ntt,add-output,3,49,24,2,PASS,FAIL,yes,yes,5.97349951e2,2.73073349e2,2.98690756e2,9.31238559e1,-39.38121900,1152,3,0,0,0,0,3,156708 ns,139798,1152,1152,2432,2819,2819
64,28,butterfly-check,recompute,ntt,add-output,3,49,26,2,PASS,FAIL,yes,yes,6.97780921e2,2.83356292e2,3.23535581e2,1.00869813e2,-40.07522435,1152,3,0,0,0,0,3,290334 ns,258795,1152,1152,2432,2819,2819
64,28,butterfly-check,recompute,ntt,add-output,3,53,0,2,PASS,FAIL,yes,yes,4.99392501e2,2.48049396e2,2.82532736e2,8.80862141e1,-38.89815889,1152,3,0,0,0,0,3,131499 ns,115753,1152,1152,2432,2819,2819
64,28,butterfly-check,recompute,ntt,add-output,3,53,8,2,PASS,FAIL,yes,yes,6.52392811e2,2.55707769e2,3.01913738e2,9.41286962e1,-39.47444086,1152,3,0,0,0,0,3,221583 ns,196956,1152,1152,2432,2819,2819
64,28,butterfly-check,recompute,ntt,add-output,3,53,24,2,PASS,FAIL,yes,yes,8.46716509e2,2.57049745e2,2.99120069e2,9.32577045e1,-39.39369443,1152,3,0,0,0,0,3,249917 ns,221917,1152,1152,2432,2819,2819
64,28,butterfly-check,recompute,ntt,add-output,3,53,26,2,PASS,FAIL,yes,yes,5.97138165e2,2.62666513e2,2.89325371e2,9.02039773e1,-39.10451374,1152,3,0,0,0,0,3,214543 ns,189250,1152,1152,2432,2819,2819
64,28,butterfly-check,recompute,ntt,add-output,3,56,0,2,PASS,FAIL,no,no,5.64943343e2,2.52497051e2,2.91354046e2,9.08364643e1,-39.16520443,1152,0,0,0,0,0,0,131082 ns,116041,1152,1152,2432,2819,2819
64,28,butterfly-check,recompute,ntt,add-output,3,56,8,2,PASS,FAIL,no,no,5.81255049e2,2.62156220e2,2.94446413e2,9.18005826e1,-39.25690874,1152,0,0,0,0,0,0,250209 ns,222538,1152,1152,2432,2819,2819
64,28,butterfly-check,recompute,ntt,add-output,3,56,24,2,PASS,FAIL,no,no,5.19023754e2,2.46917548e2,2.75007694e2,8.57401053e1,-38.66368025,1152,0,0,0,0,0,0,249793 ns,221795,1152,1152,2432,2819,2819
64,28,butterfly-check,recompute,ntt,add-output,3,56,26,2,PASS,FAIL,no,no,4.77638981e2,2.64330886e2,2.85138591e2,8.88986503e1,-38.97790335,1152,0,0,0,0,0,0,130543 ns,115962,1152,1152,2432,2819,2819
64,28,butterfly-check,recompute,ntt,add-output,3,57,0,2,PASS,FAIL,no,no,5.36998439e2,2.54358391e2,2.87757372e2,8.97151170e1,-39.05731256,1152,0,0,0,0,0,0,130917 ns,116167,1152,1152,2432,2819,2819
64,28,butterfly-check,recompute,ntt,add-output,3,57,8,2,PASS,FAIL,no,no,6.44354925e2,2.88725004e2,3.26880360e2,1.01912627e2,-40.16455994,1152,0,0,0,0,0,0,185414 ns,165585,1152,1152,2432,2819,2819
64,28,butterfly-check,recompute,ntt,add-output,3,57,24,2,PASS,FAIL,no,no,5.90824951e2,2.85942671e2,3.12423164e2,9.74052567e1,-39.77164790,1152,0,0,0,0,0,0,198750 ns,176666,1152,1152,2432,2819,2819
64,28,butterfly-check,recompute,ntt,add-output,3,57,26,2,PASS,FAIL,no,no,6.07001558e2,2.54444912e2,2.97477185e2,9.27454967e1,-39.34585663,1152,0,0,0,0,0,0,198541 ns,176040,1152,1152,2432,2819,2819
64,28,butterfly-check,recompute,ntt,add-output,3,60,0,2,PASS,FAIL,no,no,5.76641442e2,2.54982530e2,2.94756786e2,9.18973486e1,-39.26605963,1152,0,0,0,0,0,0,223375 ns,199208,1152,1152,2432,2819,2819
64,28,butterfly-check,recompute,ntt,add-output,3,60,8,2,PASS,FAIL,no,no,5.08823032e2,2.28695155e2,2.59684725e2,8.09628102e1,-38.16571148,1152,0,0,0,0,0,0,219791 ns,194915,1152,1152,2432,2819,2819
64,28,butterfly-check,recompute,ntt,add-output,3,60,24,2,PASS,FAIL,no,no,6.03626558e2,2.47749265e2,2.87758674e2,8.97155228e1,-39.05735184,1152,0,0,0,0,0,0,170167 ns,151751,1152,1152,2432,2819,2819
64,28,butterfly-check,recompute,ntt,add-output,3,60,26,2,PASS,FAIL,no,no,5.56576275e2,2.75524852e2,3.08136966e2,9.60689337e1,-39.65165941,1152,0,0,0,0,0,0,219584 ns,195168,1152,1152,2432,2819,2819
64,28,butterfly-check,recompute,ntt,add-output,3,61,0,2,PASS,FAIL,no,no,5.73410891e2,2.48667313e2,2.77423564e2,8.64933096e1,-38.73965031,1152,0,0,0,0,0,0,249875 ns,222207,1152,1152,2432,2819,2819
64,28,butterfly-check,recompute,ntt,add-output,3,61,8,2,PASS,FAIL,no,no,5.97781285e2,2.92194456e2,3.21082254e2,1.00104931e2,-40.00910943,1152,0,0,0,0,0,0,221750 ns,197001,1152,1152,2432,2819,2819
64,28,butterfly-check,recompute,ntt,add-output,3,61,24,2,PASS,FAIL,no,no,5.52544875e2,2.64314690e2,2.88428600e2,8.99243881e1,-39.07754983,1152,0,0,0,0,0,0,248876 ns,221082,1152,1152,2432,2819,2819
64,28,butterfly-check,recompute,ntt,add-output,3,61,26,2,PASS,FAIL,no,no,5.26142708e2,2.82759841e2,3.10610998e2,9.68402713e1,-39.72111995,1152,0,0,0,0,0,0,220751 ns,195496,1152,1152,2432,2819,2819
64,28,butterfly-check,recompute,ntt,add-output,3,62,0,2,PASS,FAIL,no,no,5.48180289e2,2.82724638e2,3.06790654e2,9.56491894e1,-39.61362588,1152,0,0,0,0,0,0,222250 ns,197753,1152,1152,2432,2819,2819
64,28,butterfly-check,recompute,ntt,add-output,3,62,8,2,PASS,FAIL,no,no,5.42303425e2,2.32157563e2,2.76661941e2,8.62558556e1,-38.71577175,1152,0,0,0,0,0,0,140042 ns,124921,1152,1152,2432,2819,2819
64,28,butterfly-check,recompute,ntt,add-output,3,62,24,2,PASS,FAIL,no,no,5.55832350e2,2.62204226e2,2.98468214e2,9.30544735e1,-39.37474512,1152,0,0,0,0,0,0,249834 ns,222125,1152,1152,2432,2819,2819
64,28,butterfly-check,recompute,ntt,add-output,3,62,26,2,PASS,FAIL,no,no,5.13245005e2,2.71319017e2,2.94138726e2,9.17046539e1,-39.24782752,1152,0,0,0,0,0,0,222167 ns,197457,1152,1152,2432,2819,2819
64,28,butterfly-check,recompute,ntt,add-output,3,63,0,2,PASS,FAIL,no,no,6.09928724e2,2.77003275e2,3.11151206e2,9.70086939e1,-39.73621315,1152,0,0,0,0,0,0,131042 ns,116038,1152,1152,2432,2819,2819
64,28,butterfly-check,recompute,ntt,add-output,3,63,8,2,PASS,FAIL,no,no,6.28211252e2,2.39214429e2,2.79613813e2,8.71761713e1,-38.80795583,1152,0,0,0,0,0,0,221042 ns,196541,1152,1152,2432,2819,2819
64,28,butterfly-check,recompute,ntt,add-output,3,63,24,2,PASS,FAIL,no,no,5.15751153e2,2.56753156e2,2.79290259e2,8.70752956e1,-38.79789915,1152,0,0,0,0,0,0,130916 ns,116294,1152,1152,2432,2819,2819
64,28,butterfly-check,recompute,ntt,add-output,3,63,26,2,PASS,FAIL,no,no,5.69810459e2,2.75862528e2,3.06026355e2,9.54109014e1,-39.59195997,1152,0,0,0,0,0,0,132916 ns,118295,1152,1152,2432,2819,2819
64,28,butterfly-check,recompute,ntt,add-output,3,0,0,3,PASS,FAIL,yes,yes,6.10168567e2,2.13989998e2,2.46400229e2,7.68210565e1,-37.70960551,1152,3,0,0,0,0,3,126208 ns,112000,1152,1152,2432,2819,2819
64,28,butterfly-check,recompute,ntt,add-output,3,0,8,3,PASS,FAIL,yes,yes,5.92658299e2,2.59285625e2,2.89048923e2,9.01177883e1,-39.09621049,1152,3,0,0,0,0,3,131125 ns,116458,1152,1152,2432,2819,2819
64,28,butterfly-check,recompute,ntt,add-output,3,0,24,3,PASS,FAIL,yes,yes,7.71933734e2,2.72623399e2,3.00691422e2,9.37476105e1,-39.43920414,1152,3,0,0,0,0,3,131167 ns,116333,1152,1152,2432,2819,2819
64,28,butterfly-check,recompute,ntt,add-output,3,0,26,3,PASS,FAIL,yes,yes,5.05047434e2,2.42357975e2,2.79055913e2,8.70022327e1,-38.79060795,1152,3,0,0,0,0,3,223293 ns,197540,1152,1152,2432,2819,2819
64,28,butterfly-check,recompute,ntt,add-output,3,3,0,3,PASS,FAIL,yes,yes,5.16775429e2,2.61768219e2,2.92561917e2,9.12130467e1,-39.20113924,1152,3,0,0,0,0,3,240666 ns,214920,1152,1152,2432,2819,2819
64,28,butterfly-check,recompute,ntt,add-output,3,3,8,3,PASS,FAIL,yes,yes,5.63191635e2,2.47422646e2,2.81390878e2,8.77302128e1,-38.86298366,1152,3,0,0,0,0,3,222167 ns,197292,1152,1152,2432,2819,2819
64,28,butterfly-check,recompute,ntt,add-output,3,3,24,3,PASS,FAIL,yes,yes,6.83222203e2,2.89673375e2,3.30931068e2,1.03175530e2,-40.27153419,1152,3,0,0,0,0,3,195876 ns,174707,1152,1152,2432,2819,2819
64,28,butterfly-check,recompute,ntt,add-output,3,3,26,3,PASS,FAIL,yes,yes,7.21474217e2,2.74324644e2,3.15881363e2,9.84834312e1,-39.86726343,1152,3,0,0,0,0,3,133251 ns,117913,1152,1152,2432,2819,2819
64,28,butterfly-check,recompute,ntt,add-output,3,4,0,3,PASS,FAIL,yes,yes,5.67581072e2,2.83113797e2,3.12148367e2,9.73195824e1,-39.76400473,1152,3,0,0,0,0,3,221000 ns,196413,1152,1152,2432,2819,2819
64,28,butterfly-check,recompute,ntt,add-output,3,4,8,3,PASS,FAIL,yes,yes,5.22303196e2,2.77409687e2,3.00969068e2,9.38341733e1,-39.44722064,1152,3,0,0,0,0,3,133374 ns,117961,1152,1152,2432,2819,2819
64,28,butterfly-check,recompute,ntt,add-output,3,4,24,3,PASS,FAIL,yes,yes,5.53655098e2,2.47437787e2,2.94703751e2,9.18808136e1,-39.26449664,1152,3,0,0,0,0,3,131500 ns,116792,1152,1152,2432,2819,2819
64,28,butterfly-check,recompute,ntt,add-output,3,4,26,3,PASS,FAIL,yes,yes,7.34763384e2,2.64150825e2,3.04936709e2,9.50711785e1,-39.56097755,1152,3,0,0,0,0,3,168958 ns,150085,1152,1152,2432,2819,2819
64,28,butterfly-check,recompute,ntt,add-output,3,7,0,3,PASS,FAIL,yes,yes,6.50313389e2,2.51648136e2,2.84764526e2,8.87820268e1,-38.96650111,1152,3,0,0,0,0,3,131125 ns,116460,1152,1152,2432,2819,2819
64,28,butterfly-check,recompute,ntt,add-output,3,7,8,3,PASS,FAIL,yes,yes,6.36006741e2,2.58946489e2,2.96270550e2,9.23693001e1,-39.31055306,1152,3,0,0,0,0,3,197832 ns,176252,1152,1152,2432,2819,2819
64,28,butterfly-check,recompute,ntt,add-output,3,7,24,3,PASS,FAIL,yes,yes,6.27536216e2,2.55033853e2,2.93713920e2,9.15722107e1,-39.23527398,1152,3,0,0,0,0,3,250666 ns,222213,1152,1152,2432,2819,2819
64,28,butterfly-check,recompute,ntt,add-output,3,7,26,3,PASS,FAIL,yes,yes,5.49156382e2,2.68139201e2,3.02261363e2,9.42370767e1,-39.48443611,1152,3,0,0,0,0,3,235749 ns,209497,1152,1152,2432,2819,2819
64,28,butterfly-check,recompute,ntt,add-output,3,8,0,3,PASS,FAIL,no,no,6.22004543e2,2.65266561e2,3.07384417e2,9.58343091e1,-39.63042032,1152,0,0,0,0,0,0,252000 ns,222667,1152,1152,2432,2819,2819
64,28,butterfly-check,recompute,ntt,add-output,3,8,8,3,PASS,FAIL,no,no,6.98170219e2,2.86480258e2,3.19747467e2,9.96887800e1,-39.97292562,1152,0,0,0,0,0,0,131958 ns,117123,1152,1152,2432,2819,2819
64,28,butterfly-check,recompute,ntt,add-output,3,8,24,3,PASS,FAIL,no,no,6.59829992e2,2.62229989e2,2.97070380e2,9.26186657e1,-39.33397041,1152,0,0,0,0,0,0,128708 ns,114296,1152,1152,2432,2819,2819
64,28,butterfly-check,recompute,ntt,add-output,3,8,26,3,PASS,FAIL,no,no,5.49145114e2,2.84711076e2,3.20607667e2,9.99569678e1,-39.99626146,1152,0,0,0,0,0,0,220876 ns,196288,1152,1152,2432,2819,2819
64,28,butterfly-check,recompute,ntt,add-output,3,9,0,3,PASS,FAIL,no,no,5.66287048e2,2.60911361e2,2.95118148e2,9.20100116e1,-39.27670170,1152,0,0,0,0,0,0,221374 ns,196295,1152,1152,2432,2819,2819
64,28,butterfly-check,recompute,ntt,add-output,3,9,8,3,PASS,FAIL,no,no,7.33130938e2,2.62294930e2,2.98248314e2,9.29859144e1,-39.36834332,1152,0,0,0,0,0,0,130834 ns,116413,1152,1152,2432,2819,2819
64,28,butterfly-check,recompute,ntt,add-output,3,9,24,3,PASS,FAIL,no,no,5.23610957e2,2.56464886e2,2.90576773e2,9.05941314e1,-39.14200131,1152,0,0,0,0,0,0,131792 ns,117170,1152,1152,2432,2819,2819
64,28,butterfly-check,recompute,ntt,add-output,3,9,26,3,PASS,FAIL,no,no,5.85138889e2,2.67553672e2,2.96186875e2,9.23432125e1,-39.30809958,1152,0,0,0,0,0,0,248750 ns,221375,1152,1152,2432,2819,2819
64,28,butterfly-check,recompute,ntt,add-output,3,11,0,3,PASS,FAIL,no,no,5.48731139e2,2.55349794e2,2.87808230e2,8.97309729e1,-39.05884753,1152,0,0,0,0,0,0,200249 ns,178085,1152,1152,2432,2819,2819
64,28,butterfly-check,recompute,ntt,add-output,3,11,8,3,PASS,FAIL,no,no,5.87381253e2,2.79990925e2,3.16093473e2,9.85495618e1,-39.87309395,1152,0,0,0,0,0,0,127750 ns,113253,1152,1152,2432,2819,2819
64,28,butterfly-check,recompute,ntt,add-output,3,11,24,3,PASS,FAIL,no,no,5.08628768e2,2.67097742e2,2.90778021e2,9.06568751e1,-39.14801490,1152,0,0,0,0,0,0,249833 ns,222169,1152,1152,2432,2819,2819
64,28,butterfly-check,recompute,ntt,add-output,3,11,26,3,PASS,FAIL,no,no,6.69292210e2,2.39056312e2,2.70201733e2,8.42417344e1,-38.51054599,1152,0,0,0,0,0,0,292292 ns,260124,1152,1152,2432,2819,2819
64,28,butterfly-check,recompute,ntt,add-output,3,12,0,3,PASS,FAIL,no,no,5.18495639e2,2.59341885e2,2.83420429e2,8.83629730e1,-38.92540639,1152,0,0,0,0,0,0,130876 ns,116378,1152,1152,2432,2819,2819
64,28,butterfly-check,recompute,ntt,add-output,3,12,8,3,PASS,FAIL,no,no,6.09444654e2,2.41680344e2,2.83772003e2,8.84725844e1,-38.93617428,1152,0,0,0,0,0,0,150541 ns,133709,1152,1152,2432,2819,2819
64,28,butterfly-check,recompute,ntt,add-output,3,12,24,3,PASS,FAIL,no,no,5.00956505e2,2.70145746e2,2.93365420e2,9.14635577e1,-39.22496180,1152,0,0,0,0,0,0,290460 ns,258412,1152,1152,2432,2819,2819
64,28,butterfly-check,recompute,ntt,add-output,3,12,26,3,PASS,FAIL,no,no,6.51079196e2,2.63530488e2,3.01515914e2,9.40046652e1,-39.46298814,1152,0,0,0,0,0,0,128540 ns,113962,1152,1152,2432,2819,2819
64,28,butterfly-check,recompute,ntt,add-output,3,13,0,3,PASS,FAIL,no,no,5.47820771e2,2.71423768e2,3.09248173e2,9.64153786e1,-39.68292622,1152,0,0,0,0,0,0,222041 ns,195711,1152,1152,2432,2819,2819
64,28,butterfly-check,recompute,ntt,add-output,3,13,8,3,PASS,FAIL,no,no,5.93016782e2,2.60952634e2,2.94028722e2,9.16703575e1,-39.24457850,1152,0,0,0,0,0,0,250376 ns,222501,1152,1152,2432,2819,2819
64,28,butterfly-check,recompute,ntt,add-output,3,13,24,3,PASS,FAIL,no,no,5.48933987e2,2.68113515e2,3.02643306e2,9.43561563e1,-39.49540482,1152,0,0,0,0,0,0,290293 ns,258415,1152,1152,2432,2819,2819
64,28,butterfly-check,recompute,ntt,add-output,3,13,26,3,PASS,FAIL,no,no,6.40123657e2,2.56606186e2,2.94321519e2,9.17616439e1,-39.25322371,1152,0,0,0,0,0,0,225792 ns,199251,1152,1152,2432,2819,2819
64,28,butterfly-check,recompute,ntt,add-output,3,18,0,3,PASS,FAIL,yes,yes,5.71120672e2,2.76062093e2,3.02308260e2,9.42516978e1,-39.48578364,1152,3,0,0,0,0,3,289334 ns,257334,1152,1152,2432,2819,2819
64,28,butterfly-check,recompute,ntt,add-output,3,18,8,3,PASS,FAIL,yes,yes,5.30318183e2,2.61103920e2,2.93192487e2,9.14096417e1,-39.21984013,1152,3,0,0,0,0,3,131456 ns,116704,1152,1152,2432,2819,2819
64,28,butterfly-check,recompute,ntt,add-output,3,18,24,3,PASS,FAIL,yes,yes,6.23899144e2,2.70998577e2,3.16120115e2,9.85578680e1,-39.87382601,1152,3,0,0,0,0,3,131499 ns,116583,1152,1152,2432,2819,2819
64,28,butterfly-check,recompute,ntt,add-output,3,18,26,3,PASS,FAIL,yes,yes,5.79119583e2,2.61032983e2,2.83459678e2,8.83752100e1,-38.92660918,1152,3,0,0,0,0,3,131585 ns,116957,1152,1152,2432,2819,2819
64,28,butterfly-check,recompute,ntt,add-output,3,21,0,3,PASS,FAIL,yes,yes,5.51561536e2,2.37110849e2,2.71979438e2,8.47959754e1,-38.56750481,1152,3,0,0,0,0,3,288250 ns,256291,1152,1152,2432,2819,2819
64,28,butterfly-check,recompute,ntt,add-output,3,21,8,3,PASS,FAIL,yes,yes,5.24121513e2,2.68423081e2,3.01556948e2,9.40174588e1,-39.46417017,1152,3,0,0,0,0,3,221542 ns,196502,1152,1152,2432,2819,2819
64,28,butterfly-check,recompute,ntt,add-output,3,21,24,3,PASS,FAIL,yes,yes,5.25928302e2,2.67878713e2,2.87648525e2,8.96811813e1,-39.05402641,1152,3,0,0,0,0,3,132168 ns,117420,1152,1152,2432,2819,2819
64,28,butterfly-check,recompute,ntt,add-output,3,21,26,3,PASS,FAIL,yes,yes,7.30376336e2,2.66193287e2,3.07398687e2,9.58387579e1,-39.63082353,1152,3,0,0,0,0,3,129543 ns,114668,1152,1152,2432,2819,2819
64,28,butterfly-check,recompute,ntt,add-output,3,25,0,3,PASS,FAIL,no,no,7.16488621e2,2.80217038e2,3.24945984e2,1.01309540e2,-40.11300685,1152,0,0,0,0,0,0,132000 ns,116624,1152,1152,2432,2819,2819
64,28,butterfly-check,recompute,ntt,add-output,3,25,8,3,PASS,FAIL,no,no,5.89727494e2,2.75812417e2,3.14851095e2,9.81622211e1,-39.83888753,1152,0,0,0,0,0,0,177332 ns,158751,1152,1152,2432,2819,2819
64,28,butterfly-check,recompute,ntt,add-output,3,25,24,3,PASS,FAIL,no,no,7.10160758e2,2.56769381e2,2.99411446e2,9.33485482e1,-39.40215136,1152,0,0,0,0,0,0,133792 ns,118583,1152,1152,2432,2819,2819
64,28,butterfly-check,recompute,ntt,add-output,3,25,26,3,PASS,FAIL,no,no,5.53904867e2,2.58582744e2,2.92793157e2,9.12851411e1,-39.20800182,1152,0,0,0,0,0,0,221583 ns,196999,1152,1152,2432,2819,2819
64,28,butterfly-check,recompute,ntt,add-output,3,26,0,3,PASS,FAIL,no,no,5.22707652e2,2.51159819e2,2.77035080e2,8.63721906e1,-38.72747869,1152,0,0,0,0,0,0,131126 ns,116415,1152,1152,2432,2819,2819
64,28,butterfly-check,recompute,ntt,add-output,3,26,8,3,PASS,FAIL,no,no,5.15703002e2,2.72921303e2,2.93111139e2,9.13842794e1,-39.21742983,1152,0,0,0,0,0,0,222916 ns,196082,1152,1152,2432,2819,2819
64,28,butterfly-check,recompute,ntt,add-output,3,26,24,3,PASS,FAIL,no,no,6.59125312e2,2.78924320e2,3.14389193e2,9.80182122e1,-39.82613554,1152,0,0,0,0,0,0,294541 ns,260793,1152,1152,2432,2819,2819
64,28,butterfly-check,recompute,ntt,add-output,3,26,26,3,PASS,FAIL,no,no,5.56453797e2,2.65628014e2,2.98820713e2,9.31643732e1,-39.38499733,1152,0,0,0,0,0,0,125166 ns,110709,1152,1152,2432,2819,2819
64,28,butterfly-check,recompute,ntt,add-output,3,28,0,3,PASS,FAIL,no,no,5.61779825e2,2.54004181e2,2.93004042e2,9.13508895e1,-39.21425561,1152,0,0,0,0,0,0,128958 ns,114501,1152,1152,2432,2819,2819
64,28,butterfly-check,recompute,ntt,add-output,3,28,8,3,PASS,FAIL,no,no,5.11669761e2,2.65286374e2,3.01167479e2,9.38960325e1,-39.45294483,1152,0,0,0,0,0,0,221540 ns,196747,1152,1152,2432,2819,2819
64,28,butterfly-check,recompute,ntt,add-output,3,28,24,3,PASS,FAIL,no,no,7.22796708e2,2.78683374e2,3.19069820e2,9.94775077e1,-39.95449792,1152,0,0,0,0,0,0,291541 ns,259542,1152,1152,2432,2819,2819
64,28,butterfly-check,recompute,ntt,add-output,3,28,26,3,PASS,FAIL,no,no,5.54775517e2,2.70551724e2,2.99440720e2,9.33576748e1,-39.40300053,1152,0,0,0,0,0,0,195126 ns,172920,1152,1152,2432,2819,2819
64,28,butterfly-check,recompute,ntt,add-output,3,29,0,3,PASS,FAIL,no,no,6.57079686e2,2.74288445e2,3.04889879e2,9.50565783e1,-39.55964354,1152,0,0,0,0,0,0,288667 ns,256545,1152,1152,2432,2819,2819
64,28,butterfly-check,recompute,ntt,add-output,3,29,8,3,PASS,FAIL,no,no,5.61397160e2,2.69498329e2,3.01281710e2,9.39316468e1,-39.45623872,1152,0,0,0,0,0,0,128292 ns,113583,1152,1152,2432,2819,2819
64,28,butterfly-check,recompute,ntt,add-output,3,29,24,3,PASS,FAIL,no,no,5.50888300e2,2.53567549e2,2.77617802e2,8.65538679e1,-38.74572961,1152,0,0,0,0,0,0,289541 ns,257206,1152,1152,2432,2819,2819
64,28,butterfly-check,recompute,ntt,add-output,3,29,26,3,PASS,FAIL,no,no,4.17673982e2,2.52254846e2,2.73480835e2,8.52640714e1,-38.61532133,1152,0,0,0,0,0,0,248499 ns,220707,1152,1152,2432,2819,2819
64,28,butterfly-check,recompute,ntt,add-output,3,32,0,3,PASS,FAIL,yes,yes,5.57100780e2,2.41876621e2,2.80391560e2,8.74186522e1,-38.83208212,1152,3,0,0,0,0,3,130499 ns,115669,1152,1152,2432,2819,2819
64,28,butterfly-check,recompute,ntt,add-output,3,32,8,3,PASS,FAIL,yes,yes,5.42104533e2,2.39361913e2,2.70539551e2,8.43470568e1,-38.52139866,1152,3,0,0,0,0,3,131542 ns,116168,1152,1152,2432,2819,2819
64,28,butterfly-check,recompute,ntt,add-output,3,32,24,3,PASS,FAIL,yes,yes,6.27793960e2,2.69786873e2,3.11086017e2,9.69883697e1,-39.73439319,1152,3,0,0,0,0,3,131792 ns,116249,1152,1152,2432,2819,2819
64,28,butterfly-check,recompute,ntt,add-output,3,32,26,3,PASS,FAIL,yes,yes,5.55818973e2,2.65152381e2,2.88242174e2,8.98662654e1,-39.07193388,1152,3,0,0,0,0,3,203375 ns,179415,1152,1152,2432,2819,2819
64,28,butterfly-check,recompute,ntt,add-output,3,37,0,3,PASS,FAIL,yes,yes,5.84034600e2,2.41651499e2,2.78200143e2,8.67354262e1,-38.76393034,1152,3,0,0,0,0,3,126833 ns,112299,1152,1152,2432,2819,2819
64,28,butterfly-check,recompute,ntt,add-output,3,37,8,3,PASS,FAIL,yes,yes,7.38129432e2,2.91571392e2,3.31967799e2,1.03498756e2,-40.29870256,1152,3,0,0,0,0,3,223332 ns,198253,1152,1152,2432,2819,2819
64,28,butterfly-check,recompute,ntt,add-output,3,37,24,3,PASS,FAIL,yes,yes,6.10540485e2,2.56471325e2,2.94876643e2,9.19347168e1,-39.26959085,1152,3,0,0,0,0,3,252915 ns,223707,1152,1152,2432,2819,2819
64,28,butterfly-check,recompute,ntt,add-output,3,37,26,3,PASS,FAIL,yes,yes,5.59737944e2,2.96549143e2,3.26921753e2,1.01925532e2,-40.16565975,1152,3,0,0,0,0,3,130791 ns,116168,1152,1152,2432,2819,2819
64,28,butterfly-check,recompute,ntt,add-output,3,39,0,3,PASS,FAIL,yes,yes,5.80594066e2,2.52934071e2,2.79596556e2,8.71707908e1,-38.80741972,1152,3,0,0,0,0,3,216168 ns,192834,1152,1152,2432,2819,2819
64,28,butterfly-check,recompute,ntt,add-output,3,39,8,3,PASS,FAIL,yes,yes,4.77414277e2,2.49271155e2,2.72896664e2,8.50819421e1,-38.59674790,1152,3,0,0,0,0,3,223790 ns,198295,1152,1152,2432,2819,2819
64,28,butterfly-check,recompute,ntt,add-output,3,39,24,3,PASS,FAIL,yes,yes,7.01332594e2,2.36878836e2,2.85793994e2,8.91029878e1,-38.99784534,1152,3,0,0,0,0,3,130625 ns,116250,1152,1152,2432,2819,2819
64,28,butterfly-check,recompute,ntt,add-output,3,39,26,3,PASS,FAIL,yes,yes,6.78937190e2,2.61312822e2,3.04315557e2,9.48775197e1,-39.54326645,1152,3,0,0,0,0,3,223459 ns,197377,1152,1152,2432,2819,2819
64,28,butterfly-check,recompute,ntt,add-output,3,40,0,3,PASS,FAIL,no,no,4.35509467e2,2.42602512e2,2.71100310e2,8.45218867e1,-38.53938366,1152,0,0,0,0,0,0,133001 ns,118125,1152,1152,2432,2819,2819
64,28,butterfly-check,recompute,ntt,add-output,3,40,8,3,PASS,FAIL,no,no,6.84948735e2,2.65334866e2,2.94717891e2,9.18852221e1,-39.26491339,1152,0,0,0,0,0,0,222875 ns,197875,1152,1152,2432,2819,2819
64,28,butterfly-check,recompute,ntt,add-output,3,40,24,3,PASS,FAIL,no,no,7.03355977e2,2.82172606e2,3.29728989e2,1.02800754e2,-40.23992600,1152,0,0,0,0,0,0,274543 ns,244332,1152,1152,2432,2819,2819
64,28,butterfly-check,recompute,ntt,add-output,3,40,26,3,PASS,FAIL,no,no,5.54925660e2,2.96277162e2,3.22060334e2,1.00409871e2,-40.03552814,1152,0,0,0,0,0,0,187958 ns,167707,1152,1152,2432,2819,2819
64,28,butterfly-check,recompute,ntt,add-output,3,42,0,3,PASS,FAIL,no,no,5.82610248e2,2.51857583e2,2.82708053e2,8.81408733e1,-38.90354698,1152,0,0,0,0,0,0,223291 ns,197538,1152,1152,2432,2819,2819
64,28,butterfly-check,recompute,ntt,add-output,3,42,8,3,PASS,FAIL,no,no,6.06440343e2,2.63069765e2,3.01150732e2,9.38908115e1,-39.45246185,1152,0,0,0,0,0,0,187584 ns,168039,1152,1152,2432,2819,2819
64,28,butterfly-check,recompute,ntt,add-output,3,42,24,3,PASS,FAIL,no,no,5.55094967e2,2.85090574e2,3.05350329e2,9.52001341e1,-39.57275121,1152,0,0,0,0,0,0,134039 ns,118042,1152,1152,2432,2819,2819
64,28,butterfly-check,recompute,ntt,add-output,3,42,26,3,PASS,FAIL,no,no,4.68644223e2,2.51907701e2,2.79169606e2,8.70376792e1,-38.79414605,1152,0,0,0,0,0,0,131625 ns,116665,1152,1152,2432,2819,2819
64,28,butterfly-check,recompute,ntt,add-output,3,43,0,3,PASS,FAIL,no,no,6.43876402e2,2.46662966e2,2.87180592e2,8.95352922e1,-39.03988510,1152,0,0,0,0,0,0,248875 ns,221544,1152,1152,2432,2819,2819
64,28,butterfly-check,recompute,ntt,add-output,3,43,8,3,PASS,FAIL,no,no,5.38012654e2,2.54214214e2,2.79891590e2,8.72627745e1,-38.81658035,1152,0,0,0,0,0,0,201124 ns,177626,1152,1152,2432,2819,2819
64,28,butterfly-check,recompute,ntt,add-output,3,43,24,3,PASS,FAIL,no,no,5.01377527e2,2.71144363e2,2.90078923e2,9.04389150e1,-39.12710687,1152,0,0,0,0,0,0,130874 ns,115789,1152,1152,2432,2819,2819
64,28,butterfly-check,recompute,ntt,add-output,3,43,26,3,PASS,FAIL,no,no,8.89038524e2,2.71056051e2,3.25045704e2,1.01340630e2,-40.11567199,1152,0,0,0,0,0,0,132791 ns,117502,1152,1152,2432,2819,2819
64,28,butterfly-check,recompute,ntt,add-output,3,45,0,3,PASS,FAIL,no,no,5.85263778e2,2.58798330e2,3.02681275e2,9.43679940e1,-39.49649447,1152,0,0,0,0,0,0,290915 ns,258791,1152,1152,2432,2819,2819
64,28,butterfly-check,recompute,ntt,add-output,3,45,8,3,PASS,FAIL,no,no,6.53299776e2,2.53398568e2,2.94357664e2,9.17729128e1,-39.25429032,1152,0,0,0,0,0,0,186249 ns,166337,1152,1152,2432,2819,2819
64,28,butterfly-check,recompute,ntt,add-output,3,45,24,3,PASS,FAIL,no,no,5.41811803e2,2.81531391e2,3.11942462e2,9.72553866e1,-39.75827329,1152,0,0,0,0,0,0,131208 ns,116378,1152,1152,2432,2819,2819
64,28,butterfly-check,recompute,ntt,add-output,3,45,26,3,PASS,FAIL,no,no,5.96459508e2,2.64707585e2,2.98367207e2,9.30229821e1,-39.37180516,1152,0,0,0,0,0,0,222333 ns,197331,1152,1152,2432,2819,2819
64,28,butterfly-check,recompute,ntt,add-output,3,46,0,3,PASS,FAIL,no,no,5.28025622e2,2.51982680e2,2.84634481e2,8.87414824e1,-38.96253358,1152,0,0,0,0,0,0,199541 ns,177583,1152,1152,2432,2819,2819
64,28,butterfly-check,recompute,ntt,add-output,3,46,8,3,PASS,FAIL,no,no,5.52795868e2,2.66120914e2,2.94715171e2,9.18843740e1,-39.26483321,1152,0,0,0,0,0,0,129250 ns,115042,1152,1152,2432,2819,2819
64,28,butterfly-check,recompute,ntt,add-output,3,46,24,3,PASS,FAIL,no,no,4.47718316e2,2.46414564e2,2.72098472e2,8.48330871e1,-38.57130543,1152,0,0,0,0,0,0,126583 ns,112207,1152,1152,2432,2819,2819
64,28,butterfly-check,recompute,ntt,add-output,3,46,26,3,PASS,FAIL,no,no,5.51458722e2,2.74227718e2,2.96852320e2,9.25506806e1,-39.32759234,1152,0,0,0,0,0,0,218499 ns,193123,1152,1152,2432,2819,2819
64,28,butterfly-check,recompute,ntt,add-output,3,47,0,3,PASS,FAIL,no,no,6.95309657e2,2.36194859e2,2.80165155e2,8.73480651e1,-38.82506578,1152,0,0,0,0,0,0,287583 ns,255918,1152,1152,2432,2819,2819
64,28,butterfly-check,recompute,ntt,add-output,3,47,8,3,PASS,FAIL,no,no,5.09754546e2,2.55656395e2,2.82656778e2,8.81248869e1,-38.90197145,1152,0,0,0,0,0,0,148375 ns,130789,1152,1152,2432,2819,2819
64,28,butterfly-check,recompute,ntt,add-output,3,47,24,3,PASS,FAIL,no,no,6.39921937e2,2.47301084e2,2.82754527e2,8.81553626e1,-38.90497473,1152,0,0,0,0,0,0,289333 ns,257582,1152,1152,2432,2819,2819
64,28,butterfly-check,recompute,ntt,add-output,3,47,26,3,PASS,FAIL,no,no,5.97533215e2,2.65799842e2,3.12447128e2,9.74127280e1,-39.77231412,1152,0,0,0,0,0,0,220124 ns,195747,1152,1152,2432,2819,2819
64,28,butterfly-check,recompute,ntt,add-output,3,49,0,3,PASS,FAIL,yes,yes,6.91140145e2,2.55331391e2,3.04935318e2,9.50707450e1,-39.56093795,1152,3,0,0,0,0,3,133417 ns,117791,1152,1152,2432,2819,2819
64,28,butterfly-check,recompute,ntt,add-output,3,49,8,3,PASS,FAIL,yes,yes,5.77520578e2,2.60434395e2,2.91497316e2,9.08811323e1,-39.16947458,1152,3,0,0,0,0,3,223167 ns,198376,1152,1152,2432,2819,2819
64,28,butterfly-check,recompute,ntt,add-output,3,49,24,3,PASS,FAIL,yes,yes,5.97349951e2,2.73073349e2,2.98690756e2,9.31238559e1,-39.38121900,1152,3,0,0,0,0,3,143625 ns,127129,1152,1152,2432,2819,2819
64,28,butterfly-check,recompute,ntt,add-output,3,49,26,3,PASS,FAIL,yes,yes,6.97780921e2,2.83356292e2,3.23535581e2,1.00869813e2,-40.07522435,1152,3,0,0,0,0,3,132708 ns,117248,1152,1152,2432,2819,2819
64,28,butterfly-check,recompute,ntt,add-output,3,50,0,3,PASS,FAIL,yes,yes,6.35624564e2,2.84642321e2,3.15797742e2,9.84573605e1,-39.86496377,1152,3,0,0,0,0,3,221001 ns,196377,1152,1152,2432,2819,2819
64,28,butterfly-check,recompute,ntt,add-output,3,50,8,3,PASS,FAIL,yes,yes,6.51144371e2,2.36173732e2,2.76439302e2,8.61864427e1,-38.70877912,1152,3,0,0,0,0,3,146917 ns,130458,1152,1152,2432,2819,2819
64,28,butterfly-check,recompute,ntt,add-output,3,50,24,3,PASS,FAIL,yes,yes,5.26113244e2,2.30732144e2,2.67082232e2,8.32691567e1,-38.40968333,1152,3,0,0,0,0,3,221708 ns,196711,1152,1152,2432,2819,2819
64,28,butterfly-check,recompute,ntt,add-output,3,50,26,3,PASS,FAIL,yes,yes,5.69616438e2,2.37941945e2,2.82626028e2,8.81152998e1,-38.90102647,1152,3,0,0,0,0,3,130750 ns,116332,1152,1152,2432,2819,2819
64,28,butterfly-check,recompute,ntt,add-output,3,51,0,3,PASS,FAIL,yes,yes,5.30879988e2,2.50601481e2,2.74094444e2,8.54553782e1,-38.63478801,1152,3,0,0,0,0,3,290750 ns,256336,1152,1152,2432,2819,2819
64,28,butterfly-check,recompute,ntt,add-output,3,51,8,3,PASS,FAIL,yes,yes,6.17583904e2,2.32731304e2,2.68238348e2,8.36296028e1,-38.44720069,1152,3,0,0,0,0,3,128000 ns,113381,1152,1152,2432,2819,2819
64,28,butterfly-check,recompute,ntt,add-output,3,51,24,3,PASS,FAIL,yes,yes,5.46465291e2,2.52072941e2,2.79833064e2,8.72445280e1,-38.81476394,1152,3,0,0,0,0,3,289250 ns,256959,1152,1152,2432,2819,2819
64,28,butterfly-check,recompute,ntt,add-output,3,51,26,3,PASS,FAIL,yes,yes,4.89079282e2,2.69659087e2,2.98062967e2,9.29281282e1,-39.36294379,1152,3,0,0,0,0,3,251957 ns,222668,1152,1152,2432,2819,2819
64,28,butterfly-check,recompute,ntt,add-output,3,52,0,3,PASS,FAIL,yes,yes,6.03858883e2,2.75635504e2,2.99603781e2,9.34085131e1,-39.40772917,1152,3,0,0,0,0,3,131375 ns,116751,1152,1152,2432,2819,2819
64,28,butterfly-check,recompute,ntt,add-output,3,52,8,3,PASS,FAIL,yes,yes,5.84573239e2,2.62360416e2,2.93161176e2,9.13998795e1,-39.21891246,1152,3,0,0,0,0,3,131293 ns,116166,1152,1152,2432,2819,2819
64,28,butterfly-check,recompute,ntt,add-output,3,52,24,3,PASS,FAIL,yes,yes,6.14966786e2,2.84297975e2,3.18013497e2,9.91481741e1,-39.92569442,1152,3,0,0,0,0,3,289626 ns,257207,1152,1152,2432,2819,2819
64,28,butterfly-check,recompute,ntt,add-output,3,52,26,3,PASS,FAIL,yes,yes,5.42290787e2,2.80361311e2,3.08562067e2,9.62014690e1,-39.66363408,1152,3,0,0,0,0,3,289124 ns,257084,1152,1152,2432,2819,2819
64,28,butterfly-check,recompute,ntt,add-output,3,53,0,3,PASS,FAIL,yes,yes,4.99392501e2,2.48049396e2,2.82532736e2,8.80862141e1,-38.89815889,1152,3,0,0,0,0,3,130668 ns,115875,1152,1152,2432,2819,2819
64,28,butterfly-check,recompute,ntt,add-output,3,53,8,3,PASS,FAIL,yes,yes,6.52392811e2,2.55707769e2,3.01913738e2,9.41286962e1,-39.47444086,1152,3,0,0,0,0,3,130290 ns,114743,1152,1152,2432,2819,2819
64,28,butterfly-check,recompute,ntt,add-output,3,53,24,3,PASS,FAIL,yes,yes,8.46716509e2,2.57049745e2,2.99120069e2,9.32577045e1,-39.39369443,1152,3,0,0,0,0,3,271124 ns,241417,1152,1152,2432,2819,2819
64,28,butterfly-check,recompute,ntt,add-output,3,53,26,3,PASS,FAIL,yes,yes,5.97138165e2,2.62666513e2,2.89325371e2,9.02039773e1,-39.10451374,1152,3,0,0,0,0,3,133668 ns,119041,1152,1152,2432,2819,2819
64,28,butterfly-check,recompute,ntt,add-output,3,60,0,3,PASS,FAIL,no,no,5.76641442e2,2.54982530e2,2.94756786e2,9.18973486e1,-39.26605963,1152,0,0,0,0,0,0,182625 ns,162166,1152,1152,2432,2819,2819
64,28,butterfly-check,recompute,ntt,add-output,3,60,8,3,PASS,FAIL,no,no,5.08823032e2,2.28695155e2,2.59684725e2,8.09628102e1,-38.16571148,1152,0,0,0,0,0,0,213334 ns,188292,1152,1152,2432,2819,2819
64,28,butterfly-check,recompute,ntt,add-output,3,60,24,3,PASS,FAIL,no,no,6.03626558e2,2.47749265e2,2.87758674e2,8.97155228e1,-39.05735184,1152,0,0,0,0,0,0,131167 ns,116547,1152,1152,2432,2819,2819
64,28,butterfly-check,recompute,ntt,add-output,3,60,26,3,PASS,FAIL,no,no,5.56576275e2,2.75524852e2,3.08136966e2,9.60689337e1,-39.65165941,1152,0,0,0,0,0,0,129875 ns,115460,1152,1152,2432,2819,2819
64,28,butterfly-check,recompute,ntt,add-output,3,62,0,3,PASS,FAIL,no,no,5.48180289e2,2.82724638e2,3.06790654e2,9.56491894e1,-39.61362588,1152,0,0,0,0,0,0,133208 ns,118078,1152,1152,2432,2819,2819
64,28,butterfly-check,recompute,ntt,add-output,3,62,8,3,PASS,FAIL,no,no,5.42303425e2,2.32157563e2,2.76661941e2,8.62558556e1,-38.71577175,1152,0,0,0,0,0,0,124626 ns,110953,1152,1152,2432,2819,2819
64,28,butterfly-check,recompute,ntt,add-output,3,62,24,3,PASS,FAIL,no,no,5.55832350e2,2.62204226e2,2.98468214e2,9.30544735e1,-39.37474512,1152,0,0,0,0,0,0,133251 ns,118038,1152,1152,2432,2819,2819
64,28,butterfly-check,recompute,ntt,add-output,3,62,26,3,PASS,FAIL,no,no,5.13245005e2,2.71319017e2,2.94138726e2,9.17046539e1,-39.24782752,1152,0,0,0,0,0,0,221292 ns,196663,1152,1152,2432,2819,2819
64,28,butterfly-check,recompute,ntt,add-output,3,63,0,3,PASS,FAIL,no,no,6.09928724e2,2.77003275e2,3.11151206e2,9.70086939e1,-39.73621315,1152,0,0,0,0,0,0,249668 ns,221955,1152,1152,2432,2819,2819
64,28,butterfly-check,recompute,ntt,add-output,3,63,8,3,PASS,FAIL,no,no,6.28211252e2,2.39214429e2,2.79613813e2,8.71761713e1,-38.80795583,1152,0,0,0,0,0,0,132834 ns,117666,1152,1152,2432,2819,2819
64,28,butterfly-check,recompute,ntt,add-output,3,63,24,3,PASS,FAIL,no,no,5.15751153e2,2.56753156e2,2.79290259e2,8.70752956e1,-38.79789915,1152,0,0,0,0,0,0,221125 ns,196247,1152,1152,2432,2819,2819
64,28,butterfly-check,recompute,ntt,add-output,3,63,26,3,PASS,FAIL,no,no,5.69810459e2,2.75862528e2,3.06026355e2,9.54109014e1,-39.59195997,1152,0,0,0,0,0,0,220960 ns,196751,1152,1152,2432,2819,2819
64,28,butterfly-check,recompute,ntt,add-output,5,0,0,1,PASS,FAIL,yes,yes,6.51013388e2,2.58239984e2,2.96630948e2,9.24816625e1,-39.32111257,1152,3,0,0,0,0,3,132125 ns,117667,1152,1152,2432,2819,2819
64,28,butterfly-check,recompute,ntt,add-output,5,0,8,1,PASS,FAIL,yes,yes,5.98422182e2,2.82186372e2,3.12722178e2,9.74984815e1,-39.77995703,1152,3,0,0,0,0,3,191959 ns,169959,1152,1152,2432,2819,2819
64,28,butterfly-check,recompute,ntt,add-output,5,0,24,1,PASS,FAIL,yes,yes,7.00288860e2,2.68566742e2,3.05709939e2,9.53122511e1,-39.58297454,1152,3,0,0,0,0,3,131875 ns,117375,1152,1152,2432,2819,2819
64,28,butterfly-check,recompute,ntt,add-output,5,0,26,1,PASS,FAIL,yes,yes,4.74201558e2,2.40031876e2,2.64086921e2,8.23352981e1,-38.31172125,1152,3,0,0,0,0,3,132542 ns,117661,1152,1152,2432,2819,2819
64,28,butterfly-check,recompute,ntt,add-output,5,2,0,1,PASS,FAIL,yes,yes,4.63934567e2,2.50573533e2,2.78582909e2,8.68547625e1,-38.77587274,1152,3,0,0,0,0,3,250291 ns,221252,1152,1152,2432,2819,2819
64,28,butterfly-check,recompute,ntt,add-output,5,2,8,1,PASS,FAIL,yes,yes,6.98221012e2,2.87211616e2,3.13882816e2,9.78603375e1,-39.81213418,1152,3,0,0,0,0,3,127248 ns,113292,1152,1152,2432,2819,2819
64,28,butterfly-check,recompute,ntt,add-output,5,2,24,1,PASS,FAIL,yes,yes,5.22578569e2,2.41782852e2,2.73885305e2,8.53901743e1,-38.62815800,1152,3,0,0,0,0,3,133583 ns,118290,1152,1152,2432,2819,2819
64,28,butterfly-check,recompute,ntt,add-output,5,2,26,1,PASS,FAIL,yes,yes,6.19474248e2,2.44835900e2,2.82104994e2,8.79528553e1,-38.88499886,1152,3,0,0,0,0,3,222792 ns,196792,1152,1152,2432,2819,2819
64,28,butterfly-check,recompute,ntt,add-output,5,4,0,1,PASS,FAIL,yes,yes,5.47510616e2,2.71724223e2,3.01635262e2,9.40418750e1,-39.46642559,1152,3,0,0,0,0,3,221417 ns,196667,1152,1152,2432,2819,2819
64,28,butterfly-check,recompute,ntt,add-output,5,4,8,1,PASS,FAIL,yes,yes,8.01270533e2,2.53671082e2,2.94995775e2,9.19718589e1,-39.27309929,1152,3,0,0,0,0,3,222584 ns,196584,1152,1152,2432,2819,2819
64,28,butterfly-check,recompute,ntt,add-output,5,4,24,1,PASS,FAIL,yes,yes,7.10638879e2,2.66604324e2,3.00870993e2,9.38035962e1,-39.44438977,1152,3,0,0,0,0,3,251001 ns,221460,1152,1152,2432,2819,2819
64,28,butterfly-check,recompute,ntt,add-output,5,4,26,1,PASS,FAIL,yes,yes,5.48878150e2,2.80848987e2,3.07096420e2,9.57445191e1,-39.62227845,1152,3,0,0,0,0,3,139460 ns,122336,1152,1152,2432,2819,2819
64,28,butterfly-check,recompute,ntt,add-output,5,7,0,1,PASS,FAIL,yes,yes,5.75344701e2,2.60203390e2,2.92172565e2,9.10916570e1,-39.18957204,1152,3,0,0,0,0,3,221125 ns,196749,1152,1152,2432,2819,2819
64,28,butterfly-check,recompute,ntt,add-output,5,7,8,1,PASS,FAIL,yes,yes,5.22440138e2,2.61247787e2,2.86202773e2,8.92304340e1,-39.01026011,1152,3,0,0,0,0,3,189500 ns,169875,1152,1152,2432,2819,2819
64,28,butterfly-check,recompute,ntt,add-output,5,7,24,1,PASS,FAIL,yes,yes,5.67446094e2,2.74724474e2,3.11720995e2,9.71863389e1,-39.75210444,1152,3,0,0,0,0,3,221584 ns,197420,1152,1152,2432,2819,2819
64,28,butterfly-check,recompute,ntt,add-output,5,7,26,1,PASS,FAIL,yes,yes,5.96968015e2,2.47140816e2,2.82769984e2,8.81601815e1,-38.90544951,1152,3,0,0,0,0,3,251416 ns,222956,1152,1152,2432,2819,2819
64,28,butterfly-check,recompute,ntt,add-output,5,12,0,1,PASS,FAIL,yes,yes,5.59938335e2,2.67266010e2,3.03048045e2,9.44823431e1,-39.50701310,1152,3,0,0,0,0,3,131292 ns,116376,1152,1152,2432,2819,2819
64,28,butterfly-check,recompute,ntt,add-output,5,12,8,1,PASS,FAIL,yes,yes,4.44348791e2,2.42858884e2,2.67097843e2,8.32740236e1,-38.41019098,1152,3,0,0,0,0,3,222458 ns,197666,1152,1152,2432,2819,2819
64,28,butterfly-check,recompute,ntt,add-output,5,12,24,1,PASS,FAIL,yes,yes,6.76844850e2,2.50083517e2,2.85999934e2,8.91671944e1,-39.00410204,1152,3,0,0,0,0,3,221418 ns,197042,1152,1152,2432,2819,2819
64,28,butterfly-check,recompute,ntt,add-output,5,12,26,1,PASS,FAIL,yes,yes,6.04663665e2,2.68943585e2,3.06133493e2,9.54443042e1,-39.59500032,1152,3,0,0,0,0,3,130625 ns,116205,1152,1152,2432,2819,2819
64,28,butterfly-check,recompute,ntt,add-output,5,13,0,1,PASS,FAIL,yes,yes,6.61005165e2,2.70949799e2,3.06028253e2,9.54114930e1,-39.59201384,1152,3,0,0,0,0,3,198500 ns,176250,1152,1152,2432,2819,2819
64,28,butterfly-check,recompute,ntt,add-output,5,13,8,1,PASS,FAIL,yes,yes,6.22503966e2,2.92390035e2,3.27105368e2,1.01982778e2,-40.17053679,1152,3,0,0,0,0,3,221918 ns,197750,1152,1152,2432,2819,2819
64,28,butterfly-check,recompute,ntt,add-output,5,13,24,1,PASS,FAIL,yes,yes,5.24377045e2,2.73875323e2,2.94077721e2,9.16856341e1,-39.24602586,1152,3,0,0,0,0,3,250584 ns,223082,1152,1152,2432,2819,2819
64,28,butterfly-check,recompute,ntt,add-output,5,13,26,1,PASS,FAIL,yes,yes,6.66773977e2,2.75412742e2,3.16797515e2,9.87690632e1,-39.89241869,1152,3,0,0,0,0,3,221956 ns,197126,1152,1152,2432,2819,2819
64,28,butterfly-check,recompute,ntt,add-output,5,16,0,1,PASS,FAIL,yes,yes,5.19821780e2,2.67413242e2,3.00515769e2,9.36928468e1,-39.43412870,1152,3,0,0,0,0,3,129290 ns,114878,1152,1152,2432,2819,2819
64,28,butterfly-check,recompute,ntt,add-output,5,16,8,1,PASS,FAIL,yes,yes,6.19241570e2,2.62438286e2,3.01447319e2,9.39832793e1,-39.46101189,1152,3,0,0,0,0,3,250209 ns,222542,1152,1152,2432,2819,2819
64,28,butterfly-check,recompute,ntt,add-output,5,16,24,1,PASS,FAIL,yes,yes,4.80626150e2,2.68514157e2,2.93195574e2,9.14106040e1,-39.21993157,1152,3,0,0,0,0,3,289207 ns,257289,1152,1152,2432,2819,2819
64,28,butterfly-check,recompute,ntt,add-output,5,16,26,1,PASS,FAIL,yes,yes,6.56828169e2,2.71015487e2,3.01925259e2,9.41322884e1,-39.47477233,1152,3,0,0,0,0,3,130501 ns,115832,1152,1152,2432,2819,2819
64,28,butterfly-check,recompute,ntt,add-output,5,17,0,1,PASS,FAIL,yes,yes,8.13186675e2,2.86284116e2,3.22987058e2,1.00698799e2,-40.06048579,1152,3,0,0,0,0,3,224292 ns,197165,1152,1152,2432,2819,2819
64,28,butterfly-check,recompute,ntt,add-output,5,17,8,1,PASS,FAIL,yes,yes,5.71275144e2,2.93429993e2,3.26072080e2,1.01660627e2,-40.14305565,1152,3,0,0,0,0,3,223918 ns,197418,1152,1152,2432,2819,2819
64,28,butterfly-check,recompute,ntt,add-output,5,17,24,1,PASS,FAIL,yes,yes,5.02038050e2,2.54142458e2,2.82207129e2,8.79846984e1,-38.88814300,1152,3,0,0,0,0,3,249875 ns,222083,1152,1152,2432,2819,2819
64,28,butterfly-check,recompute,ntt,add-output,5,17,26,1,PASS,FAIL,yes,yes,6.85644626e2,2.84165903e2,3.23837464e2,1.00963933e2,-40.08332518,1152,3,0,0,0,0,3,249874 ns,222794,1152,1152,2432,2819,2819
64,28,butterfly-check,recompute,ntt,add-output,5,19,0,1,PASS,FAIL,yes,yes,6.95087688e2,2.65968734e2,3.12262726e2,9.73552364e1,-39.76718632,1152,3,0,0,0,0,3,200624 ns,178046,1152,1152,2432,2819,2819
64,28,butterfly-check,recompute,ntt,add-output,5,19,8,1,PASS,FAIL,yes,yes,5.22968011e2,2.49550435e2,2.74006705e2,8.54280237e1,-38.63200719,1152,3,0,0,0,0,3,222876 ns,198333,1152,1152,2432,2819,2819
64,28,butterfly-check,recompute,ntt,add-output,5,19,24,1,PASS,FAIL,yes,yes,4.26282458e2,2.42215920e2,2.68002290e2,8.35560064e1,-38.43955349,1152,3,0,0,0,0,3,221834 ns,196913,1152,1152,2432,2819,2819
64,28,butterfly-check,recompute,ntt,add-output,5,19,26,1,PASS,FAIL,yes,yes,4.94472894e2,2.70188657e2,3.01304484e2,9.39387472e1,-39.45689528,1152,3,0,0,0,0,3,223460 ns,196918,1152,1152,2432,2819,2819
64,28,butterfly-check,recompute,ntt,add-output,5,20,0,1,PASS,FAIL,yes,yes,4.30609720e2,2.67597547e2,2.90695991e2,9.06313005e1,-39.14556424,1152,3,0,0,0,0,3,221250 ns,196500,1152,1152,2432,2819,2819
64,28,butterfly-check,recompute,ntt,add-output,5,20,8,1,PASS,FAIL,yes,yes,6.77739333e2,2.91910867e2,3.17230938e2,9.89041932e1,-39.90429409,1152,3,0,0,0,0,3,221458 ns,197081,1152,1152,2432,2819,2819
64,28,butterfly-check,recompute,ntt,add-output,5,20,24,1,PASS,FAIL,yes,yes,6.79021226e2,2.47233665e2,2.79440752e2,8.71222154e1,-38.80257821,1152,3,0,0,0,0,3,131209 ns,116546,1152,1152,2432,2819,2819
64,28,butterfly-check,recompute,ntt,add-output,5,20,26,1,PASS,FAIL,yes,yes,6.06569425e2,2.76740851e2,3.07263520e2,9.57966165e1,-39.62700340,1152,3,0,0,0,0,3,249751 ns,221246,1152,1152,2432,2819,2819
64,28,butterfly-check,recompute,ntt,add-output,5,24,0,1,PASS,FAIL,yes,yes,6.16824299e2,2.51980359e2,2.78678126e2,8.68844488e1,-38.77884101,1152,3,0,0,0,0,3,130459 ns,115416,1152,1152,2432,2819,2819
64,28,butterfly-check,recompute,ntt,add-output,5,24,8,1,PASS,FAIL,yes,yes,7.69037955e2,2.49041560e2,2.81977747e2,8.79131832e1,-38.88108011,1152,3,0,0,0,0,3,248709 ns,221377,1152,1152,2432,2819,2819
64,28,butterfly-check,recompute,ntt,add-output,5,24,24,1,PASS,FAIL,yes,yes,6.02395447e2,2.94186613e2,3.19743800e2,9.96876368e1,-39.97282602,1152,3,0,0,0,0,3,130999 ns,116042,1152,1152,2432,2819,2819
64,28,butterfly-check,recompute,ntt,add-output,5,24,26,1,PASS,FAIL,yes,yes,6.18760877e2,2.47339864e2,2.79547209e2,8.71554057e1,-38.80588657,1152,3,0,0,0,0,3,199751 ns,176375,1152,1152,2432,2819,2819
64,28,butterfly-check,recompute,ntt,add-output,5,25,0,1,PASS,FAIL,yes,yes,5.83819655e2,2.52342952e2,2.85913000e2,8.91400907e1,-39.00146144,1152,3,0,0,0,0,3,221461 ns,196916,1152,1152,2432,2819,2819
64,28,butterfly-check,recompute,ntt,add-output,5,25,8,1,PASS,FAIL,yes,yes,5.89461553e2,2.54713055e2,2.93014358e2,9.13541057e1,-39.21456141,1152,3,0,0,0,0,3,223668 ns,197874,1152,1152,2432,2819,2819
64,28,butterfly-check,recompute,ntt,add-output,5,25,24,1,PASS,FAIL,yes,yes,5.06136608e2,2.50463051e2,2.82404960e2,8.80463768e1,-38.89422978,1152,3,0,0,0,0,3,202167 ns,179706,1152,1152,2432,2819,2819
64,28,butterfly-check,recompute,ntt,add-output,5,25,26,1,PASS,FAIL,yes,yes,6.13266154e2,2.59829648e2,2.92112864e2,9.10730437e1,-39.18779702,1152,3,0,0,0,0,3,222126 ns,197416,1152,1152,2432,2819,2819
64,28,butterfly-check,recompute,ntt,add-output,5,27,0,1,PASS,FAIL,yes,yes,6.80366191e2,2.81159259e2,3.06950298e2,9.56989621e1,-39.61814455,1152,3,0,0,0,0,3,248999 ns,221250,1152,1152,2432,2819,2819
64,28,butterfly-check,recompute,ntt,add-output,5,27,8,1,PASS,FAIL,yes,yes,6.20594421e2,2.64224711e2,2.95959641e2,9.22723669e1,-39.30143322,1152,3,0,0,0,0,3,222834 ns,198167,1152,1152,2432,2819,2819
64,28,butterfly-check,recompute,ntt,add-output,5,27,24,1,PASS,FAIL,yes,yes,4.81451015e2,2.52103462e2,2.94707030e2,9.18818360e1,-39.26459329,1152,3,0,0,0,0,3,248833 ns,220626,1152,1152,2432,2819,2819
64,28,butterfly-check,recompute,ntt,add-output,5,27,26,1,PASS,FAIL,yes,yes,7.68179110e2,2.68268138e2,3.11755465e2,9.71970858e1,-39.75306488,1152,3,0,0,0,0,3,250040 ns,222789,1152,1152,2432,2819,2819
64,28,butterfly-check,recompute,ntt,add-output,5,28,0,1,PASS,FAIL,yes,yes,5.64671456e2,2.73803864e2,3.00198159e2,9.35938243e1,-39.42494387,1152,3,0,0,0,0,3,156168 ns,138875,1152,1152,2432,2819,2819
64,28,butterfly-check,recompute,ntt,add-output,5,28,8,1,PASS,FAIL,yes,yes,6.23007235e2,2.61037678e2,2.97735764e2,9.28261149e1,-39.35340348,1152,3,0,0,0,0,3,129335 ns,114879,1152,1152,2432,2819,2819
64,28,butterfly-check,recompute,ntt,add-output,5,28,24,1,PASS,FAIL,yes,yes,5.56268437e2,2.77104939e2,3.09899681e2,9.66185016e1,-39.70120596,1152,3,0,0,0,0,3,199875 ns,177582,1152,1152,2432,2819,2819
64,28,butterfly-check,recompute,ntt,add-output,5,28,26,1,PASS,FAIL,yes,yes,4.53502301e2,2.40349635e2,2.73364112e2,8.52276803e1,-38.61161336,1152,3,0,0,0,0,3,179832 ns,160209,1152,1152,2432,2819,2819
64,28,butterfly-check,recompute,ntt,add-output,5,30,0,1,PASS,FAIL,yes,yes,6.23510040e2,2.71444019e2,3.00318722e2,9.36314127e1,-39.42843152,1152,3,0,0,0,0,3,192582 ns,171375,1152,1152,2432,2819,2819
64,28,butterfly-check,recompute,ntt,add-output,5,30,8,1,PASS,FAIL,yes,yes,5.19144927e2,2.81396762e2,3.06606325e2,9.55917206e1,-39.60840558,1152,3,0,0,0,0,3,290709 ns,258165,1152,1152,2432,2819,2819
64,28,butterfly-check,recompute,ntt,add-output,5,30,24,1,PASS,FAIL,yes,yes,6.69646566e2,2.71776874e2,3.09719554e2,9.65623427e1,-39.69615587,1152,3,0,0,0,0,3,221707 ns,196747,1152,1152,2432,2819,2819
64,28,butterfly-check,recompute,ntt,add-output,5,30,26,1,PASS,FAIL,yes,yes,4.45810505e2,2.54885684e2,2.79796251e2,8.72330506e1,-38.81362120,1152,3,0,0,0,0,3,226123 ns,199374,1152,1152,2432,2819,2819
64,28,butterfly-check,recompute,ntt,add-output,5,33,0,1,PASS,FAIL,no,no,8.77850309e2,2.55753385e2,3.08940332e2,9.63194022e1,-39.67427557,1152,0,0,0,0,0,0,221582 ns,197291,1152,1152,2432,2819,2819
64,28,butterfly-check,recompute,ntt,add-output,5,33,8,1,PASS,FAIL,no,no,4.23141767e2,2.56975949e2,2.74362624e2,8.55389898e1,-38.64328234,1152,0,0,0,0,0,0,220625 ns,195670,1152,1152,2432,2819,2819
64,28,butterfly-check,recompute,ntt,add-output,5,33,24,1,PASS,FAIL,no,no,5.24684326e2,2.67378235e2,3.04264332e2,9.48615491e1,-39.54180425,1152,0,0,0,0,0,0,199459 ns,177250,1152,1152,2432,2819,2819
64,28,butterfly-check,recompute,ntt,add-output,5,33,26,1,PASS,FAIL,no,no,5.73271874e2,2.38620257e2,2.70660496e2,8.43847644e1,-38.52528084,1152,0,0,0,0,0,0,223875 ns,197377,1152,1152,2432,2819,2819
64,28,butterfly-check,recompute,ntt,add-output,5,34,0,1,PASS,FAIL,no,no,5.09192610e2,2.68950521e2,2.91521503e2,9.08886731e1,-39.17019526,1152,0,0,0,0,0,0,220585 ns,195791,1152,1152,2432,2819,2819
64,28,butterfly-check,recompute,ntt,add-output,5,34,8,1,PASS,FAIL,no,no,5.37353762e2,2.81281948e2,3.08351309e2,9.61357604e1,-39.65769932,1152,0,0,0,0,0,0,125000 ns,110501,1152,1152,2432,2819,2819
64,28,butterfly-check,recompute,ntt,add-output,5,34,24,1,PASS,FAIL,no,no,4.96310526e2,2.64965194e2,2.98206485e2,9.29728732e1,-39.36712505,1152,0,0,0,0,0,0,224585 ns,196913,1152,1152,2432,2819,2819
64,28,butterfly-check,recompute,ntt,add-output,5,34,26,1,PASS,FAIL,no,no,7.64662960e2,2.44291157e2,2.87860547e2,8.97472843e1,-39.06042632,1152,0,0,0,0,0,0,198501 ns,176123,1152,1152,2432,2819,2819
64,28,butterfly-check,recompute,ntt,add-output,5,37,0,1,PASS,FAIL,no,no,6.43573372e2,2.41568563e2,2.80677185e2,8.75077023e1,-38.84092561,1152,0,0,0,0,0,0,125958 ns,111873,1152,1152,2432,2819,2819
64,28,butterfly-check,recompute,ntt,add-output,5,37,8,1,PASS,FAIL,no,no,5.91792167e2,2.82908986e2,3.18222365e2,9.92132938e1,-39.93139736,1152,0,0,0,0,0,0,127084 ns,112709,1152,1152,2432,2819,2819
64,28,butterfly-check,recompute,ntt,add-output,5,37,24,1,PASS,FAIL,no,no,6.29713995e2,2.53110097e2,2.94336808e2,9.17664105e1,-39.25367489,1152,0,0,0,0,0,0,250374 ns,222126,1152,1152,2432,2819,2819
64,28,butterfly-check,recompute,ntt,add-output,5,37,26,1,PASS,FAIL,no,no,6.75819334e2,2.87396433e2,3.21564620e2,1.00255320e2,-40.02214858,1152,0,0,0,0,0,0,223334 ns,196671,1152,1152,2432,2819,2819
64,28,butterfly-check,recompute,ntt,add-output,5,38,0,1,PASS,FAIL,no,no,5.58805847e2,2.86057496e2,3.05562157e2,9.52661766e1,-39.57877471,1152,0,0,0,0,0,0,194124 ns,172668,1152,1152,2432,2819,2819
64,28,butterfly-check,recompute,ntt,add-output,5,38,8,1,PASS,FAIL,no,no,6.08000930e2,2.84905854e2,3.14472026e2,9.80440376e1,-39.82842375,1152,0,0,0,0,0,0,222501 ns,196667,1152,1152,2432,2819,2819
64,28,butterfly-check,recompute,ntt,add-output,5,38,24,1,PASS,FAIL,no,no,6.73816653e2,2.83699995e2,3.21356699e2,1.00190496e2,-40.01653052,1152,0,0,0,0,0,0,249709 ns,221999,1152,1152,2432,2819,2819
64,28,butterfly-check,recompute,ntt,add-output,5,38,26,1,PASS,FAIL,no,no,7.31491582e2,2.73303224e2,3.05599611e2,9.52778537e1,-39.57983931,1152,0,0,0,0,0,0,155042 ns,137167,1152,1152,2432,2819,2819
64,28,butterfly-check,recompute,ntt,add-output,5,39,0,1,PASS,FAIL,no,no,6.03484808e2,2.89520100e2,3.19857730e2,9.97231572e1,-39.97592039,1152,0,0,0,0,0,0,221082 ns,196498,1152,1152,2432,2819,2819
64,28,butterfly-check,recompute,ntt,add-output,5,39,8,1,PASS,FAIL,no,no,6.21890082e2,2.37244510e2,2.71873048e2,8.47628061e1,-38.56410651,1152,0,0,0,0,0,0,223126 ns,196295,1152,1152,2432,2819,2819
64,28,butterfly-check,recompute,ntt,add-output,5,39,24,1,PASS,FAIL,no,no,5.84318389e2,2.46250370e2,2.78066009e2,8.66936069e1,-38.75974145,1152,0,0,0,0,0,0,222042 ns,197331,1152,1152,2432,2819,2819
64,28,butterfly-check,recompute,ntt,add-output,5,39,26,1,PASS,FAIL,no,no,5.97365869e2,2.78289727e2,3.09680789e2,9.65502568e1,-39.69506867,1152,0,0,0,0,0,0,124998 ns,110791,1152,1152,2432,2819,2819
64,28,butterfly-check,recompute,ntt,add-output,5,42,0,1,PASS,FAIL,no,no,6.84396423e2,2.61253697e2,2.97410746e2,9.27247828e1,-39.34391649,1152,0,0,0,0,0,0,221458 ns,195333,1152,1152,2432,2819,2819
64,28,butterfly-check,recompute,ntt,add-output,5,42,8,1,PASS,FAIL,no,no,4.85152567e2,2.52994476e2,2.86900809e2,8.94480634e1,-39.03141884,1152,0,0,0,0,0,0,250667 ns,221753,1152,1152,2432,2819,2819
64,28,butterfly-check,recompute,ntt,add-output,5,42,24,1,PASS,FAIL,no,no,5.25239953e2,2.64919957e2,2.90358210e2,9.05259893e1,-39.13546560,1152,0,0,0,0,0,0,211708 ns,187996,1152,1152,2432,2819,2819
64,28,butterfly-check,recompute,ntt,add-output,5,42,26,1,PASS,FAIL,no,no,5.67634464e2,2.56636869e2,2.98649688e2,9.31110521e1,-39.38002468,1152,0,0,0,0,0,0,200293 ns,177751,1152,1152,2432,2819,2819
64,28,butterfly-check,recompute,ntt,add-output,5,43,0,1,PASS,FAIL,no,no,5.79570396e2,2.43193330e2,2.75579666e2,8.59184310e1,-38.68172675,1152,0,0,0,0,0,0,222044 ns,196957,1152,1152,2432,2819,2819
64,28,butterfly-check,recompute,ntt,add-output,5,43,8,1,PASS,FAIL,no,no,4.93731435e2,2.35096895e2,2.67220152e2,8.33121563e1,-38.41416750,1152,0,0,0,0,0,0,393460 ns,350626,1152,1152,2432,2819,2819
64,28,butterfly-check,recompute,ntt,add-output,5,43,24,1,PASS,FAIL,no,no,5.67182863e2,2.52823452e2,2.84528767e2,8.87085235e1,-38.95930702,1152,0,0,0,0,0,0,221417 ns,196917,1152,1152,2432,2819,2819
64,28,butterfly-check,recompute,ntt,add-output,5,43,26,1,PASS,FAIL,no,no,6.48596559e2,2.71440781e2,3.09275678e2,9.64239539e1,-39.68369872,1152,0,0,0,0,0,0,198208 ns,175999,1152,1152,2432,2819,2819
64,28,butterfly-check,recompute,ntt,add-output,5,45,0,1,PASS,FAIL,no,no,6.94301543e2,2.96688440e2,3.29185704e2,1.02631372e2,-40.22560269,1152,0,0,0,0,0,0,129958 ns,115580,1152,1152,2432,2819,2819
64,28,butterfly-check,recompute,ntt,add-output,5,45,8,1,PASS,FAIL,no,no,5.72393641e2,2.71155616e2,2.96757805e2,9.25212132e1,-39.32482638,1152,0,0,0,0,0,0,130624 ns,115960,1152,1152,2432,2819,2819
64,28,butterfly-check,recompute,ntt,add-output,5,45,24,1,PASS,FAIL,no,no,5.74650537e2,2.54024168e2,2.78598937e2,8.68597599e1,-38.77637249,1152,0,0,0,0,0,0,147376 ns,131085,1152,1152,2432,2819,2819
64,28,butterfly-check,recompute,ntt,add-output,5,45,26,1,PASS,FAIL,no,no,5.06899085e2,2.75628921e2,3.00304265e2,9.36269053e1,-39.42801337,1152,0,0,0,0,0,0,222625 ns,197666,1152,1152,2432,2819,2819
64,28,butterfly-check,recompute,ntt,add-output,5,50,0,1,PASS,FAIL,no,no,6.25729029e2,2.88948419e2,3.12598172e2,9.74598196e1,-39.77651206,1152,0,0,0,0,0,0,129292 ns,114369,1152,1152,2432,2819,2819
64,28,butterfly-check,recompute,ntt,add-output,5,50,8,1,PASS,FAIL,no,no,6.85186930e2,2.65079028e2,3.01686390e2,9.40578152e1,-39.46789773,1152,0,0,0,0,0,0,131123 ns,116416,1152,1152,2432,2819,2819
64,28,butterfly-check,recompute,ntt,add-output,5,50,24,1,PASS,FAIL,no,no,6.52308842e2,2.72308364e2,3.15177874e2,9.82641021e1,-39.84789780,1152,0,0,0,0,0,0,169792 ns,149666,1152,1152,2432,2819,2819
64,28,butterfly-check,recompute,ntt,add-output,5,50,26,1,PASS,FAIL,no,no,5.44615924e2,2.39384000e2,2.67565115e2,8.34197068e1,-38.42537318,1152,0,0,0,0,0,0,130376 ns,115584,1152,1152,2432,2819,2819
64,28,butterfly-check,recompute,ntt,add-output,5,53,0,1,PASS,FAIL,no,no,5.45507642e2,2.71005763e2,3.05919570e2,9.53776086e1,-39.58892859,1152,0,0,0,0,0,0,249499 ns,222083,1152,1152,2432,2819,2819
64,28,butterfly-check,recompute,ntt,add-output,5,53,8,1,PASS,FAIL,no,no,5.56885907e2,2.65558454e2,2.92018850e2,9.10437326e1,-39.18500110,1152,0,0,0,0,0,0,127542 ns,112706,1152,1152,2432,2819,2819
64,28,butterfly-check,recompute,ntt,add-output,5,53,24,1,PASS,FAIL,no,no,5.27115351e2,2.65436910e2,2.95136466e2,9.20157228e1,-39.27724084,1152,0,0,0,0,0,0,124750 ns,110831,1152,1152,2432,2819,2819
64,28,butterfly-check,recompute,ntt,add-output,5,53,26,1,PASS,FAIL,no,no,8.31087133e2,2.73813885e2,3.13641079e2,9.77849702e1,-39.80544215,1152,0,0,0,0,0,0,199750 ns,177209,1152,1152,2432,2819,2819
64,28,butterfly-check,recompute,ntt,add-output,5,55,0,1,PASS,FAIL,no,no,4.70628285e2,2.62334372e2,2.86494324e2,8.93213321e1,-39.01910383,1152,0,0,0,0,0,0,131251 ns,116169,1152,1152,2432,2819,2819
64,28,butterfly-check,recompute,ntt,add-output,5,55,8,1,PASS,FAIL,no,no,5.16430206e2,2.51087155e2,2.81088778e2,8.76360263e1,-38.85365354,1152,0,0,0,0,0,0,220916 ns,196086,1152,1152,2432,2819,2819
64,28,butterfly-check,recompute,ntt,add-output,5,55,24,1,PASS,FAIL,no,no,5.34989787e2,2.73582288e2,2.90675169e2,9.06248087e1,-39.14494206,1152,0,0,0,0,0,0,220499 ns,195247,1152,1152,2432,2819,2819
64,28,butterfly-check,recompute,ntt,add-output,5,55,26,1,PASS,FAIL,no,no,5.40502165e2,2.55046721e2,2.93872667e2,9.16217036e1,-39.23996726,1152,0,0,0,0,0,0,199168 ns,177253,1152,1152,2432,2819,2819
64,28,butterfly-check,recompute,ntt,add-output,5,56,0,1,PASS,FAIL,no,no,5.78832785e2,2.55067557e2,2.84937080e2,8.88358248e1,-38.97176278,1152,0,0,0,0,0,0,132167 ns,117330,1152,1152,2432,2819,2819
64,28,butterfly-check,recompute,ntt,add-output,5,56,8,1,PASS,FAIL,no,no,7.44419533e2,3.06491986e2,3.41405395e2,1.06441148e2,-40.54219097,1152,0,0,0,0,0,0,183458 ns,162076,1152,1152,2432,2819,2819
64,28,butterfly-check,recompute,ntt,add-output,5,56,24,1,PASS,FAIL,no,no,5.77476480e2,2.57761971e2,2.96474896e2,9.24330097e1,-39.31654188,1152,0,0,0,0,0,0,221416 ns,197293,1152,1152,2432,2819,2819
64,28,butterfly-check,recompute,ntt,add-output,5,56,26,1,PASS,FAIL,no,no,7.67659497e2,2.71308198e2,3.11902911e2,9.72430557e1,-39.75717195,1152,0,0,0,0,0,0,221623 ns,196918,1152,1152,2432,2819,2819
64,28,butterfly-check,recompute,ntt,add-output,5,57,0,1,PASS,FAIL,no,no,5.17921566e2,2.58932735e2,2.86666147e2,8.93749020e1,-39.02431157,1152,0,0,0,0,0,0,249166 ns,221542,1152,1152,2432,2819,2819
64,28,butterfly-check,recompute,ntt,add-output,5,57,8,1,PASS,FAIL,no,no,6.18029126e2,2.80135525e2,3.10656037e2,9.68543132e1,-39.72237932,1152,0,0,0,0,0,0,129124 ns,113839,1152,1152,2432,2819,2819
64,28,butterfly-check,recompute,ntt,add-output,5,57,24,1,PASS,FAIL,no,no,6.54117677e2,2.61111942e2,2.97718477e2,9.28207253e1,-39.35289915,1152,0,0,0,0,0,0,208293 ns,186044,1152,1152,2432,2819,2819
64,28,butterfly-check,recompute,ntt,add-output,5,57,26,1,PASS,FAIL,no,no,6.45147860e2,2.82332846e2,3.25917075e2,1.01612300e2,-40.13892566,1152,0,0,0,0,0,0,248001 ns,220250,1152,1152,2432,2819,2819
64,28,butterfly-check,recompute,ntt,add-output,5,58,0,1,PASS,FAIL,no,no,7.69507716e2,2.78876363e2,3.22209803e2,1.00456471e2,-40.03955835,1152,0,0,0,0,0,0,195042 ns,174876,1152,1152,2432,2819,2819
64,28,butterfly-check,recompute,ntt,add-output,5,58,8,1,PASS,FAIL,no,no,6.90776053e2,2.73380655e2,3.20112801e2,9.98026815e1,-39.98284420,1152,0,0,0,0,0,0,221917 ns,197079,1152,1152,2432,2819,2819
64,28,butterfly-check,recompute,ntt,add-output,5,58,24,1,PASS,FAIL,no,no,4.60821454e2,2.43500460e2,2.66866386e2,8.32018616e1,-38.40266087,1152,0,0,0,0,0,0,220750 ns,196748,1152,1152,2432,2819,2819
64,28,butterfly-check,recompute,ntt,add-output,5,58,26,1,PASS,FAIL,no,no,6.38521017e2,2.64563783e2,3.06502022e2,9.55592017e1,-39.60545026,1152,0,0,0,0,0,0,289417 ns,257709,1152,1152,2432,2819,2819
64,28,butterfly-check,recompute,ntt,add-output,5,61,0,1,PASS,FAIL,no,no,5.10791382e2,2.56750772e2,2.81022825e2,8.76154636e1,-38.85161527,1152,0,0,0,0,0,0,236166 ns,210121,1152,1152,2432,2819,2819
64,28,butterfly-check,recompute,ntt,add-output,5,61,8,1,PASS,FAIL,no,no,4.63414768e2,2.46102321e2,2.76408785e2,8.61769285e1,-38.70782022,1152,0,0,0,0,0,0,161751 ns,144042,1152,1152,2432,2819,2819
64,28,butterfly-check,recompute,ntt,add-output,5,61,24,1,PASS,FAIL,no,no,4.19544386e2,2.64431237e2,2.76651350e2,8.62525536e1,-38.71543924,1152,0,0,0,0,0,0,221958 ns,197210,1152,1152,2432,2819,2819
64,28,butterfly-check,recompute,ntt,add-output,5,61,26,1,PASS,FAIL,no,no,5.17003645e2,2.68242174e2,2.97095518e2,9.26265031e1,-39.33470537,1152,0,0,0,0,0,0,130582 ns,115458,1152,1152,2432,2819,2819
64,28,butterfly-check,recompute,ntt,add-output,5,62,0,1,PASS,FAIL,no,no,6.15408522e2,2.53943892e2,2.80501343e2,8.74528795e1,-38.83548228,1152,0,0,0,0,0,0,131001 ns,116080,1152,1152,2432,2819,2819
64,28,butterfly-check,recompute,ntt,add-output,5,62,8,1,PASS,FAIL,no,no,4.94500025e2,2.52700999e2,2.83321841e2,8.83322358e1,-38.92238446,1152,0,0,0,0,0,0,221083 ns,196378,1152,1152,2432,2819,2819
64,28,butterfly-check,recompute,ntt,add-output,5,62,24,1,PASS,FAIL,no,no,5.30620102e2,2.24087884e2,2.64832090e2,8.25676221e1,-38.33619554,1152,0,0,0,0,0,0,137959 ns,122126,1152,1152,2432,2819,2819
64,28,butterfly-check,recompute,ntt,add-output,5,62,26,1,PASS,FAIL,no,no,4.98642181e2,2.26715498e2,2.54262699e2,7.92723663e1,-37.98243644,1152,0,0,0,0,0,0,127749 ns,113415,1152,1152,2432,2819,2819
64,28,butterfly-check,recompute,ntt,add-output,5,63,0,1,PASS,FAIL,no,no,6.56834653e2,2.71670440e2,3.15640774e2,9.84084221e1,-39.86064537,1152,0,0,0,0,0,0,128667 ns,113372,1152,1152,2432,2819,2819
64,28,butterfly-check,recompute,ntt,add-output,5,63,8,1,PASS,FAIL,no,no,5.75537231e2,2.49354872e2,2.79636441e2,8.71832261e1,-38.80865871,1152,0,0,0,0,0,0,222585 ns,196959,1152,1152,2432,2819,2819
64,28,butterfly-check,recompute,ntt,add-output,5,63,24,1,PASS,FAIL,no,no,5.86708780e2,2.57390989e2,2.87739912e2,8.97096735e1,-39.05678552,1152,0,0,0,0,0,0,249792 ns,221921,1152,1152,2432,2819,2819
64,28,butterfly-check,recompute,ntt,add-output,5,63,26,1,PASS,FAIL,no,no,5.32303333e2,2.43948582e2,2.79935576e2,8.72764885e1,-38.81794528,1152,0,0,0,0,0,0,195875 ns,174371,1152,1152,2432,2819,2819
64,28,butterfly-check,recompute,ntt,add-output,5,1,0,2,PASS,FAIL,yes,yes,5.72552480e2,2.72659503e2,3.04252835e2,9.48579647e1,-39.54147604,1152,3,0,0,0,0,3,133791 ns,119043,1152,1152,2432,2819,2819
64,28,butterfly-check,recompute,ntt,add-output,5,1,8,2,PASS,FAIL,yes,yes,5.35098343e2,2.70132659e2,3.05993872e2,9.54007740e1,-39.59103796,1152,3,0,0,0,0,3,127042 ns,113211,1152,1152,2432,2819,2819
64,28,butterfly-check,recompute,ntt,add-output,5,1,24,2,PASS,FAIL,yes,yes,7.84710635e2,2.72792101e2,3.17485353e2,9.89835129e1,-39.91125725,1152,3,0,0,0,0,3,219958 ns,195125,1152,1152,2432,2819,2819
64,28,butterfly-check,recompute,ntt,add-output,5,1,26,2,PASS,FAIL,yes,yes,5.23804271e2,2.48780402e2,2.76255647e2,8.61291839e1,-38.70300665,1152,3,0,0,0,0,3,221124 ns,196457,1152,1152,2432,2819,2819
64,28,butterfly-check,recompute,ntt,add-output,5,2,0,2,PASS,FAIL,yes,yes,4.63934567e2,2.50573533e2,2.78582909e2,8.68547625e1,-38.77587274,1152,3,0,0,0,0,3,221792 ns,197082,1152,1152,2432,2819,2819
64,28,butterfly-check,recompute,ntt,add-output,5,2,8,2,PASS,FAIL,yes,yes,6.98221012e2,2.87211616e2,3.13882816e2,9.78603375e1,-39.81213418,1152,3,0,0,0,0,3,220543 ns,196332,1152,1152,2432,2819,2819
64,28,butterfly-check,recompute,ntt,add-output,5,2,24,2,PASS,FAIL,yes,yes,5.22578569e2,2.41782852e2,2.73885305e2,8.53901743e1,-38.62815800,1152,3,0,0,0,0,3,221793 ns,197082,1152,1152,2432,2819,2819
64,28,butterfly-check,recompute,ntt,add-output,5,2,26,2,PASS,FAIL,yes,yes,6.19474248e2,2.44835900e2,2.82104994e2,8.79528553e1,-38.88499886,1152,3,0,0,0,0,3,221750 ns,196917,1152,1152,2432,2819,2819
64,28,butterfly-check,recompute,ntt,add-output,5,4,0,2,PASS,FAIL,yes,yes,5.47510616e2,2.71724223e2,3.01635262e2,9.40418750e1,-39.46642559,1152,3,0,0,0,0,3,222541 ns,198457,1152,1152,2432,2819,2819
64,28,butterfly-check,recompute,ntt,add-output,5,4,8,2,PASS,FAIL,yes,yes,8.01270533e2,2.53671082e2,2.94995775e2,9.19718589e1,-39.27309929,1152,3,0,0,0,0,3,250251 ns,222209,1152,1152,2432,2819,2819
64,28,butterfly-check,recompute,ntt,add-output,5,4,24,2,PASS,FAIL,yes,yes,7.10638879e2,2.66604324e2,3.00870993e2,9.38035962e1,-39.44438977,1152,3,0,0,0,0,3,172876 ns,153580,1152,1152,2432,2819,2819
64,28,butterfly-check,recompute,ntt,add-output,5,4,26,2,PASS,FAIL,yes,yes,5.48878150e2,2.80848987e2,3.07096420e2,9.57445191e1,-39.62227845,1152,3,0,0,0,0,3,225416 ns,199875,1152,1152,2432,2819,2819
64,28,butterfly-check,recompute,ntt,add-output,5,5,0,2,PASS,FAIL,yes,yes,6.64565284e2,2.70704787e2,3.05731799e2,9.53190666e1,-39.58359562,1152,3,0,0,0,0,3,290251 ns,257829,1152,1152,2432,2819,2819
64,28,butterfly-check,recompute,ntt,add-output,5,5,8,2,PASS,FAIL,yes,yes,6.47346055e2,2.73955768e2,3.04365483e2,9.48930856e1,-39.54469137,1152,3,0,0,0,0,3,133458 ns,118497,1152,1152,2432,2819,2819
64,28,butterfly-check,recompute,ntt,add-output,5,5,24,2,PASS,FAIL,yes,yes,6.11515586e2,2.74712472e2,3.12780299e2,9.75166018e1,-39.78157118,1152,3,0,0,0,0,3,221709 ns,196377,1152,1152,2432,2819,2819
64,28,butterfly-check,recompute,ntt,add-output,5,5,26,2,PASS,FAIL,yes,yes,5.47143419e2,2.72961699e2,2.98218845e2,9.29767266e1,-39.36748504,1152,3,0,0,0,0,3,221416 ns,196877,1152,1152,2432,2819,2819
64,28,butterfly-check,recompute,ntt,add-output,5,6,0,2,PASS,FAIL,yes,yes,4.88799338e2,2.74757124e2,2.99403871e2,9.33461865e1,-39.40193161,1152,3,0,0,0,0,3,134000 ns,117831,1152,1152,2432,2819,2819
64,28,butterfly-check,recompute,ntt,add-output,5,6,8,2,PASS,FAIL,yes,yes,5.95145713e2,2.64052045e2,2.97897924e2,9.28766722e1,-39.35813292,1152,3,0,0,0,0,3,130291 ns,114830,1152,1152,2432,2819,2819
64,28,butterfly-check,recompute,ntt,add-output,5,6,24,2,PASS,FAIL,yes,yes,6.16294290e2,2.40463695e2,2.83941192e2,8.85253331e1,-38.94135140,1152,3,0,0,0,0,3,131790 ns,116541,1152,1152,2432,2819,2819
64,28,butterfly-check,recompute,ntt,add-output,5,6,26,2,PASS,FAIL,yes,yes,6.00980136e2,2.44345145e2,2.81274713e2,8.76939958e1,-38.85939718,1152,3,0,0,0,0,3,248626 ns,221004,1152,1152,2432,2819,2819
64,28,butterfly-check,recompute,ntt,add-output,5,7,0,2,PASS,FAIL,yes,yes,5.75344701e2,2.60203390e2,2.92172565e2,9.10916570e1,-39.18957204,1152,3,0,0,0,0,3,221916 ns,197127,1152,1152,2432,2819,2819
64,28,butterfly-check,recompute,ntt,add-output,5,7,8,2,PASS,FAIL,yes,yes,5.22440138e2,2.61247787e2,2.86202773e2,8.92304340e1,-39.01026011,1152,3,0,0,0,0,3,124249 ns,110464,1152,1152,2432,2819,2819
64,28,butterfly-check,recompute,ntt,add-output,5,7,24,2,PASS,FAIL,yes,yes,5.67446094e2,2.74724474e2,3.11720995e2,9.71863389e1,-39.75210444,1152,3,0,0,0,0,3,222168 ns,196875,1152,1152,2432,2819,2819
64,28,butterfly-check,recompute,ntt,add-output,5,7,26,2,PASS,FAIL,yes,yes,5.96968015e2,2.47140816e2,2.82769984e2,8.81601815e1,-38.90544951,1152,3,0,0,0,0,3,166793 ns,149122,1152,1152,2432,2819,2819
64,28,butterfly-check,recompute,ntt,add-output,5,8,0,2,PASS,FAIL,yes,yes,6.42151715e2,2.71235655e2,3.00870261e2,9.38033679e1,-39.44436863,1152,3,0,0,0,0,3,131708 ns,116544,1152,1152,2432,2819,2819
64,28,butterfly-check,recompute,ntt,add-output,5,8,8,2,PASS,FAIL,yes,yes,5.37615087e2,2.55994628e2,2.83466685e2,8.83773946e1,-38.92682388,1152,3,0,0,0,0,3,223668 ns,198251,1152,1152,2432,2819,2819
64,28,butterfly-check,recompute,ntt,add-output,5,8,24,2,PASS,FAIL,yes,yes,5.74012749e2,2.66706834e2,2.91645696e2,9.09273933e1,-39.17389482,1152,3,0,0,0,0,3,223667 ns,198043,1152,1152,2432,2819,2819
64,28,butterfly-check,recompute,ntt,add-output,5,8,26,2,PASS,FAIL,yes,yes,7.05658372e2,2.32173674e2,2.75811290e2,8.59906452e1,-38.68902415,1152,3,0,0,0,0,3,223791 ns,197711,1152,1152,2432,2819,2819
64,28,butterfly-check,recompute,ntt,add-output,5,11,0,2,PASS,FAIL,yes,yes,6.04670441e2,2.60337569e2,2.95557542e2,9.21470030e1,-39.28962430,1152,3,0,0,0,0,3,224292 ns,197793,1152,1152,2432,2819,2819
64,28,butterfly-check,recompute,ntt,add-output,5,11,8,2,PASS,FAIL,yes,yes,4.88692886e2,2.81642491e2,2.96341922e2,9.23915519e1,-39.31264524,1152,3,0,0,0,0,3,129375 ns,114958,1152,1152,2432,2819,2819
64,28,butterfly-check,recompute,ntt,add-output,5,11,24,2,PASS,FAIL,yes,yes,5.40908061e2,2.60672232e2,2.84862830e2,8.88126756e1,-38.96949908,1152,3,0,0,0,0,3,136999 ns,121127,1152,1152,2432,2819,2819
64,28,butterfly-check,recompute,ntt,add-output,5,11,26,2,PASS,FAIL,yes,yes,6.22569195e2,2.61672731e2,3.08880932e2,9.63008826e1,-39.67260535,1152,3,0,0,0,0,3,132583 ns,117794,1152,1152,2432,2819,2819
64,28,butterfly-check,recompute,ntt,add-output,5,12,0,2,PASS,FAIL,yes,yes,5.59938335e2,2.67266010e2,3.03048045e2,9.44823431e1,-39.50701310,1152,3,0,0,0,0,3,130791 ns,115957,1152,1152,2432,2819,2819
64,28,butterfly-check,recompute,ntt,add-output,5,12,8,2,PASS,FAIL,yes,yes,4.44348791e2,2.42858884e2,2.67097843e2,8.32740236e1,-38.41019098,1152,3,0,0,0,0,3,248458 ns,221120,1152,1152,2432,2819,2819
64,28,butterfly-check,recompute,ntt,add-output,5,12,24,2,PASS,FAIL,yes,yes,6.76844850e2,2.50083517e2,2.85999934e2,8.91671944e1,-39.00410204,1152,3,0,0,0,0,3,118541 ns,104373,1152,1152,2432,2819,2819
64,28,butterfly-check,recompute,ntt,add-output,5,12,26,2,PASS,FAIL,yes,yes,6.04663665e2,2.68943585e2,3.06133493e2,9.54443042e1,-39.59500032,1152,3,0,0,0,0,3,131542 ns,116498,1152,1152,2432,2819,2819
64,28,butterfly-check,recompute,ntt,add-output,5,13,0,2,PASS,FAIL,yes,yes,6.61005165e2,2.70949799e2,3.06028253e2,9.54114930e1,-39.59201384,1152,3,0,0,0,0,3,126250 ns,111253,1152,1152,2432,2819,2819
64,28,butterfly-check,recompute,ntt,add-output,5,13,8,2,PASS,FAIL,yes,yes,6.22503966e2,2.92390035e2,3.27105368e2,1.01982778e2,-40.17053679,1152,3,0,0,0,0,3,125584 ns,110461,1152,1152,2432,2819,2819
64,28,butterfly-check,recompute,ntt,add-output,5,13,24,2,PASS,FAIL,yes,yes,5.24377045e2,2.73875323e2,2.94077721e2,9.16856341e1,-39.24602586,1152,3,0,0,0,0,3,221877 ns,196916,1152,1152,2432,2819,2819
64,28,butterfly-check,recompute,ntt,add-output,5,13,26,2,PASS,FAIL,yes,yes,6.66773977e2,2.75412742e2,3.16797515e2,9.87690632e1,-39.89241869,1152,3,0,0,0,0,3,132792 ns,116586,1152,1152,2432,2819,2819
64,28,butterfly-check,recompute,ntt,add-output,5,14,0,2,PASS,FAIL,yes,yes,5.95033944e2,2.49348306e2,2.85385196e2,8.89755352e1,-38.98541218,1152,3,0,0,0,0,3,130293 ns,114706,1152,1152,2432,2819,2819
64,28,butterfly-check,recompute,ntt,add-output,5,14,8,2,PASS,FAIL,yes,yes,5.10383800e2,2.72966859e2,2.98058039e2,9.29265916e1,-39.36280017,1152,3,0,0,0,0,3,130710 ns,116084,1152,1152,2432,2819,2819
64,28,butterfly-check,recompute,ntt,add-output,5,14,24,2,PASS,FAIL,yes,yes,6.33202125e2,2.62644880e2,2.97507574e2,9.27549712e1,-39.34674390,1152,3,0,0,0,0,3,248043 ns,220586,1152,1152,2432,2819,2819
64,28,butterfly-check,recompute,ntt,add-output,5,14,26,2,PASS,FAIL,yes,yes,7.15665108e2,2.47860502e2,2.98515025e2,9.30690679e1,-39.37610729,1152,3,0,0,0,0,3,222040 ns,196003,1152,1152,2432,2819,2819
64,28,butterfly-check,recompute,ntt,add-output,5,17,0,2,PASS,FAIL,yes,yes,8.13186675e2,2.86284116e2,3.22987058e2,1.00698799e2,-40.06048579,1152,3,0,0,0,0,3,221501 ns,196707,1152,1152,2432,2819,2819
64,28,butterfly-check,recompute,ntt,add-output,5,17,8,2,PASS,FAIL,yes,yes,5.71275144e2,2.93429993e2,3.26072080e2,1.01660627e2,-40.14305565,1152,3,0,0,0,0,3,222833 ns,197837,1152,1152,2432,2819,2819
64,28,butterfly-check,recompute,ntt,add-output,5,17,24,2,PASS,FAIL,yes,yes,5.02038050e2,2.54142458e2,2.82207129e2,8.79846984e1,-38.88814300,1152,3,0,0,0,0,3,125833 ns,110956,1152,1152,2432,2819,2819
64,28,butterfly-check,recompute,ntt,add-output,5,17,26,2,PASS,FAIL,yes,yes,6.85644626e2,2.84165903e2,3.23837464e2,1.00963933e2,-40.08332518,1152,3,0,0,0,0,3,220959 ns,197045,1152,1152,2432,2819,2819
64,28,butterfly-check,recompute,ntt,add-output,5,18,0,2,PASS,FAIL,yes,yes,5.76568175e2,2.49903096e2,2.94054674e2,9.16784486e1,-39.24534511,1152,3,0,0,0,0,3,192250 ns,171297,1152,1152,2432,2819,2819
64,28,butterfly-check,recompute,ntt,add-output,5,18,8,2,PASS,FAIL,yes,yes,6.15808188e2,2.27086783e2,2.82571997e2,8.80984544e1,-38.89936579,1152,3,0,0,0,0,3,131585 ns,116666,1152,1152,2432,2819,2819
64,28,butterfly-check,recompute,ntt,add-output,5,18,24,2,PASS,FAIL,yes,yes,6.68536590e2,2.67368821e2,2.96381725e2,9.24039615e1,-39.31381181,1152,3,0,0,0,0,3,222042 ns,197374,1152,1152,2432,2819,2819
64,28,butterfly-check,recompute,ntt,add-output,5,18,26,2,PASS,FAIL,yes,yes,7.19357386e2,2.77797336e2,3.11811080e2,9.72144252e1,-39.75461426,1152,3,0,0,0,0,3,251209 ns,223416,1152,1152,2432,2819,2819
64,28,butterfly-check,recompute,ntt,add-output,5,23,0,2,PASS,FAIL,yes,yes,6.47046708e2,2.62876594e2,2.97269701e2,9.26808088e1,-39.33979630,1152,3,0,0,0,0,3,124251 ns,110167,1152,1152,2432,2819,2819
64,28,butterfly-check,recompute,ntt,add-output,5,23,8,2,PASS,FAIL,yes,yes,5.02162414e2,2.65697505e2,3.00555058e2,9.37050961e1,-39.43526420,1152,3,0,0,0,0,3,223375 ns,197002,1152,1152,2432,2819,2819
64,28,butterfly-check,recompute,ntt,add-output,5,23,24,2,PASS,FAIL,yes,yes,5.69494169e2,2.74887624e2,3.04610740e2,9.49695501e1,-39.55168761,1152,3,0,0,0,0,3,222127 ns,197373,1152,1152,2432,2819,2819
64,28,butterfly-check,recompute,ntt,add-output,5,23,26,2,PASS,FAIL,yes,yes,4.76381471e2,2.69405856e2,2.88130240e2,8.98313671e1,-39.06856018,1152,3,0,0,0,0,3,168500 ns,150416,1152,1152,2432,2819,2819
64,28,butterfly-check,recompute,ntt,add-output,5,24,0,2,PASS,FAIL,yes,yes,6.16824299e2,2.51980359e2,2.78678126e2,8.68844488e1,-38.77884101,1152,3,0,0,0,0,3,130250 ns,116082,1152,1152,2432,2819,2819
64,28,butterfly-check,recompute,ntt,add-output,5,24,8,2,PASS,FAIL,yes,yes,7.69037955e2,2.49041560e2,2.81977747e2,8.79131832e1,-38.88108011,1152,3,0,0,0,0,3,182376 ns,162206,1152,1152,2432,2819,2819
64,28,butterfly-check,recompute,ntt,add-output,5,24,24,2,PASS,FAIL,yes,yes,6.02395447e2,2.94186613e2,3.19743800e2,9.96876368e1,-39.97282602,1152,3,0,0,0,0,3,143291 ns,127211,1152,1152,2432,2819,2819
64,28,butterfly-check,recompute,ntt,add-output,5,24,26,2,PASS,FAIL,yes,yes,6.18760877e2,2.47339864e2,2.79547209e2,8.71554057e1,-38.80588657,1152,3,0,0,0,0,3,222626 ns,197334,1152,1152,2432,2819,2819
64,28,butterfly-check,recompute,ntt,add-output,5,25,0,2,PASS,FAIL,yes,yes,5.83819655e2,2.52342952e2,2.85913000e2,8.91400907e1,-39.00146144,1152,3,0,0,0,0,3,223167 ns,197377,1152,1152,2432,2819,2819
64,28,butterfly-check,recompute,ntt,add-output,5,25,8,2,PASS,FAIL,yes,yes,5.89461553e2,2.54713055e2,2.93014358e2,9.13541057e1,-39.21456141,1152,3,0,0,0,0,3,221876 ns,197039,1152,1152,2432,2819,2819
64,28,butterfly-check,recompute,ntt,add-output,5,25,24,2,PASS,FAIL,yes,yes,5.06136608e2,2.50463051e2,2.82404960e2,8.80463768e1,-38.89422978,1152,3,0,0,0,0,3,132209 ns,117248,1152,1152,2432,2819,2819
64,28,butterfly-check,recompute,ntt,add-output,5,25,26,2,PASS,FAIL,yes,yes,6.13266154e2,2.59829648e2,2.92112864e2,9.10730437e1,-39.18779702,1152,3,0,0,0,0,3,249293 ns,221918,1152,1152,2432,2819,2819
64,28,butterfly-check,recompute,ntt,add-output,5,27,0,2,PASS,FAIL,yes,yes,6.80366191e2,2.81159259e2,3.06950298e2,9.56989621e1,-39.61814455,1152,3,0,0,0,0,3,222250 ns,197248,1152,1152,2432,2819,2819
64,28,butterfly-check,recompute,ntt,add-output,5,27,8,2,PASS,FAIL,yes,yes,6.20594421e2,2.64224711e2,2.95959641e2,9.22723669e1,-39.30143322,1152,3,0,0,0,0,3,174333 ns,156126,1152,1152,2432,2819,2819
64,28,butterfly-check,recompute,ntt,add-output,5,27,24,2,PASS,FAIL,yes,yes,4.81451015e2,2.52103462e2,2.94707030e2,9.18818360e1,-39.26459329,1152,3,0,0,0,0,3,127460 ns,112999,1152,1152,2432,2819,2819
64,28,butterfly-check,recompute,ntt,add-output,5,27,26,2,PASS,FAIL,yes,yes,7.68179110e2,2.68268138e2,3.11755465e2,9.71970858e1,-39.75306488,1152,3,0,0,0,0,3,222124 ns,197293,1152,1152,2432,2819,2819
64,28,butterfly-check,recompute,ntt,add-output,5,32,0,2,PASS,FAIL,no,no,6.36741283e2,2.72528963e2,3.12459600e2,9.74166166e1,-39.77266084,1152,0,0,0,0,0,0,127916 ns,113502,1152,1152,2432,2819,2819
64,28,butterfly-check,recompute,ntt,add-output,5,32,8,2,PASS,FAIL,no,no,6.10980767e2,2.56403669e2,2.97019944e2,9.26029411e1,-39.33249560,1152,0,0,0,0,0,0,126375 ns,112419,1152,1152,2432,2819,2819
64,28,butterfly-check,recompute,ntt,add-output,5,32,24,2,PASS,FAIL,no,no,5.19480220e2,2.38058598e2,2.71908412e2,8.47738313e1,-38.56523623,1152,0,0,0,0,0,0,132291 ns,117293,1152,1152,2432,2819,2819
64,28,butterfly-check,recompute,ntt,add-output,5,32,26,2,PASS,FAIL,no,no,8.11401129e2,2.68066401e2,3.05517216e2,9.52521653e1,-39.57749714,1152,0,0,0,0,0,0,250375 ns,222211,1152,1152,2432,2819,2819
64,28,butterfly-check,recompute,ntt,add-output,5,34,0,2,PASS,FAIL,no,no,5.09192610e2,2.68950521e2,2.91521503e2,9.08886731e1,-39.17019526,1152,0,0,0,0,0,0,131375 ns,116791,1152,1152,2432,2819,2819
64,28,butterfly-check,recompute,ntt,add-output,5,34,8,2,PASS,FAIL,no,no,5.37353762e2,2.81281948e2,3.08351309e2,9.61357604e1,-39.65769932,1152,0,0,0,0,0,0,221460 ns,196625,1152,1152,2432,2819,2819
64,28,butterfly-check,recompute,ntt,add-output,5,34,24,2,PASS,FAIL,no,no,4.96310526e2,2.64965194e2,2.98206485e2,9.29728732e1,-39.36712505,1152,0,0,0,0,0,0,130457 ns,116046,1152,1152,2432,2819,2819
64,28,butterfly-check,recompute,ntt,add-output,5,34,26,2,PASS,FAIL,no,no,7.64662960e2,2.44291157e2,2.87860547e2,8.97472843e1,-39.06042632,1152,0,0,0,0,0,0,167583 ns,148914,1152,1152,2432,2819,2819
64,28,butterfly-check,recompute,ntt,add-output,5,35,0,2,PASS,FAIL,no,no,4.83588857e2,2.26798514e2,2.63840446e2,8.22584536e1,-38.30361081,1152,0,0,0,0,0,0,129960 ns,115371,1152,1152,2432,2819,2819
64,28,butterfly-check,recompute,ntt,add-output,5,35,8,2,PASS,FAIL,no,no,7.19564837e2,2.74453623e2,3.13051852e2,9.76012648e1,-39.78910892,1152,0,0,0,0,0,0,125417 ns,111290,1152,1152,2432,2819,2819
64,28,butterfly-check,recompute,ntt,add-output,5,35,24,2,PASS,FAIL,no,no,5.66057823e2,2.15912303e2,2.51317772e2,7.83542160e1,-37.88124738,1152,0,0,0,0,0,0,223291 ns,197294,1152,1152,2432,2819,2819
64,28,butterfly-check,recompute,ntt,add-output,5,35,26,2,PASS,FAIL,no,no,6.59591198e2,2.38783289e2,2.72891897e2,8.50804561e1,-38.59659618,1152,0,0,0,0,0,0,220292 ns,195462,1152,1152,2432,2819,2819
64,28,butterfly-check,recompute,ntt,add-output,5,36,0,2,PASS,FAIL,no,no,6.11720568e2,2.63504183e2,2.91142578e2,9.07705344e1,-39.15889785,1152,0,0,0,0,0,0,250209 ns,222500,1152,1152,2432,2819,2819
64,28,butterfly-check,recompute,ntt,add-output,5,36,8,2,PASS,FAIL,no,no,4.77663683e2,2.64600719e2,2.91849832e2,9.09910374e1,-39.17997233,1152,0,0,0,0,0,0,248876 ns,221330,1152,1152,2432,2819,2819
64,28,butterfly-check,recompute,ntt,add-output,5,36,24,2,PASS,FAIL,no,no,6.81128219e2,2.54788734e2,3.08052583e2,9.60426253e1,-39.64928045,1152,0,0,0,0,0,0,132457 ns,116960,1152,1152,2432,2819,2819
64,28,butterfly-check,recompute,ntt,add-output,5,36,26,2,PASS,FAIL,no,no,4.79746995e2,2.61895952e2,2.86941654e2,8.94607976e1,-39.03265531,1152,0,0,0,0,0,0,220959 ns,196166,1152,1152,2432,2819,2819
64,28,butterfly-check,recompute,ntt,add-output,5,38,0,2,PASS,FAIL,no,no,5.58805847e2,2.86057496e2,3.05562157e2,9.52661766e1,-39.57877471,1152,0,0,0,0,0,0,131293 ns,116417,1152,1152,2432,2819,2819
64,28,butterfly-check,recompute,ntt,add-output,5,38,8,2,PASS,FAIL,no,no,6.08000930e2,2.84905854e2,3.14472026e2,9.80440376e1,-39.82842375,1152,0,0,0,0,0,0,224083 ns,198088,1152,1152,2432,2819,2819
64,28,butterfly-check,recompute,ntt,add-output,5,38,24,2,PASS,FAIL,no,no,6.73816653e2,2.83699995e2,3.21356699e2,1.00190496e2,-40.01653052,1152,0,0,0,0,0,0,248542 ns,220998,1152,1152,2432,2819,2819
64,28,butterfly-check,recompute,ntt,add-output,5,38,26,2,PASS,FAIL,no,no,7.31491582e2,2.73303224e2,3.05599611e2,9.52778537e1,-39.57983931,1152,0,0,0,0,0,0,128416 ns,114252,1152,1152,2432,2819,2819
64,28,butterfly-check,recompute,ntt,add-output,5,40,0,2,PASS,FAIL,no,no,5.51338104e2,2.39039284e2,2.67643260e2,8.34440704e1,-38.42790961,1152,0,0,0,0,0,0,131374 ns,116376,1152,1152,2432,2819,2819
64,28,butterfly-check,recompute,ntt,add-output,5,40,8,2,PASS,FAIL,no,no,6.73869530e2,2.50600241e2,2.80023139e2,8.73037882e1,-38.82066177,1152,0,0,0,0,0,0,221751 ns,196251,1152,1152,2432,2819,2819
64,28,butterfly-check,recompute,ntt,add-output,5,40,24,2,PASS,FAIL,no,no,5.43113833e2,2.59951326e2,2.92293593e2,9.11293902e1,-39.19316928,1152,0,0,0,0,0,0,223168 ns,198458,1152,1152,2432,2819,2819
64,28,butterfly-check,recompute,ntt,add-output,5,40,26,2,PASS,FAIL,no,no,4.99962687e2,2.62706118e2,2.80885054e2,8.75725105e1,-38.84735600,1152,0,0,0,0,0,0,221209 ns,196670,1152,1152,2432,2819,2819
64,28,butterfly-check,recompute,ntt,add-output,5,47,0,2,PASS,FAIL,no,no,6.39918247e2,2.91472187e2,3.21597009e2,1.00265418e2,-40.02302339,1152,0,0,0,0,0,0,223959 ns,196790,1152,1152,2432,2819,2819
64,28,butterfly-check,recompute,ntt,add-output,5,47,8,2,PASS,FAIL,no,no,5.35893909e2,2.73505517e2,3.03433339e2,9.46024677e1,-39.51804930,1152,0,0,0,0,0,0,221625 ns,196794,1152,1152,2432,2819,2819
64,28,butterfly-check,recompute,ntt,add-output,5,47,24,2,PASS,FAIL,no,no,5.19647297e2,2.61884658e2,2.91603216e2,9.09141492e1,-39.17262958,1152,0,0,0,0,0,0,220127 ns,195583,1152,1152,2432,2819,2819
64,28,butterfly-check,recompute,ntt,add-output,5,47,26,2,PASS,FAIL,no,no,7.14914737e2,2.41926655e2,2.79534600e2,8.71514747e1,-38.80549480,1152,0,0,0,0,0,0,222543 ns,196543,1152,1152,2432,2819,2819
64,28,butterfly-check,recompute,ntt,add-output,5,49,0,2,PASS,FAIL,no,no,8.81917642e2,2.51052657e2,3.02899620e2,9.44360682e1,-39.50275794,1152,0,0,0,0,0,0,405541 ns,349710,1152,1152,2432,2819,2819
64,28,butterfly-check,recompute,ntt,add-output,5,49,8,2,PASS,FAIL,no,no,6.03060316e2,2.62600499e2,2.87692210e2,8.96948010e1,-39.05534542,1152,0,0,0,0,0,0,130583 ns,116166,1152,1152,2432,2819,2819
64,28,butterfly-check,recompute,ntt,add-output,5,49,24,2,PASS,FAIL,no,no,6.84330483e2,2.49472903e2,2.87652568e2,8.96824416e1,-39.05414847,1152,0,0,0,0,0,0,198792 ns,176625,1152,1152,2432,2819,2819
64,28,butterfly-check,recompute,ntt,add-output,5,49,26,2,PASS,FAIL,no,no,7.67642498e2,2.90319633e2,3.32145182e2,1.03554059e2,-40.30334253,1152,0,0,0,0,0,0,189625 ns,169205,1152,1152,2432,2819,2819
64,28,butterfly-check,recompute,ntt,add-output,5,50,0,2,PASS,FAIL,no,no,6.25729029e2,2.88948419e2,3.12598172e2,9.74598196e1,-39.77651206,1152,0,0,0,0,0,0,220708 ns,196205,1152,1152,2432,2819,2819
64,28,butterfly-check,recompute,ntt,add-output,5,50,8,2,PASS,FAIL,no,no,6.85186930e2,2.65079028e2,3.01686390e2,9.40578152e1,-39.46789773,1152,0,0,0,0,0,0,162332 ns,145127,1152,1152,2432,2819,2819
64,28,butterfly-check,recompute,ntt,add-output,5,50,24,2,PASS,FAIL,no,no,6.52308842e2,2.72308364e2,3.15177874e2,9.82641021e1,-39.84789780,1152,0,0,0,0,0,0,220459 ns,195543,1152,1152,2432,2819,2819
64,28,butterfly-check,recompute,ntt,add-output,5,50,26,2,PASS,FAIL,no,no,5.44615924e2,2.39384000e2,2.67565115e2,8.34197068e1,-38.42537318,1152,0,0,0,0,0,0,221584 ns,196876,1152,1152,2432,2819,2819
64,28,butterfly-check,recompute,ntt,add-output,5,53,0,2,PASS,FAIL,no,no,5.45507642e2,2.71005763e2,3.05919570e2,9.53776086e1,-39.58892859,1152,0,0,0,0,0,0,222501 ns,196248,1152,1152,2432,2819,2819
64,28,butterfly-check,recompute,ntt,add-output,5,53,8,2,PASS,FAIL,no,no,5.56885907e2,2.65558454e2,2.92018850e2,9.10437326e1,-39.18500110,1152,0,0,0,0,0,0,132875 ns,117590,1152,1152,2432,2819,2819
64,28,butterfly-check,recompute,ntt,add-output,5,53,24,2,PASS,FAIL,no,no,5.27115351e2,2.65436910e2,2.95136466e2,9.20157228e1,-39.27724084,1152,0,0,0,0,0,0,249040 ns,221331,1152,1152,2432,2819,2819
64,28,butterfly-check,recompute,ntt,add-output,5,53,26,2,PASS,FAIL,no,no,8.31087133e2,2.73813885e2,3.13641079e2,9.77849702e1,-39.80544215,1152,0,0,0,0,0,0,435833 ns,388915,1152,1152,2432,2819,2819
64,28,butterfly-check,recompute,ntt,add-output,5,55,0,2,PASS,FAIL,no,no,4.70628285e2,2.62334372e2,2.86494324e2,8.93213321e1,-39.01910383,1152,0,0,0,0,0,0,220377 ns,196163,1152,1152,2432,2819,2819
64,28,butterfly-check,recompute,ntt,add-output,5,55,8,2,PASS,FAIL,no,no,5.16430206e2,2.51087155e2,2.81088778e2,8.76360263e1,-38.85365354,1152,0,0,0,0,0,0,182083 ns,161623,1152,1152,2432,2819,2819
64,28,butterfly-check,recompute,ntt,add-output,5,55,24,2,PASS,FAIL,no,no,5.34989787e2,2.73582288e2,2.90675169e2,9.06248087e1,-39.14494206,1152,0,0,0,0,0,0,158043 ns,140584,1152,1152,2432,2819,2819
64,28,butterfly-check,recompute,ntt,add-output,5,55,26,2,PASS,FAIL,no,no,5.40502165e2,2.55046721e2,2.93872667e2,9.16217036e1,-39.23996726,1152,0,0,0,0,0,0,199251 ns,177002,1152,1152,2432,2819,2819
64,28,butterfly-check,recompute,ntt,add-output,5,56,0,2,PASS,FAIL,no,no,5.78832785e2,2.55067557e2,2.84937080e2,8.88358248e1,-38.97176278,1152,0,0,0,0,0,0,182043 ns,161625,1152,1152,2432,2819,2819
64,28,butterfly-check,recompute,ntt,add-output,5,56,8,2,PASS,FAIL,no,no,7.44419533e2,3.06491986e2,3.41405395e2,1.06441148e2,-40.54219097,1152,0,0,0,0,0,0,181833 ns,161500,1152,1152,2432,2819,2819
64,28,butterfly-check,recompute,ntt,add-output,5,56,24,2,PASS,FAIL,no,no,5.77476480e2,2.57761971e2,2.96474896e2,9.24330097e1,-39.31654188,1152,0,0,0,0,0,0,132875 ns,117086,1152,1152,2432,2819,2819
64,28,butterfly-check,recompute,ntt,add-output,5,56,26,2,PASS,FAIL,no,no,7.67659497e2,2.71308198e2,3.11902911e2,9.72430557e1,-39.75717195,1152,0,0,0,0,0,0,130333 ns,115915,1152,1152,2432,2819,2819
64,28,butterfly-check,recompute,ntt,add-output,5,57,0,2,PASS,FAIL,no,no,5.17921566e2,2.58932735e2,2.86666147e2,8.93749020e1,-39.02431157,1152,0,0,0,0,0,0,167625 ns,148580,1152,1152,2432,2819,2819
64,28,butterfly-check,recompute,ntt,add-output,5,57,8,2,PASS,FAIL,no,no,6.18029126e2,2.80135525e2,3.10656037e2,9.68543132e1,-39.72237932,1152,0,0,0,0,0,0,131208 ns,116090,1152,1152,2432,2819,2819
64,28,butterfly-check,recompute,ntt,add-output,5,57,24,2,PASS,FAIL,no,no,6.54117677e2,2.61111942e2,2.97718477e2,9.28207253e1,-39.35289915,1152,0,0,0,0,0,0,181667 ns,161251,1152,1152,2432,2819,2819
64,28,butterfly-check,recompute,ntt,add-output,5,57,26,2,PASS,FAIL,no,no,6.45147860e2,2.82332846e2,3.25917075e2,1.01612300e2,-40.13892566,1152,0,0,0,0,0,0,201208 ns,178540,1152,1152,2432,2819,2819
64,28,butterfly-check,recompute,ntt,add-output,5,58,0,2,PASS,FAIL,no,no,7.69507716e2,2.78876363e2,3.22209803e2,1.00456471e2,-40.03955835,1152,0,0,0,0,0,0,131083 ns,116126,1152,1152,2432,2819,2819
64,28,butterfly-check,recompute,ntt,add-output,5,58,8,2,PASS,FAIL,no,no,6.90776053e2,2.73380655e2,3.20112801e2,9.98026815e1,-39.98284420,1152,0,0,0,0,0,0,182540 ns,161001,1152,1152,2432,2819,2819
64,28,butterfly-check,recompute,ntt,add-output,5,58,24,2,PASS,FAIL,no,no,4.60821454e2,2.43500460e2,2.66866386e2,8.32018616e1,-38.40266087,1152,0,0,0,0,0,0,143917 ns,127712,1152,1152,2432,2819,2819
64,28,butterfly-check,recompute,ntt,add-output,5,58,26,2,PASS,FAIL,no,no,6.38521017e2,2.64563783e2,3.06502022e2,9.55592017e1,-39.60545026,1152,0,0,0,0,0,0,178375 ns,159414,1152,1152,2432,2819,2819
64,28,butterfly-check,recompute,ntt,add-output,5,63,0,2,PASS,FAIL,no,no,6.56834653e2,2.71670440e2,3.15640774e2,9.84084221e1,-39.86064537,1152,0,0,0,0,0,0,199541 ns,176960,1152,1152,2432,2819,2819
64,28,butterfly-check,recompute,ntt,add-output,5,63,8,2,PASS,FAIL,no,no,5.75537231e2,2.49354872e2,2.79636441e2,8.71832261e1,-38.80865871,1152,0,0,0,0,0,0,181834 ns,160708,1152,1152,2432,2819,2819
64,28,butterfly-check,recompute,ntt,add-output,5,63,24,2,PASS,FAIL,no,no,5.86708780e2,2.57390989e2,2.87739912e2,8.97096735e1,-39.05678552,1152,0,0,0,0,0,0,131917 ns,116961,1152,1152,2432,2819,2819
64,28,butterfly-check,recompute,ntt,add-output,5,63,26,2,PASS,FAIL,no,no,5.32303333e2,2.43948582e2,2.79935576e2,8.72764885e1,-38.81794528,1152,0,0,0,0,0,0,181458 ns,161163,1152,1152,2432,2819,2819
64,28,butterfly-check,recompute,ntt,add-output,5,2,0,3,PASS,FAIL,yes,yes,4.63934567e2,2.50573533e2,2.78582909e2,8.68547625e1,-38.77587274,1152,3,0,0,0,0,3,128085 ns,113711,1152,1152,2432,2819,2819
64,28,butterfly-check,recompute,ntt,add-output,5,2,8,3,PASS,FAIL,yes,yes,6.98221012e2,2.87211616e2,3.13882816e2,9.78603375e1,-39.81213418,1152,3,0,0,0,0,3,132917 ns,118041,1152,1152,2432,2819,2819
64,28,butterfly-check,recompute,ntt,add-output,5,2,24,3,PASS,FAIL,yes,yes,5.22578569e2,2.41782852e2,2.73885305e2,8.53901743e1,-38.62815800,1152,3,0,0,0,0,3,180043 ns,160084,1152,1152,2432,2819,2819
64,28,butterfly-check,recompute,ntt,add-output,5,2,26,3,PASS,FAIL,yes,yes,6.19474248e2,2.44835900e2,2.82104994e2,8.79528553e1,-38.88499886,1152,3,0,0,0,0,3,181957 ns,161461,1152,1152,2432,2819,2819
64,28,butterfly-check,recompute,ntt,add-output,5,4,0,3,PASS,FAIL,yes,yes,5.47510616e2,2.71724223e2,3.01635262e2,9.40418750e1,-39.46642559,1152,3,0,0,0,0,3,198458 ns,176040,1152,1152,2432,2819,2819
64,28,butterfly-check,recompute,ntt,add-output,5,4,8,3,PASS,FAIL,yes,yes,8.01270533e2,2.53671082e2,2.94995775e2,9.19718589e1,-39.27309929,1152,3,0,0,0,0,3,181790 ns,161584,1152,1152,2432,2819,2819
64,28,butterfly-check,recompute,ntt,add-output,5,4,24,3,PASS,FAIL,yes,yes,7.10638879e2,2.66604324e2,3.00870993e2,9.38035962e1,-39.44438977,1152,3,0,0,0,0,3,194791 ns,173831,1152,1152,2432,2819,2819
64,28,butterfly-check,recompute,ntt,add-output,5,4,26,3,PASS,FAIL,yes,yes,5.48878150e2,2.80848987e2,3.07096420e2,9.57445191e1,-39.62227845,1152,3,0,0,0,0,3,199374 ns,177499,1152,1152,2432,2819,2819
64,28,butterfly-check,recompute,ntt,add-output,5,5,0,3,PASS,FAIL,yes,yes,6.64565284e2,2.70704787e2,3.05731799e2,9.53190666e1,-39.58359562,1152,3,0,0,0,0,3,182001 ns,161668,1152,1152,2432,2819,2819
64,28,butterfly-check,recompute,ntt,add-output,5,5,8,3,PASS,FAIL,yes,yes,6.47346055e2,2.73955768e2,3.04365483e2,9.48930856e1,-39.54469137,1152,3,0,0,0,0,3,182125 ns,161918,1152,1152,2432,2819,2819
64,28,butterfly-check,recompute,ntt,add-output,5,5,24,3,PASS,FAIL,yes,yes,6.11515586e2,2.74712472e2,3.12780299e2,9.75166018e1,-39.78157118,1152,3,0,0,0,0,3,201000 ns,178335,1152,1152,2432,2819,2819
64,28,butterfly-check,recompute,ntt,add-output,5,5,26,3,PASS,FAIL,yes,yes,5.47143419e2,2.72961699e2,2.98218845e2,9.29767266e1,-39.36748504,1152,3,0,0,0,0,3,180168 ns,160915,1152,1152,2432,2819,2819
64,28,butterfly-check,recompute,ntt,add-output,5,6,0,3,PASS,FAIL,yes,yes,4.88799338e2,2.74757124e2,2.99403871e2,9.33461865e1,-39.40193161,1152,3,0,0,0,0,3,182209 ns,161833,1152,1152,2432,2819,2819
64,28,butterfly-check,recompute,ntt,add-output,5,6,8,3,PASS,FAIL,yes,yes,5.95145713e2,2.64052045e2,2.97897924e2,9.28766722e1,-39.35813292,1152,3,0,0,0,0,3,175791 ns,156713,1152,1152,2432,2819,2819
64,28,butterfly-check,recompute,ntt,add-output,5,6,24,3,PASS,FAIL,yes,yes,6.16294290e2,2.40463695e2,2.83941192e2,8.85253331e1,-38.94135140,1152,3,0,0,0,0,3,200416 ns,178043,1152,1152,2432,2819,2819
64,28,butterfly-check,recompute,ntt,add-output,5,6,26,3,PASS,FAIL,yes,yes,6.00980136e2,2.44345145e2,2.81274713e2,8.76939958e1,-38.85939718,1152,3,0,0,0,0,3,132792 ns,117460,1152,1152,2432,2819,2819
64,28,butterfly-check,recompute,ntt,add-output,5,8,0,3,PASS,FAIL,yes,yes,6.42151715e2,2.71235655e2,3.00870261e2,9.38033679e1,-39.44436863,1152,3,0,0,0,0,3,128709 ns,114291,1152,1152,2432,2819,2819
64,28,butterfly-check,recompute,ntt,add-output,5,8,8,3,PASS,FAIL,yes,yes,5.37615087e2,2.55994628e2,2.83466685e2,8.83773946e1,-38.92682388,1152,3,0,0,0,0,3,131500 ns,116833,1152,1152,2432,2819,2819
64,28,butterfly-check,recompute,ntt,add-output,5,8,24,3,PASS,FAIL,yes,yes,5.74012749e2,2.66706834e2,2.91645696e2,9.09273933e1,-39.17389482,1152,3,0,0,0,0,3,124667 ns,111080,1152,1152,2432,2819,2819
64,28,butterfly-check,recompute,ntt,add-output,5,8,26,3,PASS,FAIL,yes,yes,7.05658372e2,2.32173674e2,2.75811290e2,8.59906452e1,-38.68902415,1152,3,0,0,0,0,3,183499 ns,161915,1152,1152,2432,2819,2819
64,28,butterfly-check,recompute,ntt,add-output,5,9,0,3,PASS,FAIL,yes,yes,6.65538897e2,2.70936301e2,3.06568657e2,9.55799767e1,-39.60733841,1152,3,0,0,0,0,3,161499 ns,143542,1152,1152,2432,2819,2819
64,28,butterfly-check,recompute,ntt,add-output,5,9,8,3,PASS,FAIL,yes,yes,4.89231368e2,2.51365716e2,2.77901096e2,8.66421916e1,-38.75458858,1152,3,0,0,0,0,3,170041 ns,151205,1152,1152,2432,2819,2819
64,28,butterfly-check,recompute,ntt,add-output,5,9,24,3,PASS,FAIL,yes,yes,5.96775247e2,2.68192160e2,3.02145722e2,9.42010227e1,-39.48111236,1152,3,0,0,0,0,3,200208 ns,176499,1152,1152,2432,2819,2819
64,28,butterfly-check,recompute,ntt,add-output,5,9,26,3,PASS,FAIL,yes,yes,5.61211775e2,2.51957692e2,2.80227077e2,8.73673706e1,-38.82698531,1152,3,0,0,0,0,3,182251 ns,161958,1152,1152,2432,2819,2819
64,28,butterfly-check,recompute,ntt,add-output,5,10,0,3,PASS,FAIL,yes,yes,6.32759619e2,2.72135957e2,3.00088111e2,9.35595141e1,-39.42175916,1152,3,0,0,0,0,3,140043 ns,124626,1152,1152,2432,2819,2819
64,28,butterfly-check,recompute,ntt,add-output,5,10,8,3,PASS,FAIL,yes,yes,8.00064522e2,2.54324385e2,3.01685613e2,9.40575730e1,-39.46787536,1152,3,0,0,0,0,3,197209 ns,175291,1152,1152,2432,2819,2819
64,28,butterfly-check,recompute,ntt,add-output,5,10,24,3,PASS,FAIL,yes,yes,6.26916357e2,2.55502835e2,2.98213346e2,9.29750123e1,-39.36732489,1152,3,0,0,0,0,3,162166 ns,144790,1152,1152,2432,2819,2819
64,28,butterfly-check,recompute,ntt,add-output,5,10,26,3,PASS,FAIL,yes,yes,6.42036334e2,2.74261841e2,3.17744172e2,9.90642059e1,-39.91833525,1152,3,0,0,0,0,3,128416 ns,113125,1152,1152,2432,2819,2819
64,28,butterfly-check,recompute,ntt,add-output,5,11,0,3,PASS,FAIL,yes,yes,6.04670441e2,2.60337569e2,2.95557542e2,9.21470030e1,-39.28962430,1152,3,0,0,0,0,3,132209 ns,116629,1152,1152,2432,2819,2819
64,28,butterfly-check,recompute,ntt,add-output,5,11,8,3,PASS,FAIL,yes,yes,4.88692886e2,2.81642491e2,2.96341922e2,9.23915519e1,-39.31264524,1152,3,0,0,0,0,3,200125 ns,177997,1152,1152,2432,2819,2819
64,28,butterfly-check,recompute,ntt,add-output,5,11,24,3,PASS,FAIL,yes,yes,5.40908061e2,2.60672232e2,2.84862830e2,8.88126756e1,-38.96949908,1152,3,0,0,0,0,3,183582 ns,162375,1152,1152,2432,2819,2819
64,28,butterfly-check,recompute,ntt,add-output,5,11,26,3,PASS,FAIL,yes,yes,6.22569195e2,2.61672731e2,3.08880932e2,9.63008826e1,-39.67260535,1152,3,0,0,0,0,3,131583 ns,116626,1152,1152,2432,2819,2819
64,28,butterfly-check,recompute,ntt,add-output,5,13,0,3,PASS,FAIL,yes,yes,6.61005165e2,2.70949799e2,3.06028253e2,9.54114930e1,-39.59201384,1152,3,0,0,0,0,3,129709 ns,114499,1152,1152,2432,2819,2819
64,28,butterfly-check,recompute,ntt,add-output,5,13,8,3,PASS,FAIL,yes,yes,6.22503966e2,2.92390035e2,3.27105368e2,1.01982778e2,-40.17053679,1152,3,0,0,0,0,3,181999 ns,161752,1152,1152,2432,2819,2819
64,28,butterfly-check,recompute,ntt,add-output,5,13,24,3,PASS,FAIL,yes,yes,5.24377045e2,2.73875323e2,2.94077721e2,9.16856341e1,-39.24602586,1152,3,0,0,0,0,3,132875 ns,118166,1152,1152,2432,2819,2819
64,28,butterfly-check,recompute,ntt,add-output,5,13,26,3,PASS,FAIL,yes,yes,6.66773977e2,2.75412742e2,3.16797515e2,9.87690632e1,-39.89241869,1152,3,0,0,0,0,3,222042 ns,197042,1152,1152,2432,2819,2819
64,28,butterfly-check,recompute,ntt,add-output,5,15,0,3,PASS,FAIL,yes,yes,6.39210177e2,2.75115736e2,3.07316021e2,9.58129848e1,-39.62848740,1152,3,0,0,0,0,3,200250 ns,177791,1152,1152,2432,2819,2819
64,28,butterfly-check,recompute,ntt,add-output,5,15,8,3,PASS,FAIL,yes,yes,5.18620594e2,2.59042747e2,2.87879950e2,8.97533336e1,-39.06101176,1152,3,0,0,0,0,3,181125 ns,161043,1152,1152,2432,2819,2819
64,28,butterfly-check,recompute,ntt,add-output,5,15,24,3,PASS,FAIL,yes,yes,5.54218905e2,2.47529231e2,2.81333705e2,8.77123878e1,-38.86121868,1152,3,0,0,0,0,3,131333 ns,116374,1152,1152,2432,2819,2819
64,28,butterfly-check,recompute,ntt,add-output,5,15,26,3,PASS,FAIL,yes,yes,6.79953215e2,2.82056603e2,3.17655180e2,9.90364604e1,-39.91590220,1152,3,0,0,0,0,3,183000 ns,162208,1152,1152,2432,2819,2819
64,28,butterfly-check,recompute,ntt,add-output,5,18,0,3,PASS,FAIL,yes,yes,5.76568175e2,2.49903096e2,2.94054674e2,9.16784486e1,-39.24534511,1152,3,0,0,0,0,3,168708 ns,149585,1152,1152,2432,2819,2819
64,28,butterfly-check,recompute,ntt,add-output,5,18,8,3,PASS,FAIL,yes,yes,6.15808188e2,2.27086783e2,2.82571997e2,8.80984544e1,-38.89936579,1152,3,0,0,0,0,3,181583 ns,161498,1152,1152,2432,2819,2819
64,28,butterfly-check,recompute,ntt,add-output,5,18,24,3,PASS,FAIL,yes,yes,6.68536590e2,2.67368821e2,2.96381725e2,9.24039615e1,-39.31381181,1152,3,0,0,0,0,3,155790 ns,138836,1152,1152,2432,2819,2819
64,28,butterfly-check,recompute,ntt,add-output,5,18,26,3,PASS,FAIL,yes,yes,7.19357386e2,2.77797336e2,3.11811080e2,9.72144252e1,-39.75461426,1152,3,0,0,0,0,3,199209 ns,177379,1152,1152,2432,2819,2819
64,28,butterfly-check,recompute,ntt,add-output,5,21,0,3,PASS,FAIL,yes,yes,6.14012451e2,2.54236319e2,2.91093554e2,9.07552499e1,-39.15743514,1152,3,0,0,0,0,3,180959 ns,160919,1152,1152,2432,2819,2819
64,28,butterfly-check,recompute,ntt,add-output,5,21,8,3,PASS,FAIL,yes,yes,7.80116737e2,2.74845184e2,3.14536870e2,9.80642540e1,-39.83021458,1152,3,0,0,0,0,3,181833 ns,161751,1152,1152,2432,2819,2819
64,28,butterfly-check,recompute,ntt,add-output,5,21,24,3,PASS,FAIL,yes,yes,7.08271910e2,2.83026470e2,3.31550792e2,1.03368744e2,-40.28778476,1152,3,0,0,0,0,3,200581 ns,177833,1152,1152,2432,2819,2819
64,28,butterfly-check,recompute,ntt,add-output,5,21,26,3,PASS,FAIL,yes,yes,5.20314377e2,2.78773817e2,3.04515282e2,9.49397889e1,-39.54896523,1152,3,0,0,0,0,3,162877 ns,145002,1152,1152,2432,2819,2819
64,28,butterfly-check,recompute,ntt,add-output,5,22,0,3,PASS,FAIL,yes,yes,6.77700127e2,2.76693592e2,3.12859477e2,9.75412876e1,-39.78376968,1152,3,0,0,0,0,3,181168 ns,160916,1152,1152,2432,2819,2819
64,28,butterfly-check,recompute,ntt,add-output,5,22,8,3,PASS,FAIL,yes,yes,6.27599184e2,2.86018635e2,3.23865639e2,1.00972717e2,-40.08408084,1152,3,0,0,0,0,3,159457 ns,142165,1152,1152,2432,2819,2819
64,28,butterfly-check,recompute,ntt,add-output,5,22,24,3,PASS,FAIL,yes,yes,6.03691532e2,2.90734423e2,3.23499363e2,1.00858522e2,-40.07425197,1152,3,0,0,0,0,3,182333 ns,161958,1152,1152,2432,2819,2819
64,28,butterfly-check,recompute,ntt,add-output,5,22,26,3,PASS,FAIL,yes,yes,6.47059747e2,2.61562752e2,2.96166732e2,9.23369323e1,-39.30750884,1152,3,0,0,0,0,3,164834 ns,146500,1152,1152,2432,2819,2819
64,28,butterfly-check,recompute,ntt,add-output,5,26,0,3,PASS,FAIL,yes,yes,8.60458420e2,2.54345519e2,3.12114802e2,9.73091177e1,-39.76307069,1152,3,0,0,0,0,3,183249 ns,162041,1152,1152,2432,2819,2819
64,28,butterfly-check,recompute,ntt,add-output,5,26,8,3,PASS,FAIL,yes,yes,7.45031388e2,2.61665806e2,2.97056671e2,9.26143916e1,-39.33356956,1152,3,0,0,0,0,3,182000 ns,161502,1152,1152,2432,2819,2819
64,28,butterfly-check,recompute,ntt,add-output,5,26,24,3,PASS,FAIL,yes,yes,5.47297371e2,2.83488348e2,3.13247170e2,9.76621598e1,-39.79452649,1152,3,0,0,0,0,3,125668 ns,111617,1152,1152,2432,2819,2819
64,28,butterfly-check,recompute,ntt,add-output,5,26,26,3,PASS,FAIL,yes,yes,6.39097842e2,2.99833556e2,3.31083543e2,1.03223068e2,-40.27553525,1152,3,0,0,0,0,3,182293 ns,160541,1152,1152,2432,2819,2819
64,28,butterfly-check,recompute,ntt,add-output,5,27,0,3,PASS,FAIL,yes,yes,6.80366191e2,2.81159259e2,3.06950298e2,9.56989621e1,-39.61814455,1152,3,0,0,0,0,3,181042 ns,160916,1152,1152,2432,2819,2819
64,28,butterfly-check,recompute,ntt,add-output,5,27,8,3,PASS,FAIL,yes,yes,6.20594421e2,2.64224711e2,2.95959641e2,9.22723669e1,-39.30143322,1152,3,0,0,0,0,3,181917 ns,161668,1152,1152,2432,2819,2819
64,28,butterfly-check,recompute,ntt,add-output,5,27,24,3,PASS,FAIL,yes,yes,4.81451015e2,2.52103462e2,2.94707030e2,9.18818360e1,-39.26459329,1152,3,0,0,0,0,3,199919 ns,177207,1152,1152,2432,2819,2819
64,28,butterfly-check,recompute,ntt,add-output,5,27,26,3,PASS,FAIL,yes,yes,7.68179110e2,2.68268138e2,3.11755465e2,9.71970858e1,-39.75306488,1152,3,0,0,0,0,3,130708 ns,116008,1152,1152,2432,2819,2819
64,28,butterfly-check,recompute,ntt,add-output,5,30,0,3,PASS,FAIL,yes,yes,6.23510040e2,2.71444019e2,3.00318722e2,9.36314127e1,-39.42843152,1152,3,0,0,0,0,3,181750 ns,161541,1152,1152,2432,2819,2819
64,28,butterfly-check,recompute,ntt,add-output,5,30,8,3,PASS,FAIL,yes,yes,5.19144927e2,2.81396762e2,3.06606325e2,9.55917206e1,-39.60840558,1152,3,0,0,0,0,3,169542 ns,149833,1152,1152,2432,2819,2819
64,28,butterfly-check,recompute,ntt,add-output,5,30,24,3,PASS,FAIL,yes,yes,6.69646566e2,2.71776874e2,3.09719554e2,9.65623427e1,-39.69615587,1152,3,0,0,0,0,3,183209 ns,162791,1152,1152,2432,2819,2819
64,28,butterfly-check,recompute,ntt,add-output,5,30,26,3,PASS,FAIL,yes,yes,4.45810505e2,2.54885684e2,2.79796251e2,8.72330506e1,-38.81362120,1152,3,0,0,0,0,3,182334 ns,161752,1152,1152,2432,2819,2819
64,28,butterfly-check,recompute,ntt,add-output,5,31,0,3,PASS,FAIL,yes,yes,5.44464355e2,2.76783164e2,3.06753477e2,9.56375986e1,-39.61257326,1152,3,0,0,0,0,3,172709 ns,154292,1152,1152,2432,2819,2819
64,28,butterfly-check,recompute,ntt,add-output,5,31,8,3,PASS,FAIL,yes,yes,7.11846537e2,2.77856042e2,3.11268588e2,9.70452906e1,-39.73948929,1152,3,0,0,0,0,3,146750 ns,131081,1152,1152,2432,2819,2819
64,28,butterfly-check,recompute,ntt,add-output,5,31,24,3,PASS,FAIL,yes,yes,5.17416852e2,2.69091171e2,2.89876542e2,9.03758178e1,-39.12104480,1152,3,0,0,0,0,3,181833 ns,161957,1152,1152,2432,2819,2819
64,28,butterfly-check,recompute,ntt,add-output,5,31,26,3,PASS,FAIL,yes,yes,6.65533848e2,2.50838831e2,2.89926482e2,9.03913877e1,-39.12254108,1152,3,0,0,0,0,3,132167 ns,117582,1152,1152,2432,2819,2819
64,28,butterfly-check,recompute,ntt,add-output,5,32,0,3,PASS,FAIL,no,no,6.36741283e2,2.72528963e2,3.12459600e2,9.74166166e1,-39.77266084,1152,0,0,0,0,0,0,181167 ns,160707,1152,1152,2432,2819,2819
64,28,butterfly-check,recompute,ntt,add-output,5,32,8,3,PASS,FAIL,no,no,6.10980767e2,2.56403669e2,2.97019944e2,9.26029411e1,-39.33249560,1152,0,0,0,0,0,0,156540 ns,139123,1152,1152,2432,2819,2819
64,28,butterfly-check,recompute,ntt,add-output,5,32,24,3,PASS,FAIL,no,no,5.19480220e2,2.38058598e2,2.71908412e2,8.47738313e1,-38.56523623,1152,0,0,0,0,0,0,198042 ns,175752,1152,1152,2432,2819,2819
64,28,butterfly-check,recompute,ntt,add-output,5,32,26,3,PASS,FAIL,no,no,8.11401129e2,2.68066401e2,3.05517216e2,9.52521653e1,-39.57749714,1152,0,0,0,0,0,0,169208 ns,149919,1152,1152,2432,2819,2819
64,28,butterfly-check,recompute,ntt,add-output,5,34,0,3,PASS,FAIL,no,no,5.09192610e2,2.68950521e2,2.91521503e2,9.08886731e1,-39.17019526,1152,0,0,0,0,0,0,198207 ns,176877,1152,1152,2432,2819,2819
64,28,butterfly-check,recompute,ntt,add-output,5,34,8,3,PASS,FAIL,no,no,5.37353762e2,2.81281948e2,3.08351309e2,9.61357604e1,-39.65769932,1152,0,0,0,0,0,0,132083 ns,116461,1152,1152,2432,2819,2819
64,28,butterfly-check,recompute,ntt,add-output,5,34,24,3,PASS,FAIL,no,no,4.96310526e2,2.64965194e2,2.98206485e2,9.29728732e1,-39.36712505,1152,0,0,0,0,0,0,198584 ns,175999,1152,1152,2432,2819,2819
64,28,butterfly-check,recompute,ntt,add-output,5,34,26,3,PASS,FAIL,no,no,7.64662960e2,2.44291157e2,2.87860547e2,8.97472843e1,-39.06042632,1152,0,0,0,0,0,0,129500 ns,115212,1152,1152,2432,2819,2819
64,28,butterfly-check,recompute,ntt,add-output,5,35,0,3,PASS,FAIL,no,no,4.83588857e2,2.26798514e2,2.63840446e2,8.22584536e1,-38.30361081,1152,0,0,0,0,0,0,147666 ns,131165,1152,1152,2432,2819,2819
64,28,butterfly-check,recompute,ntt,add-output,5,35,8,3,PASS,FAIL,no,no,7.19564837e2,2.74453623e2,3.13051852e2,9.76012648e1,-39.78910892,1152,0,0,0,0,0,0,126250 ns,112079,1152,1152,2432,2819,2819
64,28,butterfly-check,recompute,ntt,add-output,5,35,24,3,PASS,FAIL,no,no,5.66057823e2,2.15912303e2,2.51317772e2,7.83542160e1,-37.88124738,1152,0,0,0,0,0,0,198751 ns,176832,1152,1152,2432,2819,2819
64,28,butterfly-check,recompute,ntt,add-output,5,35,26,3,PASS,FAIL,no,no,6.59591198e2,2.38783289e2,2.72891897e2,8.50804561e1,-38.59659618,1152,0,0,0,0,0,0,181501 ns,160998,1152,1152,2432,2819,2819
64,28,butterfly-check,recompute,ntt,add-output,5,36,0,3,PASS,FAIL,no,no,6.11720568e2,2.63504183e2,2.91142578e2,9.07705344e1,-39.15889785,1152,0,0,0,0,0,0,132792 ns,117792,1152,1152,2432,2819,2819
64,28,butterfly-check,recompute,ntt,add-output,5,36,8,3,PASS,FAIL,no,no,4.77663683e2,2.64600719e2,2.91849832e2,9.09910374e1,-39.17997233,1152,0,0,0,0,0,0,182418 ns,161543,1152,1152,2432,2819,2819
64,28,butterfly-check,recompute,ntt,add-output,5,36,24,3,PASS,FAIL,no,no,6.81128219e2,2.54788734e2,3.08052583e2,9.60426253e1,-39.64928045,1152,0,0,0,0,0,0,207999 ns,182625,1152,1152,2432,2819,2819
64,28,butterfly-check,recompute,ntt,add-output,5,36,26,3,PASS,FAIL,no,no,4.79746995e2,2.61895952e2,2.86941654e2,8.94607976e1,-39.03265531,1152,0,0,0,0,0,0,180542 ns,160208,1152,1152,2432,2819,2819
64,28,butterfly-check,recompute,ntt,add-output,5,40,0,3,PASS,FAIL,no,no,5.51338104e2,2.39039284e2,2.67643260e2,8.34440704e1,-38.42790961,1152,0,0,0,0,0,0,164293 ns,145210,1152,1152,2432,2819,2819
64,28,butterfly-check,recompute,ntt,add-output,5,40,8,3,PASS,FAIL,no,no,6.73869530e2,2.50600241e2,2.80023139e2,8.73037882e1,-38.82066177,1152,0,0,0,0,0,0,167999 ns,149334,1152,1152,2432,2819,2819
64,28,butterfly-check,recompute,ntt,add-output,5,40,24,3,PASS,FAIL,no,no,5.43113833e2,2.59951326e2,2.92293593e2,9.11293902e1,-39.19316928,1152,0,0,0,0,0,0,181541 ns,161253,1152,1152,2432,2819,2819
64,28,butterfly-check,recompute,ntt,add-output,5,40,26,3,PASS,FAIL,no,no,4.99962687e2,2.62706118e2,2.80885054e2,8.75725105e1,-38.84735600,1152,0,0,0,0,0,0,181707 ns,161167,1152,1152,2432,2819,2819
64,28,butterfly-check,recompute,ntt,add-output,5,44,0,3,PASS,FAIL,no,no,6.35340562e2,2.51754506e2,2.85978313e2,8.91604535e1,-39.00344538,1152,0,0,0,0,0,0,131625 ns,116001,1152,1152,2432,2819,2819
64,28,butterfly-check,recompute,ntt,add-output,5,44,8,3,PASS,FAIL,no,no,7.19114480e2,2.52458153e2,2.90969332e2,9.07165207e1,-39.15372771,1152,0,0,0,0,0,0,131667 ns,116250,1152,1152,2432,2819,2819
64,28,butterfly-check,recompute,ntt,add-output,5,44,24,3,PASS,FAIL,no,no,6.36132710e2,2.72141373e2,3.08756935e2,9.62622238e1,-39.66911781,1152,0,0,0,0,0,0,220833 ns,196374,1152,1152,2432,2819,2819
64,28,butterfly-check,recompute,ntt,add-output,5,44,26,3,PASS,FAIL,no,no,6.53550791e2,2.40213802e2,2.79682979e2,8.71977354e1,-38.81010413,1152,0,0,0,0,0,0,222166 ns,197834,1152,1152,2432,2819,2819
64,28,butterfly-check,recompute,ntt,add-output,5,45,0,3,PASS,FAIL,no,no,6.94301543e2,2.96688440e2,3.29185704e2,1.02631372e2,-40.22560269,1152,0,0,0,0,0,0,220542 ns,195420,1152,1152,2432,2819,2819
64,28,butterfly-check,recompute,ntt,add-output,5,45,8,3,PASS,FAIL,no,no,5.72393641e2,2.71155616e2,2.96757805e2,9.25212132e1,-39.32482638,1152,0,0,0,0,0,0,132834 ns,118045,1152,1152,2432,2819,2819
64,28,butterfly-check,recompute,ntt,add-output,5,45,24,3,PASS,FAIL,no,no,5.74650537e2,2.54024168e2,2.78598937e2,8.68597599e1,-38.77637249,1152,0,0,0,0,0,0,182000 ns,161458,1152,1152,2432,2819,2819
64,28,butterfly-check,recompute,ntt,add-output,5,45,26,3,PASS,FAIL,no,no,5.06899085e2,2.75628921e2,3.00304265e2,9.36269053e1,-39.42801337,1152,0,0,0,0,0,0,182502 ns,161752,1152,1152,2432,2819,2819
64,28,butterfly-check,recompute,ntt,add-output,5,46,0,3,PASS,FAIL,no,no,6.41104511e2,2.50364337e2,3.01536852e2,9.40111932e1,-39.46359130,1152,0,0,0,0,0,0,199542 ns,177206,1152,1152,2432,2819,2819
64,28,butterfly-check,recompute,ntt,add-output,5,46,8,3,PASS,FAIL,no,no,5.59763664e2,2.70931365e2,3.08188825e2,9.60851021e1,-39.65312112,1152,0,0,0,0,0,0,199916 ns,177333,1152,1152,2432,2819,2819
64,28,butterfly-check,recompute,ntt,add-output,5,46,24,3,PASS,FAIL,no,no,6.01630189e2,2.87293993e2,3.12143933e2,9.73181999e1,-39.76388135,1152,0,0,0,0,0,0,183334 ns,161918,1152,1152,2432,2819,2819
64,28,butterfly-check,recompute,ntt,add-output,5,46,26,3,PASS,FAIL,no,no,5.88283719e2,2.45872955e2,2.87497052e2,8.96339559e1,-39.04945128,1152,0,0,0,0,0,0,182375 ns,162250,1152,1152,2432,2819,2819
64,28,butterfly-check,recompute,ntt,add-output,5,53,0,3,PASS,FAIL,no,no,5.45507642e2,2.71005763e2,3.05919570e2,9.53776086e1,-39.58892859,1152,0,0,0,0,0,0,199082 ns,177084,1152,1152,2432,2819,2819
64,28,butterfly-check,recompute,ntt,add-output,5,53,8,3,PASS,FAIL,no,no,5.56885907e2,2.65558454e2,2.92018850e2,9.10437326e1,-39.18500110,1152,0,0,0,0,0,0,181583 ns,160749,1152,1152,2432,2819,2819
64,28,butterfly-check,recompute,ntt,add-output,5,53,24,3,PASS,FAIL,no,no,5.27115351e2,2.65436910e2,2.95136466e2,9.20157228e1,-39.27724084,1152,0,0,0,0,0,0,180998 ns,160542,1152,1152,2432,2819,2819
64,28,butterfly-check,recompute,ntt,add-output,5,53,26,3,PASS,FAIL,no,no,8.31087133e2,2.73813885e2,3.13641079e2,9.77849702e1,-39.80544215,1152,0,0,0,0,0,0,168294 ns,149126,1152,1152,2432,2819,2819
64,28,butterfly-check,recompute,ntt,add-output,5,55,0,3,PASS,FAIL,no,no,4.70628285e2,2.62334372e2,2.86494324e2,8.93213321e1,-39.01910383,1152,0,0,0,0,0,0,180957 ns,160166,1152,1152,2432,2819,2819
64,28,butterfly-check,recompute,ntt,add-output,5,55,8,3,PASS,FAIL,no,no,5.16430206e2,2.51087155e2,2.81088778e2,8.76360263e1,-38.85365354,1152,0,0,0,0,0,0,198291 ns,175875,1152,1152,2432,2819,2819
64,28,butterfly-check,recompute,ntt,add-output,5,55,24,3,PASS,FAIL,no,no,5.34989787e2,2.73582288e2,2.90675169e2,9.06248087e1,-39.14494206,1152,0,0,0,0,0,0,132292 ns,116042,1152,1152,2432,2819,2819
64,28,butterfly-check,recompute,ntt,add-output,5,55,26,3,PASS,FAIL,no,no,5.40502165e2,2.55046721e2,2.93872667e2,9.16217036e1,-39.23996726,1152,0,0,0,0,0,0,169333 ns,149665,1152,1152,2432,2819,2819
64,28,butterfly-check,recompute,ntt,add-output,5,57,0,3,PASS,FAIL,no,no,5.17921566e2,2.58932735e2,2.86666147e2,8.93749020e1,-39.02431157,1152,0,0,0,0,0,0,181332 ns,160915,1152,1152,2432,2819,2819
64,28,butterfly-check,recompute,ntt,add-output,5,57,8,3,PASS,FAIL,no,no,6.18029126e2,2.80135525e2,3.10656037e2,9.68543132e1,-39.72237932,1152,0,0,0,0,0,0,133167 ns,118749,1152,1152,2432,2819,2819
64,28,butterfly-check,recompute,ntt,add-output,5,57,24,3,PASS,FAIL,no,no,6.54117677e2,2.61111942e2,2.97718477e2,9.28207253e1,-39.35289915,1152,0,0,0,0,0,0,131583 ns,116460,1152,1152,2432,2819,2819
64,28,butterfly-check,recompute,ntt,add-output,5,57,26,3,PASS,FAIL,no,no,6.45147860e2,2.82332846e2,3.25917075e2,1.01612300e2,-40.13892566,1152,0,0,0,0,0,0,199041 ns,176421,1152,1152,2432,2819,2819
64,28,butterfly-check,recompute,ntt,add-output,5,60,0,3,PASS,FAIL,no,no,6.26460838e2,2.48396317e2,2.86181125e2,8.92236849e1,-39.00960311,1152,0,0,0,0,0,0,181292 ns,160626,1152,1152,2432,2819,2819
64,28,butterfly-check,recompute,ntt,add-output,5,60,8,3,PASS,FAIL,no,no,5.86124400e2,2.72398852e2,3.05604166e2,9.52792739e1,-39.57996878,1152,0,0,0,0,0,0,180540 ns,160375,1152,1152,2432,2819,2819
64,28,butterfly-check,recompute,ntt,add-output,5,60,24,3,PASS,FAIL,no,no,6.49466242e2,2.59918011e2,2.99282875e2,9.33084631e1,-39.39842072,1152,0,0,0,0,0,0,131334 ns,116084,1152,1152,2432,2819,2819
64,28,butterfly-check,recompute,ntt,add-output,5,60,26,3,PASS,FAIL,no,no,4.96201840e2,2.47611475e2,2.73939086e2,8.54069418e1,-38.62986343,1152,0,0,0,0,0,0,182208 ns,161875,1152,1152,2432,2819,2819
64,28,butterfly-check,recompute,ntt,add-output,5,61,0,3,PASS,FAIL,no,no,5.10791382e2,2.56750772e2,2.81022825e2,8.76154636e1,-38.85161527,1152,0,0,0,0,0,0,221541 ns,196379,1152,1152,2432,2819,2819
64,28,butterfly-check,recompute,ntt,add-output,5,61,8,3,PASS,FAIL,no,no,4.63414768e2,2.46102321e2,2.76408785e2,8.61769285e1,-38.70782022,1152,0,0,0,0,0,0,197960 ns,176043,1152,1152,2432,2819,2819
64,28,butterfly-check,recompute,ntt,add-output,5,61,24,3,PASS,FAIL,no,no,4.19544386e2,2.64431237e2,2.76651350e2,8.62525536e1,-38.71543924,1152,0,0,0,0,0,0,132415 ns,117045,1152,1152,2432,2819,2819
64,28,butterfly-check,recompute,ntt,add-output,5,61,26,3,PASS,FAIL,no,no,5.17003645e2,2.68242174e2,2.97095518e2,9.26265031e1,-39.33470537,1152,0,0,0,0,0,0,130834 ns,116039,1152,1152,2432,2819,2819
64,28,butterfly-check,recompute,ntt,add-output,5,62,0,3,PASS,FAIL,no,no,6.15408522e2,2.53943892e2,2.80501343e2,8.74528795e1,-38.83548228,1152,0,0,0,0,0,0,167958 ns,149295,1152,1152,2432,2819,2819
64,28,butterfly-check,recompute,ntt,add-output,5,62,8,3,PASS,FAIL,no,no,4.94500025e2,2.52700999e2,2.83321841e2,8.83322358e1,-38.92238446,1152,0,0,0,0,0,0,198250 ns,176791,1152,1152,2432,2819,2819
64,28,butterfly-check,recompute,ntt,add-output,5,62,24,3,PASS,FAIL,no,no,5.30620102e2,2.24087884e2,2.64832090e2,8.25676221e1,-38.33619554,1152,0,0,0,0,0,0,221377 ns,196502,1152,1152,2432,2819,2819
64,28,butterfly-check,recompute,ntt,add-output,5,62,26,3,PASS,FAIL,no,no,4.98642181e2,2.26715498e2,2.54262699e2,7.92723663e1,-37.98243644,1152,0,0,0,0,0,0,199415 ns,177081,1152,1152,2432,2819,2819
64,28,butterfly-check,recompute,ntt,add-output,5,63,0,3,PASS,FAIL,no,no,6.56834653e2,2.71670440e2,3.15640774e2,9.84084221e1,-39.86064537,1152,0,0,0,0,0,0,167751 ns,148666,1152,1152,2432,2819,2819
64,28,butterfly-check,recompute,ntt,add-output,5,63,8,3,PASS,FAIL,no,no,5.75537231e2,2.49354872e2,2.79636441e2,8.71832261e1,-38.80865871,1152,0,0,0,0,0,0,168833 ns,148709,1152,1152,2432,2819,2819
64,28,butterfly-check,recompute,ntt,add-output,5,63,24,3,PASS,FAIL,no,no,5.86708780e2,2.57390989e2,2.87739912e2,8.97096735e1,-39.05678552,1152,0,0,0,0,0,0,131334 ns,116544,1152,1152,2432,2819,2819
64,28,butterfly-check,recompute,ntt,add-output,5,63,26,3,PASS,FAIL,no,no,5.32303333e2,2.43948582e2,2.79935576e2,8.72764885e1,-38.81794528,1152,0,0,0,0,0,0,181958 ns,161288,1152,1152,2432,2819,2819
64,28,butterfly-check,recompute,ntt,register-write,0,2,0,1,PASS,FAIL,yes,yes,6.44524536e2,2.49132312e2,2.82844917e2,8.81835437e1,-38.90775094,1152,3,0,0,0,0,3,132749 ns,118001,1152,1152,2432,2819,2819
64,28,butterfly-check,recompute,ntt,register-write,0,2,8,1,PASS,FAIL,yes,yes,5.04663089e2,2.70192614e2,3.00966764e2,9.38334549e1,-39.44715414,1152,3,0,0,0,0,3,157500 ns,139918,1152,1152,2432,2819,2819
64,28,butterfly-check,recompute,ntt,register-write,0,2,24,1,PASS,FAIL,yes,yes,5.03195727e2,2.64137085e2,2.99245831e2,9.32969136e1,-39.39734553,1152,3,0,0,0,0,3,172916 ns,154123,1152,1152,2432,2819,2819
64,28,butterfly-check,recompute,ntt,register-write,0,2,26,1,PASS,FAIL,yes,yes,5.76726079e2,2.59415458e2,2.93976358e2,9.16540318e1,-39.24303148,1152,3,0,0,0,0,3,125375 ns,111373,1152,1152,2432,2819,2819
64,28,butterfly-check,recompute,ntt,register-write,0,4,0,1,PASS,FAIL,yes,yes,5.85748703e2,2.73823215e2,3.15542805e2,9.83778781e1,-39.85794902,1152,3,0,0,0,0,3,182082 ns,161751,1152,1152,2432,2819,2819
64,28,butterfly-check,recompute,ntt,register-write,0,4,8,1,PASS,FAIL,yes,yes,6.07181685e2,2.88466460e2,3.15463924e2,9.83532851e1,-39.85577740,1152,3,0,0,0,0,3,184751 ns,164041,1152,1152,2432,2819,2819
64,28,butterfly-check,recompute,ntt,register-write,0,4,24,1,PASS,FAIL,yes,yes,4.90117378e2,2.60177124e2,2.90150377e2,9.04611925e1,-39.12924617,1152,3,0,0,0,0,3,131791 ns,117457,1152,1152,2432,2819,2819
64,28,butterfly-check,recompute,ntt,register-write,0,4,26,1,PASS,FAIL,yes,yes,5.37864599e2,2.42263362e2,2.90801406e2,9.06641660e1,-39.14871342,1152,3,0,0,0,0,3,169125 ns,150043,1152,1152,2432,2819,2819
64,28,butterfly-check,recompute,ntt,register-write,0,7,0,1,PASS,FAIL,yes,yes,6.75983122e2,2.67773683e2,3.07511136e2,9.58738167e1,-39.63400034,1152,3,0,0,0,0,3,161626 ns,143877,1152,1152,2432,2819,2819
64,28,butterfly-check,recompute,ntt,register-write,0,7,8,1,PASS,FAIL,yes,yes,4.34013907e2,2.35640804e2,2.54761999e2,7.94280346e1,-37.99947632,1152,3,0,0,0,0,3,134415 ns,117668,1152,1152,2432,2819,2819
64,28,butterfly-check,recompute,ntt,register-write,0,7,24,1,PASS,FAIL,yes,yes,5.77638676e2,2.58168851e2,2.82193893e2,8.79805718e1,-38.88773560,1152,3,0,0,0,0,3,200875 ns,178207,1152,1152,2432,2819,2819
64,28,butterfly-check,recompute,ntt,register-write,0,7,26,1,PASS,FAIL,yes,yes,5.99441902e2,2.72878019e2,3.04036273e2,9.47904466e1,-39.53529138,1152,3,0,0,0,0,3,137001 ns,121621,1152,1152,2432,2819,2819
64,28,butterfly-check,recompute,ntt,register-write,0,8,0,1,PASS,FAIL,yes,yes,5.13283818e2,2.42030188e2,2.75356417e2,8.58488282e1,-38.67468743,1152,3,0,0,0,0,3,135834 ns,120379,1152,1152,2432,2819,2819
64,28,butterfly-check,recompute,ntt,register-write,0,8,8,1,PASS,FAIL,yes,yes,5.54549011e2,2.33242100e2,2.64826512e2,8.25658829e1,-38.33601259,1152,3,0,0,0,0,3,200459 ns,177542,1152,1152,2432,2819,2819
64,28,butterfly-check,recompute,ntt,register-write,0,8,24,1,PASS,FAIL,yes,yes,6.59879501e2,2.71165664e2,3.17003798e2,9.88333767e1,-39.89807267,1152,3,0,0,0,0,3,182373 ns,162125,1152,1152,2432,2819,2819
64,28,butterfly-check,recompute,ntt,register-write,0,8,26,1,PASS,FAIL,yes,yes,6.17591797e2,2.83805301e2,3.20390200e2,9.98891673e1,-39.99036786,1152,3,0,0,0,0,3,132833 ns,117339,1152,1152,2432,2819,2819
64,28,butterfly-check,recompute,ntt,register-write,0,10,0,1,PASS,FAIL,yes,yes,6.87142534e2,2.70722397e2,3.14646801e2,9.80985276e1,-39.83324978,1152,3,0,0,0,0,3,200041 ns,177794,1152,1152,2432,2819,2819
64,28,butterfly-check,recompute,ntt,register-write,0,10,8,1,PASS,FAIL,yes,yes,5.02835007e2,2.65380205e2,2.95349591e2,9.20821694e1,-39.28351085,1152,3,0,0,0,0,3,182376 ns,161460,1152,1152,2432,2819,2819
64,28,butterfly-check,recompute,ntt,register-write,0,10,24,1,PASS,FAIL,yes,yes,5.41033184e2,2.49548200e2,2.81169390e2,8.76611589e1,-38.85614416,1152,3,0,0,0,0,3,161125 ns,142542,1152,1152,2432,2819,2819
64,28,butterfly-check,recompute,ntt,register-write,0,10,26,1,PASS,FAIL,yes,yes,7.17891023e2,2.73706707e2,3.07935713e2,9.60061883e1,-39.64598455,1152,3,0,0,0,0,3,182917 ns,162124,1152,1152,2432,2819,2819
64,28,butterfly-check,recompute,ntt,register-write,0,12,0,1,PASS,FAIL,yes,yes,6.04214891e2,2.92982567e2,3.23362939e2,1.00815988e2,-40.07058825,1152,3,0,0,0,0,3,208541 ns,184664,1152,1152,2432,2819,2819
64,28,butterfly-check,recompute,ntt,register-write,0,12,8,1,PASS,FAIL,yes,yes,8.00353027e2,2.67783189e2,3.17858689e2,9.90999091e1,-39.92146512,1152,3,0,0,0,0,3,182918 ns,162039,1152,1152,2432,2819,2819
64,28,butterfly-check,recompute,ntt,register-write,0,12,24,1,PASS,FAIL,yes,yes,6.48962296e2,2.62814564e2,2.95057791e2,9.19911940e1,-39.27492512,1152,3,0,0,0,0,3,199834 ns,177501,1152,1152,2432,2819,2819
64,28,butterfly-check,recompute,ntt,register-write,0,12,26,1,PASS,FAIL,yes,yes,6.20868788e2,2.69127510e2,3.06359571e2,9.55147891e1,-39.60141242,1152,3,0,0,0,0,3,201166 ns,179041,1152,1152,2432,2819,2819
64,28,butterfly-check,recompute,ntt,register-write,0,14,0,1,PASS,FAIL,yes,yes,5.27711938e2,2.51411102e2,2.89433909e2,9.02378165e1,-39.10777157,1152,3,0,0,0,0,3,182586 ns,161330,1152,1152,2432,2819,2819
64,28,butterfly-check,recompute,ntt,register-write,0,14,8,1,PASS,FAIL,yes,yes,5.94952262e2,2.64956972e2,2.96082410e2,9.23106429e1,-39.30503551,1152,3,0,0,0,0,3,200125 ns,178208,1152,1152,2432,2819,2819
64,28,butterfly-check,recompute,ntt,register-write,0,14,24,1,PASS,FAIL,yes,yes,8.12269536e2,2.61959172e2,3.01671108e2,9.40530507e1,-39.46745773,1152,3,0,0,0,0,3,182208 ns,161625,1152,1152,2432,2819,2819
64,28,butterfly-check,recompute,ntt,register-write,0,14,26,1,PASS,FAIL,yes,yes,6.13546316e2,2.82977320e2,3.17401641e2,9.89574137e1,-39.90896672,1152,3,0,0,0,0,3,168583 ns,149959,1152,1152,2432,2819,2819
64,28,butterfly-check,recompute,ntt,register-write,0,16,0,1,PASS,FAIL,yes,yes,5.85710559e2,2.61407788e2,3.02233818e2,9.42284889e1,-39.48364454,1152,3,0,0,0,0,3,139625 ns,124043,1152,1152,2432,2819,2819
64,28,butterfly-check,recompute,ntt,register-write,0,16,8,1,PASS,FAIL,yes,yes,4.62453973e2,2.58919014e2,2.80111612e2,8.73313716e1,-38.82340562,1152,3,0,0,0,0,3,131709 ns,116834,1152,1152,2432,2819,2819
64,28,butterfly-check,recompute,ntt,register-write,0,16,24,1,PASS,FAIL,yes,yes,7.23115814e2,2.44142252e2,2.84783963e2,8.87880869e1,-38.96709397,1152,3,0,0,0,0,3,131166 ns,116498,1152,1152,2432,2819,2819
64,28,butterfly-check,recompute,ntt,register-write,0,16,26,1,PASS,FAIL,yes,yes,5.52394056e2,2.87187437e2,3.17569093e2,9.90096208e1,-39.91354794,1152,3,0,0,0,0,3,131416 ns,116671,1152,1152,2432,2819,2819
64,28,butterfly-check,recompute,ntt,register-write,0,18,0,1,PASS,FAIL,yes,yes,7.13332765e2,2.81804965e2,3.17782796e2,9.90762477e1,-39.91939101,1152,3,0,0,0,0,3,200208 ns,177957,1152,1152,2432,2819,2819
64,28,butterfly-check,recompute,ntt,register-write,0,18,8,1,PASS,FAIL,yes,yes,9.56533596e2,2.71333298e2,3.14687770e2,9.81113008e1,-39.83438067,1152,3,0,0,0,0,3,199542 ns,177293,1152,1152,2432,2819,2819
64,28,butterfly-check,recompute,ntt,register-write,0,18,24,1,PASS,FAIL,yes,yes,6.23290324e2,2.49253869e2,2.82278893e2,8.80070726e1,-38.89035150,1152,3,0,0,0,0,3,250541 ns,222708,1152,1152,2432,2819,2819
64,28,butterfly-check,recompute,ntt,register-write,0,18,26,1,PASS,FAIL,yes,yes,7.65625595e2,2.52023762e2,2.93080580e2,9.13747518e1,-39.21652421,1152,3,0,0,0,0,3,280291 ns,249244,1152,1152,2432,2819,2819
64,28,butterfly-check,recompute,ntt,register-write,0,21,0,1,PASS,FAIL,yes,yes,5.79176321e2,2.68338393e2,2.99929033e2,9.35099181e1,-39.41715353,1152,3,0,0,0,0,3,161542 ns,144250,1152,1152,2432,2819,2819
64,28,butterfly-check,recompute,ntt,register-write,0,21,8,1,PASS,FAIL,yes,yes,5.55577336e2,2.60646252e2,2.83329868e2,8.83347386e1,-38.92263056,1152,3,0,0,0,0,3,132084 ns,116416,1152,1152,2432,2819,2819
64,28,butterfly-check,recompute,ntt,register-write,0,21,24,1,PASS,FAIL,yes,yes,7.05014930e2,2.45102929e2,2.79420873e2,8.71160176e1,-38.80196028,1152,3,0,0,0,0,3,200499 ns,178249,1152,1152,2432,2819,2819
64,28,butterfly-check,recompute,ntt,register-write,0,21,26,1,PASS,FAIL,yes,yes,5.93064258e2,2.53147471e2,2.88640428e2,8.99904304e1,-39.08392657,1152,3,0,0,0,0,3,183834 ns,162871,1152,1152,2432,2819,2819
64,28,butterfly-check,recompute,ntt,register-write,0,22,0,1,PASS,FAIL,yes,yes,5.70536753e2,2.60672826e2,2.93353844e2,9.14599485e1,-39.22461905,1152,3,0,0,0,0,3,143708 ns,127919,1152,1152,2432,2819,2819
64,28,butterfly-check,recompute,ntt,register-write,0,22,8,1,PASS,FAIL,yes,yes,7.72385864e2,2.50836257e2,2.90398779e2,9.05386377e1,-39.13667911,1152,3,0,0,0,0,3,134250 ns,118417,1152,1152,2432,2819,2819
64,28,butterfly-check,recompute,ntt,register-write,0,22,24,1,PASS,FAIL,yes,yes,6.20119618e2,2.79808224e2,3.12929956e2,9.75632609e1,-39.78572615,1152,3,0,0,0,0,3,182625 ns,162169,1152,1152,2432,2819,2819
64,28,butterfly-check,recompute,ntt,register-write,0,22,26,1,PASS,FAIL,yes,yes,5.62622083e2,2.83596164e2,3.09488995e2,9.64904605e1,-39.68968758,1152,3,0,0,0,0,3,133834 ns,117960,1152,1152,2432,2819,2819
64,28,butterfly-check,recompute,ntt,register-write,0,27,0,1,PASS,FAIL,yes,yes,5.42728582e2,2.51372058e2,2.83902412e2,8.85132427e1,-38.94016503,1152,3,0,0,0,0,3,136666 ns,121000,1152,1152,2432,2819,2819
64,28,butterfly-check,recompute,ntt,register-write,0,27,8,1,PASS,FAIL,yes,yes,6.03149462e2,2.58019119e2,2.90113943e2,9.04498332e1,-39.12815540,1152,3,0,0,0,0,3,170500 ns,151293,1152,1152,2432,2819,2819
64,28,butterfly-check,recompute,ntt,register-write,0,27,24,1,PASS,FAIL,yes,yes,5.45704217e2,2.70122254e2,2.98184865e2,9.29661325e1,-39.36649529,1152,3,0,0,0,0,3,200251 ns,177914,1152,1152,2432,2819,2819
64,28,butterfly-check,recompute,ntt,register-write,0,27,26,1,PASS,FAIL,yes,yes,6.01490492e2,2.56208003e2,2.90833619e2,9.06742090e1,-39.14967552,1152,3,0,0,0,0,3,181749 ns,161289,1152,1152,2432,2819,2819
64,28,butterfly-check,recompute,ntt,register-write,0,28,0,1,PASS,FAIL,yes,yes,5.42451275e2,2.47291710e2,2.72961041e2,8.51020133e1,-38.59879669,1152,3,0,0,0,0,3,182666 ns,162332,1152,1152,2432,2819,2819
64,28,butterfly-check,recompute,ntt,register-write,0,28,8,1,PASS,FAIL,yes,yes,5.26199816e2,2.85008687e2,3.15520119e2,9.83708051e1,-39.85732452,1152,3,0,0,0,0,3,169791 ns,150169,1152,1152,2432,2819,2819
64,28,butterfly-check,recompute,ntt,register-write,0,28,24,1,PASS,FAIL,yes,yes,7.81958678e2,2.73694845e2,3.11868095e2,9.72322010e1,-39.75620233,1152,3,0,0,0,0,3,182999 ns,162873,1152,1152,2432,2819,2819
64,28,butterfly-check,recompute,ntt,register-write,0,28,26,1,PASS,FAIL,yes,yes,5.52887477e2,2.61103703e2,2.98119262e2,9.29456795e1,-39.36458414,1152,3,0,0,0,0,3,183502 ns,161996,1152,1152,2432,2819,2819
64,28,butterfly-check,recompute,ntt,register-write,0,29,0,1,PASS,FAIL,yes,yes,6.45506252e2,2.56315750e2,2.94042573e2,9.16746759e1,-39.24498767,1152,3,0,0,0,0,3,131292 ns,116544,1152,1152,2432,2819,2819
64,28,butterfly-check,recompute,ntt,register-write,0,29,8,1,PASS,FAIL,yes,yes,7.23760993e2,2.39697491e2,2.84163242e2,8.85945625e1,-38.94814136,1152,3,0,0,0,0,3,182959 ns,162459,1152,1152,2432,2819,2819
64,28,butterfly-check,recompute,ntt,register-write,0,29,24,1,PASS,FAIL,yes,yes,5.50012893e2,2.58681475e2,2.94075618e2,9.16849784e1,-39.24596374,1152,3,0,0,0,0,3,183959 ns,162502,1152,1152,2432,2819,2819
64,28,butterfly-check,recompute,ntt,register-write,0,29,26,1,PASS,FAIL,yes,yes,1.04324592e3,2.44958289e2,3.17762753e2,9.90699989e1,-39.91884316,1152,3,0,0,0,0,3,130041 ns,115369,1152,1152,2432,2819,2819
64,28,butterfly-check,recompute,ntt,register-write,0,30,0,1,PASS,FAIL,yes,yes,6.61099242e2,2.41965190e2,2.87756469e2,8.97148352e1,-39.05728528,1152,3,0,0,0,0,3,182250 ns,161959,1152,1152,2432,2819,2819
64,28,butterfly-check,recompute,ntt,register-write,0,30,8,1,PASS,FAIL,yes,yes,9.84092103e2,2.44894356e2,3.09335341e2,9.64425552e1,-39.68537417,1152,3,0,0,0,0,3,169624 ns,150419,1152,1152,2432,2819,2819
64,28,butterfly-check,recompute,ntt,register-write,0,30,24,1,PASS,FAIL,yes,yes,4.51765851e2,2.85578380e2,3.07614023e2,9.59058942e1,-39.63690598,1152,3,0,0,0,0,3,184250 ns,162626,1152,1152,2432,2819,2819
64,28,butterfly-check,recompute,ntt,register-write,0,30,26,1,PASS,FAIL,yes,yes,6.32984142e2,2.85735614e2,3.15714296e2,9.84313444e1,-39.86266833,1152,3,0,0,0,0,3,131292 ns,116749,1152,1152,2432,2819,2819
64,28,butterfly-check,recompute,ntt,register-write,0,32,0,1,PASS,FAIL,yes,yes,5.97405803e2,2.48992414e2,2.90611639e2,9.06050018e1,-39.14304346,1152,3,0,0,0,0,3,159126 ns,141165,1152,1152,2432,2819,2819
64,28,butterfly-check,recompute,ntt,register-write,0,32,8,1,PASS,FAIL,yes,yes,6.35294468e2,3.03592339e2,3.35710017e2,1.04665480e2,-40.39606938,1152,3,0,0,0,0,3,199750 ns,177332,1152,1152,2432,2819,2819
64,28,butterfly-check,recompute,ntt,register-write,0,32,24,1,PASS,FAIL,yes,yes,4.49469872e2,2.39413508e2,2.64814085e2,8.25620086e1,-38.33560501,1152,3,0,0,0,0,3,200291 ns,178086,1152,1152,2432,2819,2819
64,28,butterfly-check,recompute,ntt,register-write,0,32,26,1,PASS,FAIL,yes,yes,6.09343499e2,2.50037023e2,2.85150479e2,8.89023567e1,-38.97826548,1152,3,0,0,0,0,3,131208 ns,117042,1152,1152,2432,2819,2819
64,28,butterfly-check,recompute,ntt,register-write,0,33,0,1,PASS,FAIL,yes,yes,5.68562296e2,2.64684342e2,2.96391064e2,9.24068730e1,-39.31408548,1152,3,0,0,0,0,3,170001 ns,150456,1152,1152,2432,2819,2819
64,28,butterfly-check,recompute,ntt,register-write,0,33,8,1,PASS,FAIL,yes,yes,5.49185619e2,2.75327847e2,3.09611607e2,9.65286879e1,-39.69312806,1152,3,0,0,0,0,3,182834 ns,161999,1152,1152,2432,2819,2819
64,28,butterfly-check,recompute,ntt,register-write,0,33,24,1,PASS,FAIL,yes,yes,5.70877260e2,2.93992007e2,3.17288880e2,9.89222579e1,-39.90588041,1152,3,0,0,0,0,3,294500 ns,261333,1152,1152,2432,2819,2819
64,28,butterfly-check,recompute,ntt,register-write,0,33,26,1,PASS,FAIL,yes,yes,5.21734039e2,2.71928115e2,2.96945776e2,9.25798177e1,-39.33032642,1152,3,0,0,0,0,3,222710 ns,197706,1152,1152,2432,2819,2819
64,28,butterfly-check,recompute,ntt,register-write,0,35,0,1,PASS,FAIL,yes,yes,5.96175359e2,2.90875359e2,3.24757796e2,1.01250868e2,-40.10797509,1152,3,0,0,0,0,3,162041 ns,143829,1152,1152,2432,2819,2819
64,28,butterfly-check,recompute,ntt,register-write,0,35,8,1,PASS,FAIL,yes,yes,4.71655298e2,2.49718023e2,2.77541425e2,8.65300556e1,-38.74333965,1152,3,0,0,0,0,3,223165 ns,196669,1152,1152,2432,2819,2819
64,28,butterfly-check,recompute,ntt,register-write,0,35,24,1,PASS,FAIL,yes,yes,7.50026544e2,2.72273670e2,3.07764801e2,9.59529025e1,-39.64116233,1152,3,0,0,0,0,3,132917 ns,117708,1152,1152,2432,2819,2819
64,28,butterfly-check,recompute,ntt,register-write,0,35,26,1,PASS,FAIL,yes,yes,5.68053368e2,2.50554019e2,2.93979504e2,9.16550125e1,-39.24312442,1152,3,0,0,0,0,3,135001 ns,118959,1152,1152,2432,2819,2819
64,28,butterfly-check,recompute,ntt,register-write,0,38,0,1,PASS,FAIL,yes,yes,7.64482849e2,2.67741316e2,3.05559385e2,9.52653124e1,-39.57869592,1152,3,0,0,0,0,3,223419 ns,198920,1152,1152,2432,2819,2819
64,28,butterfly-check,recompute,ntt,register-write,0,38,8,1,PASS,FAIL,yes,yes,5.82123547e2,2.81609994e2,3.11062578e2,9.69810619e1,-39.73373871,1152,3,0,0,0,0,3,189958 ns,168916,1152,1152,2432,2819,2819
64,28,butterfly-check,recompute,ntt,register-write,0,38,24,1,PASS,FAIL,yes,yes,5.17291520e2,2.56146700e2,2.93819096e2,9.16050017e1,-39.23838374,1152,3,0,0,0,0,3,130916 ns,116583,1152,1152,2432,2819,2819
64,28,butterfly-check,recompute,ntt,register-write,0,38,26,1,PASS,FAIL,yes,yes,4.85910743e2,2.35770808e2,2.61883395e2,8.16482971e1,-38.23894263,1152,3,0,0,0,0,3,132292 ns,117166,1152,1152,2432,2819,2819
64,28,butterfly-check,recompute,ntt,register-write,0,39,0,1,PASS,FAIL,yes,yes,5.44654592e2,2.45659349e2,2.75435076e2,8.58733517e1,-38.67716828,1152,3,0,0,0,0,3,222166 ns,197083,1152,1152,2432,2819,2819
64,28,butterfly-check,recompute,ntt,register-write,0,39,8,1,PASS,FAIL,yes,yes,6.52548134e2,2.64665411e2,3.00168105e2,9.35844544e1,-39.42407425,1152,3,0,0,0,0,3,131418 ns,116625,1152,1152,2432,2819,2819
64,28,butterfly-check,recompute,ntt,register-write,0,39,24,1,PASS,FAIL,yes,yes,7.07828972e2,2.80107757e2,3.13107193e2,9.76185188e1,-39.79064427,1152,3,0,0,0,0,3,222251 ns,196918,1152,1152,2432,2819,2819
64,28,butterfly-check,recompute,ntt,register-write,0,39,26,1,PASS,FAIL,yes,yes,5.57199545e2,2.48963803e2,2.87273596e2,8.95642884e1,-39.04269760,1152,3,0,0,0,0,3,149460 ns,132420,1152,1152,2432,2819,2819
64,28,butterfly-check,recompute,ntt,register-write,0,40,0,1,PASS,FAIL,yes,yes,6.07780126e2,2.60443634e2,2.99306827e2,9.33159308e1,-39.39911584,1152,3,0,0,0,0,3,131792 ns,116499,1152,1152,2432,2819,2819
64,28,butterfly-check,recompute,ntt,register-write,0,40,8,1,PASS,FAIL,yes,yes,6.69073124e2,2.86113794e2,3.20085084e2,9.97940400e1,-39.98209210,1152,3,0,0,0,0,3,200666 ns,178001,1152,1152,2432,2819,2819
64,28,butterfly-check,recompute,ntt,register-write,0,40,24,1,PASS,FAIL,yes,yes,5.96615151e2,2.36200501e2,2.68754111e2,8.37904042e1,-38.46388571,1152,3,0,0,0,0,3,224833 ns,198998,1152,1152,2432,2819,2819
64,28,butterfly-check,recompute,ntt,register-write,0,40,26,1,PASS,FAIL,yes,yes,6.10450787e2,2.72713619e2,3.04225389e2,9.48494079e1,-39.54069248,1152,3,0,0,0,0,3,131709 ns,116622,1152,1152,2432,2819,2819
64,28,butterfly-check,recompute,ntt,register-write,0,41,0,1,PASS,FAIL,yes,yes,6.10894435e2,2.76533268e2,3.09747686e2,9.65711137e1,-39.69694480,1152,3,0,0,0,0,3,176374 ns,158167,1152,1152,2432,2819,2819
64,28,butterfly-check,recompute,ntt,register-write,0,41,8,1,PASS,FAIL,yes,yes,5.78511357e2,2.74011190e2,3.05143850e2,9.51357596e1,-39.56687580,1152,3,0,0,0,0,3,131333 ns,116543,1152,1152,2432,2819,2819
64,28,butterfly-check,recompute,ntt,register-write,0,41,24,1,PASS,FAIL,yes,yes,6.18543246e2,2.51650639e2,2.89856788e2,9.03696590e1,-39.12045287,1152,3,0,0,0,0,3,159250 ns,141498,1152,1152,2432,2819,2819
64,28,butterfly-check,recompute,ntt,register-write,0,41,26,1,PASS,FAIL,yes,yes,6.71011400e2,2.67487716e2,3.01424411e2,9.39761372e1,-39.46035179,1152,3,0,0,0,0,3,224209 ns,197875,1152,1152,2432,2819,2819
64,28,butterfly-check,recompute,ntt,register-write,0,45,0,1,PASS,FAIL,yes,yes,6.49160592e2,2.44541896e2,2.77884351e2,8.66369709e1,-38.75406519,1152,3,0,0,0,0,3,158752 ns,141376,1152,1152,2432,2819,2819
64,28,butterfly-check,recompute,ntt,register-write,0,45,8,1,PASS,FAIL,yes,yes,5.05957977e2,2.44480252e2,2.74761606e2,8.56633818e1,-38.65590431,1152,3,0,0,0,0,3,222169 ns,196999,1152,1152,2432,2819,2819
64,28,butterfly-check,recompute,ntt,register-write,0,45,24,1,PASS,FAIL,yes,yes,4.47816348e2,2.35083220e2,2.66381996e2,8.30508414e1,-38.38688073,1152,3,0,0,0,0,3,223583 ns,198337,1152,1152,2432,2819,2819
64,28,butterfly-check,recompute,ntt,register-write,0,45,26,1,PASS,FAIL,yes,yes,5.72160172e2,2.60117858e2,2.88849133e2,9.00554991e1,-39.09020475,1152,3,0,0,0,0,3,250416 ns,222418,1152,1152,2432,2819,2819
64,28,butterfly-check,recompute,ntt,register-write,0,47,0,1,PASS,FAIL,yes,yes,5.41885956e2,2.58538787e2,2.94526645e2,9.18255966e1,-39.25927517,1152,3,0,0,0,0,3,222166 ns,197706,1152,1152,2432,2819,2819
64,28,butterfly-check,recompute,ntt,register-write,0,47,8,1,PASS,FAIL,yes,yes,7.96235633e2,2.76881469e2,3.16000282e2,9.85205072e1,-39.87053278,1152,3,0,0,0,0,3,132708 ns,117667,1152,1152,2432,2819,2819
64,28,butterfly-check,recompute,ntt,register-write,0,47,24,1,PASS,FAIL,yes,yes,5.63956883e2,2.67642442e2,2.96589909e2,9.24688677e1,-39.31991080,1152,3,0,0,0,0,3,190250 ns,169920,1152,1152,2432,2819,2819
64,28,butterfly-check,recompute,ntt,register-write,0,47,26,1,PASS,FAIL,yes,yes,5.78800431e2,2.67191953e2,3.02369700e2,9.42708533e1,-39.48754876,1152,3,0,0,0,0,3,223460 ns,198918,1152,1152,2432,2819,2819
64,28,butterfly-check,recompute,ntt,register-write,0,53,0,1,PASS,FAIL,yes,yes,6.23715210e2,2.87501039e2,3.23209853e2,1.00768260e2,-40.06647521,1152,3,0,0,0,0,3,221708 ns,197290,1152,1152,2432,2819,2819
64,28,butterfly-check,recompute,ntt,register-write,0,53,8,1,PASS,FAIL,yes,yes,5.96686150e2,2.90002895e2,3.15690622e2,9.84239634e1,-39.86201699,1152,3,0,0,0,0,3,198457 ns,177335,1152,1152,2432,2819,2819
64,28,butterfly-check,recompute,ntt,register-write,0,53,24,1,PASS,FAIL,yes,yes,5.26952211e2,2.85581797e2,3.12074936e2,9.72966885e1,-39.76196118,1152,3,0,0,0,0,3,224042 ns,197875,1152,1152,2432,2819,2819
64,28,butterfly-check,recompute,ntt,register-write,0,53,26,1,PASS,FAIL,yes,yes,7.21167692e2,2.73865527e2,3.01447737e2,9.39834096e1,-39.46102393,1152,3,0,0,0,0,3,133625 ns,118627,1152,1152,2432,2819,2819
64,28,butterfly-check,recompute,ntt,register-write,0,54,0,1,PASS,FAIL,yes,yes,5.89346472e2,2.76810442e2,3.09445684e2,9.64769575e1,-39.68847198,1152,3,0,0,0,0,3,131167 ns,116371,1152,1152,2432,2819,2819
64,28,butterfly-check,recompute,ntt,register-write,0,54,8,1,PASS,FAIL,yes,yes,5.80025862e2,2.62151890e2,2.96941683e2,9.25785415e1,-39.33020669,1152,3,0,0,0,0,3,221583 ns,196875,1152,1152,2432,2819,2819
64,28,butterfly-check,recompute,ntt,register-write,0,54,24,1,PASS,FAIL,yes,yes,6.04549043e2,2.44660585e2,2.92090649e2,9.10661179e1,-39.18713646,1152,3,0,0,0,0,3,131042 ns,116585,1152,1152,2432,2819,2819
64,28,butterfly-check,recompute,ntt,register-write,0,54,26,1,PASS,FAIL,yes,yes,6.01052003e2,2.67567879e2,3.02910540e2,9.44394729e1,-39.50307109,1152,3,0,0,0,0,3,129793 ns,114830,1152,1152,2432,2819,2819
64,28,butterfly-check,recompute,ntt,register-write,0,55,0,1,PASS,FAIL,yes,yes,5.64787872e2,2.94989483e2,3.20098668e2,9.97982753e1,-39.98246072,1152,3,0,0,0,0,3,222667 ns,198124,1152,1152,2432,2819,2819
64,28,butterfly-check,recompute,ntt,register-write,0,55,8,1,PASS,FAIL,yes,yes,6.81078878e2,2.76407048e2,3.17919755e2,9.91189480e1,-39.92313368,1152,3,0,0,0,0,3,223082 ns,197915,1152,1152,2432,2819,2819
64,28,butterfly-check,recompute,ntt,register-write,0,55,24,1,PASS,FAIL,yes,yes,6.18725182e2,2.66308057e2,2.93570519e2,9.15275018e1,-39.23103218,1152,3,0,0,0,0,3,181584 ns,162043,1152,1152,2432,2819,2819
64,28,butterfly-check,recompute,ntt,register-write,0,55,26,1,PASS,FAIL,yes,yes,5.90792289e2,2.41286650e2,2.82880831e2,8.81947408e1,-38.90885377,1152,3,0,0,0,0,3,240333 ns,213000,1152,1152,2432,2819,2819
64,28,butterfly-check,recompute,ntt,register-write,0,56,0,1,PASS,FAIL,yes,yes,5.68065972e2,2.87748338e2,3.27283644e2,1.02038360e2,-40.17526942,1152,3,0,0,0,0,3,223210 ns,197711,1152,1152,2432,2819,2819
64,28,butterfly-check,recompute,ntt,register-write,0,56,8,1,PASS,FAIL,yes,yes,5.55421796e2,2.43295734e2,2.74527642e2,8.55904381e1,-38.64850498,1152,3,0,0,0,0,3,223875 ns,197912,1152,1152,2432,2819,2819
64,28,butterfly-check,recompute,ntt,register-write,0,56,24,1,PASS,FAIL,yes,yes,4.91768770e2,2.68108920e2,2.95131155e2,9.20140669e1,-39.27708452,1152,3,0,0,0,0,3,131124 ns,116506,1152,1152,2432,2819,2819
64,28,butterfly-check,recompute,ntt,register-write,0,56,26,1,PASS,FAIL,yes,yes,5.22939651e2,2.69477241e2,2.98057310e2,9.29263644e1,-39.36277893,1152,3,0,0,0,0,3,132790 ns,117955,1152,1152,2432,2819,2819
64,28,butterfly-check,recompute,ntt,register-write,0,57,0,1,PASS,FAIL,yes,yes,5.76434466e2,2.34450877e2,2.65527243e2,8.27843521e1,-38.35896509,1152,3,0,0,0,0,3,221083 ns,196792,1152,1152,2432,2819,2819
64,28,butterfly-check,recompute,ntt,register-write,0,57,8,1,PASS,FAIL,yes,yes,5.95566449e2,2.37617711e2,2.74756853e2,8.56618999e1,-38.65575405,1152,3,0,0,0,0,3,201416 ns,177916,1152,1152,2432,2819,2819
64,28,butterfly-check,recompute,ntt,register-write,0,57,24,1,PASS,FAIL,yes,yes,5.50350879e2,2.89318652e2,3.14115017e2,9.79327317e1,-39.81855737,1152,3,0,0,0,0,3,222250 ns,197997,1152,1152,2432,2819,2819
64,28,butterfly-check,recompute,ntt,register-write,0,57,26,1,PASS,FAIL,yes,yes,6.21711836e2,2.42011131e2,2.71116446e2,8.45269175e1,-38.53990063,1152,3,0,0,0,0,3,224001 ns,198873,1152,1152,2432,2819,2819
64,28,butterfly-check,recompute,ntt,register-write,0,58,0,1,PASS,FAIL,yes,yes,5.62721659e2,2.77574737e2,3.14889604e2,9.81742272e1,-39.83994982,1152,3,0,0,0,0,3,178542 ns,159083,1152,1152,2432,2819,2819
64,28,butterfly-check,recompute,ntt,register-write,0,58,8,1,PASS,FAIL,yes,yes,5.57273191e2,2.66636926e2,2.91588760e2,9.09096421e1,-39.17219896,1152,3,0,0,0,0,3,202000 ns,178376,1152,1152,2432,2819,2819
64,28,butterfly-check,recompute,ntt,register-write,0,58,24,1,PASS,FAIL,yes,yes,4.74873575e2,2.39277119e2,2.64713291e2,8.25305837e1,-38.33229833,1152,3,0,0,0,0,3,221834 ns,197374,1152,1152,2432,2819,2819
64,28,butterfly-check,recompute,ntt,register-write,0,58,26,1,PASS,FAIL,yes,yes,6.20297960e2,2.73924515e2,3.10393148e2,9.67723516e1,-39.71502589,1152,3,0,0,0,0,3,223125 ns,198413,1152,1152,2432,2819,2819
64,28,butterfly-check,recompute,ntt,register-write,0,62,0,1,PASS,FAIL,yes,yes,6.17688008e2,2.57325819e2,3.01428058e2,9.39772741e1,-39.46045687,1152,3,0,0,0,0,3,133126 ns,118127,1152,1152,2432,2819,2819
64,28,butterfly-check,recompute,ntt,register-write,0,62,8,1,PASS,FAIL,yes,yes,6.18891215e2,2.87895354e2,3.15988315e2,9.85167761e1,-39.87020383,1152,3,0,0,0,0,3,132249 ns,117206,1152,1152,2432,2819,2819
64,28,butterfly-check,recompute,ntt,register-write,0,62,24,1,PASS,FAIL,yes,yes,5.86945121e2,2.69129983e2,2.98435633e2,9.30443155e1,-39.37379691,1152,3,0,0,0,0,3,251584 ns,222375,1152,1152,2432,2819,2819
64,28,butterfly-check,recompute,ntt,register-write,0,62,26,1,PASS,FAIL,yes,yes,6.58469338e2,2.65165112e2,3.01445469e2,9.39827024e1,-39.46095857,1152,3,0,0,0,0,3,289708 ns,257751,1152,1152,2432,2819,2819
64,28,butterfly-check,recompute,ntt,register-write,0,63,0,1,PASS,FAIL,yes,yes,6.40597650e2,2.51578150e2,2.92024411e2,9.10454664e1,-39.18516650,1152,3,0,0,0,0,3,127291 ns,113039,1152,1152,2432,2819,2819
64,28,butterfly-check,recompute,ntt,register-write,0,63,8,1,PASS,FAIL,yes,yes,5.87162019e2,2.65447437e2,3.09336757e2,9.64429967e1,-39.68541393,1152,3,0,0,0,0,3,132291 ns,117543,1152,1152,2432,2819,2819
64,28,butterfly-check,recompute,ntt,register-write,0,63,24,1,PASS,FAIL,yes,yes,5.61797638e2,2.70902857e2,2.99486726e2,9.33720184e1,-39.40433494,1152,3,0,0,0,0,3,222083 ns,197333,1152,1152,2432,2819,2819
64,28,butterfly-check,recompute,ntt,register-write,0,63,26,1,PASS,FAIL,yes,yes,6.94573755e2,2.53899228e2,2.92915921e2,9.13234156e1,-39.21164292,1152,3,0,0,0,0,3,165248 ns,147707,1152,1152,2432,2819,2819
64,28,butterfly-check,recompute,ntt,register-write,0,1,0,2,PASS,FAIL,yes,yes,4.53959891e2,2.32795804e2,2.59221705e2,8.08184528e1,-38.15021064,1152,3,0,0,0,0,3,135584 ns,120123,1152,1152,2432,2819,2819
64,28,butterfly-check,recompute,ntt,register-write,0,1,8,2,PASS,FAIL,yes,yes,6.92080617e2,2.63561511e2,3.06958293e2,9.57014548e1,-39.61837079,1152,3,0,0,0,0,3,182750 ns,162456,1152,1152,2432,2819,2819
64,28,butterfly-check,recompute,ntt,register-write,0,1,24,2,PASS,FAIL,yes,yes,5.79684334e2,2.58504880e2,3.02332527e2,9.42592638e1,-39.48648087,1152,3,0,0,0,0,3,223001 ns,198294,1152,1152,2432,2819,2819
64,28,butterfly-check,recompute,ntt,register-write,0,1,26,2,PASS,FAIL,yes,yes,6.06635519e2,2.94904294e2,3.24546649e2,1.01185038e2,-40.10232596,1152,3,0,0,0,0,3,222500 ns,197789,1152,1152,2432,2819,2819
64,28,butterfly-check,recompute,ntt,register-write,0,4,0,2,PASS,FAIL,yes,yes,5.85748703e2,2.73823215e2,3.15542805e2,9.83778781e1,-39.85794902,1152,3,0,0,0,0,3,221750 ns,197417,1152,1152,2432,2819,2819
64,28,butterfly-check,recompute,ntt,register-write,0,4,8,2,PASS,FAIL,yes,yes,6.07181685e2,2.88466460e2,3.15463924e2,9.83532851e1,-39.85577740,1152,3,0,0,0,0,3,222543 ns,197414,1152,1152,2432,2819,2819
64,28,butterfly-check,recompute,ntt,register-write,0,4,24,2,PASS,FAIL,yes,yes,4.90117378e2,2.60177124e2,2.90150377e2,9.04611925e1,-39.12924617,1152,3,0,0,0,0,3,221373 ns,196999,1152,1152,2432,2819,2819
64,28,butterfly-check,recompute,ntt,register-write,0,4,26,2,PASS,FAIL,yes,yes,5.37864599e2,2.42263362e2,2.90801406e2,9.06641660e1,-39.14871342,1152,3,0,0,0,0,3,133876 ns,117289,1152,1152,2432,2819,2819
64,28,butterfly-check,recompute,ntt,register-write,0,6,0,2,PASS,FAIL,yes,yes,5.80323843e2,2.93485724e2,3.12637011e2,9.74719286e1,-39.77759119,1152,3,0,0,0,0,3,251543 ns,222999,1152,1152,2432,2819,2819
64,28,butterfly-check,recompute,ntt,register-write,0,6,8,2,PASS,FAIL,yes,yes,7.86458094e2,2.46411310e2,2.92590742e2,9.12220336e1,-39.20199499,1152,3,0,0,0,0,3,223083 ns,198290,1152,1152,2432,2819,2819
64,28,butterfly-check,recompute,ntt,register-write,0,6,24,2,PASS,FAIL,yes,yes,7.70523082e2,2.93140700e2,3.32426954e2,1.03641908e2,-40.31070797,1152,3,0,0,0,0,3,221833 ns,197419,1152,1152,2432,2819,2819
64,28,butterfly-check,recompute,ntt,register-write,0,6,26,2,PASS,FAIL,yes,yes,5.70024095e2,2.39511209e2,2.74190841e2,8.54854324e1,-38.63784226,1152,3,0,0,0,0,3,223416 ns,197420,1152,1152,2432,2819,2819
64,28,butterfly-check,recompute,ntt,register-write,0,7,0,2,PASS,FAIL,yes,yes,6.75983122e2,2.67773683e2,3.07511136e2,9.58738167e1,-39.63400034,1152,3,0,0,0,0,3,222207 ns,197874,1152,1152,2432,2819,2819
64,28,butterfly-check,recompute,ntt,register-write,0,7,8,2,PASS,FAIL,yes,yes,4.34013907e2,2.35640804e2,2.54761999e2,7.94280346e1,-37.99947632,1152,3,0,0,0,0,3,222416 ns,197165,1152,1152,2432,2819,2819
64,28,butterfly-check,recompute,ntt,register-write,0,7,24,2,PASS,FAIL,yes,yes,5.77638676e2,2.58168851e2,2.82193893e2,8.79805718e1,-38.88773560,1152,3,0,0,0,0,3,222041 ns,198252,1152,1152,2432,2819,2819
64,28,butterfly-check,recompute,ntt,register-write,0,7,26,2,PASS,FAIL,yes,yes,5.99441902e2,2.72878019e2,3.04036273e2,9.47904466e1,-39.53529138,1152,3,0,0,0,0,3,250876 ns,222750,1152,1152,2432,2819,2819
64,28,butterfly-check,recompute,ntt,register-write,0,8,0,2,PASS,FAIL,yes,yes,5.13283818e2,2.42030188e2,2.75356417e2,8.58488282e1,-38.67468743,1152,3,0,0,0,0,3,221876 ns,196833,1152,1152,2432,2819,2819
64,28,butterfly-check,recompute,ntt,register-write,0,8,8,2,PASS,FAIL,yes,yes,5.54549011e2,2.33242100e2,2.64826512e2,8.25658829e1,-38.33601259,1152,3,0,0,0,0,3,250917 ns,223169,1152,1152,2432,2819,2819
64,28,butterfly-check,recompute,ntt,register-write,0,8,24,2,PASS,FAIL,yes,yes,6.59879501e2,2.71165664e2,3.17003798e2,9.88333767e1,-39.89807267,1152,3,0,0,0,0,3,131292 ns,116749,1152,1152,2432,2819,2819
64,28,butterfly-check,recompute,ntt,register-write,0,8,26,2,PASS,FAIL,yes,yes,6.17591797e2,2.83805301e2,3.20390200e2,9.98891673e1,-39.99036786,1152,3,0,0,0,0,3,201582 ns,179251,1152,1152,2432,2819,2819
64,28,butterfly-check,recompute,ntt,register-write,0,9,0,2,PASS,FAIL,yes,yes,7.68101324e2,2.72666746e2,3.06766502e2,9.56416593e1,-39.61294205,1152,3,0,0,0,0,3,132043 ns,116376,1152,1152,2432,2819,2819
64,28,butterfly-check,recompute,ntt,register-write,0,9,8,2,PASS,FAIL,yes,yes,5.43005410e2,2.67321555e2,2.99511130e2,9.33796270e1,-39.40504269,1152,3,0,0,0,0,3,251210 ns,223337,1152,1152,2432,2819,2819
64,28,butterfly-check,recompute,ntt,register-write,0,9,24,2,PASS,FAIL,yes,yes,4.60958380e2,2.45668925e2,2.74905389e2,8.57082095e1,-38.66044845,1152,3,0,0,0,0,3,222333 ns,197791,1152,1152,2432,2819,2819
64,28,butterfly-check,recompute,ntt,register-write,0,9,26,2,PASS,FAIL,yes,yes,5.95935426e2,2.91837278e2,3.22192350e2,1.00451030e2,-40.03908786,1152,3,0,0,0,0,3,183000 ns,162334,1152,1152,2432,2819,2819
64,28,butterfly-check,recompute,ntt,register-write,0,10,0,2,PASS,FAIL,yes,yes,6.87142534e2,2.70722397e2,3.14646801e2,9.80985276e1,-39.83324978,1152,3,0,0,0,0,3,222417 ns,198291,1152,1152,2432,2819,2819
64,28,butterfly-check,recompute,ntt,register-write,0,10,8,2,PASS,FAIL,yes,yes,5.02835007e2,2.65380205e2,2.95349591e2,9.20821694e1,-39.28351085,1152,3,0,0,0,0,3,126709 ns,112624,1152,1152,2432,2819,2819
64,28,butterfly-check,recompute,ntt,register-write,0,10,24,2,PASS,FAIL,yes,yes,5.41033184e2,2.49548200e2,2.81169390e2,8.76611589e1,-38.85614416,1152,3,0,0,0,0,3,223167 ns,198252,1152,1152,2432,2819,2819
64,28,butterfly-check,recompute,ntt,register-write,0,10,26,2,PASS,FAIL,yes,yes,7.17891023e2,2.73706707e2,3.07935713e2,9.60061883e1,-39.64598455,1152,3,0,0,0,0,3,131584 ns,116044,1152,1152,2432,2819,2819
64,28,butterfly-check,recompute,ntt,register-write,0,11,0,2,PASS,FAIL,yes,yes,5.47196418e2,2.69929948e2,2.94995317e2,9.19717163e1,-39.27308582,1152,3,0,0,0,0,3,222958 ns,198335,1152,1152,2432,2819,2819
64,28,butterfly-check,recompute,ntt,register-write,0,11,8,2,PASS,FAIL,yes,yes,6.68838213e2,2.33662194e2,2.79067799e2,8.70059385e1,-38.79097792,1152,3,0,0,0,0,3,219250 ns,194919,1152,1152,2432,2819,2819
64,28,butterfly-check,recompute,ntt,register-write,0,11,24,2,PASS,FAIL,yes,yes,6.32743051e2,2.69592938e2,3.13390690e2,9.77069055e1,-39.79850518,1152,3,0,0,0,0,3,133542 ns,118288,1152,1152,2432,2819,2819
64,28,butterfly-check,recompute,ntt,register-write,0,11,26,2,PASS,FAIL,yes,yes,5.57460448e2,2.52064527e2,2.91494606e2,9.08802874e1,-39.16939384,1152,3,0,0,0,0,3,200666 ns,177209,1152,1152,2432,2819,2819
64,28,butterfly-check,recompute,ntt,register-write,0,15,0,2,PASS,FAIL,yes,yes,6.92503052e2,2.65055632e2,2.95699360e2,9.21912182e1,-39.29379108,1152,3,0,0,0,0,3,132042 ns,116921,1152,1152,2432,2819,2819
64,28,butterfly-check,recompute,ntt,register-write,0,15,8,2,PASS,FAIL,yes,yes,6.13585828e2,2.79442816e2,3.09596816e2,9.65240762e1,-39.69271308,1152,3,0,0,0,0,3,130958 ns,116411,1152,1152,2432,2819,2819
64,28,butterfly-check,recompute,ntt,register-write,0,15,24,2,PASS,FAIL,yes,yes,5.24228357e2,2.13872804e2,2.42376100e2,7.55664400e1,-37.56657925,1152,3,0,0,0,0,3,183624 ns,162248,1152,1152,2432,2819,2819
64,28,butterfly-check,recompute,ntt,register-write,0,15,26,2,PASS,FAIL,yes,yes,6.38926699e2,2.48268862e2,2.86399103e2,8.92916446e1,-39.01621644,1152,3,0,0,0,0,3,223209 ns,198041,1152,1152,2432,2819,2819
64,28,butterfly-check,recompute,ntt,register-write,0,16,0,2,PASS,FAIL,yes,yes,5.85710559e2,2.61407788e2,3.02233818e2,9.42284889e1,-39.48364454,1152,3,0,0,0,0,3,200125 ns,177334,1152,1152,2432,2819,2819
64,28,butterfly-check,recompute,ntt,register-write,0,16,8,2,PASS,FAIL,yes,yes,4.62453973e2,2.58919014e2,2.80111612e2,8.73313716e1,-38.82340562,1152,3,0,0,0,0,3,221418 ns,197337,1152,1152,2432,2819,2819
64,28,butterfly-check,recompute,ntt,register-write,0,16,24,2,PASS,FAIL,yes,yes,7.23115814e2,2.44142252e2,2.84783963e2,8.87880869e1,-38.96709397,1152,3,0,0,0,0,3,200000 ns,177957,1152,1152,2432,2819,2819
64,28,butterfly-check,recompute,ntt,register-write,0,16,26,2,PASS,FAIL,yes,yes,5.52394056e2,2.87187437e2,3.17569093e2,9.90096208e1,-39.91354794,1152,3,0,0,0,0,3,251291 ns,223582,1152,1152,2432,2819,2819
64,28,butterfly-check,recompute,ntt,register-write,0,18,0,2,PASS,FAIL,yes,yes,7.13332765e2,2.81804965e2,3.17782796e2,9.90762477e1,-39.91939101,1152,3,0,0,0,0,3,200623 ns,178293,1152,1152,2432,2819,2819
64,28,butterfly-check,recompute,ntt,register-write,0,18,8,2,PASS,FAIL,yes,yes,9.56533596e2,2.71333298e2,3.14687770e2,9.81113008e1,-39.83438067,1152,3,0,0,0,0,3,222167 ns,197626,1152,1152,2432,2819,2819
64,28,butterfly-check,recompute,ntt,register-write,0,18,24,2,PASS,FAIL,yes,yes,6.23290324e2,2.49253869e2,2.82278893e2,8.80070726e1,-38.89035150,1152,3,0,0,0,0,3,136333 ns,121207,1152,1152,2432,2819,2819
64,28,butterfly-check,recompute,ntt,register-write,0,18,26,2,PASS,FAIL,yes,yes,7.65625595e2,2.52023762e2,2.93080580e2,9.13747518e1,-39.21652421,1152,3,0,0,0,0,3,157292 ns,138127,1152,1152,2432,2819,2819
64,28,butterfly-check,recompute,ntt,register-write,0,19,0,2,PASS,FAIL,yes,yes,5.38191880e2,2.49457842e2,2.77595617e2,8.65469513e1,-38.74503548,1152,3,0,0,0,0,3,131375 ns,117040,1152,1152,2432,2819,2819
64,28,butterfly-check,recompute,ntt,register-write,0,19,8,2,PASS,FAIL,yes,yes,6.22640794e2,2.88653420e2,3.21904988e2,1.00361438e2,-40.03133750,1152,3,0,0,0,0,3,168833 ns,150039,1152,1152,2432,2819,2819
64,28,butterfly-check,recompute,ntt,register-write,0,19,24,2,PASS,FAIL,yes,yes,5.80491201e2,2.55821531e2,2.84895468e2,8.88228511e1,-38.97049419,1152,3,0,0,0,0,3,222125 ns,197211,1152,1152,2432,2819,2819
64,28,butterfly-check,recompute,ntt,register-write,0,19,26,2,PASS,FAIL,yes,yes,5.81559407e2,2.59536415e2,2.92827322e2,9.12957927e1,-39.20901528,1152,3,0,0,0,0,3,131582 ns,116919,1152,1152,2432,2819,2819
64,28,butterfly-check,recompute,ntt,register-write,0,23,0,2,PASS,FAIL,yes,yes,7.58401359e2,2.90665783e2,3.24737554e2,1.01244557e2,-40.10743368,1152,3,0,0,0,0,3,249875 ns,222502,1152,1152,2432,2819,2819
64,28,butterfly-check,recompute,ntt,register-write,0,23,8,2,PASS,FAIL,yes,yes,8.35527300e2,2.51229748e2,3.12703458e2,9.74926449e1,-39.77943705,1152,3,0,0,0,0,3,178541 ns,159042,1152,1152,2432,2819,2819
64,28,butterfly-check,recompute,ntt,register-write,0,23,24,2,PASS,FAIL,yes,yes,5.26128368e2,2.91613998e2,3.17497952e2,9.89874409e1,-39.91160193,1152,3,0,0,0,0,3,223458 ns,197668,1152,1152,2432,2819,2819
64,28,butterfly-check,recompute,ntt,register-write,0,23,26,2,PASS,FAIL,yes,yes,7.22862403e2,2.55585327e2,3.02861349e2,9.44241363e1,-39.50166042,1152,3,0,0,0,0,3,223416 ns,198544,1152,1152,2432,2819,2819
64,28,butterfly-check,recompute,ntt,register-write,0,24,0,2,PASS,FAIL,yes,yes,7.43820232e2,2.65280453e2,3.12470635e2,9.74200570e1,-39.77296759,1152,3,0,0,0,0,3,173625 ns,155125,1152,1152,2432,2819,2819
64,28,butterfly-check,recompute,ntt,register-write,0,24,8,2,PASS,FAIL,yes,yes,4.85210499e2,2.64546666e2,2.85863798e2,8.91247506e1,-38.99996656,1152,3,0,0,0,0,3,182834 ns,162127,1152,1152,2432,2819,2819
64,28,butterfly-check,recompute,ntt,register-write,0,24,24,2,PASS,FAIL,yes,yes,5.60355070e2,2.41494149e2,2.68627106e2,8.37508073e1,-38.45978004,1152,3,0,0,0,0,3,252958 ns,224171,1152,1152,2432,2819,2819
64,28,butterfly-check,recompute,ntt,register-write,0,24,26,2,PASS,FAIL,yes,yes,8.08750250e2,3.03944752e2,3.42916591e2,1.06912298e2,-40.58055332,1152,3,0,0,0,0,3,132625 ns,117583,1152,1152,2432,2819,2819
64,28,butterfly-check,recompute,ntt,register-write,0,26,0,2,PASS,FAIL,yes,yes,5.27939676e2,2.64722649e2,2.98052332e2,9.29248125e1,-39.36263387,1152,3,0,0,0,0,3,170210 ns,151584,1152,1152,2432,2819,2819
64,28,butterfly-check,recompute,ntt,register-write,0,26,8,2,PASS,FAIL,yes,yes,5.88898587e2,2.68623505e2,2.96660992e2,9.24910295e1,-39.32199227,1152,3,0,0,0,0,3,222417 ns,198291,1152,1152,2432,2819,2819
64,28,butterfly-check,recompute,ntt,register-write,0,26,24,2,PASS,FAIL,yes,yes,5.04220114e2,2.53022228e2,2.75996964e2,8.60485336e1,-38.69486947,1152,3,0,0,0,0,3,223249 ns,198168,1152,1152,2432,2819,2819
64,28,butterfly-check,recompute,ntt,register-write,0,26,26,2,PASS,FAIL,yes,yes,5.85705467e2,2.67320839e2,2.98343072e2,9.30154575e1,-39.37110253,1152,3,0,0,0,0,3,199792 ns,177498,1152,1152,2432,2819,2819
64,28,butterfly-check,recompute,ntt,register-write,0,27,0,2,PASS,FAIL,yes,yes,5.42728582e2,2.51372058e2,2.83902412e2,8.85132427e1,-38.94016503,1152,3,0,0,0,0,3,222208 ns,197459,1152,1152,2432,2819,2819
64,28,butterfly-check,recompute,ntt,register-write,0,27,8,2,PASS,FAIL,yes,yes,6.03149462e2,2.58019119e2,2.90113943e2,9.04498332e1,-39.12815540,1152,3,0,0,0,0,3,146334 ns,130289,1152,1152,2432,2819,2819
64,28,butterfly-check,recompute,ntt,register-write,0,27,24,2,PASS,FAIL,yes,yes,5.45704217e2,2.70122254e2,2.98184865e2,9.29661325e1,-39.36649529,1152,3,0,0,0,0,3,148626 ns,131624,1152,1152,2432,2819,2819
64,28,butterfly-check,recompute,ntt,register-write,0,27,26,2,PASS,FAIL,yes,yes,6.01490492e2,2.56208003e2,2.90833619e2,9.06742090e1,-39.14967552,1152,3,0,0,0,0,3,223209 ns,198582,1152,1152,2432,2819,2819
64,28,butterfly-check,recompute,ntt,register-write,0,28,0,2,PASS,FAIL,yes,yes,5.42451275e2,2.47291710e2,2.72961041e2,8.51020133e1,-38.59879669,1152,3,0,0,0,0,3,132791 ns,117793,1152,1152,2432,2819,2819
64,28,butterfly-check,recompute,ntt,register-write,0,28,8,2,PASS,FAIL,yes,yes,5.26199816e2,2.85008687e2,3.15520119e2,9.83708051e1,-39.85732452,1152,3,0,0,0,0,3,250250 ns,222376,1152,1152,2432,2819,2819
64,28,butterfly-check,recompute,ntt,register-write,0,28,24,2,PASS,FAIL,yes,yes,7.81958678e2,2.73694845e2,3.11868095e2,9.72322010e1,-39.75620233,1152,3,0,0,0,0,3,200166 ns,176752,1152,1152,2432,2819,2819
64,28,butterfly-check,recompute,ntt,register-write,0,28,26,2,PASS,FAIL,yes,yes,5.52887477e2,2.61103703e2,2.98119262e2,9.29456795e1,-39.36458414,1152,3,0,0,0,0,3,222792 ns,197583,1152,1152,2432,2819,2819
64,28,butterfly-check,recompute,ntt,register-write,0,29,0,2,PASS,FAIL,yes,yes,6.45506252e2,2.56315750e2,2.94042573e2,9.16746759e1,-39.24498767,1152,3,0,0,0,0,3,200750 ns,178456,1152,1152,2432,2819,2819
64,28,butterfly-check,recompute,ntt,register-write,0,29,8,2,PASS,FAIL,yes,yes,7.23760993e2,2.39697491e2,2.84163242e2,8.85945625e1,-38.94814136,1152,3,0,0,0,0,3,221625 ns,197335,1152,1152,2432,2819,2819
64,28,butterfly-check,recompute,ntt,register-write,0,29,24,2,PASS,FAIL,yes,yes,5.50012893e2,2.58681475e2,2.94075618e2,9.16849784e1,-39.24596374,1152,3,0,0,0,0,3,131332 ns,116706,1152,1152,2432,2819,2819
64,28,butterfly-check,recompute,ntt,register-write,0,29,26,2,PASS,FAIL,yes,yes,1.04324592e3,2.44958289e2,3.17762753e2,9.90699989e1,-39.91884316,1152,3,0,0,0,0,3,222333 ns,197500,1152,1152,2432,2819,2819
64,28,butterfly-check,recompute,ntt,register-write,0,31,0,2,PASS,FAIL,yes,yes,5.48453965e2,2.67138479e2,2.98922123e2,9.31959901e1,-39.38794453,1152,3,0,0,0,0,3,222126 ns,197334,1152,1152,2432,2819,2819
64,28,butterfly-check,recompute,ntt,register-write,0,31,8,2,PASS,FAIL,yes,yes,5.75600931e2,2.84631282e2,3.14783756e2,9.81412266e1,-39.83702963,1152,3,0,0,0,0,3,250166 ns,222210,1152,1152,2432,2819,2819
64,28,butterfly-check,recompute,ntt,register-write,0,31,24,2,PASS,FAIL,yes,yes,6.46054128e2,2.74276343e2,3.16873285e2,9.87926862e1,-39.89449589,1152,3,0,0,0,0,3,290874 ns,258790,1152,1152,2432,2819,2819
64,28,butterfly-check,recompute,ntt,register-write,0,31,26,2,PASS,FAIL,yes,yes,6.07098168e2,2.55048123e2,2.86063487e2,8.91870086e1,-39.00603195,1152,3,0,0,0,0,3,221958 ns,197458,1152,1152,2432,2819,2819
64,28,butterfly-check,recompute,ntt,register-write,0,32,0,2,PASS,FAIL,yes,yes,5.97405803e2,2.48992414e2,2.90611639e2,9.06050018e1,-39.14304346,1152,3,0,0,0,0,3,251002 ns,223707,1152,1152,2432,2819,2819
64,28,butterfly-check,recompute,ntt,register-write,0,32,8,2,PASS,FAIL,yes,yes,6.35294468e2,3.03592339e2,3.35710017e2,1.04665480e2,-40.39606938,1152,3,0,0,0,0,3,158249 ns,141083,1152,1152,2432,2819,2819
64,28,butterfly-check,recompute,ntt,register-write,0,32,24,2,PASS,FAIL,yes,yes,4.49469872e2,2.39413508e2,2.64814085e2,8.25620086e1,-38.33560501,1152,3,0,0,0,0,3,224543 ns,199709,1152,1152,2432,2819,2819
64,28,butterfly-check,recompute,ntt,register-write,0,32,26,2,PASS,FAIL,yes,yes,6.09343499e2,2.50037023e2,2.85150479e2,8.89023567e1,-38.97826548,1152,3,0,0,0,0,3,199668 ns,177333,1152,1152,2432,2819,2819
64,28,butterfly-check,recompute,ntt,register-write,0,33,0,2,PASS,FAIL,yes,yes,5.68562296e2,2.64684342e2,2.96391064e2,9.24068730e1,-39.31408548,1152,3,0,0,0,0,3,133626 ns,118082,1152,1152,2432,2819,2819
64,28,butterfly-check,recompute,ntt,register-write,0,33,8,2,PASS,FAIL,yes,yes,5.49185619e2,2.75327847e2,3.09611607e2,9.65286879e1,-39.69312806,1152,3,0,0,0,0,3,211584 ns,188333,1152,1152,2432,2819,2819
64,28,butterfly-check,recompute,ntt,register-write,0,33,24,2,PASS,FAIL,yes,yes,5.70877260e2,2.93992007e2,3.17288880e2,9.89222579e1,-39.90588041,1152,3,0,0,0,0,3,130918 ns,116709,1152,1152,2432,2819,2819
64,28,butterfly-check,recompute,ntt,register-write,0,33,26,2,PASS,FAIL,yes,yes,5.21734039e2,2.71928115e2,2.96945776e2,9.25798177e1,-39.33032642,1152,3,0,0,0,0,3,133792 ns,117751,1152,1152,2432,2819,2819
64,28,butterfly-check,recompute,ntt,register-write,0,35,0,2,PASS,FAIL,yes,yes,5.96175359e2,2.90875359e2,3.24757796e2,1.01250868e2,-40.10797509,1152,3,0,0,0,0,3,201167 ns,178707,1152,1152,2432,2819,2819
64,28,butterfly-check,recompute,ntt,register-write,0,35,8,2,PASS,FAIL,yes,yes,4.71655298e2,2.49718023e2,2.77541425e2,8.65300556e1,-38.74333965,1152,3,0,0,0,0,3,206875 ns,185125,1152,1152,2432,2819,2819
64,28,butterfly-check,recompute,ntt,register-write,0,35,24,2,PASS,FAIL,yes,yes,7.50026544e2,2.72273670e2,3.07764801e2,9.59529025e1,-39.64116233,1152,3,0,0,0,0,3,146541 ns,130459,1152,1152,2432,2819,2819
64,28,butterfly-check,recompute,ntt,register-write,0,35,26,2,PASS,FAIL,yes,yes,5.68053368e2,2.50554019e2,2.93979504e2,9.16550125e1,-39.24312442,1152,3,0,0,0,0,3,199959 ns,177916,1152,1152,2432,2819,2819
64,28,butterfly-check,recompute,ntt,register-write,0,38,0,2,PASS,FAIL,yes,yes,7.64482849e2,2.67741316e2,3.05559385e2,9.52653124e1,-39.57869592,1152,3,0,0,0,0,3,201042 ns,178211,1152,1152,2432,2819,2819
64,28,butterfly-check,recompute,ntt,register-write,0,38,8,2,PASS,FAIL,yes,yes,5.82123547e2,2.81609994e2,3.11062578e2,9.69810619e1,-39.73373871,1152,3,0,0,0,0,3,223333 ns,198459,1152,1152,2432,2819,2819
64,28,butterfly-check,recompute,ntt,register-write,0,38,24,2,PASS,FAIL,yes,yes,5.17291520e2,2.56146700e2,2.93819096e2,9.16050017e1,-39.23838374,1152,3,0,0,0,0,3,199333 ns,178041,1152,1152,2432,2819,2819
64,28,butterfly-check,recompute,ntt,register-write,0,38,26,2,PASS,FAIL,yes,yes,4.85910743e2,2.35770808e2,2.61883395e2,8.16482971e1,-38.23894263,1152,3,0,0,0,0,3,132248 ns,117042,1152,1152,2432,2819,2819
64,28,butterfly-check,recompute,ntt,register-write,0,43,0,2,PASS,FAIL,yes,yes,6.15069262e2,2.67801011e2,2.94456552e2,9.18037436e1,-39.25720782,1152,3,0,0,0,0,3,223208 ns,198666,1152,1152,2432,2819,2819
64,28,butterfly-check,recompute,ntt,register-write,0,43,8,2,PASS,FAIL,yes,yes,7.88807593e2,2.37871158e2,2.80452679e2,8.74377074e1,-38.83397524,1152,3,0,0,0,0,3,222375 ns,197458,1152,1152,2432,2819,2819
64,28,butterfly-check,recompute,ntt,register-write,0,43,24,2,PASS,FAIL,yes,yes,6.98103788e2,2.96137121e2,3.28058742e2,1.02280015e2,-40.19581568,1152,3,0,0,0,0,3,199918 ns,177581,1152,1152,2432,2819,2819
64,28,butterfly-check,recompute,ntt,register-write,0,43,26,2,PASS,FAIL,yes,yes,6.16299848e2,2.55714201e2,2.83527940e2,8.83964920e1,-38.92870061,1152,3,0,0,0,0,3,222376 ns,197748,1152,1152,2432,2819,2819
64,28,butterfly-check,recompute,ntt,register-write,0,45,0,2,PASS,FAIL,yes,yes,6.49160592e2,2.44541896e2,2.77884351e2,8.66369709e1,-38.75406519,1152,3,0,0,0,0,3,221333 ns,196961,1152,1152,2432,2819,2819
64,28,butterfly-check,recompute,ntt,register-write,0,45,8,2,PASS,FAIL,yes,yes,5.05957977e2,2.44480252e2,2.74761606e2,8.56633818e1,-38.65590431,1152,3,0,0,0,0,3,131001 ns,116291,1152,1152,2432,2819,2819
64,28,butterfly-check,recompute,ntt,register-write,0,45,24,2,PASS,FAIL,yes,yes,4.47816348e2,2.35083220e2,2.66381996e2,8.30508414e1,-38.38688073,1152,3,0,0,0,0,3,200084 ns,178000,1152,1152,2432,2819,2819
64,28,butterfly-check,recompute,ntt,register-write,0,45,26,2,PASS,FAIL,yes,yes,5.72160172e2,2.60117858e2,2.88849133e2,9.00554991e1,-39.09020475,1152,3,0,0,0,0,3,221832 ns,197166,1152,1152,2432,2819,2819
64,28,butterfly-check,recompute,ntt,register-write,0,46,0,2,PASS,FAIL,yes,yes,5.06673969e2,2.51541528e2,2.78421787e2,8.68045290e1,-38.77084770,1152,3,0,0,0,0,3,222459 ns,197834,1152,1152,2432,2819,2819
64,28,butterfly-check,recompute,ntt,register-write,0,46,8,2,PASS,FAIL,yes,yes,6.89334284e2,2.95664931e2,3.40172449e2,1.06056748e2,-40.51076611,1152,3,0,0,0,0,3,199082 ns,176999,1152,1152,2432,2819,2819
64,28,butterfly-check,recompute,ntt,register-write,0,46,24,2,PASS,FAIL,yes,yes,5.91712939e2,2.65055038e2,2.93755432e2,9.15851529e1,-39.23650150,1152,3,0,0,0,0,3,199624 ns,177750,1152,1152,2432,2819,2819
64,28,butterfly-check,recompute,ntt,register-write,0,46,26,2,PASS,FAIL,yes,yes,6.19317663e2,2.87705987e2,3.21004655e2,1.00080738e2,-40.00700999,1152,3,0,0,0,0,3,133918 ns,118207,1152,1152,2432,2819,2819
64,28,butterfly-check,recompute,ntt,register-write,0,47,0,2,PASS,FAIL,yes,yes,5.41885956e2,2.58538787e2,2.94526645e2,9.18255966e1,-39.25927517,1152,3,0,0,0,0,3,223290 ns,198585,1152,1152,2432,2819,2819
64,28,butterfly-check,recompute,ntt,register-write,0,47,8,2,PASS,FAIL,yes,yes,7.96235633e2,2.76881469e2,3.16000282e2,9.85205072e1,-39.87053278,1152,3,0,0,0,0,3,144333 ns,127959,1152,1152,2432,2819,2819
64,28,butterfly-check,recompute,ntt,register-write,0,47,24,2,PASS,FAIL,yes,yes,5.63956883e2,2.67642442e2,2.96589909e2,9.24688677e1,-39.31991080,1152,3,0,0,0,0,3,222125 ns,197874,1152,1152,2432,2819,2819
64,28,butterfly-check,recompute,ntt,register-write,0,47,26,2,PASS,FAIL,yes,yes,5.78800431e2,2.67191953e2,3.02369700e2,9.42708533e1,-39.48754876,1152,3,0,0,0,0,3,131334 ns,116957,1152,1152,2432,2819,2819
64,28,butterfly-check,recompute,ntt,register-write,0,48,0,2,PASS,FAIL,yes,yes,5.47598773e2,2.65001937e2,2.92886918e2,9.13143733e1,-39.21078286,1152,3,0,0,0,0,3,177208 ns,157751,1152,1152,2432,2819,2819
64,28,butterfly-check,recompute,ntt,register-write,0,48,8,2,PASS,FAIL,yes,yes,6.93486435e2,2.71948739e2,3.02487034e2,9.43074347e1,-39.49091863,1152,3,0,0,0,0,3,223457 ns,198583,1152,1152,2432,2819,2819
64,28,butterfly-check,recompute,ntt,register-write,0,48,24,2,PASS,FAIL,yes,yes,5.51391335e2,2.47005209e2,2.83718124e2,8.84557865e1,-38.93452497,1152,3,0,0,0,0,3,200916 ns,177710,1152,1152,2432,2819,2819
64,28,butterfly-check,recompute,ntt,register-write,0,48,26,2,PASS,FAIL,yes,yes,5.49754391e2,2.49784485e2,2.88122489e2,8.98289508e1,-39.06832655,1152,3,0,0,0,0,3,222457 ns,197960,1152,1152,2432,2819,2819
64,28,butterfly-check,recompute,ntt,register-write,0,50,0,2,PASS,FAIL,yes,yes,6.72800392e2,2.65829009e2,3.05014317e2,9.50953748e1,-39.56318789,1152,3,0,0,0,0,3,199834 ns,177501,1152,1152,2432,2819,2819
64,28,butterfly-check,recompute,ntt,register-write,0,50,8,2,PASS,FAIL,yes,yes,5.49241977e2,2.51603010e2,2.89900482e2,9.03832817e1,-39.12176212,1152,3,0,0,0,0,3,200250 ns,178169,1152,1152,2432,2819,2819
64,28,butterfly-check,recompute,ntt,register-write,0,50,24,2,PASS,FAIL,yes,yes,5.38594090e2,2.50158399e2,2.77260534e2,8.64424811e1,-38.73454447,1152,3,0,0,0,0,3,133749 ns,117833,1152,1152,2432,2819,2819
64,28,butterfly-check,recompute,ntt,register-write,0,50,26,2,PASS,FAIL,yes,yes,5.87972497e2,2.74005658e2,3.08376971e2,9.61437611e1,-39.65842215,1152,3,0,0,0,0,3,222124 ns,197917,1152,1152,2432,2819,2819
64,28,butterfly-check,recompute,ntt,register-write,0,51,0,2,PASS,FAIL,yes,yes,6.44699595e2,2.53123082e2,2.87992220e2,8.97883364e1,-39.06439850,1152,3,0,0,0,0,3,175332 ns,156249,1152,1152,2432,2819,2819
64,28,butterfly-check,recompute,ntt,register-write,0,51,8,2,PASS,FAIL,yes,yes,5.89581798e2,2.72063308e2,3.01863022e2,9.41128845e1,-39.47298169,1152,3,0,0,0,0,3,249834 ns,221835,1152,1152,2432,2819,2819
64,28,butterfly-check,recompute,ntt,register-write,0,51,24,2,PASS,FAIL,yes,yes,5.76953228e2,3.03450571e2,3.23786134e2,1.00947929e2,-40.08194831,1152,3,0,0,0,0,3,222125 ns,197418,1152,1152,2432,2819,2819
64,28,butterfly-check,recompute,ntt,register-write,0,51,26,2,PASS,FAIL,yes,yes,6.13184361e2,2.35423655e2,2.80830265e2,8.75554286e1,-38.84566156,1152,3,0,0,0,0,3,131793 ns,116706,1152,1152,2432,2819,2819
64,28,butterfly-check,recompute,ntt,register-write,0,58,0,2,PASS,FAIL,yes,yes,5.62721659e2,2.77574737e2,3.14889604e2,9.81742272e1,-39.83994982,1152,3,0,0,0,0,3,138791 ns,122457,1152,1152,2432,2819,2819
64,28,butterfly-check,recompute,ntt,register-write,0,58,8,2,PASS,FAIL,yes,yes,5.57273191e2,2.66636926e2,2.91588760e2,9.09096421e1,-39.17219896,1152,3,0,0,0,0,3,223459 ns,197543,1152,1152,2432,2819,2819
64,28,butterfly-check,recompute,ntt,register-write,0,58,24,2,PASS,FAIL,yes,yes,4.74873575e2,2.39277119e2,2.64713291e2,8.25305837e1,-38.33229833,1152,3,0,0,0,0,3,199584 ns,177168,1152,1152,2432,2819,2819
64,28,butterfly-check,recompute,ntt,register-write,0,58,26,2,PASS,FAIL,yes,yes,6.20297960e2,2.73924515e2,3.10393148e2,9.67723516e1,-39.71502589,1152,3,0,0,0,0,3,178832 ns,158877,1152,1152,2432,2819,2819
64,28,butterfly-check,recompute,ntt,register-write,0,59,0,2,PASS,FAIL,yes,yes,7.03089965e2,2.56544044e2,2.93355798e2,9.14605576e1,-39.22467689,1152,3,0,0,0,0,3,223206 ns,198875,1152,1152,2432,2819,2819
64,28,butterfly-check,recompute,ntt,register-write,0,59,8,2,PASS,FAIL,yes,yes,5.06788218e2,2.82102098e2,3.10343221e2,9.67567856e1,-39.71362864,1152,3,0,0,0,0,3,190876 ns,169538,1152,1152,2432,2819,2819
64,28,butterfly-check,recompute,ntt,register-write,0,59,24,2,PASS,FAIL,yes,yes,7.91230506e2,2.85767043e2,3.25399553e2,1.01450951e2,-40.12512241,1152,3,0,0,0,0,3,132875 ns,117668,1152,1152,2432,2819,2819
64,28,butterfly-check,recompute,ntt,register-write,0,59,26,2,PASS,FAIL,yes,yes,5.21204571e2,2.69018711e2,3.04558839e2,9.49533686e1,-39.55020753,1152,3,0,0,0,0,3,199416 ns,177295,1152,1152,2432,2819,2819
64,28,butterfly-check,recompute,ntt,register-write,0,0,0,3,PASS,FAIL,yes,yes,5.62062584e2,2.52476300e2,2.90308588e2,9.05105185e1,-39.13398106,1152,3,0,0,0,0,3,133083 ns,118330,1152,1152,2432,2819,2819
64,28,butterfly-check,recompute,ntt,register-write,0,0,8,3,PASS,FAIL,yes,yes,5.43086719e2,2.64632541e2,2.91192725e2,9.07861689e1,-39.16039379,1152,3,0,0,0,0,3,183417 ns,162083,1152,1152,2432,2819,2819
64,28,butterfly-check,recompute,ntt,register-write,0,0,24,3,PASS,FAIL,yes,yes,6.23244838e2,2.34006350e2,2.61750955e2,8.16070058e1,-38.23454887,1152,3,0,0,0,0,3,221499 ns,196836,1152,1152,2432,2819,2819
64,28,butterfly-check,recompute,ntt,register-write,0,0,26,3,PASS,FAIL,yes,yes,5.97471162e2,2.63133074e2,2.91951466e2,9.10227243e1,-39.18299659,1152,3,0,0,0,0,3,201001 ns,178915,1152,1152,2432,2819,2819
64,28,butterfly-check,recompute,ntt,register-write,0,2,0,3,PASS,FAIL,yes,yes,6.44524536e2,2.49132312e2,2.82844917e2,8.81835437e1,-38.90775094,1152,3,0,0,0,0,3,199624 ns,177753,1152,1152,2432,2819,2819
64,28,butterfly-check,recompute,ntt,register-write,0,2,8,3,PASS,FAIL,yes,yes,5.04663089e2,2.70192614e2,3.00966764e2,9.38334549e1,-39.44715414,1152,3,0,0,0,0,3,223627 ns,198915,1152,1152,2432,2819,2819
64,28,butterfly-check,recompute,ntt,register-write,0,2,24,3,PASS,FAIL,yes,yes,5.03195727e2,2.64137085e2,2.99245831e2,9.32969136e1,-39.39734553,1152,3,0,0,0,0,3,132334 ns,117334,1152,1152,2432,2819,2819
64,28,butterfly-check,recompute,ntt,register-write,0,2,26,3,PASS,FAIL,yes,yes,5.76726079e2,2.59415458e2,2.93976358e2,9.16540318e1,-39.24303148,1152,3,0,0,0,0,3,222208 ns,197542,1152,1152,2432,2819,2819
64,28,butterfly-check,recompute,ntt,register-write,0,6,0,3,PASS,FAIL,yes,yes,5.80323843e2,2.93485724e2,3.12637011e2,9.74719286e1,-39.77759119,1152,3,0,0,0,0,3,238126 ns,210288,1152,1152,2432,2819,2819
64,28,butterfly-check,recompute,ntt,register-write,0,6,8,3,PASS,FAIL,yes,yes,7.86458094e2,2.46411310e2,2.92590742e2,9.12220336e1,-39.20199499,1152,3,0,0,0,0,3,252417 ns,223127,1152,1152,2432,2819,2819
64,28,butterfly-check,recompute,ntt,register-write,0,6,24,3,PASS,FAIL,yes,yes,7.70523082e2,2.93140700e2,3.32426954e2,1.03641908e2,-40.31070797,1152,3,0,0,0,0,3,131249 ns,116963,1152,1152,2432,2819,2819
64,28,butterfly-check,recompute,ntt,register-write,0,6,26,3,PASS,FAIL,yes,yes,5.70024095e2,2.39511209e2,2.74190841e2,8.54854324e1,-38.63784226,1152,3,0,0,0,0,3,130834 ns,116249,1152,1152,2432,2819,2819
64,28,butterfly-check,recompute,ntt,register-write,0,7,0,3,PASS,FAIL,yes,yes,6.75983122e2,2.67773683e2,3.07511136e2,9.58738167e1,-39.63400034,1152,3,0,0,0,0,3,171499 ns,153292,1152,1152,2432,2819,2819
64,28,butterfly-check,recompute,ntt,register-write,0,7,8,3,PASS,FAIL,yes,yes,4.34013907e2,2.35640804e2,2.54761999e2,7.94280346e1,-37.99947632,1152,3,0,0,0,0,3,134666 ns,118622,1152,1152,2432,2819,2819
64,28,butterfly-check,recompute,ntt,register-write,0,7,24,3,PASS,FAIL,yes,yes,5.77638676e2,2.58168851e2,2.82193893e2,8.79805718e1,-38.88773560,1152,3,0,0,0,0,3,131251 ns,116707,1152,1152,2432,2819,2819
64,28,butterfly-check,recompute,ntt,register-write,0,7,26,3,PASS,FAIL,yes,yes,5.99441902e2,2.72878019e2,3.04036273e2,9.47904466e1,-39.53529138,1152,3,0,0,0,0,3,132333 ns,116499,1152,1152,2432,2819,2819
64,28,butterfly-check,recompute,ntt,register-write,0,9,0,3,PASS,FAIL,yes,yes,7.68101324e2,2.72666746e2,3.06766502e2,9.56416593e1,-39.61294205,1152,3,0,0,0,0,3,124541 ns,110754,1152,1152,2432,2819,2819
64,28,butterfly-check,recompute,ntt,register-write,0,9,8,3,PASS,FAIL,yes,yes,5.43005410e2,2.67321555e2,2.99511130e2,9.33796270e1,-39.40504269,1152,3,0,0,0,0,3,199667 ns,177460,1152,1152,2432,2819,2819
64,28,butterfly-check,recompute,ntt,register-write,0,9,24,3,PASS,FAIL,yes,yes,4.60958380e2,2.45668925e2,2.74905389e2,8.57082095e1,-38.66044845,1152,3,0,0,0,0,3,133668 ns,118538,1152,1152,2432,2819,2819
64,28,butterfly-check,recompute,ntt,register-write,0,9,26,3,PASS,FAIL,yes,yes,5.95935426e2,2.91837278e2,3.22192350e2,1.00451030e2,-40.03908786,1152,3,0,0,0,0,3,131207 ns,116503,1152,1152,2432,2819,2819
64,28,butterfly-check,recompute,ntt,register-write,0,10,0,3,PASS,FAIL,yes,yes,6.87142534e2,2.70722397e2,3.14646801e2,9.80985276e1,-39.83324978,1152,3,0,0,0,0,3,131083 ns,116626,1152,1152,2432,2819,2819
64,28,butterfly-check,recompute,ntt,register-write,0,10,8,3,PASS,FAIL,yes,yes,5.02835007e2,2.65380205e2,2.95349591e2,9.20821694e1,-39.28351085,1152,3,0,0,0,0,3,221794 ns,197288,1152,1152,2432,2819,2819
64,28,butterfly-check,recompute,ntt,register-write,0,10,24,3,PASS,FAIL,yes,yes,5.41033184e2,2.49548200e2,2.81169390e2,8.76611589e1,-38.85614416,1152,3,0,0,0,0,3,200041 ns,177872,1152,1152,2432,2819,2819
64,28,butterfly-check,recompute,ntt,register-write,0,10,26,3,PASS,FAIL,yes,yes,7.17891023e2,2.73706707e2,3.07935713e2,9.60061883e1,-39.64598455,1152,3,0,0,0,0,3,194250 ns,172958,1152,1152,2432,2819,2819
64,28,butterfly-check,recompute,ntt,register-write,0,11,0,3,PASS,FAIL,yes,yes,5.47196418e2,2.69929948e2,2.94995317e2,9.19717163e1,-39.27308582,1152,3,0,0,0,0,3,184418 ns,163457,1152,1152,2432,2819,2819
64,28,butterfly-check,recompute,ntt,register-write,0,11,8,3,PASS,FAIL,yes,yes,6.68838213e2,2.33662194e2,2.79067799e2,8.70059385e1,-38.79097792,1152,3,0,0,0,0,3,224667 ns,198581,1152,1152,2432,2819,2819
64,28,butterfly-check,recompute,ntt,register-write,0,11,24,3,PASS,FAIL,yes,yes,6.32743051e2,2.69592938e2,3.13390690e2,9.77069055e1,-39.79850518,1152,3,0,0,0,0,3,131168 ns,116793,1152,1152,2432,2819,2819
64,28,butterfly-check,recompute,ntt,register-write,0,11,26,3,PASS,FAIL,yes,yes,5.57460448e2,2.52064527e2,2.91494606e2,9.08802874e1,-39.16939384,1152,3,0,0,0,0,3,175666 ns,156248,1152,1152,2432,2819,2819
64,28,butterfly-check,recompute,ntt,register-write,0,13,0,3,PASS,FAIL,yes,yes,6.34525153e2,2.85547095e2,3.19588321e2,9.96391627e1,-39.96860139,1152,3,0,0,0,0,3,216250 ns,190961,1152,1152,2432,2819,2819
64,28,butterfly-check,recompute,ntt,register-write,0,13,8,3,PASS,FAIL,yes,yes,4.57834314e2,2.26774977e2,2.54404563e2,7.93165956e1,-37.98728130,1152,3,0,0,0,0,3,221917 ns,197165,1152,1152,2432,2819,2819
64,28,butterfly-check,recompute,ntt,register-write,0,13,24,3,PASS,FAIL,yes,yes,6.01315752e2,2.70612539e2,3.03914971e2,9.47526278e1,-39.53182526,1152,3,0,0,0,0,3,290334 ns,258249,1152,1152,2432,2819,2819
64,28,butterfly-check,recompute,ntt,register-write,0,13,26,3,PASS,FAIL,yes,yes,6.67225326e2,2.74586319e2,3.07931527e2,9.60048835e1,-39.64586650,1152,3,0,0,0,0,3,131251 ns,116459,1152,1152,2432,2819,2819
64,28,butterfly-check,recompute,ntt,register-write,0,15,0,3,PASS,FAIL,yes,yes,6.92503052e2,2.65055632e2,2.95699360e2,9.21912182e1,-39.29379108,1152,3,0,0,0,0,3,223584 ns,198419,1152,1152,2432,2819,2819
64,28,butterfly-check,recompute,ntt,register-write,0,15,8,3,PASS,FAIL,yes,yes,6.13585828e2,2.79442816e2,3.09596816e2,9.65240762e1,-39.69271308,1152,3,0,0,0,0,3,131459 ns,117041,1152,1152,2432,2819,2819
64,28,butterfly-check,recompute,ntt,register-write,0,15,24,3,PASS,FAIL,yes,yes,5.24228357e2,2.13872804e2,2.42376100e2,7.55664400e1,-37.56657925,1152,3,0,0,0,0,3,150292 ns,133957,1152,1152,2432,2819,2819
64,28,butterfly-check,recompute,ntt,register-write,0,15,26,3,PASS,FAIL,yes,yes,6.38926699e2,2.48268862e2,2.86399103e2,8.92916446e1,-39.01621644,1152,3,0,0,0,0,3,189334 ns,168916,1152,1152,2432,2819,2819
64,28,butterfly-check,recompute,ntt,register-write,0,17,0,3,PASS,FAIL,yes,yes,6.89029659e2,2.76594393e2,3.11549776e2,9.71329574e1,-39.74733224,1152,3,0,0,0,0,3,222542 ns,197624,1152,1152,2432,2819,2819
64,28,butterfly-check,recompute,ntt,register-write,0,17,8,3,PASS,FAIL,yes,yes,5.53439180e2,2.48098325e2,2.88287396e2,8.98803643e1,-39.07329648,1152,3,0,0,0,0,3,223084 ns,197459,1152,1152,2432,2819,2819
64,28,butterfly-check,recompute,ntt,register-write,0,17,24,3,PASS,FAIL,yes,yes,6.08035400e2,2.74080040e2,3.08941751e2,9.63198444e1,-39.67431544,1152,3,0,0,0,0,3,222418 ns,197000,1152,1152,2432,2819,2819
64,28,butterfly-check,recompute,ntt,register-write,0,17,26,3,PASS,FAIL,yes,yes,5.26383039e2,2.55452987e2,2.78522827e2,8.68360307e1,-38.77399927,1152,3,0,0,0,0,3,131168 ns,116711,1152,1152,2432,2819,2819
64,28,butterfly-check,recompute,ntt,register-write,0,18,0,3,PASS,FAIL,yes,yes,7.13332765e2,2.81804965e2,3.17782796e2,9.90762477e1,-39.91939101,1152,3,0,0,0,0,3,222083 ns,197460,1152,1152,2432,2819,2819
64,28,butterfly-check,recompute,ntt,register-write,0,18,8,3,PASS,FAIL,yes,yes,9.56533596e2,2.71333298e2,3.14687770e2,9.81113008e1,-39.83438067,1152,3,0,0,0,0,3,131252 ns,116665,1152,1152,2432,2819,2819
64,28,butterfly-check,recompute,ntt,register-write,0,18,24,3,PASS,FAIL,yes,yes,6.23290324e2,2.49253869e2,2.82278893e2,8.80070726e1,-38.89035150,1152,3,0,0,0,0,3,200584 ns,177459,1152,1152,2432,2819,2819
64,28,butterfly-check,recompute,ntt,register-write,0,18,26,3,PASS,FAIL,yes,yes,7.65625595e2,2.52023762e2,2.93080580e2,9.13747518e1,-39.21652421,1152,3,0,0,0,0,3,131961 ns,116920,1152,1152,2432,2819,2819
64,28,butterfly-check,recompute,ntt,register-write,0,19,0,3,PASS,FAIL,yes,yes,5.38191880e2,2.49457842e2,2.77595617e2,8.65469513e1,-38.74503548,1152,3,0,0,0,0,3,131917 ns,116419,1152,1152,2432,2819,2819
64,28,butterfly-check,recompute,ntt,register-write,0,19,8,3,PASS,FAIL,yes,yes,6.22640794e2,2.88653420e2,3.21904988e2,1.00361438e2,-40.03133750,1152,3,0,0,0,0,3,168959 ns,150168,1152,1152,2432,2819,2819
64,28,butterfly-check,recompute,ntt,register-write,0,19,24,3,PASS,FAIL,yes,yes,5.80491201e2,2.55821531e2,2.84895468e2,8.88228511e1,-38.97049419,1152,3,0,0,0,0,3,250249 ns,222210,1152,1152,2432,2819,2819
64,28,butterfly-check,recompute,ntt,register-write,0,19,26,3,PASS,FAIL,yes,yes,5.81559407e2,2.59536415e2,2.92827322e2,9.12957927e1,-39.20901528,1152,3,0,0,0,0,3,221833 ns,197503,1152,1152,2432,2819,2819
64,28,butterfly-check,recompute,ntt,register-write,0,25,0,3,PASS,FAIL,yes,yes,6.60661950e2,2.51945447e2,2.86349492e2,8.92761771e1,-39.01471170,1152,3,0,0,0,0,3,223917 ns,198040,1152,1152,2432,2819,2819
64,28,butterfly-check,recompute,ntt,register-write,0,25,8,3,PASS,FAIL,yes,yes,5.68857948e2,2.67051523e2,2.91542217e2,9.08951311e1,-39.17081241,1152,3,0,0,0,0,3,222208 ns,197335,1152,1152,2432,2819,2819
64,28,butterfly-check,recompute,ntt,register-write,0,25,24,3,PASS,FAIL,yes,yes,4.52227487e2,2.57751516e2,2.79416022e2,8.71145053e1,-38.80180949,1152,3,0,0,0,0,3,130542 ns,116002,1152,1152,2432,2819,2819
64,28,butterfly-check,recompute,ntt,register-write,0,25,26,3,PASS,FAIL,yes,yes,5.56930098e2,2.68219434e2,3.12658102e2,9.74785042e1,-39.77817713,1152,3,0,0,0,0,3,139667 ns,124502,1152,1152,2432,2819,2819
64,28,butterfly-check,recompute,ntt,register-write,0,26,0,3,PASS,FAIL,yes,yes,5.27939676e2,2.64722649e2,2.98052332e2,9.29248125e1,-39.36263387,1152,3,0,0,0,0,3,200458 ns,178791,1152,1152,2432,2819,2819
64,28,butterfly-check,recompute,ntt,register-write,0,26,8,3,PASS,FAIL,yes,yes,5.88898587e2,2.68623505e2,2.96660992e2,9.24910295e1,-39.32199227,1152,3,0,0,0,0,3,223125 ns,197413,1152,1152,2432,2819,2819
64,28,butterfly-check,recompute,ntt,register-write,0,26,24,3,PASS,FAIL,yes,yes,5.04220114e2,2.53022228e2,2.75996964e2,8.60485336e1,-38.69486947,1152,3,0,0,0,0,3,221706 ns,196792,1152,1152,2432,2819,2819
64,28,butterfly-check,recompute,ntt,register-write,0,26,26,3,PASS,FAIL,yes,yes,5.85705467e2,2.67320839e2,2.98343072e2,9.30154575e1,-39.37110253,1152,3,0,0,0,0,3,199918 ns,177748,1152,1152,2432,2819,2819
64,28,butterfly-check,recompute,ntt,register-write,0,27,0,3,PASS,FAIL,yes,yes,5.42728582e2,2.51372058e2,2.83902412e2,8.85132427e1,-38.94016503,1152,3,0,0,0,0,3,223957 ns,197792,1152,1152,2432,2819,2819
64,28,butterfly-check,recompute,ntt,register-write,0,27,8,3,PASS,FAIL,yes,yes,6.03149462e2,2.58019119e2,2.90113943e2,9.04498332e1,-39.12815540,1152,3,0,0,0,0,3,126167 ns,111416,1152,1152,2432,2819,2819
64,28,butterfly-check,recompute,ntt,register-write,0,27,24,3,PASS,FAIL,yes,yes,5.45704217e2,2.70122254e2,2.98184865e2,9.29661325e1,-39.36649529,1152,3,0,0,0,0,3,179124 ns,159832,1152,1152,2432,2819,2819
64,28,butterfly-check,recompute,ntt,register-write,0,27,26,3,PASS,FAIL,yes,yes,6.01490492e2,2.56208003e2,2.90833619e2,9.06742090e1,-39.14967552,1152,3,0,0,0,0,3,132500 ns,116413,1152,1152,2432,2819,2819
64,28,butterfly-check,recompute,ntt,register-write,0,28,0,3,PASS,FAIL,yes,yes,5.42451275e2,2.47291710e2,2.72961041e2,8.51020133e1,-38.59879669,1152,3,0,0,0,0,3,131792 ns,116833,1152,1152,2432,2819,2819
64,28,butterfly-check,recompute,ntt,register-write,0,28,8,3,PASS,FAIL,yes,yes,5.26199816e2,2.85008687e2,3.15520119e2,9.83708051e1,-39.85732452,1152,3,0,0,0,0,3,224042 ns,198500,1152,1152,2432,2819,2819
64,28,butterfly-check,recompute,ntt,register-write,0,28,24,3,PASS,FAIL,yes,yes,7.81958678e2,2.73694845e2,3.11868095e2,9.72322010e1,-39.75620233,1152,3,0,0,0,0,3,134667 ns,118959,1152,1152,2432,2819,2819
64,28,butterfly-check,recompute,ntt,register-write,0,28,26,3,PASS,FAIL,yes,yes,5.52887477e2,2.61103703e2,2.98119262e2,9.29456795e1,-39.36458414,1152,3,0,0,0,0,3,166499 ns,148419,1152,1152,2432,2819,2819
64,28,butterfly-check,recompute,ntt,register-write,0,29,0,3,PASS,FAIL,yes,yes,6.45506252e2,2.56315750e2,2.94042573e2,9.16746759e1,-39.24498767,1152,3,0,0,0,0,3,131291 ns,116748,1152,1152,2432,2819,2819
64,28,butterfly-check,recompute,ntt,register-write,0,29,8,3,PASS,FAIL,yes,yes,7.23760993e2,2.39697491e2,2.84163242e2,8.85945625e1,-38.94814136,1152,3,0,0,0,0,3,222998 ns,198166,1152,1152,2432,2819,2819
64,28,butterfly-check,recompute,ntt,register-write,0,29,24,3,PASS,FAIL,yes,yes,5.50012893e2,2.58681475e2,2.94075618e2,9.16849784e1,-39.24596374,1152,3,0,0,0,0,3,131709 ns,116958,1152,1152,2432,2819,2819
64,28,butterfly-check,recompute,ntt,register-write,0,29,26,3,PASS,FAIL,yes,yes,1.04324592e3,2.44958289e2,3.17762753e2,9.90699989e1,-39.91884316,1152,3,0,0,0,0,3,222208 ns,197374,1152,1152,2432,2819,2819
64,28,butterfly-check,recompute,ntt,register-write,0,31,0,3,PASS,FAIL,yes,yes,5.48453965e2,2.67138479e2,2.98922123e2,9.31959901e1,-39.38794453,1152,3,0,0,0,0,3,132917 ns,118244,1152,1152,2432,2819,2819
64,28,butterfly-check,recompute,ntt,register-write,0,31,8,3,PASS,FAIL,yes,yes,5.75600931e2,2.84631282e2,3.14783756e2,9.81412266e1,-39.83702963,1152,3,0,0,0,0,3,201251 ns,177874,1152,1152,2432,2819,2819
64,28,butterfly-check,recompute,ntt,register-write,0,31,24,3,PASS,FAIL,yes,yes,6.46054128e2,2.74276343e2,3.16873285e2,9.87926862e1,-39.89449589,1152,3,0,0,0,0,3,191624 ns,171461,1152,1152,2432,2819,2819
64,28,butterfly-check,recompute,ntt,register-write,0,31,26,3,PASS,FAIL,yes,yes,6.07098168e2,2.55048123e2,2.86063487e2,8.91870086e1,-39.00603195,1152,3,0,0,0,0,3,199082 ns,177208,1152,1152,2432,2819,2819
64,28,butterfly-check,recompute,ntt,register-write,0,33,0,3,PASS,FAIL,yes,yes,5.68562296e2,2.64684342e2,2.96391064e2,9.24068730e1,-39.31408548,1152,3,0,0,0,0,3,200959 ns,177504,1152,1152,2432,2819,2819
64,28,butterfly-check,recompute,ntt,register-write,0,33,8,3,PASS,FAIL,yes,yes,5.49185619e2,2.75327847e2,3.09611607e2,9.65286879e1,-39.69312806,1152,3,0,0,0,0,3,222248 ns,197791,1152,1152,2432,2819,2819
64,28,butterfly-check,recompute,ntt,register-write,0,33,24,3,PASS,FAIL,yes,yes,5.70877260e2,2.93992007e2,3.17288880e2,9.89222579e1,-39.90588041,1152,3,0,0,0,0,3,182539 ns,162248,1152,1152,2432,2819,2819
64,28,butterfly-check,recompute,ntt,register-write,0,33,26,3,PASS,FAIL,yes,yes,5.21734039e2,2.71928115e2,2.96945776e2,9.25798177e1,-39.33032642,1152,3,0,0,0,0,3,223665 ns,198082,1152,1152,2432,2819,2819
64,28,butterfly-check,recompute,ntt,register-write,0,36,0,3,PASS,FAIL,yes,yes,6.12765339e2,2.69831960e2,3.00258517e2,9.36126423e1,-39.42669007,1152,3,0,0,0,0,3,200457 ns,178208,1152,1152,2432,2819,2819
64,28,butterfly-check,recompute,ntt,register-write,0,36,8,3,PASS,FAIL,yes,yes,5.40263691e2,2.56809296e2,2.89170255e2,9.01556163e1,-39.09985573,1152,3,0,0,0,0,3,182541 ns,162044,1152,1152,2432,2819,2819
64,28,butterfly-check,recompute,ntt,register-write,0,36,24,3,PASS,FAIL,yes,yes,6.27552034e2,2.92820466e2,3.31772496e2,1.03437865e2,-40.29359099,1152,3,0,0,0,0,3,133917 ns,118877,1152,1152,2432,2819,2819
64,28,butterfly-check,recompute,ntt,register-write,0,36,26,3,PASS,FAIL,yes,yes,6.15065549e2,2.72612014e2,3.09544623e2,9.65078038e1,-39.69124865,1152,3,0,0,0,0,3,199666 ns,177251,1152,1152,2432,2819,2819
64,28,butterfly-check,recompute,ntt,register-write,0,38,0,3,PASS,FAIL,yes,yes,7.64482849e2,2.67741316e2,3.05559385e2,9.52653124e1,-39.57869592,1152,3,0,0,0,0,3,201624 ns,177749,1152,1152,2432,2819,2819
64,28,butterfly-check,recompute,ntt,register-write,0,38,8,3,PASS,FAIL,yes,yes,5.82123547e2,2.81609994e2,3.11062578e2,9.69810619e1,-39.73373871,1152,3,0,0,0,0,3,200416 ns,178292,1152,1152,2432,2819,2819
64,28,butterfly-check,recompute,ntt,register-write,0,38,24,3,PASS,FAIL,yes,yes,5.17291520e2,2.56146700e2,2.93819096e2,9.16050017e1,-39.23838374,1152,3,0,0,0,0,3,178833 ns,158669,1152,1152,2432,2819,2819
64,28,butterfly-check,recompute,ntt,register-write,0,38,26,3,PASS,FAIL,yes,yes,4.85910743e2,2.35770808e2,2.61883395e2,8.16482971e1,-38.23894263,1152,3,0,0,0,0,3,199334 ns,176837,1152,1152,2432,2819,2819
64,28,butterfly-check,recompute,ntt,register-write,0,39,0,3,PASS,FAIL,yes,yes,5.44654592e2,2.45659349e2,2.75435076e2,8.58733517e1,-38.67716828,1152,3,0,0,0,0,3,131542 ns,116671,1152,1152,2432,2819,2819
64,28,butterfly-check,recompute,ntt,register-write,0,39,8,3,PASS,FAIL,yes,yes,6.52548134e2,2.64665411e2,3.00168105e2,9.35844544e1,-39.42407425,1152,3,0,0,0,0,3,198125 ns,177209,1152,1152,2432,2819,2819
64,28,butterfly-check,recompute,ntt,register-write,0,39,24,3,PASS,FAIL,yes,yes,7.07828972e2,2.80107757e2,3.13107193e2,9.76185188e1,-39.79064427,1152,3,0,0,0,0,3,222292 ns,197707,1152,1152,2432,2819,2819
64,28,butterfly-check,recompute,ntt,register-write,0,39,26,3,PASS,FAIL,yes,yes,5.57199545e2,2.48963803e2,2.87273596e2,8.95642884e1,-39.04269760,1152,3,0,0,0,0,3,222084 ns,197503,1152,1152,2432,2819,2819
64,28,butterfly-check,recompute,ntt,register-write,0,41,0,3,PASS,FAIL,yes,yes,6.10894435e2,2.76533268e2,3.09747686e2,9.65711137e1,-39.69694480,1152,3,0,0,0,0,3,135291 ns,120331,1152,1152,2432,2819,2819
64,28,butterfly-check,recompute,ntt,register-write,0,41,8,3,PASS,FAIL,yes,yes,5.78511357e2,2.74011190e2,3.05143850e2,9.51357596e1,-39.56687580,1152,3,0,0,0,0,3,200209 ns,178000,1152,1152,2432,2819,2819
64,28,butterfly-check,recompute,ntt,register-write,0,41,24,3,PASS,FAIL,yes,yes,6.18543246e2,2.51650639e2,2.89856788e2,9.03696590e1,-39.12045287,1152,3,0,0,0,0,3,199876 ns,177292,1152,1152,2432,2819,2819
64,28,butterfly-check,recompute,ntt,register-write,0,41,26,3,PASS,FAIL,yes,yes,6.71011400e2,2.67487716e2,3.01424411e2,9.39761372e1,-39.46035179,1152,3,0,0,0,0,3,219626 ns,194165,1152,1152,2432,2819,2819
64,28,butterfly-check,recompute,ntt,register-write,0,42,0,3,PASS,FAIL,yes,yes,7.36961444e2,2.51184506e2,2.95921792e2,9.22605666e1,-39.30032235,1152,3,0,0,0,0,3,200584 ns,178248,1152,1152,2432,2819,2819
64,28,butterfly-check,recompute,ntt,register-write,0,42,8,3,PASS,FAIL,yes,yes,5.30331345e2,2.70047799e2,2.94935606e2,9.19530999e1,-39.27132750,1152,3,0,0,0,0,3,201666 ns,179084,1152,1152,2432,2819,2819
64,28,butterfly-check,recompute,ntt,register-write,0,42,24,3,PASS,FAIL,yes,yes,5.01784994e2,2.63120056e2,2.85208590e2,8.89204743e1,-38.98003541,1152,3,0,0,0,0,3,250165 ns,222250,1152,1152,2432,2819,2819
64,28,butterfly-check,recompute,ntt,register-write,0,42,26,3,PASS,FAIL,yes,yes,7.04442992e2,2.57138010e2,2.97309519e2,9.26932231e1,-39.34095967,1152,3,0,0,0,0,3,201332 ns,179127,1152,1152,2432,2819,2819
64,28,butterfly-check,recompute,ntt,register-write,0,44,0,3,PASS,FAIL,yes,yes,6.22199245e2,2.76849652e2,3.10582284e2,9.68313190e1,-39.72031695,1152,3,0,0,0,0,3,200293 ns,176833,1152,1152,2432,2819,2819
64,28,butterfly-check,recompute,ntt,register-write,0,44,8,3,PASS,FAIL,yes,yes,6.27739024e2,2.60726136e2,3.05853702e2,9.53570727e1,-39.58705821,1152,3,0,0,0,0,3,223208 ns,198375,1152,1152,2432,2819,2819
64,28,butterfly-check,recompute,ntt,register-write,0,44,24,3,PASS,FAIL,yes,yes,5.15924316e2,2.62845413e2,2.87137425e2,8.95218338e1,-39.03857940,1152,3,0,0,0,0,3,124585 ns,110748,1152,1152,2432,2819,2819
64,28,butterfly-check,recompute,ntt,register-write,0,44,26,3,PASS,FAIL,yes,yes,5.70614005e2,2.47751101e2,2.81988655e2,8.79165838e1,-38.88141609,1152,3,0,0,0,0,3,132250 ns,116833,1152,1152,2432,2819,2819
64,28,butterfly-check,recompute,ntt,register-write,0,47,0,3,PASS,FAIL,yes,yes,5.41885956e2,2.58538787e2,2.94526645e2,9.18255966e1,-39.25927517,1152,3,0,0,0,0,3,222834 ns,198128,1152,1152,2432,2819,2819
64,28,butterfly-check,recompute,ntt,register-write,0,47,8,3,PASS,FAIL,yes,yes,7.96235633e2,2.76881469e2,3.16000282e2,9.85205072e1,-39.87053278,1152,3,0,0,0,0,3,201582 ns,178043,1152,1152,2432,2819,2819
64,28,butterfly-check,recompute,ntt,register-write,0,47,24,3,PASS,FAIL,yes,yes,5.63956883e2,2.67642442e2,2.96589909e2,9.24688677e1,-39.31991080,1152,3,0,0,0,0,3,158792 ns,140457,1152,1152,2432,2819,2819
64,28,butterfly-check,recompute,ntt,register-write,0,47,26,3,PASS,FAIL,yes,yes,5.78800431e2,2.67191953e2,3.02369700e2,9.42708533e1,-39.48754876,1152,3,0,0,0,0,3,189750 ns,167373,1152,1152,2432,2819,2819
64,28,butterfly-check,recompute,ntt,register-write,0,49,0,3,PASS,FAIL,yes,yes,6.35145287e2,2.52654913e2,2.90958090e2,9.07130157e1,-39.15339210,1152,3,0,0,0,0,3,178541 ns,158833,1152,1152,2432,2819,2819
64,28,butterfly-check,recompute,ntt,register-write,0,49,8,3,PASS,FAIL,yes,yes,7.53261380e2,2.57389687e2,2.94105383e2,9.16942584e1,-39.24684284,1152,3,0,0,0,0,3,222542 ns,197585,1152,1152,2432,2819,2819
64,28,butterfly-check,recompute,ntt,register-write,0,49,24,3,PASS,FAIL,yes,yes,5.51467153e2,2.59712429e2,2.84246875e2,8.86206371e1,-38.95069736,1152,3,0,0,0,0,3,201249 ns,177583,1152,1152,2432,2819,2819
64,28,butterfly-check,recompute,ntt,register-write,0,49,26,3,PASS,FAIL,yes,yes,4.84242150e2,2.36291595e2,2.59746677e2,8.09821252e1,-38.16778339,1152,3,0,0,0,0,3,125251 ns,111336,1152,1152,2432,2819,2819
64,28,butterfly-check,recompute,ntt,register-write,0,54,0,3,PASS,FAIL,yes,yes,5.89346472e2,2.76810442e2,3.09445684e2,9.64769575e1,-39.68847198,1152,3,0,0,0,0,3,131042 ns,116207,1152,1152,2432,2819,2819
64,28,butterfly-check,recompute,ntt,register-write,0,54,8,3,PASS,FAIL,yes,yes,5.80025862e2,2.62151890e2,2.96941683e2,9.25785415e1,-39.33020669,1152,3,0,0,0,0,3,200958 ns,178751,1152,1152,2432,2819,2819
64,28,butterfly-check,recompute,ntt,register-write,0,54,24,3,PASS,FAIL,yes,yes,6.04549043e2,2.44660585e2,2.92090649e2,9.10661179e1,-39.18713646,1152,3,0,0,0,0,3,200125 ns,177539,1152,1152,2432,2819,2819
64,28,butterfly-check,recompute,ntt,register-write,0,54,26,3,PASS,FAIL,yes,yes,6.01052003e2,2.67567879e2,3.02910540e2,9.44394729e1,-39.50307109,1152,3,0,0,0,0,3,223750 ns,197877,1152,1152,2432,2819,2819
64,28,butterfly-check,recompute,ntt,register-write,0,57,0,3,PASS,FAIL,yes,yes,5.76434466e2,2.34450877e2,2.65527243e2,8.27843521e1,-38.35896509,1152,3,0,0,0,0,3,222127 ns,197914,1152,1152,2432,2819,2819
64,28,butterfly-check,recompute,ntt,register-write,0,57,8,3,PASS,FAIL,yes,yes,5.95566449e2,2.37617711e2,2.74756853e2,8.56618999e1,-38.65575405,1152,3,0,0,0,0,3,200085 ns,178127,1152,1152,2432,2819,2819
64,28,butterfly-check,recompute,ntt,register-write,0,57,24,3,PASS,FAIL,yes,yes,5.50350879e2,2.89318652e2,3.14115017e2,9.79327317e1,-39.81855737,1152,3,0,0,0,0,3,183625 ns,163543,1152,1152,2432,2819,2819
64,28,butterfly-check,recompute,ntt,register-write,0,57,26,3,PASS,FAIL,yes,yes,6.21711836e2,2.42011131e2,2.71116446e2,8.45269175e1,-38.53990063,1152,3,0,0,0,0,3,118792 ns,105460,1152,1152,2432,2819,2819
64,28,butterfly-check,recompute,ntt,register-write,0,60,0,3,PASS,FAIL,yes,yes,5.95372410e2,2.79457328e2,3.25671735e2,1.01535810e2,-40.13238474,1152,3,0,0,0,0,3,200126 ns,177458,1152,1152,2432,2819,2819
64,28,butterfly-check,recompute,ntt,register-write,0,60,8,3,PASS,FAIL,yes,yes,6.98600348e2,2.57730665e2,2.99558766e2,9.33944785e1,-39.40642403,1152,3,0,0,0,0,3,159460 ns,142624,1152,1152,2432,2819,2819
64,28,butterfly-check,recompute,ntt,register-write,0,60,24,3,PASS,FAIL,yes,yes,6.35381038e2,2.45175704e2,2.77601284e2,8.65487181e1,-38.74521280,1152,3,0,0,0,0,3,183001 ns,162789,1152,1152,2432,2819,2819
64,28,butterfly-check,recompute,ntt,register-write,0,60,26,3,PASS,FAIL,yes,yes,5.26371718e2,2.52118837e2,2.78282658e2,8.67611525e1,-38.76650625,1152,3,0,0,0,0,3,285834 ns,253290,1152,1152,2432,2819,2819
64,28,butterfly-check,recompute,ntt,register-write,0,61,0,3,PASS,FAIL,yes,yes,4.94572606e2,2.78908398e2,3.08424168e2,9.61584757e1,-39.65975141,1152,3,0,0,0,0,3,224040 ns,197500,1152,1152,2432,2819,2819
64,28,butterfly-check,recompute,ntt,register-write,0,61,8,3,PASS,FAIL,yes,yes,5.19046236e2,2.55025739e2,2.91819345e2,9.09815324e1,-39.17906495,1152,3,0,0,0,0,3,131666 ns,116505,1152,1152,2432,2819,2819
64,28,butterfly-check,recompute,ntt,register-write,0,61,24,3,PASS,FAIL,yes,yes,5.71084485e2,2.88041532e2,3.12865280e2,9.75430966e1,-39.78393077,1152,3,0,0,0,0,3,144834 ns,128374,1152,1152,2432,2819,2819
64,28,butterfly-check,recompute,ntt,register-write,0,61,26,3,PASS,FAIL,yes,yes,5.75625096e2,2.22877683e2,2.54795139e2,7.94383670e1,-38.00060616,1152,3,0,0,0,0,3,201917 ns,179041,1152,1152,2432,2819,2819
64,28,butterfly-check,recompute,ntt,register-write,0,62,0,3,PASS,FAIL,yes,yes,6.17688008e2,2.57325819e2,3.01428058e2,9.39772741e1,-39.46045687,1152,3,0,0,0,0,3,201334 ns,178750,1152,1152,2432,2819,2819
64,28,butterfly-check,recompute,ntt,register-write,0,62,8,3,PASS,FAIL,yes,yes,6.18891215e2,2.87895354e2,3.15988315e2,9.85167761e1,-39.87020383,1152,3,0,0,0,0,3,134084 ns,118254,1152,1152,2432,2819,2819
64,28,butterfly-check,recompute,ntt,register-write,0,62,24,3,PASS,FAIL,yes,yes,5.86945121e2,2.69129983e2,2.98435633e2,9.30443155e1,-39.37379691,1152,3,0,0,0,0,3,133874 ns,118749,1152,1152,2432,2819,2819
64,28,butterfly-check,recompute,ntt,register-write,0,62,26,3,PASS,FAIL,yes,yes,6.58469338e2,2.65165112e2,3.01445469e2,9.39827024e1,-39.46095857,1152,3,0,0,0,0,3,222667 ns,197167,1152,1152,2432,2819,2819
64,28,butterfly-check,recompute,ntt,register-write,3,0,0,1,PASS,FAIL,yes,yes,6.10168567e2,2.13989998e2,2.46400229e2,7.68210565e1,-37.70960551,1152,3,0,0,0,0,3,155707 ns,138207,1152,1152,2432,2819,2819
64,28,butterfly-check,recompute,ntt,register-write,3,0,8,1,PASS,FAIL,yes,yes,5.92658299e2,2.59285625e2,2.89048923e2,9.01177883e1,-39.09621049,1152,3,0,0,0,0,3,133583 ns,117290,1152,1152,2432,2819,2819
64,28,butterfly-check,recompute,ntt,register-write,3,0,24,1,PASS,FAIL,yes,yes,7.71933734e2,2.72623399e2,3.00691422e2,9.37476105e1,-39.43920414,1152,3,0,0,0,0,3,200959 ns,178377,1152,1152,2432,2819,2819
64,28,butterfly-check,recompute,ntt,register-write,3,0,26,1,PASS,FAIL,yes,yes,5.05047434e2,2.42357975e2,2.79055913e2,8.70022327e1,-38.79060795,1152,3,0,0,0,0,3,222916 ns,198415,1152,1152,2432,2819,2819
64,28,butterfly-check,recompute,ntt,register-write,3,4,0,1,PASS,FAIL,yes,yes,5.67581072e2,2.83113797e2,3.12148367e2,9.73195824e1,-39.76400473,1152,3,0,0,0,0,3,251292 ns,223290,1152,1152,2432,2819,2819
64,28,butterfly-check,recompute,ntt,register-write,3,4,8,1,PASS,FAIL,yes,yes,5.22303196e2,2.77409687e2,3.00969068e2,9.38341733e1,-39.44722064,1152,3,0,0,0,0,3,290668 ns,258417,1152,1152,2432,2819,2819
64,28,butterfly-check,recompute,ntt,register-write,3,4,24,1,PASS,FAIL,yes,yes,5.53655098e2,2.47437787e2,2.94703751e2,9.18808136e1,-39.26449664,1152,3,0,0,0,0,3,160832 ns,136000,1152,1152,2432,2819,2819
64,28,butterfly-check,recompute,ntt,register-write,3,4,26,1,PASS,FAIL,yes,yes,7.34763384e2,2.64150825e2,3.04936709e2,9.50711785e1,-39.56097755,1152,3,0,0,0,0,3,132375 ns,117664,1152,1152,2432,2819,2819
64,28,butterfly-check,recompute,ntt,register-write,3,5,0,1,PASS,FAIL,yes,yes,5.79980752e2,2.60052624e2,2.92773150e2,9.12789036e1,-39.20740829,1152,3,0,0,0,0,3,183419 ns,161833,1152,1152,2432,2819,2819
64,28,butterfly-check,recompute,ntt,register-write,3,5,8,1,PASS,FAIL,yes,yes,6.30898439e2,2.74475138e2,3.20514004e2,9.99277659e1,-39.99372356,1152,3,0,0,0,0,3,251333 ns,223208,1152,1152,2432,2819,2819
64,28,butterfly-check,recompute,ntt,register-write,3,5,24,1,PASS,FAIL,yes,yes,4.73495970e2,2.41709278e2,2.65463239e2,8.27643975e1,-38.35687115,1152,3,0,0,0,0,3,251042 ns,223502,1152,1152,2432,2819,2819
64,28,butterfly-check,recompute,ntt,register-write,3,5,26,1,PASS,FAIL,yes,yes,5.68431396e2,2.73981773e2,3.04357480e2,9.48905903e1,-39.54446296,1152,3,0,0,0,0,3,292460 ns,258792,1152,1152,2432,2819,2819
64,28,butterfly-check,recompute,ntt,register-write,3,6,0,1,PASS,FAIL,yes,yes,5.23580856e2,2.42164895e2,2.62005104e2,8.16862427e1,-38.24297841,1152,3,0,0,0,0,3,211167 ns,188582,1152,1152,2432,2819,2819
64,28,butterfly-check,recompute,ntt,register-write,3,6,8,1,PASS,FAIL,yes,yes,8.33642946e2,2.55699990e2,2.98750645e2,9.31425278e1,-39.38296040,1152,3,0,0,0,0,3,250667 ns,222667,1152,1152,2432,2819,2819
64,28,butterfly-check,recompute,ntt,register-write,3,6,24,1,PASS,FAIL,yes,yes,5.61513368e2,2.71406307e2,2.96941336e2,9.25784334e1,-39.33019655,1152,3,0,0,0,0,3,252416 ns,224040,1152,1152,2432,2819,2819
64,28,butterfly-check,recompute,ntt,register-write,3,6,26,1,PASS,FAIL,yes,yes,5.05147215e2,2.58146285e2,2.71989650e2,8.47991595e1,-38.56783095,1152,3,0,0,0,0,3,251875 ns,224085,1152,1152,2432,2819,2819
64,28,butterfly-check,recompute,ntt,register-write,3,7,0,1,PASS,FAIL,yes,yes,6.50313389e2,2.51648136e2,2.84764526e2,8.87820268e1,-38.96650111,1152,3,0,0,0,0,3,249375 ns,222290,1152,1152,2432,2819,2819
64,28,butterfly-check,recompute,ntt,register-write,3,7,8,1,PASS,FAIL,yes,yes,6.36006741e2,2.58946489e2,2.96270550e2,9.23693001e1,-39.31055306,1152,3,0,0,0,0,3,282458 ns,251581,1152,1152,2432,2819,2819
64,28,butterfly-check,recompute,ntt,register-write,3,7,24,1,PASS,FAIL,yes,yes,6.27536216e2,2.55033853e2,2.93713920e2,9.15722107e1,-39.23527398,1152,3,0,0,0,0,3,249749 ns,222500,1152,1152,2432,2819,2819
64,28,butterfly-check,recompute,ntt,register-write,3,7,26,1,PASS,FAIL,yes,yes,5.49156382e2,2.68139201e2,3.02261363e2,9.42370767e1,-39.48443611,1152,3,0,0,0,0,3,192125 ns,168541,1152,1152,2432,2819,2819
64,28,butterfly-check,recompute,ntt,register-write,3,8,0,1,PASS,FAIL,yes,yes,6.22004543e2,2.65266561e2,3.07384417e2,9.58343091e1,-39.63042032,1152,3,0,0,0,0,3,191291 ns,169253,1152,1152,2432,2819,2819
64,28,butterfly-check,recompute,ntt,register-write,3,8,8,1,PASS,FAIL,yes,yes,6.98170219e2,2.86480258e2,3.19747467e2,9.96887800e1,-39.97292562,1152,3,0,0,0,0,3,133042 ns,117664,1152,1152,2432,2819,2819
64,28,butterfly-check,recompute,ntt,register-write,3,8,24,1,PASS,FAIL,yes,yes,6.59829992e2,2.62229989e2,2.97070380e2,9.26186657e1,-39.33397041,1152,3,0,0,0,0,3,223292 ns,198250,1152,1152,2432,2819,2819
64,28,butterfly-check,recompute,ntt,register-write,3,8,26,1,PASS,FAIL,yes,yes,5.49145114e2,2.84711076e2,3.20607667e2,9.99569678e1,-39.99626146,1152,3,0,0,0,0,3,289374 ns,257879,1152,1152,2432,2819,2819
64,28,butterfly-check,recompute,ntt,register-write,3,9,0,1,PASS,FAIL,yes,yes,5.66287048e2,2.60911361e2,2.95118148e2,9.20100116e1,-39.27670170,1152,3,0,0,0,0,3,133499 ns,118628,1152,1152,2432,2819,2819
64,28,butterfly-check,recompute,ntt,register-write,3,9,8,1,PASS,FAIL,yes,yes,7.33130938e2,2.62294930e2,2.98248314e2,9.29859144e1,-39.36834332,1152,3,0,0,0,0,3,289501 ns,257794,1152,1152,2432,2819,2819
64,28,butterfly-check,recompute,ntt,register-write,3,9,24,1,PASS,FAIL,yes,yes,5.23610957e2,2.56464886e2,2.90576773e2,9.05941314e1,-39.14200131,1152,3,0,0,0,0,3,168625 ns,148083,1152,1152,2432,2819,2819
64,28,butterfly-check,recompute,ntt,register-write,3,9,26,1,PASS,FAIL,yes,yes,5.85138889e2,2.67553672e2,2.96186875e2,9.23432125e1,-39.30809958,1152,3,0,0,0,0,3,145124 ns,128583,1152,1152,2432,2819,2819
64,28,butterfly-check,recompute,ntt,register-write,3,10,0,1,PASS,FAIL,yes,yes,5.01998825e2,2.36333064e2,2.76619076e2,8.62424915e1,-38.71442589,1152,3,0,0,0,0,3,250540 ns,222709,1152,1152,2432,2819,2819
64,28,butterfly-check,recompute,ntt,register-write,3,10,8,1,PASS,FAIL,yes,yes,6.83836003e2,2.73175290e2,3.23855394e2,1.00969523e2,-40.08380607,1152,3,0,0,0,0,3,134042 ns,118003,1152,1152,2432,2819,2819
64,28,butterfly-check,recompute,ntt,register-write,3,10,24,1,PASS,FAIL,yes,yes,6.66511370e2,2.77716872e2,3.08783575e2,9.62705293e1,-39.66986719,1152,3,0,0,0,0,3,251001 ns,223959,1152,1152,2432,2819,2819
64,28,butterfly-check,recompute,ntt,register-write,3,10,26,1,PASS,FAIL,yes,yes,7.20551825e2,2.48919674e2,2.97079873e2,9.26216254e1,-39.33424796,1152,3,0,0,0,0,3,250958 ns,223376,1152,1152,2432,2819,2819
64,28,butterfly-check,recompute,ntt,register-write,3,11,0,1,PASS,FAIL,yes,yes,5.48731139e2,2.55349794e2,2.87808230e2,8.97309729e1,-39.05884753,1152,3,0,0,0,0,3,134042 ns,118875,1152,1152,2432,2819,2819
64,28,butterfly-check,recompute,ntt,register-write,3,11,8,1,PASS,FAIL,yes,yes,5.87381253e2,2.79990925e2,3.16093473e2,9.85495618e1,-39.87309395,1152,3,0,0,0,0,3,237290 ns,209915,1152,1152,2432,2819,2819
64,28,butterfly-check,recompute,ntt,register-write,3,11,24,1,PASS,FAIL,yes,yes,5.08628768e2,2.67097742e2,2.90778021e2,9.06568751e1,-39.14801490,1152,3,0,0,0,0,3,224292 ns,197750,1152,1152,2432,2819,2819
64,28,butterfly-check,recompute,ntt,register-write,3,11,26,1,PASS,FAIL,yes,yes,6.69292210e2,2.39056312e2,2.70201733e2,8.42417344e1,-38.51054599,1152,3,0,0,0,0,3,133458 ns,118713,1152,1152,2432,2819,2819
64,28,butterfly-check,recompute,ntt,register-write,3,12,0,1,PASS,FAIL,yes,yes,5.18495639e2,2.59341885e2,2.83420429e2,8.83629730e1,-38.92540639,1152,3,0,0,0,0,3,221792 ns,197125,1152,1152,2432,2819,2819
64,28,butterfly-check,recompute,ntt,register-write,3,12,8,1,PASS,FAIL,yes,yes,6.09444654e2,2.41680344e2,2.83772003e2,8.84725844e1,-38.93617428,1152,3,0,0,0,0,3,131334 ns,116714,1152,1152,2432,2819,2819
64,28,butterfly-check,recompute,ntt,register-write,3,12,24,1,PASS,FAIL,yes,yes,5.00956505e2,2.70145746e2,2.93365420e2,9.14635577e1,-39.22496180,1152,3,0,0,0,0,3,169374 ns,151456,1152,1152,2432,2819,2819
64,28,butterfly-check,recompute,ntt,register-write,3,12,26,1,PASS,FAIL,yes,yes,6.51079196e2,2.63530488e2,3.01515914e2,9.40046652e1,-39.46298814,1152,3,0,0,0,0,3,184042 ns,164085,1152,1152,2432,2819,2819
64,28,butterfly-check,recompute,ntt,register-write,3,14,0,1,PASS,FAIL,yes,yes,6.70592012e2,2.70737937e2,3.05716662e2,9.53143471e1,-39.58316554,1152,3,0,0,0,0,3,133209 ns,118128,1152,1152,2432,2819,2819
64,28,butterfly-check,recompute,ntt,register-write,3,14,8,1,PASS,FAIL,yes,yes,5.32098825e2,2.48589933e2,2.79622612e2,8.71789146e1,-38.80822915,1152,3,0,0,0,0,3,223417 ns,200081,1152,1152,2432,2819,2819
64,28,butterfly-check,recompute,ntt,register-write,3,14,24,1,PASS,FAIL,yes,yes,7.44937480e2,2.76265051e2,3.30965783e2,1.03186354e2,-40.27244531,1152,3,0,0,0,0,3,132083 ns,116917,1152,1152,2432,2819,2819
64,28,butterfly-check,recompute,ntt,register-write,3,14,26,1,PASS,FAIL,yes,yes,6.39662505e2,2.74823337e2,3.04123663e2,9.48176922e1,-39.53778762,1152,3,0,0,0,0,3,185042 ns,165918,1152,1152,2432,2819,2819
64,28,butterfly-check,recompute,ntt,register-write,3,19,0,1,PASS,FAIL,yes,yes,6.74214778e2,2.82498083e2,3.24642959e2,1.01215065e2,-40.10490313,1152,3,0,0,0,0,3,134124 ns,118955,1152,1152,2432,2819,2819
64,28,butterfly-check,recompute,ntt,register-write,3,19,8,1,PASS,FAIL,yes,yes,7.03790686e2,2.59287008e2,2.96093626e2,9.23141399e1,-39.30536455,1152,3,0,0,0,0,3,250457 ns,223211,1152,1152,2432,2819,2819
64,28,butterfly-check,recompute,ntt,register-write,3,19,24,1,PASS,FAIL,yes,yes,5.43820955e2,2.53522338e2,2.86198629e2,8.92291421e1,-39.01013435,1152,3,0,0,0,0,3,131499 ns,116829,1152,1152,2432,2819,2819
64,28,butterfly-check,recompute,ntt,register-write,3,19,26,1,PASS,FAIL,yes,yes,4.87833421e2,2.84364657e2,3.08687177e2,9.62404750e1,-39.66715516,1152,3,0,0,0,0,3,130877 ns,116332,1152,1152,2432,2819,2819
64,28,butterfly-check,recompute,ntt,register-write,3,21,0,1,PASS,FAIL,yes,yes,5.51561536e2,2.37110849e2,2.71979438e2,8.47959754e1,-38.56750481,1152,3,0,0,0,0,3,132418 ns,117338,1152,1152,2432,2819,2819
64,28,butterfly-check,recompute,ntt,register-write,3,21,8,1,PASS,FAIL,yes,yes,5.24121513e2,2.68423081e2,3.01556948e2,9.40174588e1,-39.46417017,1152,3,0,0,0,0,3,200292 ns,178539,1152,1152,2432,2819,2819
64,28,butterfly-check,recompute,ntt,register-write,3,21,24,1,PASS,FAIL,yes,yes,5.25928302e2,2.67878713e2,2.87648525e2,8.96811813e1,-39.05402641,1152,3,0,0,0,0,3,133457 ns,118545,1152,1152,2432,2819,2819
64,28,butterfly-check,recompute,ntt,register-write,3,21,26,1,PASS,FAIL,yes,yes,7.30376336e2,2.66193287e2,3.07398687e2,9.58387579e1,-39.63082353,1152,3,0,0,0,0,3,257750 ns,231042,1152,1152,2432,2819,2819
64,28,butterfly-check,recompute,ntt,register-write,3,22,0,1,PASS,FAIL,yes,yes,5.65118591e2,2.62199678e2,2.98558352e2,9.30825759e1,-39.37736786,1152,3,0,0,0,0,3,229375 ns,205540,1152,1152,2432,2819,2819
64,28,butterfly-check,recompute,ntt,register-write,3,22,8,1,PASS,FAIL,yes,yes,5.57577476e2,2.35516490e2,2.73696508e2,8.53313124e1,-38.62216850,1152,3,0,0,0,0,3,133083 ns,118085,1152,1152,2432,2819,2819
64,28,butterfly-check,recompute,ntt,register-write,3,22,24,1,PASS,FAIL,yes,yes,5.99187830e2,2.66395595e2,3.01876066e2,9.41169513e1,-39.47335701,1152,3,0,0,0,0,3,222708 ns,198167,1152,1152,2432,2819,2819
64,28,butterfly-check,recompute,ntt,register-write,3,22,26,1,PASS,FAIL,yes,yes,6.65011591e2,2.75543369e2,3.15002133e2,9.82093108e1,-39.84305326,1152,3,0,0,0,0,3,131917 ns,117039,1152,1152,2432,2819,2819
64,28,butterfly-check,recompute,ntt,register-write,3,24,0,1,PASS,FAIL,yes,yes,5.28800501e2,2.21899591e2,2.58758790e2,8.06741281e1,-38.13468560,1152,3,0,0,0,0,3,133292 ns,117999,1152,1152,2432,2819,2819
64,28,butterfly-check,recompute,ntt,register-write,3,24,8,1,PASS,FAIL,yes,yes,6.09478893e2,2.79350448e2,3.11513123e2,9.71215301e1,-39.74631032,1152,3,0,0,0,0,3,132126 ns,117375,1152,1152,2432,2819,2819
64,28,butterfly-check,recompute,ntt,register-write,3,24,24,1,PASS,FAIL,yes,yes,5.00672934e2,2.85825637e2,3.12386940e2,9.73939629e1,-39.77064075,1152,3,0,0,0,0,3,147709 ns,129958,1152,1152,2432,2819,2819
64,28,butterfly-check,recompute,ntt,register-write,3,24,26,1,PASS,FAIL,yes,yes,7.35324205e2,2.57341879e2,2.96857715e2,9.25523626e1,-39.32775019,1152,3,0,0,0,0,3,133875 ns,118876,1152,1152,2432,2819,2819
64,28,butterfly-check,recompute,ntt,register-write,3,25,0,1,PASS,FAIL,yes,yes,7.16488621e2,2.80217038e2,3.24945984e2,1.01309540e2,-40.11300685,1152,3,0,0,0,0,3,127708 ns,113711,1152,1152,2432,2819,2819
64,28,butterfly-check,recompute,ntt,register-write,3,25,8,1,PASS,FAIL,yes,yes,5.89727494e2,2.75812417e2,3.14851095e2,9.81622211e1,-39.83888753,1152,3,0,0,0,0,3,250041 ns,222414,1152,1152,2432,2819,2819
64,28,butterfly-check,recompute,ntt,register-write,3,25,24,1,PASS,FAIL,yes,yes,7.10160758e2,2.56769381e2,2.99411446e2,9.33485482e1,-39.40215136,1152,3,0,0,0,0,3,249873 ns,221625,1152,1152,2432,2819,2819
64,28,butterfly-check,recompute,ntt,register-write,3,25,26,1,PASS,FAIL,yes,yes,5.53904867e2,2.58582744e2,2.92793157e2,9.12851411e1,-39.20800182,1152,3,0,0,0,0,3,289500 ns,257291,1152,1152,2432,2819,2819
64,28,butterfly-check,recompute,ntt,register-write,3,28,0,1,PASS,FAIL,yes,yes,5.61779825e2,2.54004181e2,2.93004042e2,9.13508895e1,-39.21425561,1152,3,0,0,0,0,3,222500 ns,197834,1152,1152,2432,2819,2819
64,28,butterfly-check,recompute,ntt,register-write,3,28,8,1,PASS,FAIL,yes,yes,5.11669761e2,2.65286374e2,3.01167479e2,9.38960325e1,-39.45294483,1152,3,0,0,0,0,3,290251 ns,258082,1152,1152,2432,2819,2819
64,28,butterfly-check,recompute,ntt,register-write,3,28,24,1,PASS,FAIL,yes,yes,7.22796708e2,2.78683374e2,3.19069820e2,9.94775077e1,-39.95449792,1152,3,0,0,0,0,3,222292 ns,198249,1152,1152,2432,2819,2819
64,28,butterfly-check,recompute,ntt,register-write,3,28,26,1,PASS,FAIL,yes,yes,5.54775517e2,2.70551724e2,2.99440720e2,9.33576748e1,-39.40300053,1152,3,0,0,0,0,3,217751 ns,191918,1152,1152,2432,2819,2819
64,28,butterfly-check,recompute,ntt,register-write,3,31,0,1,PASS,FAIL,yes,yes,5.28852204e2,2.50787589e2,2.85023494e2,8.88627664e1,-38.97439658,1152,3,0,0,0,0,3,222167 ns,197751,1152,1152,2432,2819,2819
64,28,butterfly-check,recompute,ntt,register-write,3,31,8,1,PASS,FAIL,yes,yes,5.67889779e2,2.73366476e2,3.01677670e2,9.40550966e1,-39.46764668,1152,3,0,0,0,0,3,200292 ns,178084,1152,1152,2432,2819,2819
64,28,butterfly-check,recompute,ntt,register-write,3,31,24,1,PASS,FAIL,yes,yes,5.64463240e2,2.59891395e2,3.00678619e2,9.37436191e1,-39.43883432,1152,3,0,0,0,0,3,184083 ns,164041,1152,1152,2432,2819,2819
64,28,butterfly-check,recompute,ntt,register-write,3,31,26,1,PASS,FAIL,yes,yes,4.11461899e2,2.70709599e2,2.86263924e2,8.92494994e1,-39.01211577,1152,3,0,0,0,0,3,251625 ns,222790,1152,1152,2432,2819,2819
64,28,butterfly-check,recompute,ntt,register-write,3,33,0,1,PASS,FAIL,yes,yes,4.65838366e2,2.45066538e2,2.67361010e2,8.33560721e1,-38.41874484,1152,3,0,0,0,0,3,221584 ns,196956,1152,1152,2432,2819,2819
64,28,butterfly-check,recompute,ntt,register-write,3,33,8,1,PASS,FAIL,yes,yes,5.59876339e2,2.65173287e2,2.98875552e2,9.31814706e1,-39.38659120,1152,3,0,0,0,0,3,131542 ns,116500,1152,1152,2432,2819,2819
64,28,butterfly-check,recompute,ntt,register-write,3,33,24,1,PASS,FAIL,yes,yes,5.25957861e2,2.19900679e2,2.53520647e2,7.90410140e1,-37.95705006,1152,3,0,0,0,0,3,241541 ns,214629,1152,1152,2432,2819,2819
64,28,butterfly-check,recompute,ntt,register-write,3,33,26,1,PASS,FAIL,yes,yes,5.99387698e2,2.63185544e2,2.96396992e2,9.24087214e1,-39.31425922,1152,3,0,0,0,0,3,291542 ns,259166,1152,1152,2432,2819,2819
64,28,butterfly-check,recompute,ntt,register-write,3,34,0,1,PASS,FAIL,yes,yes,6.43696261e2,2.63949392e2,3.06842234e2,9.56652706e1,-39.61508609,1152,3,0,0,0,0,3,384710 ns,308457,1152,1152,2432,2819,2819
64,28,butterfly-check,recompute,ntt,register-write,3,34,8,1,PASS,FAIL,yes,yes,6.45151036e2,2.76577178e2,3.10317682e2,9.67488233e1,-39.71291383,1152,3,0,0,0,0,3,222250 ns,197540,1152,1152,2432,2819,2819
64,28,butterfly-check,recompute,ntt,register-write,3,34,24,1,PASS,FAIL,yes,yes,6.84387080e2,2.69173108e2,3.12612352e2,9.74642404e1,-39.77690605,1152,3,0,0,0,0,3,251791 ns,223539,1152,1152,2432,2819,2819
64,28,butterfly-check,recompute,ntt,register-write,3,34,26,1,PASS,FAIL,yes,yes,6.65692444e2,2.40950577e2,2.75937545e2,8.60300084e1,-38.69299930,1152,3,0,0,0,0,3,164999 ns,147249,1152,1152,2432,2819,2819
64,28,butterfly-check,recompute,ntt,register-write,3,35,0,1,PASS,FAIL,yes,yes,6.68731963e2,2.82853700e2,3.08872125e2,9.62981369e1,-39.67235770,1152,3,0,0,0,0,3,221999 ns,197378,1152,1152,2432,2819,2819
64,28,butterfly-check,recompute,ntt,register-write,3,35,8,1,PASS,FAIL,yes,yes,5.43748045e2,2.72929780e2,2.99598512e2,9.34068703e1,-39.40757641,1152,3,0,0,0,0,3,293125 ns,259418,1152,1152,2432,2819,2819
64,28,butterfly-check,recompute,ntt,register-write,3,35,24,1,PASS,FAIL,yes,yes,6.37801602e2,2.84248793e2,3.23000784e2,1.00703078e2,-40.06085491,1152,3,0,0,0,0,3,193667 ns,172123,1152,1152,2432,2819,2819
64,28,butterfly-check,recompute,ntt,register-write,3,35,26,1,PASS,FAIL,yes,yes,5.31235440e2,2.56559257e2,2.83020483e2,8.82382804e1,-38.91314072,1152,3,0,0,0,0,3,174582 ns,156128,1152,1152,2432,2819,2819
64,28,butterfly-check,recompute,ntt,register-write,3,38,0,1,PASS,FAIL,yes,yes,7.23053863e2,2.55706850e2,2.99684097e2,9.34335535e1,-39.41005733,1152,3,0,0,0,0,3,184876 ns,165748,1152,1152,2432,2819,2819
64,28,butterfly-check,recompute,ntt,register-write,3,38,8,1,PASS,FAIL,yes,yes,6.28602534e2,2.88083941e2,3.35298820e2,1.04537280e2,-40.38542389,1152,3,0,0,0,0,3,247083 ns,220040,1152,1152,2432,2819,2819
64,28,butterfly-check,recompute,ntt,register-write,3,38,24,1,PASS,FAIL,yes,yes,6.73909397e2,2.59216917e2,2.98610004e2,9.30986797e1,-39.37887044,1152,3,0,0,0,0,3,251084 ns,223293,1152,1152,2432,2819,2819
64,28,butterfly-check,recompute,ntt,register-write,3,38,26,1,PASS,FAIL,yes,yes,5.21833921e2,2.87357177e2,3.09473451e2,9.64856145e1,-39.68925135,1152,3,0,0,0,0,3,199832 ns,177585,1152,1152,2432,2819,2819
64,28,butterfly-check,recompute,ntt,register-write,3,40,0,1,PASS,FAIL,yes,yes,4.35509467e2,2.42602512e2,2.71100310e2,8.45218867e1,-38.53938366,1152,3,0,0,0,0,3,222376 ns,198001,1152,1152,2432,2819,2819
64,28,butterfly-check,recompute,ntt,register-write,3,40,8,1,PASS,FAIL,yes,yes,6.84948735e2,2.65334866e2,2.94717891e2,9.18852221e1,-39.26491339,1152,3,0,0,0,0,3,147624 ns,129414,1152,1152,2432,2819,2819
64,28,butterfly-check,recompute,ntt,register-write,3,40,24,1,PASS,FAIL,yes,yes,7.03355977e2,2.82172606e2,3.29728989e2,1.02800754e2,-40.23992600,1152,3,0,0,0,0,3,251625 ns,223835,1152,1152,2432,2819,2819
64,28,butterfly-check,recompute,ntt,register-write,3,40,26,1,PASS,FAIL,yes,yes,5.54925660e2,2.96277162e2,3.22060334e2,1.00409871e2,-40.03552814,1152,3,0,0,0,0,3,264000 ns,235753,1152,1152,2432,2819,2819
64,28,butterfly-check,recompute,ntt,register-write,3,46,0,1,PASS,FAIL,yes,yes,5.28025622e2,2.51982680e2,2.84634481e2,8.87414824e1,-38.96253358,1152,3,0,0,0,0,3,250666 ns,223333,1152,1152,2432,2819,2819
64,28,butterfly-check,recompute,ntt,register-write,3,46,8,1,PASS,FAIL,yes,yes,5.52795868e2,2.66120914e2,2.94715171e2,9.18843740e1,-39.26483321,1152,3,0,0,0,0,3,272209 ns,243211,1152,1152,2432,2819,2819
64,28,butterfly-check,recompute,ntt,register-write,3,46,24,1,PASS,FAIL,yes,yes,4.47718316e2,2.46414564e2,2.72098472e2,8.48330871e1,-38.57130543,1152,3,0,0,0,0,3,250250 ns,222457,1152,1152,2432,2819,2819
64,28,butterfly-check,recompute,ntt,register-write,3,46,26,1,PASS,FAIL,yes,yes,5.51458722e2,2.74227718e2,2.96852320e2,9.25506806e1,-39.32759234,1152,3,0,0,0,0,3,144540 ns,128336,1152,1152,2432,2819,2819
64,28,butterfly-check,recompute,ntt,register-write,3,48,0,1,PASS,FAIL,yes,yes,5.58142089e2,2.74482537e2,3.12035214e2,9.72843043e1,-39.76085555,1152,3,0,0,0,0,3,134000 ns,118001,1152,1152,2432,2819,2819
64,28,butterfly-check,recompute,ntt,register-write,3,48,8,1,PASS,FAIL,yes,yes,7.19198264e2,2.40662991e2,2.86839214e2,8.94288595e1,-39.02955384,1152,3,0,0,0,0,3,290459 ns,258166,1152,1152,2432,2819,2819
64,28,butterfly-check,recompute,ntt,register-write,3,48,24,1,PASS,FAIL,yes,yes,4.86740872e2,2.37417403e2,2.63676788e2,8.22074293e1,-38.29822135,1152,3,0,0,0,0,3,133250 ns,118085,1152,1152,2432,2819,2819
64,28,butterfly-check,recompute,ntt,register-write,3,48,26,1,PASS,FAIL,yes,yes,7.06511021e2,2.39296124e2,2.92242188e2,9.11133636e1,-39.19164159,1152,3,0,0,0,0,3,290709 ns,258579,1152,1152,2432,2819,2819
64,28,butterfly-check,recompute,ntt,register-write,3,49,0,1,PASS,FAIL,yes,yes,6.91140145e2,2.55331391e2,3.04935318e2,9.50707450e1,-39.56093795,1152,3,0,0,0,0,3,129082 ns,114831,1152,1152,2432,2819,2819
64,28,butterfly-check,recompute,ntt,register-write,3,49,8,1,PASS,FAIL,yes,yes,5.77520578e2,2.60434395e2,2.91497316e2,9.08811323e1,-39.16947458,1152,3,0,0,0,0,3,292167 ns,259250,1152,1152,2432,2819,2819
64,28,butterfly-check,recompute,ntt,register-write,3,49,24,1,PASS,FAIL,yes,yes,5.97349951e2,2.73073349e2,2.98690756e2,9.31238559e1,-39.38121900,1152,3,0,0,0,0,3,131292 ns,116329,1152,1152,2432,2819,2819
64,28,butterfly-check,recompute,ntt,register-write,3,49,26,1,PASS,FAIL,yes,yes,6.97780921e2,2.83356292e2,3.23535581e2,1.00869813e2,-40.07522435,1152,3,0,0,0,0,3,250917 ns,222961,1152,1152,2432,2819,2819
64,28,butterfly-check,recompute,ntt,register-write,3,50,0,1,PASS,FAIL,yes,yes,6.35624564e2,2.84642321e2,3.15797742e2,9.84573605e1,-39.86496377,1152,3,0,0,0,0,3,131376 ns,116543,1152,1152,2432,2819,2819
64,28,butterfly-check,recompute,ntt,register-write,3,50,8,1,PASS,FAIL,yes,yes,6.51144371e2,2.36173732e2,2.76439302e2,8.61864427e1,-38.70877912,1152,3,0,0,0,0,3,290707 ns,258830,1152,1152,2432,2819,2819
64,28,butterfly-check,recompute,ntt,register-write,3,50,24,1,PASS,FAIL,yes,yes,5.26113244e2,2.30732144e2,2.67082232e2,8.32691567e1,-38.40968333,1152,3,0,0,0,0,3,227456 ns,202374,1152,1152,2432,2819,2819
64,28,butterfly-check,recompute,ntt,register-write,3,50,26,1,PASS,FAIL,yes,yes,5.69616438e2,2.37941945e2,2.82626028e2,8.81152998e1,-38.90102647,1152,3,0,0,0,0,3,291959 ns,259329,1152,1152,2432,2819,2819
64,28,butterfly-check,recompute,ntt,register-write,3,51,0,1,PASS,FAIL,yes,yes,5.30879988e2,2.50601481e2,2.74094444e2,8.54553782e1,-38.63478801,1152,3,0,0,0,0,3,251623 ns,223416,1152,1152,2432,2819,2819
64,28,butterfly-check,recompute,ntt,register-write,3,51,8,1,PASS,FAIL,yes,yes,6.17583904e2,2.32731304e2,2.68238348e2,8.36296028e1,-38.44720069,1152,3,0,0,0,0,3,132374 ns,116836,1152,1152,2432,2819,2819
64,28,butterfly-check,recompute,ntt,register-write,3,51,24,1,PASS,FAIL,yes,yes,5.46465291e2,2.52072941e2,2.79833064e2,8.72445280e1,-38.81476394,1152,3,0,0,0,0,3,169584 ns,150627,1152,1152,2432,2819,2819
64,28,butterfly-check,recompute,ntt,register-write,3,51,26,1,PASS,FAIL,yes,yes,4.89079282e2,2.69659087e2,2.98062967e2,9.29281282e1,-39.36294379,1152,3,0,0,0,0,3,250583 ns,223164,1152,1152,2432,2819,2819
64,28,butterfly-check,recompute,ntt,register-write,3,53,0,1,PASS,FAIL,yes,yes,4.99392501e2,2.48049396e2,2.82532736e2,8.80862141e1,-38.89815889,1152,3,0,0,0,0,3,225332 ns,199372,1152,1152,2432,2819,2819
64,28,butterfly-check,recompute,ntt,register-write,3,53,8,1,PASS,FAIL,yes,yes,6.52392811e2,2.55707769e2,3.01913738e2,9.41286962e1,-39.47444086,1152,3,0,0,0,0,3,252125 ns,223168,1152,1152,2432,2819,2819
64,28,butterfly-check,recompute,ntt,register-write,3,53,24,1,PASS,FAIL,yes,yes,8.46716509e2,2.57049745e2,2.99120069e2,9.32577045e1,-39.39369443,1152,3,0,0,0,0,3,251166 ns,223374,1152,1152,2432,2819,2819
64,28,butterfly-check,recompute,ntt,register-write,3,53,26,1,PASS,FAIL,yes,yes,5.97138165e2,2.62666513e2,2.89325371e2,9.02039773e1,-39.10451374,1152,3,0,0,0,0,3,292416 ns,258877,1152,1152,2432,2819,2819
64,28,butterfly-check,recompute,ntt,register-write,3,57,0,1,PASS,FAIL,yes,yes,5.36998439e2,2.54358391e2,2.87757372e2,8.97151170e1,-39.05731256,1152,3,0,0,0,0,3,250459 ns,222964,1152,1152,2432,2819,2819
64,28,butterfly-check,recompute,ntt,register-write,3,57,8,1,PASS,FAIL,yes,yes,6.44354925e2,2.88725004e2,3.26880360e2,1.01912627e2,-40.16455994,1152,3,0,0,0,0,3,291916 ns,257876,1152,1152,2432,2819,2819
64,28,butterfly-check,recompute,ntt,register-write,3,57,24,1,PASS,FAIL,yes,yes,5.90824951e2,2.85942671e2,3.12423164e2,9.74052567e1,-39.77164790,1152,3,0,0,0,0,3,251709 ns,223581,1152,1152,2432,2819,2819
64,28,butterfly-check,recompute,ntt,register-write,3,57,26,1,PASS,FAIL,yes,yes,6.07001558e2,2.54444912e2,2.97477185e2,9.27454967e1,-39.34585663,1152,3,0,0,0,0,3,129001 ns,114498,1152,1152,2432,2819,2819
64,28,butterfly-check,recompute,ntt,register-write,3,58,0,1,PASS,FAIL,yes,yes,6.08958465e2,2.50415250e2,2.74863536e2,8.56951607e1,-38.65912595,1152,3,0,0,0,0,3,131250 ns,116541,1152,1152,2432,2819,2819
64,28,butterfly-check,recompute,ntt,register-write,3,58,8,1,PASS,FAIL,yes,yes,6.19624109e2,2.51388379e2,2.94848360e2,9.19258990e1,-39.26875772,1152,3,0,0,0,0,3,132083 ns,116874,1152,1152,2432,2819,2819
64,28,butterfly-check,recompute,ntt,register-write,3,58,24,1,PASS,FAIL,yes,yes,6.80796768e2,2.96221144e2,3.38286848e2,1.05468867e2,-40.46248565,1152,3,0,0,0,0,3,222167 ns,197537,1152,1152,2432,2819,2819
64,28,butterfly-check,recompute,ntt,register-write,3,58,26,1,PASS,FAIL,yes,yes,5.43929227e2,2.72573582e2,3.05514450e2,9.52513030e1,-39.57741850,1152,3,0,0,0,0,3,253208 ns,223664,1152,1152,2432,2819,2819
64,28,butterfly-check,recompute,ntt,register-write,3,60,0,1,PASS,FAIL,yes,yes,5.76641442e2,2.54982530e2,2.94756786e2,9.18973486e1,-39.26605963,1152,3,0,0,0,0,3,159250 ns,126918,1152,1152,2432,2819,2819
64,28,butterfly-check,recompute,ntt,register-write,3,60,8,1,PASS,FAIL,yes,yes,5.08823032e2,2.28695155e2,2.59684725e2,8.09628102e1,-38.16571148,1152,3,0,0,0,0,3,133458 ns,117916,1152,1152,2432,2819,2819
64,28,butterfly-check,recompute,ntt,register-write,3,60,24,1,PASS,FAIL,yes,yes,6.03626558e2,2.47749265e2,2.87758674e2,8.97155228e1,-39.05735184,1152,3,0,0,0,0,3,251084 ns,223332,1152,1152,2432,2819,2819
64,28,butterfly-check,recompute,ntt,register-write,3,60,26,1,PASS,FAIL,yes,yes,5.56576275e2,2.75524852e2,3.08136966e2,9.60689337e1,-39.65165941,1152,3,0,0,0,0,3,250334 ns,222750,1152,1152,2432,2819,2819
64,28,butterfly-check,recompute,ntt,register-write,3,0,0,2,PASS,FAIL,yes,yes,6.10168567e2,2.13989998e2,2.46400229e2,7.68210565e1,-37.70960551,1152,3,0,0,0,0,3,134041 ns,118459,1152,1152,2432,2819,2819
64,28,butterfly-check,recompute,ntt,register-write,3,0,8,2,PASS,FAIL,yes,yes,5.92658299e2,2.59285625e2,2.89048923e2,9.01177883e1,-39.09621049,1152,3,0,0,0,0,3,222333 ns,198003,1152,1152,2432,2819,2819
64,28,butterfly-check,recompute,ntt,register-write,3,0,24,2,PASS,FAIL,yes,yes,7.71933734e2,2.72623399e2,3.00691422e2,9.37476105e1,-39.43920414,1152,3,0,0,0,0,3,132168 ns,117209,1152,1152,2432,2819,2819
64,28,butterfly-check,recompute,ntt,register-write,3,0,26,2,PASS,FAIL,yes,yes,5.05047434e2,2.42357975e2,2.79055913e2,8.70022327e1,-38.79060795,1152,3,0,0,0,0,3,131085 ns,116790,1152,1152,2432,2819,2819
64,28,butterfly-check,recompute,ntt,register-write,3,1,0,2,PASS,FAIL,yes,yes,5.04479277e2,2.54909115e2,2.77035257e2,8.63722458e1,-38.72748424,1152,3,0,0,0,0,3,131334 ns,116789,1152,1152,2432,2819,2819
64,28,butterfly-check,recompute,ntt,register-write,3,1,8,2,PASS,FAIL,yes,yes,5.62663325e2,2.79052383e2,3.13782403e2,9.78290313e1,-39.80935506,1152,3,0,0,0,0,3,223458 ns,198876,1152,1152,2432,2819,2819
64,28,butterfly-check,recompute,ntt,register-write,3,1,24,2,PASS,FAIL,yes,yes,5.65049400e2,2.71485808e2,2.99317043e2,9.33191158e1,-39.39941230,1152,3,0,0,0,0,3,226499 ns,201835,1152,1152,2432,2819,2819
64,28,butterfly-check,recompute,ntt,register-write,3,1,26,2,PASS,FAIL,yes,yes,4.92354426e2,2.45468739e2,2.65672017e2,8.28294891e1,-38.36369965,1152,3,0,0,0,0,3,222416 ns,197374,1152,1152,2432,2819,2819
64,28,butterfly-check,recompute,ntt,register-write,3,3,0,2,PASS,FAIL,yes,yes,5.16775429e2,2.61768219e2,2.92561917e2,9.12130467e1,-39.20113924,1152,3,0,0,0,0,3,222375 ns,197709,1152,1152,2432,2819,2819
64,28,butterfly-check,recompute,ntt,register-write,3,3,8,2,PASS,FAIL,yes,yes,5.63191635e2,2.47422646e2,2.81390878e2,8.77302128e1,-38.86298366,1152,3,0,0,0,0,3,250583 ns,223207,1152,1152,2432,2819,2819
64,28,butterfly-check,recompute,ntt,register-write,3,3,24,2,PASS,FAIL,yes,yes,6.83222203e2,2.89673375e2,3.30931068e2,1.03175530e2,-40.27153419,1152,3,0,0,0,0,3,223500 ns,198833,1152,1152,2432,2819,2819
64,28,butterfly-check,recompute,ntt,register-write,3,3,26,2,PASS,FAIL,yes,yes,7.21474217e2,2.74324644e2,3.15881363e2,9.84834312e1,-39.86726343,1152,3,0,0,0,0,3,251208 ns,222543,1152,1152,2432,2819,2819
64,28,butterfly-check,recompute,ntt,register-write,3,5,0,2,PASS,FAIL,yes,yes,5.79980752e2,2.60052624e2,2.92773150e2,9.12789036e1,-39.20740829,1152,3,0,0,0,0,3,291583 ns,259210,1152,1152,2432,2819,2819
64,28,butterfly-check,recompute,ntt,register-write,3,5,8,2,PASS,FAIL,yes,yes,6.30898439e2,2.74475138e2,3.20514004e2,9.99277659e1,-39.99372356,1152,3,0,0,0,0,3,221751 ns,197585,1152,1152,2432,2819,2819
64,28,butterfly-check,recompute,ntt,register-write,3,5,24,2,PASS,FAIL,yes,yes,4.73495970e2,2.41709278e2,2.65463239e2,8.27643975e1,-38.35687115,1152,3,0,0,0,0,3,130832 ns,116413,1152,1152,2432,2819,2819
64,28,butterfly-check,recompute,ntt,register-write,3,5,26,2,PASS,FAIL,yes,yes,5.68431396e2,2.73981773e2,3.04357480e2,9.48905903e1,-39.54446296,1152,3,0,0,0,0,3,154667 ns,137665,1152,1152,2432,2819,2819
64,28,butterfly-check,recompute,ntt,register-write,3,11,0,2,PASS,FAIL,yes,yes,5.48731139e2,2.55349794e2,2.87808230e2,8.97309729e1,-39.05884753,1152,3,0,0,0,0,3,250625 ns,222708,1152,1152,2432,2819,2819
64,28,butterfly-check,recompute,ntt,register-write,3,11,8,2,PASS,FAIL,yes,yes,5.87381253e2,2.79990925e2,3.16093473e2,9.85495618e1,-39.87309395,1152,3,0,0,0,0,3,223876 ns,198458,1152,1152,2432,2819,2819
64,28,butterfly-check,recompute,ntt,register-write,3,11,24,2,PASS,FAIL,yes,yes,5.08628768e2,2.67097742e2,2.90778021e2,9.06568751e1,-39.14801490,1152,3,0,0,0,0,3,233165 ns,207336,1152,1152,2432,2819,2819
64,28,butterfly-check,recompute,ntt,register-write,3,11,26,2,PASS,FAIL,yes,yes,6.69292210e2,2.39056312e2,2.70201733e2,8.42417344e1,-38.51054599,1152,3,0,0,0,0,3,132751 ns,117537,1152,1152,2432,2819,2819
64,28,butterfly-check,recompute,ntt,register-write,3,13,0,2,PASS,FAIL,yes,yes,5.47820771e2,2.71423768e2,3.09248173e2,9.64153786e1,-39.68292622,1152,3,0,0,0,0,3,251292 ns,223750,1152,1152,2432,2819,2819
64,28,butterfly-check,recompute,ntt,register-write,3,13,8,2,PASS,FAIL,yes,yes,5.93016782e2,2.60952634e2,2.94028722e2,9.16703575e1,-39.24457850,1152,3,0,0,0,0,3,250875 ns,222957,1152,1152,2432,2819,2819
64,28,butterfly-check,recompute,ntt,register-write,3,13,24,2,PASS,FAIL,yes,yes,5.48933987e2,2.68113515e2,3.02643306e2,9.43561563e1,-39.49540482,1152,3,0,0,0,0,3,133376 ns,118454,1152,1152,2432,2819,2819
64,28,butterfly-check,recompute,ntt,register-write,3,13,26,2,PASS,FAIL,yes,yes,6.40123657e2,2.56606186e2,2.94321519e2,9.17616439e1,-39.25322371,1152,3,0,0,0,0,3,250876 ns,223084,1152,1152,2432,2819,2819
64,28,butterfly-check,recompute,ntt,register-write,3,15,0,2,PASS,FAIL,yes,yes,5.73458321e2,2.72828441e2,3.11894299e2,9.72403707e1,-39.75693212,1152,3,0,0,0,0,3,289292 ns,257335,1152,1152,2432,2819,2819
64,28,butterfly-check,recompute,ntt,register-write,3,15,8,2,PASS,FAIL,yes,yes,5.43593273e2,2.67721816e2,3.01406454e2,9.39705387e1,-39.45983433,1152,3,0,0,0,0,3,131832 ns,116501,1152,1152,2432,2819,2819
64,28,butterfly-check,recompute,ntt,register-write,3,15,24,2,PASS,FAIL,yes,yes,7.07524436e2,2.79382876e2,3.19599106e2,9.96425250e1,-39.96889448,1152,3,0,0,0,0,3,182542 ns,162246,1152,1152,2432,2819,2819
64,28,butterfly-check,recompute,ntt,register-write,3,15,26,2,PASS,FAIL,yes,yes,6.50362991e2,2.61274593e2,2.89142288e2,9.01468970e1,-39.09901564,1152,3,0,0,0,0,3,223957 ns,198794,1152,1152,2432,2819,2819
64,28,butterfly-check,recompute,ntt,register-write,3,16,0,2,PASS,FAIL,yes,yes,6.00178105e2,2.52353110e2,2.85201507e2,8.89182660e1,-38.97981970,1152,3,0,0,0,0,3,134458 ns,119751,1152,1152,2432,2819,2819
64,28,butterfly-check,recompute,ntt,register-write,3,16,8,2,PASS,FAIL,yes,yes,6.32341045e2,2.78610181e2,3.18667554e2,9.93520919e1,-39.94354032,1152,3,0,0,0,0,3,132165 ns,117289,1152,1152,2432,2819,2819
64,28,butterfly-check,recompute,ntt,register-write,3,16,24,2,PASS,FAIL,yes,yes,5.74194422e2,2.44451973e2,2.76316692e2,8.61482163e1,-38.70492579,1152,3,0,0,0,0,3,224000 ns,198169,1152,1152,2432,2819,2819
64,28,butterfly-check,recompute,ntt,register-write,3,16,26,2,PASS,FAIL,yes,yes,5.09858584e2,2.48838974e2,2.73781093e2,8.53576837e1,-38.62485243,1152,3,0,0,0,0,3,132041 ns,116789,1152,1152,2432,2819,2819
64,28,butterfly-check,recompute,ntt,register-write,3,18,0,2,PASS,FAIL,yes,yes,5.71120672e2,2.76062093e2,3.02308260e2,9.42516978e1,-39.48578364,1152,3,0,0,0,0,3,131625 ns,116795,1152,1152,2432,2819,2819
64,28,butterfly-check,recompute,ntt,register-write,3,18,8,2,PASS,FAIL,yes,yes,5.30318183e2,2.61103920e2,2.93192487e2,9.14096417e1,-39.21984013,1152,3,0,0,0,0,3,222500 ns,197959,1152,1152,2432,2819,2819
64,28,butterfly-check,recompute,ntt,register-write,3,18,24,2,PASS,FAIL,yes,yes,6.23899144e2,2.70998577e2,3.16120115e2,9.85578680e1,-39.87382601,1152,3,0,0,0,0,3,133042 ns,118206,1152,1152,2432,2819,2819
64,28,butterfly-check,recompute,ntt,register-write,3,18,26,2,PASS,FAIL,yes,yes,5.79119583e2,2.61032983e2,2.83459678e2,8.83752100e1,-38.92660918,1152,3,0,0,0,0,3,131459 ns,116836,1152,1152,2432,2819,2819
64,28,butterfly-check,recompute,ntt,register-write,3,20,0,2,PASS,FAIL,yes,yes,5.49585340e2,2.50322451e2,2.95429654e2,9.21071308e1,-39.28586508,1152,3,0,0,0,0,3,223376 ns,198334,1152,1152,2432,2819,2819
64,28,butterfly-check,recompute,ntt,register-write,3,20,8,2,PASS,FAIL,yes,yes,6.70229710e2,2.41487511e2,2.77778222e2,8.66038825e1,-38.75074724,1152,3,0,0,0,0,3,251165 ns,223709,1152,1152,2432,2819,2819
64,28,butterfly-check,recompute,ntt,register-write,3,20,24,2,PASS,FAIL,yes,yes,5.98774250e2,2.58956083e2,2.86606140e2,8.93561934e1,-39.02249319,1152,3,0,0,0,0,3,392959 ns,353124,1152,1152,2432,2819,2819
64,28,butterfly-check,recompute,ntt,register-write,3,20,26,2,PASS,FAIL,yes,yes,4.80253348e2,2.50327179e2,2.73645369e2,8.53153687e1,-38.62054544,1152,3,0,0,0,0,3,250750 ns,223123,1152,1152,2432,2819,2819
64,28,butterfly-check,recompute,ntt,register-write,3,23,0,2,PASS,FAIL,yes,yes,7.52099110e2,2.63471073e2,3.09987015e2,9.66457301e1,-39.70365343,1152,3,0,0,0,0,3,251124 ns,222876,1152,1152,2432,2819,2819
64,28,butterfly-check,recompute,ntt,register-write,3,23,8,2,PASS,FAIL,yes,yes,6.46075189e2,2.67844531e2,3.00847850e2,9.37963806e1,-39.44372161,1152,3,0,0,0,0,3,223875 ns,199375,1152,1152,2432,2819,2819
64,28,butterfly-check,recompute,ntt,register-write,3,23,24,2,PASS,FAIL,yes,yes,6.45700234e2,2.68221982e2,3.03561404e2,9.46423948e1,-39.52171442,1152,3,0,0,0,0,3,138540 ns,123753,1152,1152,2432,2819,2819
64,28,butterfly-check,recompute,ntt,register-write,3,23,26,2,PASS,FAIL,yes,yes,6.63849472e2,2.60417332e2,2.92931030e2,9.13281263e1,-39.21209095,1152,3,0,0,0,0,3,155583 ns,138583,1152,1152,2432,2819,2819
64,28,butterfly-check,recompute,ntt,register-write,3,24,0,2,PASS,FAIL,yes,yes,5.28800501e2,2.21899591e2,2.58758790e2,8.06741281e1,-38.13468560,1152,3,0,0,0,0,3,237458 ns,210667,1152,1152,2432,2819,2819
64,28,butterfly-check,recompute,ntt,register-write,3,24,8,2,PASS,FAIL,yes,yes,6.09478893e2,2.79350448e2,3.11513123e2,9.71215301e1,-39.74631032,1152,3,0,0,0,0,3,251251 ns,223416,1152,1152,2432,2819,2819
64,28,butterfly-check,recompute,ntt,register-write,3,24,24,2,PASS,FAIL,yes,yes,5.00672934e2,2.85825637e2,3.12386940e2,9.73939629e1,-39.77064075,1152,3,0,0,0,0,3,132125 ns,117164,1152,1152,2432,2819,2819
64,28,butterfly-check,recompute,ntt,register-write,3,24,26,2,PASS,FAIL,yes,yes,7.35324205e2,2.57341879e2,2.96857715e2,9.25523626e1,-39.32775019,1152,3,0,0,0,0,3,131625 ns,117206,1152,1152,2432,2819,2819
64,28,butterfly-check,recompute,ntt,register-write,3,26,0,2,PASS,FAIL,yes,yes,5.22707652e2,2.51159819e2,2.77035080e2,8.63721906e1,-38.72747869,1152,3,0,0,0,0,3,189168 ns,168539,1152,1152,2432,2819,2819
64,28,butterfly-check,recompute,ntt,register-write,3,26,8,2,PASS,FAIL,yes,yes,5.15703002e2,2.72921303e2,2.93111139e2,9.13842794e1,-39.21742983,1152,3,0,0,0,0,3,223541 ns,198417,1152,1152,2432,2819,2819
64,28,butterfly-check,recompute,ntt,register-write,3,26,24,2,PASS,FAIL,yes,yes,6.59125312e2,2.78924320e2,3.14389193e2,9.80182122e1,-39.82613554,1152,3,0,0,0,0,3,131417 ns,116792,1152,1152,2432,2819,2819
64,28,butterfly-check,recompute,ntt,register-write,3,26,26,2,PASS,FAIL,yes,yes,5.56453797e2,2.65628014e2,2.98820713e2,9.31643732e1,-39.38499733,1152,3,0,0,0,0,3,132999 ns,118126,1152,1152,2432,2819,2819
64,28,butterfly-check,recompute,ntt,register-write,3,28,0,2,PASS,FAIL,yes,yes,5.61779825e2,2.54004181e2,2.93004042e2,9.13508895e1,-39.21425561,1152,3,0,0,0,0,3,250625 ns,223080,1152,1152,2432,2819,2819
64,28,butterfly-check,recompute,ntt,register-write,3,28,8,2,PASS,FAIL,yes,yes,5.11669761e2,2.65286374e2,3.01167479e2,9.38960325e1,-39.45294483,1152,3,0,0,0,0,3,250416 ns,222795,1152,1152,2432,2819,2819
64,28,butterfly-check,recompute,ntt,register-write,3,28,24,2,PASS,FAIL,yes,yes,7.22796708e2,2.78683374e2,3.19069820e2,9.94775077e1,-39.95449792,1152,3,0,0,0,0,3,221833 ns,197583,1152,1152,2432,2819,2819
64,28,butterfly-check,recompute,ntt,register-write,3,28,26,2,PASS,FAIL,yes,yes,5.54775517e2,2.70551724e2,2.99440720e2,9.33576748e1,-39.40300053,1152,3,0,0,0,0,3,139749 ns,123419,1152,1152,2432,2819,2819
64,28,butterfly-check,recompute,ntt,register-write,3,29,0,2,PASS,FAIL,yes,yes,6.57079686e2,2.74288445e2,3.04889879e2,9.50565783e1,-39.55964354,1152,3,0,0,0,0,3,252083 ns,222958,1152,1152,2432,2819,2819
64,28,butterfly-check,recompute,ntt,register-write,3,29,8,2,PASS,FAIL,yes,yes,5.61397160e2,2.69498329e2,3.01281710e2,9.39316468e1,-39.45623872,1152,3,0,0,0,0,3,222832 ns,198415,1152,1152,2432,2819,2819
64,28,butterfly-check,recompute,ntt,register-write,3,29,24,2,PASS,FAIL,yes,yes,5.50888300e2,2.53567549e2,2.77617802e2,8.65538679e1,-38.74572961,1152,3,0,0,0,0,3,221458 ns,196711,1152,1152,2432,2819,2819
64,28,butterfly-check,recompute,ntt,register-write,3,29,26,2,PASS,FAIL,yes,yes,4.17673982e2,2.52254846e2,2.73480835e2,8.52640714e1,-38.61532133,1152,3,0,0,0,0,3,223042 ns,198209,1152,1152,2432,2819,2819
64,28,butterfly-check,recompute,ntt,register-write,3,30,0,2,PASS,FAIL,yes,yes,6.92658776e2,2.41489171e2,2.85577847e2,8.90355989e1,-38.99127369,1152,3,0,0,0,0,3,223209 ns,198209,1152,1152,2432,2819,2819
64,28,butterfly-check,recompute,ntt,register-write,3,30,8,2,PASS,FAIL,yes,yes,7.16487188e2,2.56029579e2,2.97565691e2,9.27730906e1,-39.34844050,1152,3,0,0,0,0,3,250667 ns,223210,1152,1152,2432,2819,2819
64,28,butterfly-check,recompute,ntt,register-write,3,30,24,2,PASS,FAIL,yes,yes,6.39885759e2,2.68927097e2,3.10797682e2,9.68984744e1,-39.72633879,1152,3,0,0,0,0,3,250832 ns,222879,1152,1152,2432,2819,2819
64,28,butterfly-check,recompute,ntt,register-write,3,30,26,2,PASS,FAIL,yes,yes,6.14423231e2,2.43301667e2,2.77351494e2,8.64708402e1,-38.73739358,1152,3,0,0,0,0,3,140583 ns,124791,1152,1152,2432,2819,2819
64,28,butterfly-check,recompute,ntt,register-write,3,31,0,2,PASS,FAIL,yes,yes,5.28852204e2,2.50787589e2,2.85023494e2,8.88627664e1,-38.97439658,1152,3,0,0,0,0,3,222168 ns,197914,1152,1152,2432,2819,2819
64,28,butterfly-check,recompute,ntt,register-write,3,31,8,2,PASS,FAIL,yes,yes,5.67889779e2,2.73366476e2,3.01677670e2,9.40550966e1,-39.46764668,1152,3,0,0,0,0,3,132083 ns,117794,1152,1152,2432,2819,2819
64,28,butterfly-check,recompute,ntt,register-write,3,31,24,2,PASS,FAIL,yes,yes,5.64463240e2,2.59891395e2,3.00678619e2,9.37436191e1,-39.43883432,1152,3,0,0,0,0,3,251415 ns,223542,1152,1152,2432,2819,2819
64,28,butterfly-check,recompute,ntt,register-write,3,31,26,2,PASS,FAIL,yes,yes,4.11461899e2,2.70709599e2,2.86263924e2,8.92494994e1,-39.01211577,1152,3,0,0,0,0,3,222834 ns,198501,1152,1152,2432,2819,2819
64,28,butterfly-check,recompute,ntt,register-write,3,36,0,2,PASS,FAIL,yes,yes,6.13998698e2,2.82309591e2,3.13285859e2,9.76742221e1,-39.79559922,1152,3,0,0,0,0,3,132459 ns,117498,1152,1152,2432,2819,2819
64,28,butterfly-check,recompute,ntt,register-write,3,36,8,2,PASS,FAIL,yes,yes,5.13795854e2,2.77476636e2,3.00961802e2,9.38319079e1,-39.44701094,1152,3,0,0,0,0,3,200460 ns,178042,1152,1152,2432,2819,2819
64,28,butterfly-check,recompute,ntt,register-write,3,36,24,2,PASS,FAIL,yes,yes,5.05873373e2,2.68567313e2,2.94407783e2,9.17885385e1,-39.25576910,1152,3,0,0,0,0,3,127042 ns,112669,1152,1152,2432,2819,2819
64,28,butterfly-check,recompute,ntt,register-write,3,36,26,2,PASS,FAIL,yes,yes,4.87144344e2,2.29290731e2,2.49432091e2,7.77663106e1,-37.81582991,1152,3,0,0,0,0,3,129248 ns,115043,1152,1152,2432,2819,2819
64,28,butterfly-check,recompute,ntt,register-write,3,38,0,2,PASS,FAIL,yes,yes,7.23053863e2,2.55706850e2,2.99684097e2,9.34335535e1,-39.41005733,1152,3,0,0,0,0,3,222209 ns,197499,1152,1152,2432,2819,2819
64,28,butterfly-check,recompute,ntt,register-write,3,38,8,2,PASS,FAIL,yes,yes,6.28602534e2,2.88083941e2,3.35298820e2,1.04537280e2,-40.38542389,1152,3,0,0,0,0,3,251582 ns,222462,1152,1152,2432,2819,2819
64,28,butterfly-check,recompute,ntt,register-write,3,38,24,2,PASS,FAIL,yes,yes,6.73909397e2,2.59216917e2,2.98610004e2,9.30986797e1,-39.37887044,1152,3,0,0,0,0,3,133498 ns,118750,1152,1152,2432,2819,2819
64,28,butterfly-check,recompute,ntt,register-write,3,38,26,2,PASS,FAIL,yes,yes,5.21833921e2,2.87357177e2,3.09473451e2,9.64856145e1,-39.68925135,1152,3,0,0,0,0,3,222583 ns,197960,1152,1152,2432,2819,2819
64,28,butterfly-check,recompute,ntt,register-write,3,39,0,2,PASS,FAIL,yes,yes,5.80594066e2,2.52934071e2,2.79596556e2,8.71707908e1,-38.80741972,1152,3,0,0,0,0,3,133291 ns,118630,1152,1152,2432,2819,2819
64,28,butterfly-check,recompute,ntt,register-write,3,39,8,2,PASS,FAIL,yes,yes,4.77414277e2,2.49271155e2,2.72896664e2,8.50819421e1,-38.59674790,1152,3,0,0,0,0,3,249666 ns,222084,1152,1152,2432,2819,2819
64,28,butterfly-check,recompute,ntt,register-write,3,39,24,2,PASS,FAIL,yes,yes,7.01332594e2,2.36878836e2,2.85793994e2,8.91029878e1,-38.99784534,1152,3,0,0,0,0,3,222583 ns,198251,1152,1152,2432,2819,2819
64,28,butterfly-check,recompute,ntt,register-write,3,39,26,2,PASS,FAIL,yes,yes,6.78937190e2,2.61312822e2,3.04315557e2,9.48775197e1,-39.54326645,1152,3,0,0,0,0,3,125543 ns,111916,1152,1152,2432,2819,2819
64,28,butterfly-check,recompute,ntt,register-write,3,42,0,2,PASS,FAIL,yes,yes,5.82610248e2,2.51857583e2,2.82708053e2,8.81408733e1,-38.90354698,1152,3,0,0,0,0,3,251250 ns,223166,1152,1152,2432,2819,2819
64,28,butterfly-check,recompute,ntt,register-write,3,42,8,2,PASS,FAIL,yes,yes,6.06440343e2,2.63069765e2,3.01150732e2,9.38908115e1,-39.45246185,1152,3,0,0,0,0,3,133416 ns,118165,1152,1152,2432,2819,2819
64,28,butterfly-check,recompute,ntt,register-write,3,42,24,2,PASS,FAIL,yes,yes,5.55094967e2,2.85090574e2,3.05350329e2,9.52001341e1,-39.57275121,1152,3,0,0,0,0,3,223375 ns,197580,1152,1152,2432,2819,2819
64,28,butterfly-check,recompute,ntt,register-write,3,42,26,2,PASS,FAIL,yes,yes,4.68644223e2,2.51907701e2,2.79169606e2,8.70376792e1,-38.79414605,1152,3,0,0,0,0,3,250625 ns,223079,1152,1152,2432,2819,2819
64,28,butterfly-check,recompute,ntt,register-write,3,43,0,2,PASS,FAIL,yes,yes,6.43876402e2,2.46662966e2,2.87180592e2,8.95352922e1,-39.03988510,1152,3,0,0,0,0,3,250458 ns,222959,1152,1152,2432,2819,2819
64,28,butterfly-check,recompute,ntt,register-write,3,43,8,2,PASS,FAIL,yes,yes,5.38012654e2,2.54214214e2,2.79891590e2,8.72627745e1,-38.81658035,1152,3,0,0,0,0,3,222250 ns,197667,1152,1152,2432,2819,2819
64,28,butterfly-check,recompute,ntt,register-write,3,43,24,2,PASS,FAIL,yes,yes,5.01377527e2,2.71144363e2,2.90078923e2,9.04389150e1,-39.12710687,1152,3,0,0,0,0,3,251540 ns,223745,1152,1152,2432,2819,2819
64,28,butterfly-check,recompute,ntt,register-write,3,43,26,2,PASS,FAIL,yes,yes,8.89038524e2,2.71056051e2,3.25045704e2,1.01340630e2,-40.11567199,1152,3,0,0,0,0,3,294290 ns,262252,1152,1152,2432,2819,2819
64,28,butterfly-check,recompute,ntt,register-write,3,44,0,2,PASS,FAIL,yes,yes,5.20030111e2,2.62643661e2,2.89793394e2,9.03498946e1,-39.11855301,1152,3,0,0,0,0,3,133625 ns,118501,1152,1152,2432,2819,2819
64,28,butterfly-check,recompute,ntt,register-write,3,44,8,2,PASS,FAIL,yes,yes,5.10135175e2,2.66105493e2,2.99787388e2,9.34657569e1,-39.41305055,1152,3,0,0,0,0,3,131416 ns,116543,1152,1152,2432,2819,2819
64,28,butterfly-check,recompute,ntt,register-write,3,44,24,2,PASS,FAIL,yes,yes,6.08674984e2,2.67032940e2,3.00430784e2,9.36663506e1,-39.43167199,1152,3,0,0,0,0,3,267249 ns,237457,1152,1152,2432,2819,2819
64,28,butterfly-check,recompute,ntt,register-write,3,44,26,2,PASS,FAIL,yes,yes,5.74542043e2,2.61461825e2,3.02385640e2,9.42758230e1,-39.48800665,1152,3,0,0,0,0,3,249584 ns,222375,1152,1152,2432,2819,2819
64,28,butterfly-check,recompute,ntt,register-write,3,45,0,2,PASS,FAIL,yes,yes,5.85263778e2,2.58798330e2,3.02681275e2,9.43679940e1,-39.49649447,1152,3,0,0,0,0,3,222541 ns,197379,1152,1152,2432,2819,2819
64,28,butterfly-check,recompute,ntt,register-write,3,45,8,2,PASS,FAIL,yes,yes,6.53299776e2,2.53398568e2,2.94357664e2,9.17729128e1,-39.25429032,1152,3,0,0,0,0,3,131668 ns,117168,1152,1152,2432,2819,2819
64,28,butterfly-check,recompute,ntt,register-write,3,45,24,2,PASS,FAIL,yes,yes,5.41811803e2,2.81531391e2,3.11942462e2,9.72553866e1,-39.75827329,1152,3,0,0,0,0,3,131419 ns,116788,1152,1152,2432,2819,2819
64,28,butterfly-check,recompute,ntt,register-write,3,45,26,2,PASS,FAIL,yes,yes,5.96459508e2,2.64707585e2,2.98367207e2,9.30229821e1,-39.37180516,1152,3,0,0,0,0,3,252583 ns,223998,1152,1152,2432,2819,2819
64,28,butterfly-check,recompute,ntt,register-write,3,49,0,2,PASS,FAIL,yes,yes,6.91140145e2,2.55331391e2,3.04935318e2,9.50707450e1,-39.56093795,1152,3,0,0,0,0,3,252959 ns,223623,1152,1152,2432,2819,2819
64,28,butterfly-check,recompute,ntt,register-write,3,49,8,2,PASS,FAIL,yes,yes,5.77520578e2,2.60434395e2,2.91497316e2,9.08811323e1,-39.16947458,1152,3,0,0,0,0,3,253083 ns,223708,1152,1152,2432,2819,2819
64,28,butterfly-check,recompute,ntt,register-write,3,49,24,2,PASS,FAIL,yes,yes,5.97349951e2,2.73073349e2,2.98690756e2,9.31238559e1,-39.38121900,1152,3,0,0,0,0,3,250000 ns,222336,1152,1152,2432,2819,2819
64,28,butterfly-check,recompute,ntt,register-write,3,49,26,2,PASS,FAIL,yes,yes,6.97780921e2,2.83356292e2,3.23535581e2,1.00869813e2,-40.07522435,1152,3,0,0,0,0,3,223335 ns,198249,1152,1152,2432,2819,2819
64,28,butterfly-check,recompute,ntt,register-write,3,53,0,2,PASS,FAIL,yes,yes,4.99392501e2,2.48049396e2,2.82532736e2,8.80862141e1,-38.89815889,1152,3,0,0,0,0,3,124667 ns,110501,1152,1152,2432,2819,2819
64,28,butterfly-check,recompute,ntt,register-write,3,53,8,2,PASS,FAIL,yes,yes,6.52392811e2,2.55707769e2,3.01913738e2,9.41286962e1,-39.47444086,1152,3,0,0,0,0,3,131500 ns,116711,1152,1152,2432,2819,2819
64,28,butterfly-check,recompute,ntt,register-write,3,53,24,2,PASS,FAIL,yes,yes,8.46716509e2,2.57049745e2,2.99120069e2,9.32577045e1,-39.39369443,1152,3,0,0,0,0,3,222250 ns,198338,1152,1152,2432,2819,2819
64,28,butterfly-check,recompute,ntt,register-write,3,53,26,2,PASS,FAIL,yes,yes,5.97138165e2,2.62666513e2,2.89325371e2,9.02039773e1,-39.10451374,1152,3,0,0,0,0,3,131999 ns,116873,1152,1152,2432,2819,2819
64,28,butterfly-check,recompute,ntt,register-write,3,56,0,2,PASS,FAIL,yes,yes,5.64943343e2,2.52497051e2,2.91354046e2,9.08364643e1,-39.16520443,1152,3,0,0,0,0,3,131958 ns,117129,1152,1152,2432,2819,2819
64,28,butterfly-check,recompute,ntt,register-write,3,56,8,2,PASS,FAIL,yes,yes,5.81255049e2,2.62156220e2,2.94446413e2,9.18005826e1,-39.25690874,1152,3,0,0,0,0,3,169458 ns,150502,1152,1152,2432,2819,2819
64,28,butterfly-check,recompute,ntt,register-write,3,56,24,2,PASS,FAIL,yes,yes,5.19023754e2,2.46917548e2,2.75007694e2,8.57401053e1,-38.66368025,1152,3,0,0,0,0,3,250626 ns,223045,1152,1152,2432,2819,2819
64,28,butterfly-check,recompute,ntt,register-write,3,56,26,2,PASS,FAIL,yes,yes,4.77638981e2,2.64330886e2,2.85138591e2,8.88986503e1,-38.97790335,1152,3,0,0,0,0,3,253541 ns,223745,1152,1152,2432,2819,2819
64,28,butterfly-check,recompute,ntt,register-write,3,57,0,2,PASS,FAIL,yes,yes,5.36998439e2,2.54358391e2,2.87757372e2,8.97151170e1,-39.05731256,1152,3,0,0,0,0,3,222417 ns,197876,1152,1152,2432,2819,2819
64,28,butterfly-check,recompute,ntt,register-write,3,57,8,2,PASS,FAIL,yes,yes,6.44354925e2,2.88725004e2,3.26880360e2,1.01912627e2,-40.16455994,1152,3,0,0,0,0,3,169916 ns,151457,1152,1152,2432,2819,2819
64,28,butterfly-check,recompute,ntt,register-write,3,57,24,2,PASS,FAIL,yes,yes,5.90824951e2,2.85942671e2,3.12423164e2,9.74052567e1,-39.77164790,1152,3,0,0,0,0,3,222124 ns,197249,1152,1152,2432,2819,2819
64,28,butterfly-check,recompute,ntt,register-write,3,57,26,2,PASS,FAIL,yes,yes,6.07001558e2,2.54444912e2,2.97477185e2,9.27454967e1,-39.34585663,1152,3,0,0,0,0,3,129083 ns,114874,1152,1152,2432,2819,2819
64,28,butterfly-check,recompute,ntt,register-write,3,60,0,2,PASS,FAIL,yes,yes,5.76641442e2,2.54982530e2,2.94756786e2,9.18973486e1,-39.26605963,1152,3,0,0,0,0,3,200750 ns,178416,1152,1152,2432,2819,2819
64,28,butterfly-check,recompute,ntt,register-write,3,60,8,2,PASS,FAIL,yes,yes,5.08823032e2,2.28695155e2,2.59684725e2,8.09628102e1,-38.16571148,1152,3,0,0,0,0,3,222000 ns,197834,1152,1152,2432,2819,2819
64,28,butterfly-check,recompute,ntt,register-write,3,60,24,2,PASS,FAIL,yes,yes,6.03626558e2,2.47749265e2,2.87758674e2,8.97155228e1,-39.05735184,1152,3,0,0,0,0,3,222376 ns,197959,1152,1152,2432,2819,2819
64,28,butterfly-check,recompute,ntt,register-write,3,60,26,2,PASS,FAIL,yes,yes,5.56576275e2,2.75524852e2,3.08136966e2,9.60689337e1,-39.65165941,1152,3,0,0,0,0,3,176418 ns,158167,1152,1152,2432,2819,2819
64,28,butterfly-check,recompute,ntt,register-write,3,61,0,2,PASS,FAIL,yes,yes,5.73410891e2,2.48667313e2,2.77423564e2,8.64933096e1,-38.73965031,1152,3,0,0,0,0,3,181708 ns,163121,1152,1152,2432,2819,2819
64,28,butterfly-check,recompute,ntt,register-write,3,61,8,2,PASS,FAIL,yes,yes,5.97781285e2,2.92194456e2,3.21082254e2,1.00104931e2,-40.00910943,1152,3,0,0,0,0,3,177543 ns,159251,1152,1152,2432,2819,2819
64,28,butterfly-check,recompute,ntt,register-write,3,61,24,2,PASS,FAIL,yes,yes,5.52544875e2,2.64314690e2,2.88428600e2,8.99243881e1,-39.07754983,1152,3,0,0,0,0,3,222876 ns,198458,1152,1152,2432,2819,2819
64,28,butterfly-check,recompute,ntt,register-write,3,61,26,2,PASS,FAIL,yes,yes,5.26142708e2,2.82759841e2,3.10610998e2,9.68402713e1,-39.72111995,1152,3,0,0,0,0,3,131960 ns,117045,1152,1152,2432,2819,2819
64,28,butterfly-check,recompute,ntt,register-write,3,62,0,2,PASS,FAIL,yes,yes,5.48180289e2,2.82724638e2,3.06790654e2,9.56491894e1,-39.61362588,1152,3,0,0,0,0,3,170042 ns,151170,1152,1152,2432,2819,2819
64,28,butterfly-check,recompute,ntt,register-write,3,62,8,2,PASS,FAIL,yes,yes,5.42303425e2,2.32157563e2,2.76661941e2,8.62558556e1,-38.71577175,1152,3,0,0,0,0,3,222625 ns,197080,1152,1152,2432,2819,2819
64,28,butterfly-check,recompute,ntt,register-write,3,62,24,2,PASS,FAIL,yes,yes,5.55832350e2,2.62204226e2,2.98468214e2,9.30544735e1,-39.37474512,1152,3,0,0,0,0,3,223208 ns,198375,1152,1152,2432,2819,2819
64,28,butterfly-check,recompute,ntt,register-write,3,62,26,2,PASS,FAIL,yes,yes,5.13245005e2,2.71319017e2,2.94138726e2,9.17046539e1,-39.24782752,1152,3,0,0,0,0,3,128708 ns,114625,1152,1152,2432,2819,2819
64,28,butterfly-check,recompute,ntt,register-write,3,63,0,2,PASS,FAIL,yes,yes,6.09928724e2,2.77003275e2,3.11151206e2,9.70086939e1,-39.73621315,1152,3,0,0,0,0,3,225751 ns,199501,1152,1152,2432,2819,2819
64,28,butterfly-check,recompute,ntt,register-write,3,63,8,2,PASS,FAIL,yes,yes,6.28211252e2,2.39214429e2,2.79613813e2,8.71761713e1,-38.80795583,1152,3,0,0,0,0,3,222375 ns,197749,1152,1152,2432,2819,2819
64,28,butterfly-check,recompute,ntt,register-write,3,63,24,2,PASS,FAIL,yes,yes,5.15751153e2,2.56753156e2,2.79290259e2,8.70752956e1,-38.79789915,1152,3,0,0,0,0,3,251375 ns,223045,1152,1152,2432,2819,2819
64,28,butterfly-check,recompute,ntt,register-write,3,63,26,2,PASS,FAIL,yes,yes,5.69810459e2,2.75862528e2,3.06026355e2,9.54109014e1,-39.59195997,1152,3,0,0,0,0,3,198541 ns,177253,1152,1152,2432,2819,2819
64,28,butterfly-check,recompute,ntt,register-write,3,0,0,3,PASS,FAIL,yes,yes,6.10168567e2,2.13989998e2,2.46400229e2,7.68210565e1,-37.70960551,1152,3,0,0,0,0,3,132166 ns,117918,1152,1152,2432,2819,2819
64,28,butterfly-check,recompute,ntt,register-write,3,0,8,3,PASS,FAIL,yes,yes,5.92658299e2,2.59285625e2,2.89048923e2,9.01177883e1,-39.09621049,1152,3,0,0,0,0,3,223625 ns,198792,1152,1152,2432,2819,2819
64,28,butterfly-check,recompute,ntt,register-write,3,0,24,3,PASS,FAIL,yes,yes,7.71933734e2,2.72623399e2,3.00691422e2,9.37476105e1,-39.43920414,1152,3,0,0,0,0,3,222001 ns,197169,1152,1152,2432,2819,2819
64,28,butterfly-check,recompute,ntt,register-write,3,0,26,3,PASS,FAIL,yes,yes,5.05047434e2,2.42357975e2,2.79055913e2,8.70022327e1,-38.79060795,1152,3,0,0,0,0,3,130291 ns,115253,1152,1152,2432,2819,2819
64,28,butterfly-check,recompute,ntt,register-write,3,3,0,3,PASS,FAIL,yes,yes,5.16775429e2,2.61768219e2,2.92561917e2,9.12130467e1,-39.20113924,1152,3,0,0,0,0,3,253876 ns,223954,1152,1152,2432,2819,2819
64,28,butterfly-check,recompute,ntt,register-write,3,3,8,3,PASS,FAIL,yes,yes,5.63191635e2,2.47422646e2,2.81390878e2,8.77302128e1,-38.86298366,1152,3,0,0,0,0,3,125293 ns,111202,1152,1152,2432,2819,2819
64,28,butterfly-check,recompute,ntt,register-write,3,3,24,3,PASS,FAIL,yes,yes,6.83222203e2,2.89673375e2,3.30931068e2,1.03175530e2,-40.27153419,1152,3,0,0,0,0,3,290460 ns,258334,1152,1152,2432,2819,2819
64,28,butterfly-check,recompute,ntt,register-write,3,3,26,3,PASS,FAIL,yes,yes,7.21474217e2,2.74324644e2,3.15881363e2,9.84834312e1,-39.86726343,1152,3,0,0,0,0,3,188625 ns,168003,1152,1152,2432,2819,2819
64,28,butterfly-check,recompute,ntt,register-write,3,4,0,3,PASS,FAIL,yes,yes,5.67581072e2,2.83113797e2,3.12148367e2,9.73195824e1,-39.76400473,1152,3,0,0,0,0,3,291082 ns,259165,1152,1152,2432,2819,2819
64,28,butterfly-check,recompute,ntt,register-write,3,4,8,3,PASS,FAIL,yes,yes,5.22303196e2,2.77409687e2,3.00969068e2,9.38341733e1,-39.44722064,1152,3,0,0,0,0,3,133585 ns,118543,1152,1152,2432,2819,2819
64,28,butterfly-check,recompute,ntt,register-write,3,4,24,3,PASS,FAIL,yes,yes,5.53655098e2,2.47437787e2,2.94703751e2,9.18808136e1,-39.26449664,1152,3,0,0,0,0,3,250252 ns,222747,1152,1152,2432,2819,2819
64,28,butterfly-check,recompute,ntt,register-write,3,4,26,3,PASS,FAIL,yes,yes,7.34763384e2,2.64150825e2,3.04936709e2,9.50711785e1,-39.56097755,1152,3,0,0,0,0,3,222667 ns,198289,1152,1152,2432,2819,2819
64,28,butterfly-check,recompute,ntt,register-write,3,7,0,3,PASS,FAIL,yes,yes,6.50313389e2,2.51648136e2,2.84764526e2,8.87820268e1,-38.96650111,1152,3,0,0,0,0,3,290583 ns,258748,1152,1152,2432,2819,2819
64,28,butterfly-check,recompute,ntt,register-write,3,7,8,3,PASS,FAIL,yes,yes,6.36006741e2,2.58946489e2,2.96270550e2,9.23693001e1,-39.31055306,1152,3,0,0,0,0,3,157375 ns,139879,1152,1152,2432,2819,2819
64,28,butterfly-check,recompute,ntt,register-write,3,7,24,3,PASS,FAIL,yes,yes,6.27536216e2,2.55033853e2,2.93713920e2,9.15722107e1,-39.23527398,1152,3,0,0,0,0,3,291540 ns,259462,1152,1152,2432,2819,2819
64,28,butterfly-check,recompute,ntt,register-write,3,7,26,3,PASS,FAIL,yes,yes,5.49156382e2,2.68139201e2,3.02261363e2,9.42370767e1,-39.48443611,1152,3,0,0,0,0,3,218125 ns,194667,1152,1152,2432,2819,2819
64,28,butterfly-check,recompute,ntt,register-write,3,8,0,3,PASS,FAIL,yes,yes,6.22004543e2,2.65266561e2,3.07384417e2,9.58343091e1,-39.63042032,1152,3,0,0,0,0,3,291001 ns,258294,1152,1152,2432,2819,2819
64,28,butterfly-check,recompute,ntt,register-write,3,8,8,3,PASS,FAIL,yes,yes,6.98170219e2,2.86480258e2,3.19747467e2,9.96887800e1,-39.97292562,1152,3,0,0,0,0,3,133460 ns,118584,1152,1152,2432,2819,2819
64,28,butterfly-check,recompute,ntt,register-write,3,8,24,3,PASS,FAIL,yes,yes,6.59829992e2,2.62229989e2,2.97070380e2,9.26186657e1,-39.33397041,1152,3,0,0,0,0,3,249375 ns,222204,1152,1152,2432,2819,2819
64,28,butterfly-check,recompute,ntt,register-write,3,8,26,3,PASS,FAIL,yes,yes,5.49145114e2,2.84711076e2,3.20607667e2,9.99569678e1,-39.99626146,1152,3,0,0,0,0,3,131832 ns,117250,1152,1152,2432,2819,2819
64,28,butterfly-check,recompute,ntt,register-write,3,9,0,3,PASS,FAIL,yes,yes,5.66287048e2,2.60911361e2,2.95118148e2,9.20100116e1,-39.27670170,1152,3,0,0,0,0,3,251206 ns,223164,1152,1152,2432,2819,2819
64,28,butterfly-check,recompute,ntt,register-write,3,9,8,3,PASS,FAIL,yes,yes,7.33130938e2,2.62294930e2,2.98248314e2,9.29859144e1,-39.36834332,1152,3,0,0,0,0,3,122875 ns,109169,1152,1152,2432,2819,2819
64,28,butterfly-check,recompute,ntt,register-write,3,9,24,3,PASS,FAIL,yes,yes,5.23610957e2,2.56464886e2,2.90576773e2,9.05941314e1,-39.14200131,1152,3,0,0,0,0,3,249334 ns,221835,1152,1152,2432,2819,2819
64,28,butterfly-check,recompute,ntt,register-write,3,9,26,3,PASS,FAIL,yes,yes,5.85138889e2,2.67553672e2,2.96186875e2,9.23432125e1,-39.30809958,1152,3,0,0,0,0,3,131374 ns,116622,1152,1152,2432,2819,2819
64,28,butterfly-check,recompute,ntt,register-write,3,11,0,3,PASS,FAIL,yes,yes,5.48731139e2,2.55349794e2,2.87808230e2,8.97309729e1,-39.05884753,1152,3,0,0,0,0,3,222750 ns,196915,1152,1152,2432,2819,2819
64,28,butterfly-check,recompute,ntt,register-write,3,11,8,3,PASS,FAIL,yes,yes,5.87381253e2,2.79990925e2,3.16093473e2,9.85495618e1,-39.87309395,1152,3,0,0,0,0,3,223333 ns,198585,1152,1152,2432,2819,2819
64,28,butterfly-check,recompute,ntt,register-write,3,11,24,3,PASS,FAIL,yes,yes,5.08628768e2,2.67097742e2,2.90778021e2,9.06568751e1,-39.14801490,1152,3,0,0,0,0,3,222584 ns,197880,1152,1152,2432,2819,2819
64,28,butterfly-check,recompute,ntt,register-write,3,11,26,3,PASS,FAIL,yes,yes,6.69292210e2,2.39056312e2,2.70201733e2,8.42417344e1,-38.51054599,1152,3,0,0,0,0,3,176917 ns,158626,1152,1152,2432,2819,2819
64,28,butterfly-check,recompute,ntt,register-write,3,12,0,3,PASS,FAIL,yes,yes,5.18495639e2,2.59341885e2,2.83420429e2,8.83629730e1,-38.92540639,1152,3,0,0,0,0,3,436501 ns,390088,1152,1152,2432,2819,2819
64,28,butterfly-check,recompute,ntt,register-write,3,12,8,3,PASS,FAIL,yes,yes,6.09444654e2,2.41680344e2,2.83772003e2,8.84725844e1,-38.93617428,1152,3,0,0,0,0,3,208293 ns,184834,1152,1152,2432,2819,2819
64,28,butterfly-check,recompute,ntt,register-write,3,12,24,3,PASS,FAIL,yes,yes,5.00956505e2,2.70145746e2,2.93365420e2,9.14635577e1,-39.22496180,1152,3,0,0,0,0,3,129665 ns,115293,1152,1152,2432,2819,2819
64,28,butterfly-check,recompute,ntt,register-write,3,12,26,3,PASS,FAIL,yes,yes,6.51079196e2,2.63530488e2,3.01515914e2,9.40046652e1,-39.46298814,1152,3,0,0,0,0,3,221959 ns,197628,1152,1152,2432,2819,2819
64,28,butterfly-check,recompute,ntt,register-write,3,13,0,3,PASS,FAIL,yes,yes,5.47820771e2,2.71423768e2,3.09248173e2,9.64153786e1,-39.68292622,1152,3,0,0,0,0,3,250918 ns,223794,1152,1152,2432,2819,2819
64,28,butterfly-check,recompute,ntt,register-write,3,13,8,3,PASS,FAIL,yes,yes,5.93016782e2,2.60952634e2,2.94028722e2,9.16703575e1,-39.24457850,1152,3,0,0,0,0,3,222874 ns,198169,1152,1152,2432,2819,2819
64,28,butterfly-check,recompute,ntt,register-write,3,13,24,3,PASS,FAIL,yes,yes,5.48933987e2,2.68113515e2,3.02643306e2,9.43561563e1,-39.49540482,1152,3,0,0,0,0,3,252291 ns,224002,1152,1152,2432,2819,2819
64,28,butterfly-check,recompute,ntt,register-write,3,13,26,3,PASS,FAIL,yes,yes,6.40123657e2,2.56606186e2,2.94321519e2,9.17616439e1,-39.25322371,1152,3,0,0,0,0,3,222460 ns,197668,1152,1152,2432,2819,2819
64,28,butterfly-check,recompute,ntt,register-write,3,18,0,3,PASS,FAIL,yes,yes,5.71120672e2,2.76062093e2,3.02308260e2,9.42516978e1,-39.48578364,1152,3,0,0,0,0,3,223209 ns,198086,1152,1152,2432,2819,2819
64,28,butterfly-check,recompute,ntt,register-write,3,18,8,3,PASS,FAIL,yes,yes,5.30318183e2,2.61103920e2,2.93192487e2,9.14096417e1,-39.21984013,1152,3,0,0,0,0,3,250375 ns,222622,1152,1152,2432,2819,2819
64,28,butterfly-check,recompute,ntt,register-write,3,18,24,3,PASS,FAIL,yes,yes,6.23899144e2,2.70998577e2,3.16120115e2,9.85578680e1,-39.87382601,1152,3,0,0,0,0,3,222917 ns,197874,1152,1152,2432,2819,2819
64,28,butterfly-check,recompute,ntt,register-write,3,18,26,3,PASS,FAIL,yes,yes,5.79119583e2,2.61032983e2,2.83459678e2,8.83752100e1,-38.92660918,1152,3,0,0,0,0,3,224041 ns,199044,1152,1152,2432,2819,2819
64,28,butterfly-check,recompute,ntt,register-write,3,21,0,3,PASS,FAIL,yes,yes,5.51561536e2,2.37110849e2,2.71979438e2,8.47959754e1,-38.56750481,1152,3,0,0,0,0,3,222458 ns,197875,1152,1152,2432,2819,2819
64,28,butterfly-check,recompute,ntt,register-write,3,21,8,3,PASS,FAIL,yes,yes,5.24121513e2,2.68423081e2,3.01556948e2,9.40174588e1,-39.46417017,1152,3,0,0,0,0,3,222499 ns,197835,1152,1152,2432,2819,2819
64,28,butterfly-check,recompute,ntt,register-write,3,21,24,3,PASS,FAIL,yes,yes,5.25928302e2,2.67878713e2,2.87648525e2,8.96811813e1,-39.05402641,1152,3,0,0,0,0,3,251750 ns,223795,1152,1152,2432,2819,2819
64,28,butterfly-check,recompute,ntt,register-write,3,21,26,3,PASS,FAIL,yes,yes,7.30376336e2,2.66193287e2,3.07398687e2,9.58387579e1,-39.63082353,1152,3,0,0,0,0,3,249791 ns,222170,1152,1152,2432,2819,2819
64,28,butterfly-check,recompute,ntt,register-write,3,25,0,3,PASS,FAIL,yes,yes,7.16488621e2,2.80217038e2,3.24945984e2,1.01309540e2,-40.11300685,1152,3,0,0,0,0,3,124666 ns,111042,1152,1152,2432,2819,2819
64,28,butterfly-check,recompute,ntt,register-write,3,25,8,3,PASS,FAIL,yes,yes,5.89727494e2,2.75812417e2,3.14851095e2,9.81622211e1,-39.83888753,1152,3,0,0,0,0,3,290832 ns,258707,1152,1152,2432,2819,2819
64,28,butterfly-check,recompute,ntt,register-write,3,25,24,3,PASS,FAIL,yes,yes,7.10160758e2,2.56769381e2,2.99411446e2,9.33485482e1,-39.40215136,1152,3,0,0,0,0,3,252541 ns,222791,1152,1152,2432,2819,2819
64,28,butterfly-check,recompute,ntt,register-write,3,25,26,3,PASS,FAIL,yes,yes,5.53904867e2,2.58582744e2,2.92793157e2,9.12851411e1,-39.20800182,1152,3,0,0,0,0,3,130291 ns,115504,1152,1152,2432,2819,2819
64,28,butterfly-check,recompute,ntt,register-write,3,26,0,3,PASS,FAIL,yes,yes,5.22707652e2,2.51159819e2,2.77035080e2,8.63721906e1,-38.72747869,1152,3,0,0,0,0,3,126292 ns,112249,1152,1152,2432,2819,2819
64,28,butterfly-check,recompute,ntt,register-write,3,26,8,3,PASS,FAIL,yes,yes,5.15703002e2,2.72921303e2,2.93111139e2,9.13842794e1,-39.21742983,1152,3,0,0,0,0,3,132002 ns,116750,1152,1152,2432,2819,2819
64,28,butterfly-check,recompute,ntt,register-write,3,26,24,3,PASS,FAIL,yes,yes,6.59125312e2,2.78924320e2,3.14389193e2,9.80182122e1,-39.82613554,1152,3,0,0,0,0,3,171083 ns,152792,1152,1152,2432,2819,2819
64,28,butterfly-check,recompute,ntt,register-write,3,26,26,3,PASS,FAIL,yes,yes,5.56453797e2,2.65628014e2,2.98820713e2,9.31643732e1,-39.38499733,1152,3,0,0,0,0,3,223042 ns,198416,1152,1152,2432,2819,2819
64,28,butterfly-check,recompute,ntt,register-write,3,28,0,3,PASS,FAIL,yes,yes,5.61779825e2,2.54004181e2,2.93004042e2,9.13508895e1,-39.21425561,1152,3,0,0,0,0,3,222626 ns,198042,1152,1152,2432,2819,2819
64,28,butterfly-check,recompute,ntt,register-write,3,28,8,3,PASS,FAIL,yes,yes,5.11669761e2,2.65286374e2,3.01167479e2,9.38960325e1,-39.45294483,1152,3,0,0,0,0,3,135250 ns,116751,1152,1152,2432,2819,2819
64,28,butterfly-check,recompute,ntt,register-write,3,28,24,3,PASS,FAIL,yes,yes,7.22796708e2,2.78683374e2,3.19069820e2,9.94775077e1,-39.95449792,1152,3,0,0,0,0,3,200793 ns,178501,1152,1152,2432,2819,2819
64,28,butterfly-check,recompute,ntt,register-write,3,28,26,3,PASS,FAIL,yes,yes,5.54775517e2,2.70551724e2,2.99440720e2,9.33576748e1,-39.40300053,1152,3,0,0,0,0,3,250376 ns,223124,1152,1152,2432,2819,2819
64,28,butterfly-check,recompute,ntt,register-write,3,29,0,3,PASS,FAIL,yes,yes,6.57079686e2,2.74288445e2,3.04889879e2,9.50565783e1,-39.55964354,1152,3,0,0,0,0,3,246666 ns,219170,1152,1152,2432,2819,2819
64,28,butterfly-check,recompute,ntt,register-write,3,29,8,3,PASS,FAIL,yes,yes,5.61397160e2,2.69498329e2,3.01281710e2,9.39316468e1,-39.45623872,1152,3,0,0,0,0,3,250251 ns,223540,1152,1152,2432,2819,2819
64,28,butterfly-check,recompute,ntt,register-write,3,29,24,3,PASS,FAIL,yes,yes,5.50888300e2,2.53567549e2,2.77617802e2,8.65538679e1,-38.74572961,1152,3,0,0,0,0,3,250249 ns,221873,1152,1152,2432,2819,2819
64,28,butterfly-check,recompute,ntt,register-write,3,29,26,3,PASS,FAIL,yes,yes,4.17673982e2,2.52254846e2,2.73480835e2,8.52640714e1,-38.61532133,1152,3,0,0,0,0,3,251209 ns,223876,1152,1152,2432,2819,2819
64,28,butterfly-check,recompute,ntt,register-write,3,32,0,3,PASS,FAIL,yes,yes,5.57100780e2,2.41876621e2,2.80391560e2,8.74186522e1,-38.83208212,1152,3,0,0,0,0,3,180751 ns,160371,1152,1152,2432,2819,2819
64,28,butterfly-check,recompute,ntt,register-write,3,32,8,3,PASS,FAIL,yes,yes,5.42104533e2,2.39361913e2,2.70539551e2,8.43470568e1,-38.52139866,1152,3,0,0,0,0,3,136416 ns,121505,1152,1152,2432,2819,2819
64,28,butterfly-check,recompute,ntt,register-write,3,32,24,3,PASS,FAIL,yes,yes,6.27793960e2,2.69786873e2,3.11086017e2,9.69883697e1,-39.73439319,1152,3,0,0,0,0,3,223166 ns,198043,1152,1152,2432,2819,2819
64,28,butterfly-check,recompute,ntt,register-write,3,32,26,3,PASS,FAIL,yes,yes,5.55818973e2,2.65152381e2,2.88242174e2,8.98662654e1,-39.07193388,1152,3,0,0,0,0,3,178083 ns,159585,1152,1152,2432,2819,2819
64,28,butterfly-check,recompute,ntt,register-write,3,37,0,3,PASS,FAIL,yes,yes,5.84034600e2,2.41651499e2,2.78200143e2,8.67354262e1,-38.76393034,1152,3,0,0,0,0,3,127501 ns,113000,1152,1152,2432,2819,2819
64,28,butterfly-check,recompute,ntt,register-write,3,37,8,3,PASS,FAIL,yes,yes,7.38129432e2,2.91571392e2,3.31967799e2,1.03498756e2,-40.29870256,1152,3,0,0,0,0,3,250000 ns,222372,1152,1152,2432,2819,2819
64,28,butterfly-check,recompute,ntt,register-write,3,37,24,3,PASS,FAIL,yes,yes,6.10540485e2,2.56471325e2,2.94876643e2,9.19347168e1,-39.26959085,1152,3,0,0,0,0,3,250709 ns,222539,1152,1152,2432,2819,2819
64,28,butterfly-check,recompute,ntt,register-write,3,37,26,3,PASS,FAIL,yes,yes,5.59737944e2,2.96549143e2,3.26921753e2,1.01925532e2,-40.16565975,1152,3,0,0,0,0,3,222959 ns,198332,1152,1152,2432,2819,2819
64,28,butterfly-check,recompute,ntt,register-write,3,39,0,3,PASS,FAIL,yes,yes,5.80594066e2,2.52934071e2,2.79596556e2,8.71707908e1,-38.80741972,1152,3,0,0,0,0,3,187334 ns,167748,1152,1152,2432,2819,2819
64,28,butterfly-check,recompute,ntt,register-write,3,39,8,3,PASS,FAIL,yes,yes,4.77414277e2,2.49271155e2,2.72896664e2,8.50819421e1,-38.59674790,1152,3,0,0,0,0,3,222376 ns,197916,1152,1152,2432,2819,2819
64,28,butterfly-check,recompute,ntt,register-write,3,39,24,3,PASS,FAIL,yes,yes,7.01332594e2,2.36878836e2,2.85793994e2,8.91029878e1,-38.99784534,1152,3,0,0,0,0,3,223124 ns,198997,1152,1152,2432,2819,2819
64,28,butterfly-check,recompute,ntt,register-write,3,39,26,3,PASS,FAIL,yes,yes,6.78937190e2,2.61312822e2,3.04315557e2,9.48775197e1,-39.54326645,1152,3,0,0,0,0,3,250376 ns,222500,1152,1152,2432,2819,2819
64,28,butterfly-check,recompute,ntt,register-write,3,40,0,3,PASS,FAIL,yes,yes,4.35509467e2,2.42602512e2,2.71100310e2,8.45218867e1,-38.53938366,1152,3,0,0,0,0,3,225458 ns,199500,1152,1152,2432,2819,2819
64,28,butterfly-check,recompute,ntt,register-write,3,40,8,3,PASS,FAIL,yes,yes,6.84948735e2,2.65334866e2,2.94717891e2,9.18852221e1,-39.26491339,1152,3,0,0,0,0,3,251250 ns,223376,1152,1152,2432,2819,2819
64,28,butterfly-check,recompute,ntt,register-write,3,40,24,3,PASS,FAIL,yes,yes,7.03355977e2,2.82172606e2,3.29728989e2,1.02800754e2,-40.23992600,1152,3,0,0,0,0,3,125166 ns,110961,1152,1152,2432,2819,2819
64,28,butterfly-check,recompute,ntt,register-write,3,40,26,3,PASS,FAIL,yes,yes,5.54925660e2,2.96277162e2,3.22060334e2,1.00409871e2,-40.03552814,1152,3,0,0,0,0,3,250792 ns,223126,1152,1152,2432,2819,2819
64,28,butterfly-check,recompute,ntt,register-write,3,42,0,3,PASS,FAIL,yes,yes,5.82610248e2,2.51857583e2,2.82708053e2,8.81408733e1,-38.90354698,1152,3,0,0,0,0,3,133041 ns,118000,1152,1152,2432,2819,2819
64,28,butterfly-check,recompute,ntt,register-write,3,42,8,3,PASS,FAIL,yes,yes,6.06440343e2,2.63069765e2,3.01150732e2,9.38908115e1,-39.45246185,1152,3,0,0,0,0,3,221915 ns,197459,1152,1152,2432,2819,2819
64,28,butterfly-check,recompute,ntt,register-write,3,42,24,3,PASS,FAIL,yes,yes,5.55094967e2,2.85090574e2,3.05350329e2,9.52001341e1,-39.57275121,1152,3,0,0,0,0,3,251126 ns,223247,1152,1152,2432,2819,2819
64,28,butterfly-check,recompute,ntt,register-write,3,42,26,3,PASS,FAIL,yes,yes,4.68644223e2,2.51907701e2,2.79169606e2,8.70376792e1,-38.79414605,1152,3,0,0,0,0,3,130960 ns,116498,1152,1152,2432,2819,2819
64,28,butterfly-check,recompute,ntt,register-write,3,43,0,3,PASS,FAIL,yes,yes,6.43876402e2,2.46662966e2,2.87180592e2,8.95352922e1,-39.03988510,1152,3,0,0,0,0,3,131709 ns,116834,1152,1152,2432,2819,2819
64,28,butterfly-check,recompute,ntt,register-write,3,43,8,3,PASS,FAIL,yes,yes,5.38012654e2,2.54214214e2,2.79891590e2,8.72627745e1,-38.81658035,1152,3,0,0,0,0,3,222582 ns,198086,1152,1152,2432,2819,2819
64,28,butterfly-check,recompute,ntt,register-write,3,43,24,3,PASS,FAIL,yes,yes,5.01377527e2,2.71144363e2,2.90078923e2,9.04389150e1,-39.12710687,1152,3,0,0,0,0,3,133542 ns,118543,1152,1152,2432,2819,2819
64,28,butterfly-check,recompute,ntt,register-write,3,43,26,3,PASS,FAIL,yes,yes,8.89038524e2,2.71056051e2,3.25045704e2,1.01340630e2,-40.11567199,1152,3,0,0,0,0,3,251461 ns,223463,1152,1152,2432,2819,2819
64,28,butterfly-check,recompute,ntt,register-write,3,45,0,3,PASS,FAIL,yes,yes,5.85263778e2,2.58798330e2,3.02681275e2,9.43679940e1,-39.49649447,1152,3,0,0,0,0,3,251250 ns,223414,1152,1152,2432,2819,2819
64,28,butterfly-check,recompute,ntt,register-write,3,45,8,3,PASS,FAIL,yes,yes,6.53299776e2,2.53398568e2,2.94357664e2,9.17729128e1,-39.25429032,1152,3,0,0,0,0,3,250917 ns,223085,1152,1152,2432,2819,2819
64,28,butterfly-check,recompute,ntt,register-write,3,45,24,3,PASS,FAIL,yes,yes,5.41811803e2,2.81531391e2,3.11942462e2,9.72553866e1,-39.75827329,1152,3,0,0,0,0,3,250957 ns,223288,1152,1152,2432,2819,2819
64,28,butterfly-check,recompute,ntt,register-write,3,45,26,3,PASS,FAIL,yes,yes,5.96459508e2,2.64707585e2,2.98367207e2,9.30229821e1,-39.37180516,1152,3,0,0,0,0,3,119542 ns,105499,1152,1152,2432,2819,2819
64,28,butterfly-check,recompute,ntt,register-write,3,46,0,3,PASS,FAIL,yes,yes,5.28025622e2,2.51982680e2,2.84634481e2,8.87414824e1,-38.96253358,1152,3,0,0,0,0,3,202291 ns,178958,1152,1152,2432,2819,2819
64,28,butterfly-check,recompute,ntt,register-write,3,46,8,3,PASS,FAIL,yes,yes,5.52795868e2,2.66120914e2,2.94715171e2,9.18843740e1,-39.26483321,1152,3,0,0,0,0,3,249998 ns,222337,1152,1152,2432,2819,2819
64,28,butterfly-check,recompute,ntt,register-write,3,46,24,3,PASS,FAIL,yes,yes,4.47718316e2,2.46414564e2,2.72098472e2,8.48330871e1,-38.57130543,1152,3,0,0,0,0,3,125875 ns,112042,1152,1152,2432,2819,2819
64,28,butterfly-check,recompute,ntt,register-write,3,46,26,3,PASS,FAIL,yes,yes,5.51458722e2,2.74227718e2,2.96852320e2,9.25506806e1,-39.32759234,1152,3,0,0,0,0,3,147667 ns,130916,1152,1152,2432,2819,2819
64,28,butterfly-check,recompute,ntt,register-write,3,47,0,3,PASS,FAIL,yes,yes,6.95309657e2,2.36194859e2,2.80165155e2,8.73480651e1,-38.82506578,1152,3,0,0,0,0,3,217958 ns,193833,1152,1152,2432,2819,2819
64,28,butterfly-check,recompute,ntt,register-write,3,47,8,3,PASS,FAIL,yes,yes,5.09754546e2,2.55656395e2,2.82656778e2,8.81248869e1,-38.90197145,1152,3,0,0,0,0,3,250667 ns,223337,1152,1152,2432,2819,2819
64,28,butterfly-check,recompute,ntt,register-write,3,47,24,3,PASS,FAIL,yes,yes,6.39921937e2,2.47301084e2,2.82754527e2,8.81553626e1,-38.90497473,1152,3,0,0,0,0,3,131126 ns,115836,1152,1152,2432,2819,2819
64,28,butterfly-check,recompute,ntt,register-write,3,47,26,3,PASS,FAIL,yes,yes,5.97533215e2,2.65799842e2,3.12447128e2,9.74127280e1,-39.77231412,1152,3,0,0,0,0,3,221958 ns,197998,1152,1152,2432,2819,2819
64,28,butterfly-check,recompute,ntt,register-write,3,49,0,3,PASS,FAIL,yes,yes,6.91140145e2,2.55331391e2,3.04935318e2,9.50707450e1,-39.56093795,1152,3,0,0,0,0,3,250832 ns,222956,1152,1152,2432,2819,2819
64,28,butterfly-check,recompute,ntt,register-write,3,49,8,3,PASS,FAIL,yes,yes,5.77520578e2,2.60434395e2,2.91497316e2,9.08811323e1,-39.16947458,1152,3,0,0,0,0,3,222457 ns,198208,1152,1152,2432,2819,2819
64,28,butterfly-check,recompute,ntt,register-write,3,49,24,3,PASS,FAIL,yes,yes,5.97349951e2,2.73073349e2,2.98690756e2,9.31238559e1,-39.38121900,1152,3,0,0,0,0,3,227499 ns,203041,1152,1152,2432,2819,2819
64,28,butterfly-check,recompute,ntt,register-write,3,49,26,3,PASS,FAIL,yes,yes,6.97780921e2,2.83356292e2,3.23535581e2,1.00869813e2,-40.07522435,1152,3,0,0,0,0,3,132084 ns,116960,1152,1152,2432,2819,2819
64,28,butterfly-check,recompute,ntt,register-write,3,50,0,3,PASS,FAIL,yes,yes,6.35624564e2,2.84642321e2,3.15797742e2,9.84573605e1,-39.86496377,1152,3,0,0,0,0,3,131374 ns,116712,1152,1152,2432,2819,2819
64,28,butterfly-check,recompute,ntt,register-write,3,50,8,3,PASS,FAIL,yes,yes,6.51144371e2,2.36173732e2,2.76439302e2,8.61864427e1,-38.70877912,1152,3,0,0,0,0,3,132918 ns,117168,1152,1152,2432,2819,2819
64,28,butterfly-check,recompute,ntt,register-write,3,50,24,3,PASS,FAIL,yes,yes,5.26113244e2,2.30732144e2,2.67082232e2,8.32691567e1,-38.40968333,1152,3,0,0,0,0,3,128958 ns,114622,1152,1152,2432,2819,2819
64,28,butterfly-check,recompute,ntt,register-write,3,50,26,3,PASS,FAIL,yes,yes,5.69616438e2,2.37941945e2,2.82626028e2,8.81152998e1,-38.90102647,1152,3,0,0,0,0,3,132042 ns,116879,1152,1152,2432,2819,2819
64,28,butterfly-check,recompute,ntt,register-write,3,51,0,3,PASS,FAIL,yes,yes,5.30879988e2,2.50601481e2,2.74094444e2,8.54553782e1,-38.63478801,1152,3,0,0,0,0,3,248792 ns,221458,1152,1152,2432,2819,2819
64,28,butterfly-check,recompute,ntt,register-write,3,51,8,3,PASS,FAIL,yes,yes,6.17583904e2,2.32731304e2,2.68238348e2,8.36296028e1,-38.44720069,1152,3,0,0,0,0,3,251418 ns,222789,1152,1152,2432,2819,2819
64,28,butterfly-check,recompute,ntt,register-write,3,51,24,3,PASS,FAIL,yes,yes,5.46465291e2,2.52072941e2,2.79833064e2,8.72445280e1,-38.81476394,1152,3,0,0,0,0,3,222666 ns,198337,1152,1152,2432,2819,2819
64,28,butterfly-check,recompute,ntt,register-write,3,51,26,3,PASS,FAIL,yes,yes,4.89079282e2,2.69659087e2,2.98062967e2,9.29281282e1,-39.36294379,1152,3,0,0,0,0,3,151374 ns,134832,1152,1152,2432,2819,2819
64,28,butterfly-check,recompute,ntt,register-write,3,52,0,3,PASS,FAIL,yes,yes,6.03858883e2,2.75635504e2,2.99603781e2,9.34085131e1,-39.40772917,1152,3,0,0,0,0,3,130000 ns,115708,1152,1152,2432,2819,2819
64,28,butterfly-check,recompute,ntt,register-write,3,52,8,3,PASS,FAIL,yes,yes,5.84573239e2,2.62360416e2,2.93161176e2,9.13998795e1,-39.21891246,1152,3,0,0,0,0,3,250790 ns,223332,1152,1152,2432,2819,2819
64,28,butterfly-check,recompute,ntt,register-write,3,52,24,3,PASS,FAIL,yes,yes,6.14966786e2,2.84297975e2,3.18013497e2,9.91481741e1,-39.92569442,1152,3,0,0,0,0,3,131457 ns,117000,1152,1152,2432,2819,2819
64,28,butterfly-check,recompute,ntt,register-write,3,52,26,3,PASS,FAIL,yes,yes,5.42290787e2,2.80361311e2,3.08562067e2,9.62014690e1,-39.66363408,1152,3,0,0,0,0,3,158501 ns,141001,1152,1152,2432,2819,2819
64,28,butterfly-check,recompute,ntt,register-write,3,53,0,3,PASS,FAIL,yes,yes,4.99392501e2,2.48049396e2,2.82532736e2,8.80862141e1,-38.89815889,1152,3,0,0,0,0,3,291500 ns,259668,1152,1152,2432,2819,2819
64,28,butterfly-check,recompute,ntt,register-write,3,53,8,3,PASS,FAIL,yes,yes,6.52392811e2,2.55707769e2,3.01913738e2,9.41286962e1,-39.47444086,1152,3,0,0,0,0,3,221833 ns,197873,1152,1152,2432,2819,2819
64,28,butterfly-check,recompute,ntt,register-write,3,53,24,3,PASS,FAIL,yes,yes,8.46716509e2,2.57049745e2,2.99120069e2,9.32577045e1,-39.39369443,1152,3,0,0,0,0,3,223209 ns,198667,1152,1152,2432,2819,2819
64,28,butterfly-check,recompute,ntt,register-write,3,53,26,3,PASS,FAIL,yes,yes,5.97138165e2,2.62666513e2,2.89325371e2,9.02039773e1,-39.10451374,1152,3,0,0,0,0,3,250250 ns,222916,1152,1152,2432,2819,2819
64,28,butterfly-check,recompute,ntt,register-write,3,60,0,3,PASS,FAIL,yes,yes,5.76641442e2,2.54982530e2,2.94756786e2,9.18973486e1,-39.26605963,1152,3,0,0,0,0,3,127000 ns,112752,1152,1152,2432,2819,2819
64,28,butterfly-check,recompute,ntt,register-write,3,60,8,3,PASS,FAIL,yes,yes,5.08823032e2,2.28695155e2,2.59684725e2,8.09628102e1,-38.16571148,1152,3,0,0,0,0,3,252750 ns,224168,1152,1152,2432,2819,2819
64,28,butterfly-check,recompute,ntt,register-write,3,60,24,3,PASS,FAIL,yes,yes,6.03626558e2,2.47749265e2,2.87758674e2,8.97155228e1,-39.05735184,1152,3,0,0,0,0,3,132124 ns,116832,1152,1152,2432,2819,2819
64,28,butterfly-check,recompute,ntt,register-write,3,60,26,3,PASS,FAIL,yes,yes,5.56576275e2,2.75524852e2,3.08136966e2,9.60689337e1,-39.65165941,1152,3,0,0,0,0,3,223959 ns,198250,1152,1152,2432,2819,2819
64,28,butterfly-check,recompute,ntt,register-write,3,62,0,3,PASS,FAIL,yes,yes,5.48180289e2,2.82724638e2,3.06790654e2,9.56491894e1,-39.61362588,1152,3,0,0,0,0,3,223084 ns,198581,1152,1152,2432,2819,2819
64,28,butterfly-check,recompute,ntt,register-write,3,62,8,3,PASS,FAIL,yes,yes,5.42303425e2,2.32157563e2,2.76661941e2,8.62558556e1,-38.71577175,1152,3,0,0,0,0,3,131751 ns,116585,1152,1152,2432,2819,2819
64,28,butterfly-check,recompute,ntt,register-write,3,62,24,3,PASS,FAIL,yes,yes,5.55832350e2,2.62204226e2,2.98468214e2,9.30544735e1,-39.37474512,1152,3,0,0,0,0,3,183376 ns,163374,1152,1152,2432,2819,2819
64,28,butterfly-check,recompute,ntt,register-write,3,62,26,3,PASS,FAIL,yes,yes,5.13245005e2,2.71319017e2,2.94138726e2,9.17046539e1,-39.24782752,1152,3,0,0,0,0,3,138123 ns,122496,1152,1152,2432,2819,2819
64,28,butterfly-check,recompute,ntt,register-write,3,63,0,3,PASS,FAIL,yes,yes,6.09928724e2,2.77003275e2,3.11151206e2,9.70086939e1,-39.73621315,1152,3,0,0,0,0,3,222958 ns,197918,1152,1152,2432,2819,2819
64,28,butterfly-check,recompute,ntt,register-write,3,63,8,3,PASS,FAIL,yes,yes,6.28211252e2,2.39214429e2,2.79613813e2,8.71761713e1,-38.80795583,1152,3,0,0,0,0,3,131791 ns,116291,1152,1152,2432,2819,2819
64,28,butterfly-check,recompute,ntt,register-write,3,63,24,3,PASS,FAIL,yes,yes,5.15751153e2,2.56753156e2,2.79290259e2,8.70752956e1,-38.79789915,1152,3,0,0,0,0,3,133625 ns,118582,1152,1152,2432,2819,2819
64,28,butterfly-check,recompute,ntt,register-write,3,63,26,3,PASS,FAIL,yes,yes,5.69810459e2,2.75862528e2,3.06026355e2,9.54109014e1,-39.59195997,1152,3,0,0,0,0,3,132125 ns,117458,1152,1152,2432,2819,2819
64,28,butterfly-check,recompute,ntt,register-write,5,0,0,1,PASS,FAIL,yes,yes,6.51013388e2,2.58239984e2,2.96630948e2,9.24816625e1,-39.32111257,1152,3,0,0,0,0,3,141375 ns,125209,1152,1152,2432,2819,2819
64,28,butterfly-check,recompute,ntt,register-write,5,0,8,1,PASS,FAIL,yes,yes,5.98422182e2,2.82186372e2,3.12722178e2,9.74984815e1,-39.77995703,1152,3,0,0,0,0,3,202251 ns,178414,1152,1152,2432,2819,2819
64,28,butterfly-check,recompute,ntt,register-write,5,0,24,1,PASS,FAIL,yes,yes,7.00288860e2,2.68566742e2,3.05709939e2,9.53122511e1,-39.58297454,1152,3,0,0,0,0,3,132082 ns,117296,1152,1152,2432,2819,2819
64,28,butterfly-check,recompute,ntt,register-write,5,0,26,1,PASS,FAIL,yes,yes,4.74201558e2,2.40031876e2,2.64086921e2,8.23352981e1,-38.31172125,1152,3,0,0,0,0,3,250082 ns,221756,1152,1152,2432,2819,2819
64,28,butterfly-check,recompute,ntt,register-write,5,2,0,1,PASS,FAIL,yes,yes,4.63934567e2,2.50573533e2,2.78582909e2,8.68547625e1,-38.77587274,1152,3,0,0,0,0,3,222332 ns,197792,1152,1152,2432,2819,2819
64,28,butterfly-check,recompute,ntt,register-write,5,2,8,1,PASS,FAIL,yes,yes,6.98221012e2,2.87211616e2,3.13882816e2,9.78603375e1,-39.81213418,1152,3,0,0,0,0,3,245957 ns,218958,1152,1152,2432,2819,2819
64,28,butterfly-check,recompute,ntt,register-write,5,2,24,1,PASS,FAIL,yes,yes,5.22578569e2,2.41782852e2,2.73885305e2,8.53901743e1,-38.62815800,1152,3,0,0,0,0,3,252085 ns,223540,1152,1152,2432,2819,2819
64,28,butterfly-check,recompute,ntt,register-write,5,2,26,1,PASS,FAIL,yes,yes,6.19474248e2,2.44835900e2,2.82104994e2,8.79528553e1,-38.88499886,1152,3,0,0,0,0,3,249748 ns,222792,1152,1152,2432,2819,2819
64,28,butterfly-check,recompute,ntt,register-write,5,4,0,1,PASS,FAIL,yes,yes,5.47510616e2,2.71724223e2,3.01635262e2,9.40418750e1,-39.46642559,1152,3,0,0,0,0,3,131667 ns,116672,1152,1152,2432,2819,2819
64,28,butterfly-check,recompute,ntt,register-write,5,4,8,1,PASS,FAIL,yes,yes,8.01270533e2,2.53671082e2,2.94995775e2,9.19718589e1,-39.27309929,1152,3,0,0,0,0,3,181041 ns,161168,1152,1152,2432,2819,2819
64,28,butterfly-check,recompute,ntt,register-write,5,4,24,1,PASS,FAIL,yes,yes,7.10638879e2,2.66604324e2,3.00870993e2,9.38035962e1,-39.44438977,1152,3,0,0,0,0,3,131042 ns,116290,1152,1152,2432,2819,2819
64,28,butterfly-check,recompute,ntt,register-write,5,4,26,1,PASS,FAIL,yes,yes,5.48878150e2,2.80848987e2,3.07096420e2,9.57445191e1,-39.62227845,1152,3,0,0,0,0,3,178625 ns,159001,1152,1152,2432,2819,2819
64,28,butterfly-check,recompute,ntt,register-write,5,7,0,1,PASS,FAIL,yes,yes,5.75344701e2,2.60203390e2,2.92172565e2,9.10916570e1,-39.18957204,1152,3,0,0,0,0,3,249875 ns,222503,1152,1152,2432,2819,2819
64,28,butterfly-check,recompute,ntt,register-write,5,7,8,1,PASS,FAIL,yes,yes,5.22440138e2,2.61247787e2,2.86202773e2,8.92304340e1,-39.01026011,1152,3,0,0,0,0,3,249710 ns,222414,1152,1152,2432,2819,2819
64,28,butterfly-check,recompute,ntt,register-write,5,7,24,1,PASS,FAIL,yes,yes,5.67446094e2,2.74724474e2,3.11720995e2,9.71863389e1,-39.75210444,1152,3,0,0,0,0,3,234375 ns,206625,1152,1152,2432,2819,2819
64,28,butterfly-check,recompute,ntt,register-write,5,7,26,1,PASS,FAIL,yes,yes,5.96968015e2,2.47140816e2,2.82769984e2,8.81601815e1,-38.90544951,1152,3,0,0,0,0,3,131832 ns,117040,1152,1152,2432,2819,2819
64,28,butterfly-check,recompute,ntt,register-write,5,12,0,1,PASS,FAIL,yes,yes,5.59938335e2,2.67266010e2,3.03048045e2,9.44823431e1,-39.50701310,1152,3,0,0,0,0,3,222791 ns,198168,1152,1152,2432,2819,2819
64,28,butterfly-check,recompute,ntt,register-write,5,12,8,1,PASS,FAIL,yes,yes,4.44348791e2,2.42858884e2,2.67097843e2,8.32740236e1,-38.41019098,1152,3,0,0,0,0,3,222999 ns,197962,1152,1152,2432,2819,2819
64,28,butterfly-check,recompute,ntt,register-write,5,12,24,1,PASS,FAIL,yes,yes,6.76844850e2,2.50083517e2,2.85999934e2,8.91671944e1,-39.00410204,1152,3,0,0,0,0,3,221498 ns,197000,1152,1152,2432,2819,2819
64,28,butterfly-check,recompute,ntt,register-write,5,12,26,1,PASS,FAIL,yes,yes,6.04663665e2,2.68943585e2,3.06133493e2,9.54443042e1,-39.59500032,1152,3,0,0,0,0,3,248667 ns,221501,1152,1152,2432,2819,2819
64,28,butterfly-check,recompute,ntt,register-write,5,13,0,1,PASS,FAIL,yes,yes,6.61005165e2,2.70949799e2,3.06028253e2,9.54114930e1,-39.59201384,1152,3,0,0,0,0,3,250625 ns,222829,1152,1152,2432,2819,2819
64,28,butterfly-check,recompute,ntt,register-write,5,13,8,1,PASS,FAIL,yes,yes,6.22503966e2,2.92390035e2,3.27105368e2,1.01982778e2,-40.17053679,1152,3,0,0,0,0,3,223333 ns,197625,1152,1152,2432,2819,2819
64,28,butterfly-check,recompute,ntt,register-write,5,13,24,1,PASS,FAIL,yes,yes,5.24377045e2,2.73875323e2,2.94077721e2,9.16856341e1,-39.24602586,1152,3,0,0,0,0,3,223000 ns,197251,1152,1152,2432,2819,2819
64,28,butterfly-check,recompute,ntt,register-write,5,13,26,1,PASS,FAIL,yes,yes,6.66773977e2,2.75412742e2,3.16797515e2,9.87690632e1,-39.89241869,1152,3,0,0,0,0,3,250624 ns,222666,1152,1152,2432,2819,2819
64,28,butterfly-check,recompute,ntt,register-write,5,16,0,1,PASS,FAIL,yes,yes,5.19821780e2,2.67413242e2,3.00515769e2,9.36928468e1,-39.43412870,1152,3,0,0,0,0,3,202333 ns,179708,1152,1152,2432,2819,2819
64,28,butterfly-check,recompute,ntt,register-write,5,16,8,1,PASS,FAIL,yes,yes,6.19241570e2,2.62438286e2,3.01447319e2,9.39832793e1,-39.46101189,1152,3,0,0,0,0,3,132542 ns,116627,1152,1152,2432,2819,2819
64,28,butterfly-check,recompute,ntt,register-write,5,16,24,1,PASS,FAIL,yes,yes,4.80626150e2,2.68514157e2,2.93195574e2,9.14106040e1,-39.21993157,1152,3,0,0,0,0,3,222498 ns,197919,1152,1152,2432,2819,2819
64,28,butterfly-check,recompute,ntt,register-write,5,16,26,1,PASS,FAIL,yes,yes,6.56828169e2,2.71015487e2,3.01925259e2,9.41322884e1,-39.47477233,1152,3,0,0,0,0,3,224418 ns,198123,1152,1152,2432,2819,2819
64,28,butterfly-check,recompute,ntt,register-write,5,17,0,1,PASS,FAIL,yes,yes,8.13186675e2,2.86284116e2,3.22987058e2,1.00698799e2,-40.06048579,1152,3,0,0,0,0,3,249917 ns,223042,1152,1152,2432,2819,2819
64,28,butterfly-check,recompute,ntt,register-write,5,17,8,1,PASS,FAIL,yes,yes,5.71275144e2,2.93429993e2,3.26072080e2,1.01660627e2,-40.14305565,1152,3,0,0,0,0,3,129959 ns,115624,1152,1152,2432,2819,2819
64,28,butterfly-check,recompute,ntt,register-write,5,17,24,1,PASS,FAIL,yes,yes,5.02038050e2,2.54142458e2,2.82207129e2,8.79846984e1,-38.88814300,1152,3,0,0,0,0,3,223000 ns,197921,1152,1152,2432,2819,2819
64,28,butterfly-check,recompute,ntt,register-write,5,17,26,1,PASS,FAIL,yes,yes,6.85644626e2,2.84165903e2,3.23837464e2,1.00963933e2,-40.08332518,1152,3,0,0,0,0,3,223584 ns,198332,1152,1152,2432,2819,2819
64,28,butterfly-check,recompute,ntt,register-write,5,19,0,1,PASS,FAIL,yes,yes,6.95087688e2,2.65968734e2,3.12262726e2,9.73552364e1,-39.76718632,1152,3,0,0,0,0,3,250582 ns,223001,1152,1152,2432,2819,2819
64,28,butterfly-check,recompute,ntt,register-write,5,19,8,1,PASS,FAIL,yes,yes,5.22968011e2,2.49550435e2,2.74006705e2,8.54280237e1,-38.63200719,1152,3,0,0,0,0,3,222334 ns,198045,1152,1152,2432,2819,2819
64,28,butterfly-check,recompute,ntt,register-write,5,19,24,1,PASS,FAIL,yes,yes,4.26282458e2,2.42215920e2,2.68002290e2,8.35560064e1,-38.43955349,1152,3,0,0,0,0,3,118833 ns,105503,1152,1152,2432,2819,2819
64,28,butterfly-check,recompute,ntt,register-write,5,19,26,1,PASS,FAIL,yes,yes,4.94472894e2,2.70188657e2,3.01304484e2,9.39387472e1,-39.45689528,1152,3,0,0,0,0,3,249667 ns,222376,1152,1152,2432,2819,2819
64,28,butterfly-check,recompute,ntt,register-write,5,20,0,1,PASS,FAIL,yes,yes,4.30609720e2,2.67597547e2,2.90695991e2,9.06313005e1,-39.14556424,1152,3,0,0,0,0,3,221124 ns,197040,1152,1152,2432,2819,2819
64,28,butterfly-check,recompute,ntt,register-write,5,20,8,1,PASS,FAIL,yes,yes,6.77739333e2,2.91910867e2,3.17230938e2,9.89041932e1,-39.90429409,1152,3,0,0,0,0,3,251585 ns,223748,1152,1152,2432,2819,2819
64,28,butterfly-check,recompute,ntt,register-write,5,20,24,1,PASS,FAIL,yes,yes,6.79021226e2,2.47233665e2,2.79440752e2,8.71222154e1,-38.80257821,1152,3,0,0,0,0,3,132708 ns,118127,1152,1152,2432,2819,2819
64,28,butterfly-check,recompute,ntt,register-write,5,20,26,1,PASS,FAIL,yes,yes,6.06569425e2,2.76740851e2,3.07263520e2,9.57966165e1,-39.62700340,1152,3,0,0,0,0,3,128917 ns,114539,1152,1152,2432,2819,2819
64,28,butterfly-check,recompute,ntt,register-write,5,24,0,1,PASS,FAIL,yes,yes,6.16824299e2,2.51980359e2,2.78678126e2,8.68844488e1,-38.77884101,1152,3,0,0,0,0,3,220875 ns,196705,1152,1152,2432,2819,2819
64,28,butterfly-check,recompute,ntt,register-write,5,24,8,1,PASS,FAIL,yes,yes,7.69037955e2,2.49041560e2,2.81977747e2,8.79131832e1,-38.88108011,1152,3,0,0,0,0,3,250500 ns,222415,1152,1152,2432,2819,2819
64,28,butterfly-check,recompute,ntt,register-write,5,24,24,1,PASS,FAIL,yes,yes,6.02395447e2,2.94186613e2,3.19743800e2,9.96876368e1,-39.97282602,1152,3,0,0,0,0,3,126874 ns,112703,1152,1152,2432,2819,2819
64,28,butterfly-check,recompute,ntt,register-write,5,24,26,1,PASS,FAIL,yes,yes,6.18760877e2,2.47339864e2,2.79547209e2,8.71554057e1,-38.80588657,1152,3,0,0,0,0,3,151084 ns,134999,1152,1152,2432,2819,2819
64,28,butterfly-check,recompute,ntt,register-write,5,25,0,1,PASS,FAIL,yes,yes,5.83819655e2,2.52342952e2,2.85913000e2,8.91400907e1,-39.00146144,1152,3,0,0,0,0,3,222873 ns,198252,1152,1152,2432,2819,2819
64,28,butterfly-check,recompute,ntt,register-write,5,25,8,1,PASS,FAIL,yes,yes,5.89461553e2,2.54713055e2,2.93014358e2,9.13541057e1,-39.21456141,1152,3,0,0,0,0,3,175208 ns,156083,1152,1152,2432,2819,2819
64,28,butterfly-check,recompute,ntt,register-write,5,25,24,1,PASS,FAIL,yes,yes,5.06136608e2,2.50463051e2,2.82404960e2,8.80463768e1,-38.89422978,1152,3,0,0,0,0,3,143375 ns,127375,1152,1152,2432,2819,2819
64,28,butterfly-check,recompute,ntt,register-write,5,25,26,1,PASS,FAIL,yes,yes,6.13266154e2,2.59829648e2,2.92112864e2,9.10730437e1,-39.18779702,1152,3,0,0,0,0,3,169082 ns,150786,1152,1152,2432,2819,2819
64,28,butterfly-check,recompute,ntt,register-write,5,27,0,1,PASS,FAIL,yes,yes,6.80366191e2,2.81159259e2,3.06950298e2,9.56989621e1,-39.61814455,1152,3,0,0,0,0,3,180123 ns,161291,1152,1152,2432,2819,2819
64,28,butterfly-check,recompute,ntt,register-write,5,27,8,1,PASS,FAIL,yes,yes,6.20594421e2,2.64224711e2,2.95959641e2,9.22723669e1,-39.30143322,1152,3,0,0,0,0,3,223125 ns,197168,1152,1152,2432,2819,2819
64,28,butterfly-check,recompute,ntt,register-write,5,27,24,1,PASS,FAIL,yes,yes,4.81451015e2,2.52103462e2,2.94707030e2,9.18818360e1,-39.26459329,1152,3,0,0,0,0,3,250791 ns,223584,1152,1152,2432,2819,2819
64,28,butterfly-check,recompute,ntt,register-write,5,27,26,1,PASS,FAIL,yes,yes,7.68179110e2,2.68268138e2,3.11755465e2,9.71970858e1,-39.75306488,1152,3,0,0,0,0,3,251585 ns,224045,1152,1152,2432,2819,2819
64,28,butterfly-check,recompute,ntt,register-write,5,28,0,1,PASS,FAIL,yes,yes,5.64671456e2,2.73803864e2,3.00198159e2,9.35938243e1,-39.42494387,1152,3,0,0,0,0,3,118582 ns,105500,1152,1152,2432,2819,2819
64,28,butterfly-check,recompute,ntt,register-write,5,28,8,1,PASS,FAIL,yes,yes,6.23007235e2,2.61037678e2,2.97735764e2,9.28261149e1,-39.35340348,1152,3,0,0,0,0,3,250832 ns,223004,1152,1152,2432,2819,2819
64,28,butterfly-check,recompute,ntt,register-write,5,28,24,1,PASS,FAIL,yes,yes,5.56268437e2,2.77104939e2,3.09899681e2,9.66185016e1,-39.70120596,1152,3,0,0,0,0,3,132832 ns,118417,1152,1152,2432,2819,2819
64,28,butterfly-check,recompute,ntt,register-write,5,28,26,1,PASS,FAIL,yes,yes,4.53502301e2,2.40349635e2,2.73364112e2,8.52276803e1,-38.61161336,1152,3,0,0,0,0,3,207584 ns,184169,1152,1152,2432,2819,2819
64,28,butterfly-check,recompute,ntt,register-write,5,30,0,1,PASS,FAIL,yes,yes,6.23510040e2,2.71444019e2,3.00318722e2,9.36314127e1,-39.42843152,1152,3,0,0,0,0,3,132210 ns,117539,1152,1152,2432,2819,2819
64,28,butterfly-check,recompute,ntt,register-write,5,30,8,1,PASS,FAIL,yes,yes,5.19144927e2,2.81396762e2,3.06606325e2,9.55917206e1,-39.60840558,1152,3,0,0,0,0,3,250209 ns,222122,1152,1152,2432,2819,2819
64,28,butterfly-check,recompute,ntt,register-write,5,30,24,1,PASS,FAIL,yes,yes,6.69646566e2,2.71776874e2,3.09719554e2,9.65623427e1,-39.69615587,1152,3,0,0,0,0,3,222833 ns,198289,1152,1152,2432,2819,2819
64,28,butterfly-check,recompute,ntt,register-write,5,30,26,1,PASS,FAIL,yes,yes,4.45810505e2,2.54885684e2,2.79796251e2,8.72330506e1,-38.81362120,1152,3,0,0,0,0,3,250750 ns,222999,1152,1152,2432,2819,2819
64,28,butterfly-check,recompute,ntt,register-write,5,33,0,1,PASS,FAIL,yes,yes,8.77850309e2,2.55753385e2,3.08940332e2,9.63194022e1,-39.67427557,1152,3,0,0,0,0,3,193792 ns,172800,1152,1152,2432,2819,2819
64,28,butterfly-check,recompute,ntt,register-write,5,33,8,1,PASS,FAIL,yes,yes,4.23141767e2,2.56975949e2,2.74362624e2,8.55389898e1,-38.64328234,1152,3,0,0,0,0,3,226001 ns,202084,1152,1152,2432,2819,2819
64,28,butterfly-check,recompute,ntt,register-write,5,33,24,1,PASS,FAIL,yes,yes,5.24684326e2,2.67378235e2,3.04264332e2,9.48615491e1,-39.54180425,1152,3,0,0,0,0,3,222375 ns,198042,1152,1152,2432,2819,2819
64,28,butterfly-check,recompute,ntt,register-write,5,33,26,1,PASS,FAIL,yes,yes,5.73271874e2,2.38620257e2,2.70660496e2,8.43847644e1,-38.52528084,1152,3,0,0,0,0,3,222375 ns,197835,1152,1152,2432,2819,2819
64,28,butterfly-check,recompute,ntt,register-write,5,34,0,1,PASS,FAIL,yes,yes,5.09192610e2,2.68950521e2,2.91521503e2,9.08886731e1,-39.17019526,1152,3,0,0,0,0,3,250375 ns,222994,1152,1152,2432,2819,2819
64,28,butterfly-check,recompute,ntt,register-write,5,34,8,1,PASS,FAIL,yes,yes,5.37353762e2,2.81281948e2,3.08351309e2,9.61357604e1,-39.65769932,1152,3,0,0,0,0,3,223751 ns,198958,1152,1152,2432,2819,2819
64,28,butterfly-check,recompute,ntt,register-write,5,34,24,1,PASS,FAIL,yes,yes,4.96310526e2,2.64965194e2,2.98206485e2,9.29728732e1,-39.36712505,1152,3,0,0,0,0,3,251293 ns,223543,1152,1152,2432,2819,2819
64,28,butterfly-check,recompute,ntt,register-write,5,34,26,1,PASS,FAIL,yes,yes,7.64662960e2,2.44291157e2,2.87860547e2,8.97472843e1,-39.06042632,1152,3,0,0,0,0,3,249709 ns,222040,1152,1152,2432,2819,2819
64,28,butterfly-check,recompute,ntt,register-write,5,37,0,1,PASS,FAIL,yes,yes,6.43573372e2,2.41568563e2,2.80677185e2,8.75077023e1,-38.84092561,1152,3,0,0,0,0,3,134000 ns,118708,1152,1152,2432,2819,2819
64,28,butterfly-check,recompute,ntt,register-write,5,37,8,1,PASS,FAIL,yes,yes,5.91792167e2,2.82908986e2,3.18222365e2,9.92132938e1,-39.93139736,1152,3,0,0,0,0,3,249708 ns,222457,1152,1152,2432,2819,2819
64,28,butterfly-check,recompute,ntt,register-write,5,37,24,1,PASS,FAIL,yes,yes,6.29713995e2,2.53110097e2,2.94336808e2,9.17664105e1,-39.25367489,1152,3,0,0,0,0,3,165084 ns,146959,1152,1152,2432,2819,2819
64,28,butterfly-check,recompute,ntt,register-write,5,37,26,1,PASS,FAIL,yes,yes,6.75819334e2,2.87396433e2,3.21564620e2,1.00255320e2,-40.02214858,1152,3,0,0,0,0,3,222208 ns,197457,1152,1152,2432,2819,2819
64,28,butterfly-check,recompute,ntt,register-write,5,38,0,1,PASS,FAIL,yes,yes,5.58805847e2,2.86057496e2,3.05562157e2,9.52661766e1,-39.57877471,1152,3,0,0,0,0,3,162876 ns,145748,1152,1152,2432,2819,2819
64,28,butterfly-check,recompute,ntt,register-write,5,38,8,1,PASS,FAIL,yes,yes,6.08000930e2,2.84905854e2,3.14472026e2,9.80440376e1,-39.82842375,1152,3,0,0,0,0,3,222169 ns,197500,1152,1152,2432,2819,2819
64,28,butterfly-check,recompute,ntt,register-write,5,38,24,1,PASS,FAIL,yes,yes,6.73816653e2,2.83699995e2,3.21356699e2,1.00190496e2,-40.01653052,1152,3,0,0,0,0,3,181000 ns,161043,1152,1152,2432,2819,2819
64,28,butterfly-check,recompute,ntt,register-write,5,38,26,1,PASS,FAIL,yes,yes,7.31491582e2,2.73303224e2,3.05599611e2,9.52778537e1,-39.57983931,1152,3,0,0,0,0,3,252292 ns,222414,1152,1152,2432,2819,2819
64,28,butterfly-check,recompute,ntt,register-write,5,39,0,1,PASS,FAIL,yes,yes,6.03484808e2,2.89520100e2,3.19857730e2,9.97231572e1,-39.97592039,1152,3,0,0,0,0,3,250249 ns,222747,1152,1152,2432,2819,2819
64,28,butterfly-check,recompute,ntt,register-write,5,39,8,1,PASS,FAIL,yes,yes,6.21890082e2,2.37244510e2,2.71873048e2,8.47628061e1,-38.56410651,1152,3,0,0,0,0,3,249874 ns,222038,1152,1152,2432,2819,2819
64,28,butterfly-check,recompute,ntt,register-write,5,39,24,1,PASS,FAIL,yes,yes,5.84318389e2,2.46250370e2,2.78066009e2,8.66936069e1,-38.75974145,1152,3,0,0,0,0,3,132126 ns,116669,1152,1152,2432,2819,2819
64,28,butterfly-check,recompute,ntt,register-write,5,39,26,1,PASS,FAIL,yes,yes,5.97365869e2,2.78289727e2,3.09680789e2,9.65502568e1,-39.69506867,1152,3,0,0,0,0,3,158334 ns,140999,1152,1152,2432,2819,2819
64,28,butterfly-check,recompute,ntt,register-write,5,42,0,1,PASS,FAIL,yes,yes,6.84396423e2,2.61253697e2,2.97410746e2,9.27247828e1,-39.34391649,1152,3,0,0,0,0,3,250959 ns,221961,1152,1152,2432,2819,2819
64,28,butterfly-check,recompute,ntt,register-write,5,42,8,1,PASS,FAIL,yes,yes,4.85152567e2,2.52994476e2,2.86900809e2,8.94480634e1,-39.03141884,1152,3,0,0,0,0,3,250209 ns,222168,1152,1152,2432,2819,2819
64,28,butterfly-check,recompute,ntt,register-write,5,42,24,1,PASS,FAIL,yes,yes,5.25239953e2,2.64919957e2,2.90358210e2,9.05259893e1,-39.13546560,1152,3,0,0,0,0,3,221751 ns,197584,1152,1152,2432,2819,2819
64,28,butterfly-check,recompute,ntt,register-write,5,42,26,1,PASS,FAIL,yes,yes,5.67634464e2,2.56636869e2,2.98649688e2,9.31110521e1,-39.38002468,1152,3,0,0,0,0,3,249666 ns,221414,1152,1152,2432,2819,2819
64,28,butterfly-check,recompute,ntt,register-write,5,43,0,1,PASS,FAIL,yes,yes,5.79570396e2,2.43193330e2,2.75579666e2,8.59184310e1,-38.68172675,1152,3,0,0,0,0,3,223460 ns,197543,1152,1152,2432,2819,2819
64,28,butterfly-check,recompute,ntt,register-write,5,43,8,1,PASS,FAIL,yes,yes,4.93731435e2,2.35096895e2,2.67220152e2,8.33121563e1,-38.41416750,1152,3,0,0,0,0,3,130958 ns,116248,1152,1152,2432,2819,2819
64,28,butterfly-check,recompute,ntt,register-write,5,43,24,1,PASS,FAIL,yes,yes,5.67182863e2,2.52823452e2,2.84528767e2,8.87085235e1,-38.95930702,1152,3,0,0,0,0,3,134250 ns,119043,1152,1152,2432,2819,2819
64,28,butterfly-check,recompute,ntt,register-write,5,43,26,1,PASS,FAIL,yes,yes,6.48596559e2,2.71440781e2,3.09275678e2,9.64239539e1,-39.68369872,1152,3,0,0,0,0,3,131416 ns,116455,1152,1152,2432,2819,2819
64,28,butterfly-check,recompute,ntt,register-write,5,45,0,1,PASS,FAIL,yes,yes,6.94301543e2,2.96688440e2,3.29185704e2,1.02631372e2,-40.22560269,1152,3,0,0,0,0,3,201083 ns,178166,1152,1152,2432,2819,2819
64,28,butterfly-check,recompute,ntt,register-write,5,45,8,1,PASS,FAIL,yes,yes,5.72393641e2,2.71155616e2,2.96757805e2,9.25212132e1,-39.32482638,1152,3,0,0,0,0,3,222417 ns,197539,1152,1152,2432,2819,2819
64,28,butterfly-check,recompute,ntt,register-write,5,45,24,1,PASS,FAIL,yes,yes,5.74650537e2,2.54024168e2,2.78598937e2,8.68597599e1,-38.77637249,1152,3,0,0,0,0,3,251541 ns,222372,1152,1152,2432,2819,2819
64,28,butterfly-check,recompute,ntt,register-write,5,45,26,1,PASS,FAIL,yes,yes,5.06899085e2,2.75628921e2,3.00304265e2,9.36269053e1,-39.42801337,1152,3,0,0,0,0,3,252458 ns,222917,1152,1152,2432,2819,2819
64,28,butterfly-check,recompute,ntt,register-write,5,50,0,1,PASS,FAIL,yes,yes,6.25729029e2,2.88948419e2,3.12598172e2,9.74598196e1,-39.77651206,1152,3,0,0,0,0,3,122583 ns,108995,1152,1152,2432,2819,2819
64,28,butterfly-check,recompute,ntt,register-write,5,50,8,1,PASS,FAIL,yes,yes,6.85186930e2,2.65079028e2,3.01686390e2,9.40578152e1,-39.46789773,1152,3,0,0,0,0,3,132292 ns,117749,1152,1152,2432,2819,2819
64,28,butterfly-check,recompute,ntt,register-write,5,50,24,1,PASS,FAIL,yes,yes,6.52308842e2,2.72308364e2,3.15177874e2,9.82641021e1,-39.84789780,1152,3,0,0,0,0,3,131583 ns,116877,1152,1152,2432,2819,2819
64,28,butterfly-check,recompute,ntt,register-write,5,50,26,1,PASS,FAIL,yes,yes,5.44615924e2,2.39384000e2,2.67565115e2,8.34197068e1,-38.42537318,1152,3,0,0,0,0,3,223167 ns,198418,1152,1152,2432,2819,2819
64,28,butterfly-check,recompute,ntt,register-write,5,53,0,1,PASS,FAIL,yes,yes,5.45507642e2,2.71005763e2,3.05919570e2,9.53776086e1,-39.58892859,1152,3,0,0,0,0,3,125832 ns,110838,1152,1152,2432,2819,2819
64,28,butterfly-check,recompute,ntt,register-write,5,53,8,1,PASS,FAIL,yes,yes,5.56885907e2,2.65558454e2,2.92018850e2,9.10437326e1,-39.18500110,1152,3,0,0,0,0,3,134876 ns,118709,1152,1152,2432,2819,2819
64,28,butterfly-check,recompute,ntt,register-write,5,53,24,1,PASS,FAIL,yes,yes,5.27115351e2,2.65436910e2,2.95136466e2,9.20157228e1,-39.27724084,1152,3,0,0,0,0,3,131333 ns,116956,1152,1152,2432,2819,2819
64,28,butterfly-check,recompute,ntt,register-write,5,53,26,1,PASS,FAIL,yes,yes,8.31087133e2,2.73813885e2,3.13641079e2,9.77849702e1,-39.80544215,1152,3,0,0,0,0,3,131791 ns,116665,1152,1152,2432,2819,2819
64,28,butterfly-check,recompute,ntt,register-write,5,55,0,1,PASS,FAIL,yes,yes,4.70628285e2,2.62334372e2,2.86494324e2,8.93213321e1,-39.01910383,1152,3,0,0,0,0,3,203542 ns,181501,1152,1152,2432,2819,2819
64,28,butterfly-check,recompute,ntt,register-write,5,55,8,1,PASS,FAIL,yes,yes,5.16430206e2,2.51087155e2,2.81088778e2,8.76360263e1,-38.85365354,1152,3,0,0,0,0,3,132541 ns,116878,1152,1152,2432,2819,2819
64,28,butterfly-check,recompute,ntt,register-write,5,55,24,1,PASS,FAIL,yes,yes,5.34989787e2,2.73582288e2,2.90675169e2,9.06248087e1,-39.14494206,1152,3,0,0,0,0,3,131375 ns,116712,1152,1152,2432,2819,2819
64,28,butterfly-check,recompute,ntt,register-write,5,55,26,1,PASS,FAIL,yes,yes,5.40502165e2,2.55046721e2,2.93872667e2,9.16217036e1,-39.23996726,1152,3,0,0,0,0,3,223125 ns,198126,1152,1152,2432,2819,2819
64,28,butterfly-check,recompute,ntt,register-write,5,56,0,1,PASS,FAIL,yes,yes,5.78832785e2,2.55067557e2,2.84937080e2,8.88358248e1,-38.97176278,1152,3,0,0,0,0,3,212250 ns,189623,1152,1152,2432,2819,2819
64,28,butterfly-check,recompute,ntt,register-write,5,56,8,1,PASS,FAIL,yes,yes,7.44419533e2,3.06491986e2,3.41405395e2,1.06441148e2,-40.54219097,1152,3,0,0,0,0,3,150584 ns,134084,1152,1152,2432,2819,2819
64,28,butterfly-check,recompute,ntt,register-write,5,56,24,1,PASS,FAIL,yes,yes,5.77476480e2,2.57761971e2,2.96474896e2,9.24330097e1,-39.31654188,1152,3,0,0,0,0,3,131668 ns,116835,1152,1152,2432,2819,2819
64,28,butterfly-check,recompute,ntt,register-write,5,56,26,1,PASS,FAIL,yes,yes,7.67659497e2,2.71308198e2,3.11902911e2,9.72430557e1,-39.75717195,1152,3,0,0,0,0,3,251418 ns,223540,1152,1152,2432,2819,2819
64,28,butterfly-check,recompute,ntt,register-write,5,57,0,1,PASS,FAIL,yes,yes,5.17921566e2,2.58932735e2,2.86666147e2,8.93749020e1,-39.02431157,1152,3,0,0,0,0,3,149542 ns,133374,1152,1152,2432,2819,2819
64,28,butterfly-check,recompute,ntt,register-write,5,57,8,1,PASS,FAIL,yes,yes,6.18029126e2,2.80135525e2,3.10656037e2,9.68543132e1,-39.72237932,1152,3,0,0,0,0,3,177001 ns,156456,1152,1152,2432,2819,2819
64,28,butterfly-check,recompute,ntt,register-write,5,57,24,1,PASS,FAIL,yes,yes,6.54117677e2,2.61111942e2,2.97718477e2,9.28207253e1,-39.35289915,1152,3,0,0,0,0,3,222457 ns,197917,1152,1152,2432,2819,2819
64,28,butterfly-check,recompute,ntt,register-write,5,57,26,1,PASS,FAIL,yes,yes,6.45147860e2,2.82332846e2,3.25917075e2,1.01612300e2,-40.13892566,1152,3,0,0,0,0,3,221167 ns,196875,1152,1152,2432,2819,2819
64,28,butterfly-check,recompute,ntt,register-write,5,58,0,1,PASS,FAIL,yes,yes,7.69507716e2,2.78876363e2,3.22209803e2,1.00456471e2,-40.03955835,1152,3,0,0,0,0,3,133667 ns,118419,1152,1152,2432,2819,2819
64,28,butterfly-check,recompute,ntt,register-write,5,58,8,1,PASS,FAIL,yes,yes,6.90776053e2,2.73380655e2,3.20112801e2,9.98026815e1,-39.98284420,1152,3,0,0,0,0,3,149209 ns,132878,1152,1152,2432,2819,2819
64,28,butterfly-check,recompute,ntt,register-write,5,58,24,1,PASS,FAIL,yes,yes,4.60821454e2,2.43500460e2,2.66866386e2,8.32018616e1,-38.40266087,1152,3,0,0,0,0,3,134126 ns,118210,1152,1152,2432,2819,2819
64,28,butterfly-check,recompute,ntt,register-write,5,58,26,1,PASS,FAIL,yes,yes,6.38521017e2,2.64563783e2,3.06502022e2,9.55592017e1,-39.60545026,1152,3,0,0,0,0,3,224001 ns,198122,1152,1152,2432,2819,2819
64,28,butterfly-check,recompute,ntt,register-write,5,61,0,1,PASS,FAIL,yes,yes,5.10791382e2,2.56750772e2,2.81022825e2,8.76154636e1,-38.85161527,1152,3,0,0,0,0,3,221959 ns,197123,1152,1152,2432,2819,2819
64,28,butterfly-check,recompute,ntt,register-write,5,61,8,1,PASS,FAIL,yes,yes,4.63414768e2,2.46102321e2,2.76408785e2,8.61769285e1,-38.70782022,1152,3,0,0,0,0,3,251709 ns,223623,1152,1152,2432,2819,2819
64,28,butterfly-check,recompute,ntt,register-write,5,61,24,1,PASS,FAIL,yes,yes,4.19544386e2,2.64431237e2,2.76651350e2,8.62525536e1,-38.71543924,1152,3,0,0,0,0,3,246209 ns,218996,1152,1152,2432,2819,2819
64,28,butterfly-check,recompute,ntt,register-write,5,61,26,1,PASS,FAIL,yes,yes,5.17003645e2,2.68242174e2,2.97095518e2,9.26265031e1,-39.33470537,1152,3,0,0,0,0,3,250125 ns,222251,1152,1152,2432,2819,2819
64,28,butterfly-check,recompute,ntt,register-write,5,62,0,1,PASS,FAIL,yes,yes,6.15408522e2,2.53943892e2,2.80501343e2,8.74528795e1,-38.83548228,1152,3,0,0,0,0,3,139750 ns,123754,1152,1152,2432,2819,2819
64,28,butterfly-check,recompute,ntt,register-write,5,62,8,1,PASS,FAIL,yes,yes,4.94500025e2,2.52700999e2,2.83321841e2,8.83322358e1,-38.92238446,1152,3,0,0,0,0,3,222460 ns,196876,1152,1152,2432,2819,2819
64,28,butterfly-check,recompute,ntt,register-write,5,62,24,1,PASS,FAIL,yes,yes,5.30620102e2,2.24087884e2,2.64832090e2,8.25676221e1,-38.33619554,1152,3,0,0,0,0,3,141793 ns,125709,1152,1152,2432,2819,2819
64,28,butterfly-check,recompute,ntt,register-write,5,62,26,1,PASS,FAIL,yes,yes,4.98642181e2,2.26715498e2,2.54262699e2,7.92723663e1,-37.98243644,1152,3,0,0,0,0,3,175916 ns,156793,1152,1152,2432,2819,2819
64,28,butterfly-check,recompute,ntt,register-write,5,63,0,1,PASS,FAIL,yes,yes,6.56834653e2,2.71670440e2,3.15640774e2,9.84084221e1,-39.86064537,1152,3,0,0,0,0,3,132084 ns,117209,1152,1152,2432,2819,2819
64,28,butterfly-check,recompute,ntt,register-write,5,63,8,1,PASS,FAIL,yes,yes,5.75537231e2,2.49354872e2,2.79636441e2,8.71832261e1,-38.80865871,1152,3,0,0,0,0,3,395918 ns,350253,1152,1152,2432,2819,2819
64,28,butterfly-check,recompute,ntt,register-write,5,63,24,1,PASS,FAIL,yes,yes,5.86708780e2,2.57390989e2,2.87739912e2,8.97096735e1,-39.05678552,1152,3,0,0,0,0,3,198750 ns,178041,1152,1152,2432,2819,2819
64,28,butterfly-check,recompute,ntt,register-write,5,63,26,1,PASS,FAIL,yes,yes,5.32303333e2,2.43948582e2,2.79935576e2,8.72764885e1,-38.81794528,1152,3,0,0,0,0,3,223749 ns,198915,1152,1152,2432,2819,2819
64,28,butterfly-check,recompute,ntt,register-write,5,1,0,2,PASS,FAIL,yes,yes,5.72552480e2,2.72659503e2,3.04252835e2,9.48579647e1,-39.54147604,1152,3,0,0,0,0,3,120751 ns,107416,1152,1152,2432,2819,2819
64,28,butterfly-check,recompute,ntt,register-write,5,1,8,2,PASS,FAIL,yes,yes,5.35098343e2,2.70132659e2,3.05993872e2,9.54007740e1,-39.59103796,1152,3,0,0,0,0,3,223625 ns,197789,1152,1152,2432,2819,2819
64,28,butterfly-check,recompute,ntt,register-write,5,1,24,2,PASS,FAIL,yes,yes,7.84710635e2,2.72792101e2,3.17485353e2,9.89835129e1,-39.91125725,1152,3,0,0,0,0,3,133624 ns,118332,1152,1152,2432,2819,2819
64,28,butterfly-check,recompute,ntt,register-write,5,1,26,2,PASS,FAIL,yes,yes,5.23804271e2,2.48780402e2,2.76255647e2,8.61291839e1,-38.70300665,1152,3,0,0,0,0,3,252794 ns,222661,1152,1152,2432,2819,2819
64,28,butterfly-check,recompute,ntt,register-write,5,2,0,2,PASS,FAIL,yes,yes,4.63934567e2,2.50573533e2,2.78582909e2,8.68547625e1,-38.77587274,1152,3,0,0,0,0,3,124960 ns,110956,1152,1152,2432,2819,2819
64,28,butterfly-check,recompute,ntt,register-write,5,2,8,2,PASS,FAIL,yes,yes,6.98221012e2,2.87211616e2,3.13882816e2,9.78603375e1,-39.81213418,1152,3,0,0,0,0,3,124832 ns,111123,1152,1152,2432,2819,2819
64,28,butterfly-check,recompute,ntt,register-write,5,2,24,2,PASS,FAIL,yes,yes,5.22578569e2,2.41782852e2,2.73885305e2,8.53901743e1,-38.62815800,1152,3,0,0,0,0,3,186459 ns,166289,1152,1152,2432,2819,2819
64,28,butterfly-check,recompute,ntt,register-write,5,2,26,2,PASS,FAIL,yes,yes,6.19474248e2,2.44835900e2,2.82104994e2,8.79528553e1,-38.88499886,1152,3,0,0,0,0,3,249333 ns,221585,1152,1152,2432,2819,2819
64,28,butterfly-check,recompute,ntt,register-write,5,4,0,2,PASS,FAIL,yes,yes,5.47510616e2,2.71724223e2,3.01635262e2,9.40418750e1,-39.46642559,1152,3,0,0,0,0,3,119624 ns,105961,1152,1152,2432,2819,2819
64,28,butterfly-check,recompute,ntt,register-write,5,4,8,2,PASS,FAIL,yes,yes,8.01270533e2,2.53671082e2,2.94995775e2,9.19718589e1,-39.27309929,1152,3,0,0,0,0,3,222124 ns,197541,1152,1152,2432,2819,2819
64,28,butterfly-check,recompute,ntt,register-write,5,4,24,2,PASS,FAIL,yes,yes,7.10638879e2,2.66604324e2,3.00870993e2,9.38035962e1,-39.44438977,1152,3,0,0,0,0,3,125416 ns,111416,1152,1152,2432,2819,2819
64,28,butterfly-check,recompute,ntt,register-write,5,4,26,2,PASS,FAIL,yes,yes,5.48878150e2,2.80848987e2,3.07096420e2,9.57445191e1,-39.62227845,1152,3,0,0,0,0,3,222334 ns,197750,1152,1152,2432,2819,2819
64,28,butterfly-check,recompute,ntt,register-write,5,5,0,2,PASS,FAIL,yes,yes,6.64565284e2,2.70704787e2,3.05731799e2,9.53190666e1,-39.58359562,1152,3,0,0,0,0,3,251960 ns,223875,1152,1152,2432,2819,2819
64,28,butterfly-check,recompute,ntt,register-write,5,5,8,2,PASS,FAIL,yes,yes,6.47346055e2,2.73955768e2,3.04365483e2,9.48930856e1,-39.54469137,1152,3,0,0,0,0,3,249874 ns,222375,1152,1152,2432,2819,2819
64,28,butterfly-check,recompute,ntt,register-write,5,5,24,2,PASS,FAIL,yes,yes,6.11515586e2,2.74712472e2,3.12780299e2,9.75166018e1,-39.78157118,1152,3,0,0,0,0,3,246042 ns,218961,1152,1152,2432,2819,2819
64,28,butterfly-check,recompute,ntt,register-write,5,5,26,2,PASS,FAIL,yes,yes,5.47143419e2,2.72961699e2,2.98218845e2,9.29767266e1,-39.36748504,1152,3,0,0,0,0,3,250084 ns,223043,1152,1152,2432,2819,2819
64,28,butterfly-check,recompute,ntt,register-write,5,6,0,2,PASS,FAIL,yes,yes,4.88799338e2,2.74757124e2,2.99403871e2,9.33461865e1,-39.40193161,1152,3,0,0,0,0,3,128376 ns,114164,1152,1152,2432,2819,2819
64,28,butterfly-check,recompute,ntt,register-write,5,6,8,2,PASS,FAIL,yes,yes,5.95145713e2,2.64052045e2,2.97897924e2,9.28766722e1,-39.35813292,1152,3,0,0,0,0,3,221625 ns,196960,1152,1152,2432,2819,2819
64,28,butterfly-check,recompute,ntt,register-write,5,6,24,2,PASS,FAIL,yes,yes,6.16294290e2,2.40463695e2,2.83941192e2,8.85253331e1,-38.94135140,1152,3,0,0,0,0,3,223500 ns,197420,1152,1152,2432,2819,2819
64,28,butterfly-check,recompute,ntt,register-write,5,6,26,2,PASS,FAIL,yes,yes,6.00980136e2,2.44345145e2,2.81274713e2,8.76939958e1,-38.85939718,1152,3,0,0,0,0,3,135583 ns,119295,1152,1152,2432,2819,2819
64,28,butterfly-check,recompute,ntt,register-write,5,7,0,2,PASS,FAIL,yes,yes,5.75344701e2,2.60203390e2,2.92172565e2,9.10916570e1,-39.18957204,1152,3,0,0,0,0,3,250875 ns,221871,1152,1152,2432,2819,2819
64,28,butterfly-check,recompute,ntt,register-write,5,7,8,2,PASS,FAIL,yes,yes,5.22440138e2,2.61247787e2,2.86202773e2,8.92304340e1,-39.01026011,1152,3,0,0,0,0,3,251625 ns,221921,1152,1152,2432,2819,2819
64,28,butterfly-check,recompute,ntt,register-write,5,7,24,2,PASS,FAIL,yes,yes,5.67446094e2,2.74724474e2,3.11720995e2,9.71863389e1,-39.75210444,1152,3,0,0,0,0,3,133375 ns,118498,1152,1152,2432,2819,2819
64,28,butterfly-check,recompute,ntt,register-write,5,7,26,2,PASS,FAIL,yes,yes,5.96968015e2,2.47140816e2,2.82769984e2,8.81601815e1,-38.90544951,1152,3,0,0,0,0,3,222207 ns,197416,1152,1152,2432,2819,2819
64,28,butterfly-check,recompute,ntt,register-write,5,8,0,2,PASS,FAIL,yes,yes,6.42151715e2,2.71235655e2,3.00870261e2,9.38033679e1,-39.44436863,1152,3,0,0,0,0,3,224292 ns,198165,1152,1152,2432,2819,2819
64,28,butterfly-check,recompute,ntt,register-write,5,8,8,2,PASS,FAIL,yes,yes,5.37615087e2,2.55994628e2,2.83466685e2,8.83773946e1,-38.92682388,1152,3,0,0,0,0,3,223459 ns,198956,1152,1152,2432,2819,2819
64,28,butterfly-check,recompute,ntt,register-write,5,8,24,2,PASS,FAIL,yes,yes,5.74012749e2,2.66706834e2,2.91645696e2,9.09273933e1,-39.17389482,1152,3,0,0,0,0,3,222126 ns,197291,1152,1152,2432,2819,2819
64,28,butterfly-check,recompute,ntt,register-write,5,8,26,2,PASS,FAIL,yes,yes,7.05658372e2,2.32173674e2,2.75811290e2,8.59906452e1,-38.68902415,1152,3,0,0,0,0,3,223373 ns,197416,1152,1152,2432,2819,2819
64,28,butterfly-check,recompute,ntt,register-write,5,11,0,2,PASS,FAIL,yes,yes,6.04670441e2,2.60337569e2,2.95557542e2,9.21470030e1,-39.28962430,1152,3,0,0,0,0,3,221833 ns,196917,1152,1152,2432,2819,2819
64,28,butterfly-check,recompute,ntt,register-write,5,11,8,2,PASS,FAIL,yes,yes,4.88692886e2,2.81642491e2,2.96341922e2,9.23915519e1,-39.31264524,1152,3,0,0,0,0,3,249334 ns,221710,1152,1152,2432,2819,2819
64,28,butterfly-check,recompute,ntt,register-write,5,11,24,2,PASS,FAIL,yes,yes,5.40908061e2,2.60672232e2,2.84862830e2,8.88126756e1,-38.96949908,1152,3,0,0,0,0,3,222708 ns,198084,1152,1152,2432,2819,2819
64,28,butterfly-check,recompute,ntt,register-write,5,11,26,2,PASS,FAIL,yes,yes,6.22569195e2,2.61672731e2,3.08880932e2,9.63008826e1,-39.67260535,1152,3,0,0,0,0,3,133043 ns,118501,1152,1152,2432,2819,2819
64,28,butterfly-check,recompute,ntt,register-write,5,12,0,2,PASS,FAIL,yes,yes,5.59938335e2,2.67266010e2,3.03048045e2,9.44823431e1,-39.50701310,1152,3,0,0,0,0,3,169000 ns,150714,1152,1152,2432,2819,2819
64,28,butterfly-check,recompute,ntt,register-write,5,12,8,2,PASS,FAIL,yes,yes,4.44348791e2,2.42858884e2,2.67097843e2,8.32740236e1,-38.41019098,1152,3,0,0,0,0,3,131375 ns,116337,1152,1152,2432,2819,2819
64,28,butterfly-check,recompute,ntt,register-write,5,12,24,2,PASS,FAIL,yes,yes,6.76844850e2,2.50083517e2,2.85999934e2,8.91671944e1,-39.00410204,1152,3,0,0,0,0,3,133584 ns,118421,1152,1152,2432,2819,2819
64,28,butterfly-check,recompute,ntt,register-write,5,12,26,2,PASS,FAIL,yes,yes,6.04663665e2,2.68943585e2,3.06133493e2,9.54443042e1,-39.59500032,1152,3,0,0,0,0,3,124624 ns,110659,1152,1152,2432,2819,2819
64,28,butterfly-check,recompute,ntt,register-write,5,13,0,2,PASS,FAIL,yes,yes,6.61005165e2,2.70949799e2,3.06028253e2,9.54114930e1,-39.59201384,1152,3,0,0,0,0,3,223539 ns,197998,1152,1152,2432,2819,2819
64,28,butterfly-check,recompute,ntt,register-write,5,13,8,2,PASS,FAIL,yes,yes,6.22503966e2,2.92390035e2,3.27105368e2,1.01982778e2,-40.17053679,1152,3,0,0,0,0,3,221834 ns,197501,1152,1152,2432,2819,2819
64,28,butterfly-check,recompute,ntt,register-write,5,13,24,2,PASS,FAIL,yes,yes,5.24377045e2,2.73875323e2,2.94077721e2,9.16856341e1,-39.24602586,1152,3,0,0,0,0,3,128708 ns,114669,1152,1152,2432,2819,2819
64,28,butterfly-check,recompute,ntt,register-write,5,13,26,2,PASS,FAIL,yes,yes,6.66773977e2,2.75412742e2,3.16797515e2,9.87690632e1,-39.89241869,1152,3,0,0,0,0,3,135208 ns,119917,1152,1152,2432,2819,2819
64,28,butterfly-check,recompute,ntt,register-write,5,14,0,2,PASS,FAIL,yes,yes,5.95033944e2,2.49348306e2,2.85385196e2,8.89755352e1,-38.98541218,1152,3,0,0,0,0,3,128958 ns,114713,1152,1152,2432,2819,2819
64,28,butterfly-check,recompute,ntt,register-write,5,14,8,2,PASS,FAIL,yes,yes,5.10383800e2,2.72966859e2,2.98058039e2,9.29265916e1,-39.36280017,1152,3,0,0,0,0,3,250249 ns,222874,1152,1152,2432,2819,2819
64,28,butterfly-check,recompute,ntt,register-write,5,14,24,2,PASS,FAIL,yes,yes,6.33202125e2,2.62644880e2,2.97507574e2,9.27549712e1,-39.34674390,1152,3,0,0,0,0,3,248958 ns,221289,1152,1152,2432,2819,2819
64,28,butterfly-check,recompute,ntt,register-write,5,14,26,2,PASS,FAIL,yes,yes,7.15665108e2,2.47860502e2,2.98515025e2,9.30690679e1,-39.37610729,1152,3,0,0,0,0,3,251584 ns,223415,1152,1152,2432,2819,2819
64,28,butterfly-check,recompute,ntt,register-write,5,17,0,2,PASS,FAIL,yes,yes,8.13186675e2,2.86284116e2,3.22987058e2,1.00698799e2,-40.06048579,1152,3,0,0,0,0,3,221208 ns,197039,1152,1152,2432,2819,2819
64,28,butterfly-check,recompute,ntt,register-write,5,17,8,2,PASS,FAIL,yes,yes,5.71275144e2,2.93429993e2,3.26072080e2,1.01660627e2,-40.14305565,1152,3,0,0,0,0,3,131292 ns,116582,1152,1152,2432,2819,2819
64,28,butterfly-check,recompute,ntt,register-write,5,17,24,2,PASS,FAIL,yes,yes,5.02038050e2,2.54142458e2,2.82207129e2,8.79846984e1,-38.88814300,1152,3,0,0,0,0,3,131876 ns,117292,1152,1152,2432,2819,2819
64,28,butterfly-check,recompute,ntt,register-write,5,17,26,2,PASS,FAIL,yes,yes,6.85644626e2,2.84165903e2,3.23837464e2,1.00963933e2,-40.08332518,1152,3,0,0,0,0,3,131708 ns,116542,1152,1152,2432,2819,2819
64,28,butterfly-check,recompute,ntt,register-write,5,18,0,2,PASS,FAIL,yes,yes,5.76568175e2,2.49903096e2,2.94054674e2,9.16784486e1,-39.24534511,1152,3,0,0,0,0,3,132791 ns,117416,1152,1152,2432,2819,2819
64,28,butterfly-check,recompute,ntt,register-write,5,18,8,2,PASS,FAIL,yes,yes,6.15808188e2,2.27086783e2,2.82571997e2,8.80984544e1,-38.89936579,1152,3,0,0,0,0,3,132207 ns,117543,1152,1152,2432,2819,2819
64,28,butterfly-check,recompute,ntt,register-write,5,18,24,2,PASS,FAIL,yes,yes,6.68536590e2,2.67368821e2,2.96381725e2,9.24039615e1,-39.31381181,1152,3,0,0,0,0,3,182956 ns,162459,1152,1152,2432,2819,2819
64,28,butterfly-check,recompute,ntt,register-write,5,18,26,2,PASS,FAIL,yes,yes,7.19357386e2,2.77797336e2,3.11811080e2,9.72144252e1,-39.75461426,1152,3,0,0,0,0,3,221626 ns,197290,1152,1152,2432,2819,2819
64,28,butterfly-check,recompute,ntt,register-write,5,23,0,2,PASS,FAIL,yes,yes,6.47046708e2,2.62876594e2,2.97269701e2,9.26808088e1,-39.33979630,1152,3,0,0,0,0,3,222791 ns,198127,1152,1152,2432,2819,2819
64,28,butterfly-check,recompute,ntt,register-write,5,23,8,2,PASS,FAIL,yes,yes,5.02162414e2,2.65697505e2,3.00555058e2,9.37050961e1,-39.43526420,1152,3,0,0,0,0,3,131084 ns,116666,1152,1152,2432,2819,2819
64,28,butterfly-check,recompute,ntt,register-write,5,23,24,2,PASS,FAIL,yes,yes,5.69494169e2,2.74887624e2,3.04610740e2,9.49695501e1,-39.55168761,1152,3,0,0,0,0,3,169126 ns,150126,1152,1152,2432,2819,2819
64,28,butterfly-check,recompute,ntt,register-write,5,23,26,2,PASS,FAIL,yes,yes,4.76381471e2,2.69405856e2,2.88130240e2,8.98313671e1,-39.06856018,1152,3,0,0,0,0,3,124750 ns,110746,1152,1152,2432,2819,2819
64,28,butterfly-check,recompute,ntt,register-write,5,24,0,2,PASS,FAIL,yes,yes,6.16824299e2,2.51980359e2,2.78678126e2,8.68844488e1,-38.77884101,1152,3,0,0,0,0,3,224789 ns,198627,1152,1152,2432,2819,2819
64,28,butterfly-check,recompute,ntt,register-write,5,24,8,2,PASS,FAIL,yes,yes,7.69037955e2,2.49041560e2,2.81977747e2,8.79131832e1,-38.88108011,1152,3,0,0,0,0,3,223666 ns,197252,1152,1152,2432,2819,2819
64,28,butterfly-check,recompute,ntt,register-write,5,24,24,2,PASS,FAIL,yes,yes,6.02395447e2,2.94186613e2,3.19743800e2,9.96876368e1,-39.97282602,1152,3,0,0,0,0,3,249668 ns,222043,1152,1152,2432,2819,2819
64,28,butterfly-check,recompute,ntt,register-write,5,24,26,2,PASS,FAIL,yes,yes,6.18760877e2,2.47339864e2,2.79547209e2,8.71554057e1,-38.80588657,1152,3,0,0,0,0,3,191208 ns,170877,1152,1152,2432,2819,2819
64,28,butterfly-check,recompute,ntt,register-write,5,25,0,2,PASS,FAIL,yes,yes,5.83819655e2,2.52342952e2,2.85913000e2,8.91400907e1,-39.00146144,1152,3,0,0,0,0,3,149126 ns,132622,1152,1152,2432,2819,2819
64,28,butterfly-check,recompute,ntt,register-write,5,25,8,2,PASS,FAIL,yes,yes,5.89461553e2,2.54713055e2,2.93014358e2,9.13541057e1,-39.21456141,1152,3,0,0,0,0,3,127415 ns,113375,1152,1152,2432,2819,2819
64,28,butterfly-check,recompute,ntt,register-write,5,25,24,2,PASS,FAIL,yes,yes,5.06136608e2,2.50463051e2,2.82404960e2,8.80463768e1,-38.89422978,1152,3,0,0,0,0,3,250458 ns,222961,1152,1152,2432,2819,2819
64,28,butterfly-check,recompute,ntt,register-write,5,25,26,2,PASS,FAIL,yes,yes,6.13266154e2,2.59829648e2,2.92112864e2,9.10730437e1,-39.18779702,1152,3,0,0,0,0,3,251000 ns,223378,1152,1152,2432,2819,2819
64,28,butterfly-check,recompute,ntt,register-write,5,27,0,2,PASS,FAIL,yes,yes,6.80366191e2,2.81159259e2,3.06950298e2,9.56989621e1,-39.61814455,1152,3,0,0,0,0,3,133417 ns,118501,1152,1152,2432,2819,2819
64,28,butterfly-check,recompute,ntt,register-write,5,27,8,2,PASS,FAIL,yes,yes,6.20594421e2,2.64224711e2,2.95959641e2,9.22723669e1,-39.30143322,1152,3,0,0,0,0,3,159040 ns,142501,1152,1152,2432,2819,2819
64,28,butterfly-check,recompute,ntt,register-write,5,27,24,2,PASS,FAIL,yes,yes,4.81451015e2,2.52103462e2,2.94707030e2,9.18818360e1,-39.26459329,1152,3,0,0,0,0,3,130708 ns,116250,1152,1152,2432,2819,2819
64,28,butterfly-check,recompute,ntt,register-write,5,27,26,2,PASS,FAIL,yes,yes,7.68179110e2,2.68268138e2,3.11755465e2,9.71970858e1,-39.75306488,1152,3,0,0,0,0,3,250541 ns,222539,1152,1152,2432,2819,2819
64,28,butterfly-check,recompute,ntt,register-write,5,32,0,2,PASS,FAIL,yes,yes,6.36741283e2,2.72528963e2,3.12459600e2,9.74166166e1,-39.77266084,1152,3,0,0,0,0,3,131167 ns,116293,1152,1152,2432,2819,2819
64,28,butterfly-check,recompute,ntt,register-write,5,32,8,2,PASS,FAIL,yes,yes,6.10980767e2,2.56403669e2,2.97019944e2,9.26029411e1,-39.33249560,1152,3,0,0,0,0,3,221875 ns,197623,1152,1152,2432,2819,2819
64,28,butterfly-check,recompute,ntt,register-write,5,32,24,2,PASS,FAIL,yes,yes,5.19480220e2,2.38058598e2,2.71908412e2,8.47738313e1,-38.56523623,1152,3,0,0,0,0,3,131833 ns,116335,1152,1152,2432,2819,2819
64,28,butterfly-check,recompute,ntt,register-write,5,32,26,2,PASS,FAIL,yes,yes,8.11401129e2,2.68066401e2,3.05517216e2,9.52521653e1,-39.57749714,1152,3,0,0,0,0,3,222875 ns,197668,1152,1152,2432,2819,2819
64,28,butterfly-check,recompute,ntt,register-write,5,34,0,2,PASS,FAIL,yes,yes,5.09192610e2,2.68950521e2,2.91521503e2,9.08886731e1,-39.17019526,1152,3,0,0,0,0,3,223083 ns,198210,1152,1152,2432,2819,2819
64,28,butterfly-check,recompute,ntt,register-write,5,34,8,2,PASS,FAIL,yes,yes,5.37353762e2,2.81281948e2,3.08351309e2,9.61357604e1,-39.65769932,1152,3,0,0,0,0,3,224500 ns,198291,1152,1152,2432,2819,2819
64,28,butterfly-check,recompute,ntt,register-write,5,34,24,2,PASS,FAIL,yes,yes,4.96310526e2,2.64965194e2,2.98206485e2,9.29728732e1,-39.36712505,1152,3,0,0,0,0,3,125624 ns,111124,1152,1152,2432,2819,2819
64,28,butterfly-check,recompute,ntt,register-write,5,34,26,2,PASS,FAIL,yes,yes,7.64662960e2,2.44291157e2,2.87860547e2,8.97472843e1,-39.06042632,1152,3,0,0,0,0,3,200376 ns,178417,1152,1152,2432,2819,2819
64,28,butterfly-check,recompute,ntt,register-write,5,35,0,2,PASS,FAIL,yes,yes,4.83588857e2,2.26798514e2,2.63840446e2,8.22584536e1,-38.30361081,1152,3,0,0,0,0,3,222125 ns,197583,1152,1152,2432,2819,2819
64,28,butterfly-check,recompute,ntt,register-write,5,35,8,2,PASS,FAIL,yes,yes,7.19564837e2,2.74453623e2,3.13051852e2,9.76012648e1,-39.78910892,1152,3,0,0,0,0,3,149376 ns,132870,1152,1152,2432,2819,2819
64,28,butterfly-check,recompute,ntt,register-write,5,35,24,2,PASS,FAIL,yes,yes,5.66057823e2,2.15912303e2,2.51317772e2,7.83542160e1,-37.88124738,1152,3,0,0,0,0,3,199543 ns,177251,1152,1152,2432,2819,2819
64,28,butterfly-check,recompute,ntt,register-write,5,35,26,2,PASS,FAIL,yes,yes,6.59591198e2,2.38783289e2,2.72891897e2,8.50804561e1,-38.59659618,1152,3,0,0,0,0,3,218332 ns,194793,1152,1152,2432,2819,2819
64,28,butterfly-check,recompute,ntt,register-write,5,36,0,2,PASS,FAIL,yes,yes,6.11720568e2,2.63504183e2,2.91142578e2,9.07705344e1,-39.15889785,1152,3,0,0,0,0,3,222290 ns,198002,1152,1152,2432,2819,2819
64,28,butterfly-check,recompute,ntt,register-write,5,36,8,2,PASS,FAIL,yes,yes,4.77663683e2,2.64600719e2,2.91849832e2,9.09910374e1,-39.17997233,1152,3,0,0,0,0,3,250374 ns,222750,1152,1152,2432,2819,2819
64,28,butterfly-check,recompute,ntt,register-write,5,36,24,2,PASS,FAIL,yes,yes,6.81128219e2,2.54788734e2,3.08052583e2,9.60426253e1,-39.64928045,1152,3,0,0,0,0,3,222835 ns,197999,1152,1152,2432,2819,2819
64,28,butterfly-check,recompute,ntt,register-write,5,36,26,2,PASS,FAIL,yes,yes,4.79746995e2,2.61895952e2,2.86941654e2,8.94607976e1,-39.03265531,1152,3,0,0,0,0,3,223084 ns,198290,1152,1152,2432,2819,2819
64,28,butterfly-check,recompute,ntt,register-write,5,38,0,2,PASS,FAIL,yes,yes,5.58805847e2,2.86057496e2,3.05562157e2,9.52661766e1,-39.57877471,1152,3,0,0,0,0,3,213916 ns,189874,1152,1152,2432,2819,2819
64,28,butterfly-check,recompute,ntt,register-write,5,38,8,2,PASS,FAIL,yes,yes,6.08000930e2,2.84905854e2,3.14472026e2,9.80440376e1,-39.82842375,1152,3,0,0,0,0,3,170834 ns,153041,1152,1152,2432,2819,2819
64,28,butterfly-check,recompute,ntt,register-write,5,38,24,2,PASS,FAIL,yes,yes,6.73816653e2,2.83699995e2,3.21356699e2,1.00190496e2,-40.01653052,1152,3,0,0,0,0,3,250333 ns,222745,1152,1152,2432,2819,2819
64,28,butterfly-check,recompute,ntt,register-write,5,38,26,2,PASS,FAIL,yes,yes,7.31491582e2,2.73303224e2,3.05599611e2,9.52778537e1,-39.57983931,1152,3,0,0,0,0,3,222791 ns,197831,1152,1152,2432,2819,2819
64,28,butterfly-check,recompute,ntt,register-write,5,40,0,2,PASS,FAIL,yes,yes,5.51338104e2,2.39039284e2,2.67643260e2,8.34440704e1,-38.42790961,1152,3,0,0,0,0,3,200165 ns,178168,1152,1152,2432,2819,2819
64,28,butterfly-check,recompute,ntt,register-write,5,40,8,2,PASS,FAIL,yes,yes,6.73869530e2,2.50600241e2,2.80023139e2,8.73037882e1,-38.82066177,1152,3,0,0,0,0,3,132624 ns,118046,1152,1152,2432,2819,2819
64,28,butterfly-check,recompute,ntt,register-write,5,40,24,2,PASS,FAIL,yes,yes,5.43113833e2,2.59951326e2,2.92293593e2,9.11293902e1,-39.19316928,1152,3,0,0,0,0,3,119332 ns,105791,1152,1152,2432,2819,2819
64,28,butterfly-check,recompute,ntt,register-write,5,40,26,2,PASS,FAIL,yes,yes,4.99962687e2,2.62706118e2,2.80885054e2,8.75725105e1,-38.84735600,1152,3,0,0,0,0,3,222002 ns,197499,1152,1152,2432,2819,2819
64,28,butterfly-check,recompute,ntt,register-write,5,47,0,2,PASS,FAIL,yes,yes,6.39918247e2,2.91472187e2,3.21597009e2,1.00265418e2,-40.02302339,1152,3,0,0,0,0,3,223916 ns,198916,1152,1152,2432,2819,2819
64,28,butterfly-check,recompute,ntt,register-write,5,47,8,2,PASS,FAIL,yes,yes,5.35893909e2,2.73505517e2,3.03433339e2,9.46024677e1,-39.51804930,1152,3,0,0,0,0,3,223873 ns,198207,1152,1152,2432,2819,2819
64,28,butterfly-check,recompute,ntt,register-write,5,47,24,2,PASS,FAIL,yes,yes,5.19647297e2,2.61884658e2,2.91603216e2,9.09141492e1,-39.17262958,1152,3,0,0,0,0,3,250584 ns,222876,1152,1152,2432,2819,2819
64,28,butterfly-check,recompute,ntt,register-write,5,47,26,2,PASS,FAIL,yes,yes,7.14914737e2,2.41926655e2,2.79534600e2,8.71514747e1,-38.80549480,1152,3,0,0,0,0,3,166458 ns,148917,1152,1152,2432,2819,2819
64,28,butterfly-check,recompute,ntt,register-write,5,49,0,2,PASS,FAIL,yes,yes,8.81917642e2,2.51052657e2,3.02899620e2,9.44360682e1,-39.50275794,1152,3,0,0,0,0,3,222624 ns,198209,1152,1152,2432,2819,2819
64,28,butterfly-check,recompute,ntt,register-write,5,49,8,2,PASS,FAIL,yes,yes,6.03060316e2,2.62600499e2,2.87692210e2,8.96948010e1,-39.05534542,1152,3,0,0,0,0,3,134793 ns,118751,1152,1152,2432,2819,2819
64,28,butterfly-check,recompute,ntt,register-write,5,49,24,2,PASS,FAIL,yes,yes,6.84330483e2,2.49472903e2,2.87652568e2,8.96824416e1,-39.05414847,1152,3,0,0,0,0,3,133458 ns,118918,1152,1152,2432,2819,2819
64,28,butterfly-check,recompute,ntt,register-write,5,49,26,2,PASS,FAIL,yes,yes,7.67642498e2,2.90319633e2,3.32145182e2,1.03554059e2,-40.30334253,1152,3,0,0,0,0,3,133085 ns,117957,1152,1152,2432,2819,2819
64,28,butterfly-check,recompute,ntt,register-write,5,50,0,2,PASS,FAIL,yes,yes,6.25729029e2,2.88948419e2,3.12598172e2,9.74598196e1,-39.77651206,1152,3,0,0,0,0,3,130209 ns,115665,1152,1152,2432,2819,2819
64,28,butterfly-check,recompute,ntt,register-write,5,50,8,2,PASS,FAIL,yes,yes,6.85186930e2,2.65079028e2,3.01686390e2,9.40578152e1,-39.46789773,1152,3,0,0,0,0,3,222165 ns,197334,1152,1152,2432,2819,2819
64,28,butterfly-check,recompute,ntt,register-write,5,50,24,2,PASS,FAIL,yes,yes,6.52308842e2,2.72308364e2,3.15177874e2,9.82641021e1,-39.84789780,1152,3,0,0,0,0,3,222873 ns,197961,1152,1152,2432,2819,2819
64,28,butterfly-check,recompute,ntt,register-write,5,50,26,2,PASS,FAIL,yes,yes,5.44615924e2,2.39384000e2,2.67565115e2,8.34197068e1,-38.42537318,1152,3,0,0,0,0,3,131208 ns,116747,1152,1152,2432,2819,2819
64,28,butterfly-check,recompute,ntt,register-write,5,53,0,2,PASS,FAIL,yes,yes,5.45507642e2,2.71005763e2,3.05919570e2,9.53776086e1,-39.58892859,1152,3,0,0,0,0,3,222498 ns,198209,1152,1152,2432,2819,2819
64,28,butterfly-check,recompute,ntt,register-write,5,53,8,2,PASS,FAIL,yes,yes,5.56885907e2,2.65558454e2,2.92018850e2,9.10437326e1,-39.18500110,1152,3,0,0,0,0,3,222708 ns,198124,1152,1152,2432,2819,2819
64,28,butterfly-check,recompute,ntt,register-write,5,53,24,2,PASS,FAIL,yes,yes,5.27115351e2,2.65436910e2,2.95136466e2,9.20157228e1,-39.27724084,1152,3,0,0,0,0,3,120999 ns,107455,1152,1152,2432,2819,2819
64,28,butterfly-check,recompute,ntt,register-write,5,53,26,2,PASS,FAIL,yes,yes,8.31087133e2,2.73813885e2,3.13641079e2,9.77849702e1,-39.80544215,1152,3,0,0,0,0,3,221540 ns,196917,1152,1152,2432,2819,2819
64,28,butterfly-check,recompute,ntt,register-write,5,55,0,2,PASS,FAIL,yes,yes,4.70628285e2,2.62334372e2,2.86494324e2,8.93213321e1,-39.01910383,1152,3,0,0,0,0,3,250248 ns,222416,1152,1152,2432,2819,2819
64,28,butterfly-check,recompute,ntt,register-write,5,55,8,2,PASS,FAIL,yes,yes,5.16430206e2,2.51087155e2,2.81088778e2,8.76360263e1,-38.85365354,1152,3,0,0,0,0,3,221751 ns,197417,1152,1152,2432,2819,2819
64,28,butterfly-check,recompute,ntt,register-write,5,55,24,2,PASS,FAIL,yes,yes,5.34989787e2,2.73582288e2,2.90675169e2,9.06248087e1,-39.14494206,1152,3,0,0,0,0,3,200668 ns,178169,1152,1152,2432,2819,2819
64,28,butterfly-check,recompute,ntt,register-write,5,55,26,2,PASS,FAIL,yes,yes,5.40502165e2,2.55046721e2,2.93872667e2,9.16217036e1,-39.23996726,1152,3,0,0,0,0,3,222832 ns,198083,1152,1152,2432,2819,2819
64,28,butterfly-check,recompute,ntt,register-write,5,56,0,2,PASS,FAIL,yes,yes,5.78832785e2,2.55067557e2,2.84937080e2,8.88358248e1,-38.97176278,1152,3,0,0,0,0,3,484875 ns,429668,1152,1152,2432,2819,2819
64,28,butterfly-check,recompute,ntt,register-write,5,56,8,2,PASS,FAIL,yes,yes,7.44419533e2,3.06491986e2,3.41405395e2,1.06441148e2,-40.54219097,1152,3,0,0,0,0,3,135459 ns,120168,1152,1152,2432,2819,2819
64,28,butterfly-check,recompute,ntt,register-write,5,56,24,2,PASS,FAIL,yes,yes,5.77476480e2,2.57761971e2,2.96474896e2,9.24330097e1,-39.31654188,1152,3,0,0,0,0,3,119417 ns,105546,1152,1152,2432,2819,2819
64,28,butterfly-check,recompute,ntt,register-write,5,56,26,2,PASS,FAIL,yes,yes,7.67659497e2,2.71308198e2,3.11902911e2,9.72430557e1,-39.75717195,1152,3,0,0,0,0,3,146250 ns,130251,1152,1152,2432,2819,2819
64,28,butterfly-check,recompute,ntt,register-write,5,57,0,2,PASS,FAIL,yes,yes,5.17921566e2,2.58932735e2,2.86666147e2,8.93749020e1,-39.02431157,1152,3,0,0,0,0,3,149209 ns,132878,1152,1152,2432,2819,2819
64,28,butterfly-check,recompute,ntt,register-write,5,57,8,2,PASS,FAIL,yes,yes,6.18029126e2,2.80135525e2,3.10656037e2,9.68543132e1,-39.72237932,1152,3,0,0,0,0,3,118290 ns,105046,1152,1152,2432,2819,2819
64,28,butterfly-check,recompute,ntt,register-write,5,57,24,2,PASS,FAIL,yes,yes,6.54117677e2,2.61111942e2,2.97718477e2,9.28207253e1,-39.35289915,1152,3,0,0,0,0,3,183126 ns,161832,1152,1152,2432,2819,2819
64,28,butterfly-check,recompute,ntt,register-write,5,57,26,2,PASS,FAIL,yes,yes,6.45147860e2,2.82332846e2,3.25917075e2,1.01612300e2,-40.13892566,1152,3,0,0,0,0,3,182624 ns,162248,1152,1152,2432,2819,2819
64,28,butterfly-check,recompute,ntt,register-write,5,58,0,2,PASS,FAIL,yes,yes,7.69507716e2,2.78876363e2,3.22209803e2,1.00456471e2,-40.03955835,1152,3,0,0,0,0,3,182250 ns,162252,1152,1152,2432,2819,2819
64,28,butterfly-check,recompute,ntt,register-write,5,58,8,2,PASS,FAIL,yes,yes,6.90776053e2,2.73380655e2,3.20112801e2,9.98026815e1,-39.98284420,1152,3,0,0,0,0,3,131417 ns,116628,1152,1152,2432,2819,2819
64,28,butterfly-check,recompute,ntt,register-write,5,58,24,2,PASS,FAIL,yes,yes,4.60821454e2,2.43500460e2,2.66866386e2,8.32018616e1,-38.40266087,1152,3,0,0,0,0,3,127375 ns,113460,1152,1152,2432,2819,2819
64,28,butterfly-check,recompute,ntt,register-write,5,58,26,2,PASS,FAIL,yes,yes,6.38521017e2,2.64563783e2,3.06502022e2,9.55592017e1,-39.60545026,1152,3,0,0,0,0,3,141374 ns,125289,1152,1152,2432,2819,2819
64,28,butterfly-check,recompute,ntt,register-write,5,63,0,2,PASS,FAIL,yes,yes,6.56834653e2,2.71670440e2,3.15640774e2,9.84084221e1,-39.86064537,1152,3,0,0,0,0,3,199874 ns,177711,1152,1152,2432,2819,2819
64,28,butterfly-check,recompute,ntt,register-write,5,63,8,2,PASS,FAIL,yes,yes,5.75537231e2,2.49354872e2,2.79636441e2,8.71832261e1,-38.80865871,1152,3,0,0,0,0,3,131167 ns,116085,1152,1152,2432,2819,2819
64,28,butterfly-check,recompute,ntt,register-write,5,63,24,2,PASS,FAIL,yes,yes,5.86708780e2,2.57390989e2,2.87739912e2,8.97096735e1,-39.05678552,1152,3,0,0,0,0,3,132625 ns,118205,1152,1152,2432,2819,2819
64,28,butterfly-check,recompute,ntt,register-write,5,63,26,2,PASS,FAIL,yes,yes,5.32303333e2,2.43948582e2,2.79935576e2,8.72764885e1,-38.81794528,1152,3,0,0,0,0,3,494749 ns,445789,1152,1152,2432,2819,2819
64,28,butterfly-check,recompute,ntt,register-write,5,2,0,3,PASS,FAIL,yes,yes,4.63934567e2,2.50573533e2,2.78582909e2,8.68547625e1,-38.77587274,1152,3,0,0,0,0,3,137960 ns,122876,1152,1152,2432,2819,2819
64,28,butterfly-check,recompute,ntt,register-write,5,2,8,3,PASS,FAIL,yes,yes,6.98221012e2,2.87211616e2,3.13882816e2,9.78603375e1,-39.81213418,1152,3,0,0,0,0,3,211958 ns,188749,1152,1152,2432,2819,2819
64,28,butterfly-check,recompute,ntt,register-write,5,2,24,3,PASS,FAIL,yes,yes,5.22578569e2,2.41782852e2,2.73885305e2,8.53901743e1,-38.62815800,1152,3,0,0,0,0,3,131833 ns,116625,1152,1152,2432,2819,2819
64,28,butterfly-check,recompute,ntt,register-write,5,2,26,3,PASS,FAIL,yes,yes,6.19474248e2,2.44835900e2,2.82104994e2,8.79528553e1,-38.88499886,1152,3,0,0,0,0,3,183501 ns,162541,1152,1152,2432,2819,2819
64,28,butterfly-check,recompute,ntt,register-write,5,4,0,3,PASS,FAIL,yes,yes,5.47510616e2,2.71724223e2,3.01635262e2,9.40418750e1,-39.46642559,1152,3,0,0,0,0,3,134376 ns,117915,1152,1152,2432,2819,2819
64,28,butterfly-check,recompute,ntt,register-write,5,4,8,3,PASS,FAIL,yes,yes,8.01270533e2,2.53671082e2,2.94995775e2,9.19718589e1,-39.27309929,1152,3,0,0,0,0,3,135042 ns,119418,1152,1152,2432,2819,2819
64,28,butterfly-check,recompute,ntt,register-write,5,4,24,3,PASS,FAIL,yes,yes,7.10638879e2,2.66604324e2,3.00870993e2,9.38035962e1,-39.44438977,1152,3,0,0,0,0,3,131626 ns,117204,1152,1152,2432,2819,2819
64,28,butterfly-check,recompute,ntt,register-write,5,4,26,3,PASS,FAIL,yes,yes,5.48878150e2,2.80848987e2,3.07096420e2,9.57445191e1,-39.62227845,1152,3,0,0,0,0,3,131874 ns,117752,1152,1152,2432,2819,2819
64,28,butterfly-check,recompute,ntt,register-write,5,5,0,3,PASS,FAIL,yes,yes,6.64565284e2,2.70704787e2,3.05731799e2,9.53190666e1,-39.58359562,1152,3,0,0,0,0,3,129166 ns,115210,1152,1152,2432,2819,2819
64,28,butterfly-check,recompute,ntt,register-write,5,5,8,3,PASS,FAIL,yes,yes,6.47346055e2,2.73955768e2,3.04365483e2,9.48930856e1,-39.54469137,1152,3,0,0,0,0,3,118457 ns,104791,1152,1152,2432,2819,2819
64,28,butterfly-check,recompute,ntt,register-write,5,5,24,3,PASS,FAIL,yes,yes,6.11515586e2,2.74712472e2,3.12780299e2,9.75166018e1,-39.78157118,1152,3,0,0,0,0,3,118542 ns,104961,1152,1152,2432,2819,2819
64,28,butterfly-check,recompute,ntt,register-write,5,5,26,3,PASS,FAIL,yes,yes,5.47143419e2,2.72961699e2,2.98218845e2,9.29767266e1,-39.36748504,1152,3,0,0,0,0,3,133626 ns,117999,1152,1152,2432,2819,2819
64,28,butterfly-check,recompute,ntt,register-write,5,6,0,3,PASS,FAIL,yes,yes,4.88799338e2,2.74757124e2,2.99403871e2,9.33461865e1,-39.40193161,1152,3,0,0,0,0,3,222291 ns,198126,1152,1152,2432,2819,2819
64,28,butterfly-check,recompute,ntt,register-write,5,6,8,3,PASS,FAIL,yes,yes,5.95145713e2,2.64052045e2,2.97897924e2,9.28766722e1,-39.35813292,1152,3,0,0,0,0,3,124501 ns,110626,1152,1152,2432,2819,2819
64,28,butterfly-check,recompute,ntt,register-write,5,6,24,3,PASS,FAIL,yes,yes,6.16294290e2,2.40463695e2,2.83941192e2,8.85253331e1,-38.94135140,1152,3,0,0,0,0,3,135082 ns,120252,1152,1152,2432,2819,2819
64,28,butterfly-check,recompute,ntt,register-write,5,6,26,3,PASS,FAIL,yes,yes,6.00980136e2,2.44345145e2,2.81274713e2,8.76939958e1,-38.85939718,1152,3,0,0,0,0,3,135918 ns,121625,1152,1152,2432,2819,2819
64,28,butterfly-check,recompute,ntt,register-write,5,8,0,3,PASS,FAIL,yes,yes,6.42151715e2,2.71235655e2,3.00870261e2,9.38033679e1,-39.44436863,1152,3,0,0,0,0,3,132543 ns,117958,1152,1152,2432,2819,2819
64,28,butterfly-check,recompute,ntt,register-write,5,8,8,3,PASS,FAIL,yes,yes,5.37615087e2,2.55994628e2,2.83466685e2,8.83773946e1,-38.92682388,1152,3,0,0,0,0,3,222000 ns,197833,1152,1152,2432,2819,2819
64,28,butterfly-check,recompute,ntt,register-write,5,8,24,3,PASS,FAIL,yes,yes,5.74012749e2,2.66706834e2,2.91645696e2,9.09273933e1,-39.17389482,1152,3,0,0,0,0,3,249791 ns,222369,1152,1152,2432,2819,2819
64,28,butterfly-check,recompute,ntt,register-write,5,8,26,3,PASS,FAIL,yes,yes,7.05658372e2,2.32173674e2,2.75811290e2,8.59906452e1,-38.68902415,1152,3,0,0,0,0,3,251000 ns,223168,1152,1152,2432,2819,2819
64,28,butterfly-check,recompute,ntt,register-write,5,9,0,3,PASS,FAIL,yes,yes,6.65538897e2,2.70936301e2,3.06568657e2,9.55799767e1,-39.60733841,1152,3,0,0,0,0,3,224125 ns,197917,1152,1152,2432,2819,2819
64,28,butterfly-check,recompute,ntt,register-write,5,9,8,3,PASS,FAIL,yes,yes,4.89231368e2,2.51365716e2,2.77901096e2,8.66421916e1,-38.75458858,1152,3,0,0,0,0,3,120750 ns,106295,1152,1152,2432,2819,2819
64,28,butterfly-check,recompute,ntt,register-write,5,9,24,3,PASS,FAIL,yes,yes,5.96775247e2,2.68192160e2,3.02145722e2,9.42010227e1,-39.48111236,1152,3,0,0,0,0,3,192417 ns,172376,1152,1152,2432,2819,2819
64,28,butterfly-check,recompute,ntt,register-write,5,9,26,3,PASS,FAIL,yes,yes,5.61211775e2,2.51957692e2,2.80227077e2,8.73673706e1,-38.82698531,1152,3,0,0,0,0,3,222416 ns,197914,1152,1152,2432,2819,2819
64,28,butterfly-check,recompute,ntt,register-write,5,10,0,3,PASS,FAIL,yes,yes,6.32759619e2,2.72135957e2,3.00088111e2,9.35595141e1,-39.42175916,1152,3,0,0,0,0,3,162376 ns,144501,1152,1152,2432,2819,2819
64,28,butterfly-check,recompute,ntt,register-write,5,10,8,3,PASS,FAIL,yes,yes,8.00064522e2,2.54324385e2,3.01685613e2,9.40575730e1,-39.46787536,1152,3,0,0,0,0,3,132125 ns,117161,1152,1152,2432,2819,2819
64,28,butterfly-check,recompute,ntt,register-write,5,10,24,3,PASS,FAIL,yes,yes,6.26916357e2,2.55502835e2,2.98213346e2,9.29750123e1,-39.36732489,1152,3,0,0,0,0,3,134376 ns,119583,1152,1152,2432,2819,2819
64,28,butterfly-check,recompute,ntt,register-write,5,10,26,3,PASS,FAIL,yes,yes,6.42036334e2,2.74261841e2,3.17744172e2,9.90642059e1,-39.91833525,1152,3,0,0,0,0,3,140834 ns,125082,1152,1152,2432,2819,2819
64,28,butterfly-check,recompute,ntt,register-write,5,11,0,3,PASS,FAIL,yes,yes,6.04670441e2,2.60337569e2,2.95557542e2,9.21470030e1,-39.28962430,1152,3,0,0,0,0,3,133043 ns,118002,1152,1152,2432,2819,2819
64,28,butterfly-check,recompute,ntt,register-write,5,11,8,3,PASS,FAIL,yes,yes,4.88692886e2,2.81642491e2,2.96341922e2,9.23915519e1,-39.31264524,1152,3,0,0,0,0,3,131334 ns,116665,1152,1152,2432,2819,2819
64,28,butterfly-check,recompute,ntt,register-write,5,11,24,3,PASS,FAIL,yes,yes,5.40908061e2,2.60672232e2,2.84862830e2,8.88126756e1,-38.96949908,1152,3,0,0,0,0,3,140000 ns,124713,1152,1152,2432,2819,2819
64,28,butterfly-check,recompute,ntt,register-write,5,11,26,3,PASS,FAIL,yes,yes,6.22569195e2,2.61672731e2,3.08880932e2,9.63008826e1,-39.67260535,1152,3,0,0,0,0,3,132540 ns,118165,1152,1152,2432,2819,2819
64,28,butterfly-check,recompute,ntt,register-write,5,13,0,3,PASS,FAIL,yes,yes,6.61005165e2,2.70949799e2,3.06028253e2,9.54114930e1,-39.59201384,1152,3,0,0,0,0,3,133458 ns,118790,1152,1152,2432,2819,2819
64,28,butterfly-check,recompute,ntt,register-write,5,13,8,3,PASS,FAIL,yes,yes,6.22503966e2,2.92390035e2,3.27105368e2,1.01982778e2,-40.17053679,1152,3,0,0,0,0,3,222082 ns,197585,1152,1152,2432,2819,2819
64,28,butterfly-check,recompute,ntt,register-write,5,13,24,3,PASS,FAIL,yes,yes,5.24377045e2,2.73875323e2,2.94077721e2,9.16856341e1,-39.24602586,1152,3,0,0,0,0,3,201207 ns,178627,1152,1152,2432,2819,2819
64,28,butterfly-check,recompute,ntt,register-write,5,13,26,3,PASS,FAIL,yes,yes,6.66773977e2,2.75412742e2,3.16797515e2,9.87690632e1,-39.89241869,1152,3,0,0,0,0,3,181082 ns,161625,1152,1152,2432,2819,2819
64,28,butterfly-check,recompute,ntt,register-write,5,15,0,3,PASS,FAIL,yes,yes,6.39210177e2,2.75115736e2,3.07316021e2,9.58129848e1,-39.62848740,1152,3,0,0,0,0,3,222292 ns,197499,1152,1152,2432,2819,2819
64,28,butterfly-check,recompute,ntt,register-write,5,15,8,3,PASS,FAIL,yes,yes,5.18620594e2,2.59042747e2,2.87879950e2,8.97533336e1,-39.06101176,1152,3,0,0,0,0,3,134208 ns,118796,1152,1152,2432,2819,2819
64,28,butterfly-check,recompute,ntt,register-write,5,15,24,3,PASS,FAIL,yes,yes,5.54218905e2,2.47529231e2,2.81333705e2,8.77123878e1,-38.86121868,1152,3,0,0,0,0,3,134375 ns,118418,1152,1152,2432,2819,2819
64,28,butterfly-check,recompute,ntt,register-write,5,15,26,3,PASS,FAIL,yes,yes,6.79953215e2,2.82056603e2,3.17655180e2,9.90364604e1,-39.91590220,1152,3,0,0,0,0,3,131417 ns,117000,1152,1152,2432,2819,2819
64,28,butterfly-check,recompute,ntt,register-write,5,18,0,3,PASS,FAIL,yes,yes,5.76568175e2,2.49903096e2,2.94054674e2,9.16784486e1,-39.24534511,1152,3,0,0,0,0,3,132499 ns,118125,1152,1152,2432,2819,2819
64,28,butterfly-check,recompute,ntt,register-write,5,18,8,3,PASS,FAIL,yes,yes,6.15808188e2,2.27086783e2,2.82571997e2,8.80984544e1,-38.89936579,1152,3,0,0,0,0,3,223501 ns,197458,1152,1152,2432,2819,2819
64,28,butterfly-check,recompute,ntt,register-write,5,18,24,3,PASS,FAIL,yes,yes,6.68536590e2,2.67368821e2,2.96381725e2,9.24039615e1,-39.31381181,1152,3,0,0,0,0,3,221750 ns,196919,1152,1152,2432,2819,2819
64,28,butterfly-check,recompute,ntt,register-write,5,18,26,3,PASS,FAIL,yes,yes,7.19357386e2,2.77797336e2,3.11811080e2,9.72144252e1,-39.75461426,1152,3,0,0,0,0,3,252250 ns,222916,1152,1152,2432,2819,2819
64,28,butterfly-check,recompute,ntt,register-write,5,21,0,3,PASS,FAIL,yes,yes,6.14012451e2,2.54236319e2,2.91093554e2,9.07552499e1,-39.15743514,1152,3,0,0,0,0,3,166749 ns,148964,1152,1152,2432,2819,2819
64,28,butterfly-check,recompute,ntt,register-write,5,21,8,3,PASS,FAIL,yes,yes,7.80116737e2,2.74845184e2,3.14536870e2,9.80642540e1,-39.83021458,1152,3,0,0,0,0,3,133793 ns,118664,1152,1152,2432,2819,2819
64,28,butterfly-check,recompute,ntt,register-write,5,21,24,3,PASS,FAIL,yes,yes,7.08271910e2,2.83026470e2,3.31550792e2,1.03368744e2,-40.28778476,1152,3,0,0,0,0,3,134542 ns,118629,1152,1152,2432,2819,2819
64,28,butterfly-check,recompute,ntt,register-write,5,21,26,3,PASS,FAIL,yes,yes,5.20314377e2,2.78773817e2,3.04515282e2,9.49397889e1,-39.54896523,1152,3,0,0,0,0,3,181915 ns,162082,1152,1152,2432,2819,2819
64,28,butterfly-check,recompute,ntt,register-write,5,22,0,3,PASS,FAIL,yes,yes,6.77700127e2,2.76693592e2,3.12859477e2,9.75412876e1,-39.78376968,1152,3,0,0,0,0,3,131333 ns,116710,1152,1152,2432,2819,2819
64,28,butterfly-check,recompute,ntt,register-write,5,22,8,3,PASS,FAIL,yes,yes,6.27599184e2,2.86018635e2,3.23865639e2,1.00972717e2,-40.08408084,1152,3,0,0,0,0,3,133418 ns,118628,1152,1152,2432,2819,2819
64,28,butterfly-check,recompute,ntt,register-write,5,22,24,3,PASS,FAIL,yes,yes,6.03691532e2,2.90734423e2,3.23499363e2,1.00858522e2,-40.07425197,1152,3,0,0,0,0,3,138374 ns,123041,1152,1152,2432,2819,2819
64,28,butterfly-check,recompute,ntt,register-write,5,22,26,3,PASS,FAIL,yes,yes,6.47059747e2,2.61562752e2,2.96166732e2,9.23369323e1,-39.30750884,1152,3,0,0,0,0,3,137251 ns,122126,1152,1152,2432,2819,2819
64,28,butterfly-check,recompute,ntt,register-write,5,26,0,3,PASS,FAIL,yes,yes,8.60458420e2,2.54345519e2,3.12114802e2,9.73091177e1,-39.76307069,1152,3,0,0,0,0,3,132834 ns,118293,1152,1152,2432,2819,2819
64,28,butterfly-check,recompute,ntt,register-write,5,26,8,3,PASS,FAIL,yes,yes,7.45031388e2,2.61665806e2,2.97056671e2,9.26143916e1,-39.33356956,1152,3,0,0,0,0,3,133126 ns,118209,1152,1152,2432,2819,2819
64,28,butterfly-check,recompute,ntt,register-write,5,26,24,3,PASS,FAIL,yes,yes,5.47297371e2,2.83488348e2,3.13247170e2,9.76621598e1,-39.79452649,1152,3,0,0,0,0,3,132082 ns,117252,1152,1152,2432,2819,2819
64,28,butterfly-check,recompute,ntt,register-write,5,26,26,3,PASS,FAIL,yes,yes,6.39097842e2,2.99833556e2,3.31083543e2,1.03223068e2,-40.27553525,1152,3,0,0,0,0,3,136708 ns,121705,1152,1152,2432,2819,2819
64,28,butterfly-check,recompute,ntt,register-write,5,27,0,3,PASS,FAIL,yes,yes,6.80366191e2,2.81159259e2,3.06950298e2,9.56989621e1,-39.61814455,1152,3,0,0,0,0,3,134249 ns,118290,1152,1152,2432,2819,2819
64,28,butterfly-check,recompute,ntt,register-write,5,27,8,3,PASS,FAIL,yes,yes,6.20594421e2,2.64224711e2,2.95959641e2,9.22723669e1,-39.30143322,1152,3,0,0,0,0,3,132294 ns,117456,1152,1152,2432,2819,2819
64,28,butterfly-check,recompute,ntt,register-write,5,27,24,3,PASS,FAIL,yes,yes,4.81451015e2,2.52103462e2,2.94707030e2,9.18818360e1,-39.26459329,1152,3,0,0,0,0,3,132167 ns,118082,1152,1152,2432,2819,2819
64,28,butterfly-check,recompute,ntt,register-write,5,27,26,3,PASS,FAIL,yes,yes,7.68179110e2,2.68268138e2,3.11755465e2,9.71970858e1,-39.75306488,1152,3,0,0,0,0,3,134167 ns,118668,1152,1152,2432,2819,2819
64,28,butterfly-check,recompute,ntt,register-write,5,30,0,3,PASS,FAIL,yes,yes,6.23510040e2,2.71444019e2,3.00318722e2,9.36314127e1,-39.42843152,1152,3,0,0,0,0,3,132499 ns,118169,1152,1152,2432,2819,2819
64,28,butterfly-check,recompute,ntt,register-write,5,30,8,3,PASS,FAIL,yes,yes,5.19144927e2,2.81396762e2,3.06606325e2,9.55917206e1,-39.60840558,1152,3,0,0,0,0,3,199794 ns,177792,1152,1152,2432,2819,2819
64,28,butterfly-check,recompute,ntt,register-write,5,30,24,3,PASS,FAIL,yes,yes,6.69646566e2,2.71776874e2,3.09719554e2,9.65623427e1,-39.69615587,1152,3,0,0,0,0,3,250167 ns,222956,1152,1152,2432,2819,2819
64,28,butterfly-check,recompute,ntt,register-write,5,30,26,3,PASS,FAIL,yes,yes,4.45810505e2,2.54885684e2,2.79796251e2,8.72330506e1,-38.81362120,1152,3,0,0,0,0,3,222000 ns,197709,1152,1152,2432,2819,2819
64,28,butterfly-check,recompute,ntt,register-write,5,31,0,3,PASS,FAIL,yes,yes,5.44464355e2,2.76783164e2,3.06753477e2,9.56375986e1,-39.61257326,1152,3,0,0,0,0,3,120999 ns,107540,1152,1152,2432,2819,2819
64,28,butterfly-check,recompute,ntt,register-write,5,31,8,3,PASS,FAIL,yes,yes,7.11846537e2,2.77856042e2,3.11268588e2,9.70452906e1,-39.73948929,1152,3,0,0,0,0,3,144126 ns,128205,1152,1152,2432,2819,2819
64,28,butterfly-check,recompute,ntt,register-write,5,31,24,3,PASS,FAIL,yes,yes,5.17416852e2,2.69091171e2,2.89876542e2,9.03758178e1,-39.12104480,1152,3,0,0,0,0,3,132583 ns,118247,1152,1152,2432,2819,2819
64,28,butterfly-check,recompute,ntt,register-write,5,31,26,3,PASS,FAIL,yes,yes,6.65533848e2,2.50838831e2,2.89926482e2,9.03913877e1,-39.12254108,1152,3,0,0,0,0,3,139501 ns,124042,1152,1152,2432,2819,2819
64,28,butterfly-check,recompute,ntt,register-write,5,32,0,3,PASS,FAIL,yes,yes,6.36741283e2,2.72528963e2,3.12459600e2,9.74166166e1,-39.77266084,1152,3,0,0,0,0,3,133626 ns,118252,1152,1152,2432,2819,2819
64,28,butterfly-check,recompute,ntt,register-write,5,32,8,3,PASS,FAIL,yes,yes,6.10980767e2,2.56403669e2,2.97019944e2,9.26029411e1,-39.33249560,1152,3,0,0,0,0,3,221875 ns,197042,1152,1152,2432,2819,2819
64,28,butterfly-check,recompute,ntt,register-write,5,32,24,3,PASS,FAIL,yes,yes,5.19480220e2,2.38058598e2,2.71908412e2,8.47738313e1,-38.56523623,1152,3,0,0,0,0,3,125083 ns,111045,1152,1152,2432,2819,2819
64,28,butterfly-check,recompute,ntt,register-write,5,32,26,3,PASS,FAIL,yes,yes,8.11401129e2,2.68066401e2,3.05517216e2,9.52521653e1,-39.57749714,1152,3,0,0,0,0,3,224332 ns,198081,1152,1152,2432,2819,2819
64,28,butterfly-check,recompute,ntt,register-write,5,34,0,3,PASS,FAIL,yes,yes,5.09192610e2,2.68950521e2,2.91521503e2,9.08886731e1,-39.17019526,1152,3,0,0,0,0,3,245626 ns,219003,1152,1152,2432,2819,2819
64,28,butterfly-check,recompute,ntt,register-write,5,34,8,3,PASS,FAIL,yes,yes,5.37353762e2,2.81281948e2,3.08351309e2,9.61357604e1,-39.65769932,1152,3,0,0,0,0,3,132292 ns,117711,1152,1152,2432,2819,2819
64,28,butterfly-check,recompute,ntt,register-write,5,34,24,3,PASS,FAIL,yes,yes,4.96310526e2,2.64965194e2,2.98206485e2,9.29728732e1,-39.36712505,1152,3,0,0,0,0,3,132458 ns,118082,1152,1152,2432,2819,2819
64,28,butterfly-check,recompute,ntt,register-write,5,34,26,3,PASS,FAIL,yes,yes,7.64662960e2,2.44291157e2,2.87860547e2,8.97472843e1,-39.06042632,1152,3,0,0,0,0,3,132876 ns,117962,1152,1152,2432,2819,2819
64,28,butterfly-check,recompute,ntt,register-write,5,35,0,3,PASS,FAIL,yes,yes,4.83588857e2,2.26798514e2,2.63840446e2,8.22584536e1,-38.30361081,1152,3,0,0,0,0,3,129832 ns,114707,1152,1152,2432,2819,2819
64,28,butterfly-check,recompute,ntt,register-write,5,35,8,3,PASS,FAIL,yes,yes,7.19564837e2,2.74453623e2,3.13051852e2,9.76012648e1,-39.78910892,1152,3,0,0,0,0,3,125708 ns,111917,1152,1152,2432,2819,2819
64,28,butterfly-check,recompute,ntt,register-write,5,35,24,3,PASS,FAIL,yes,yes,5.66057823e2,2.15912303e2,2.51317772e2,7.83542160e1,-37.88124738,1152,3,0,0,0,0,3,222333 ns,197954,1152,1152,2432,2819,2819
64,28,butterfly-check,recompute,ntt,register-write,5,35,26,3,PASS,FAIL,yes,yes,6.59591198e2,2.38783289e2,2.72891897e2,8.50804561e1,-38.59659618,1152,3,0,0,0,0,3,129292 ns,114499,1152,1152,2432,2819,2819
64,28,butterfly-check,recompute,ntt,register-write,5,36,0,3,PASS,FAIL,yes,yes,6.11720568e2,2.63504183e2,2.91142578e2,9.07705344e1,-39.15889785,1152,3,0,0,0,0,3,199708 ns,177537,1152,1152,2432,2819,2819
64,28,butterfly-check,recompute,ntt,register-write,5,36,8,3,PASS,FAIL,yes,yes,4.77663683e2,2.64600719e2,2.91849832e2,9.09910374e1,-39.17997233,1152,3,0,0,0,0,3,222003 ns,197628,1152,1152,2432,2819,2819
64,28,butterfly-check,recompute,ntt,register-write,5,36,24,3,PASS,FAIL,yes,yes,6.81128219e2,2.54788734e2,3.08052583e2,9.60426253e1,-39.64928045,1152,3,0,0,0,0,3,200417 ns,177961,1152,1152,2432,2819,2819
64,28,butterfly-check,recompute,ntt,register-write,5,36,26,3,PASS,FAIL,yes,yes,4.79746995e2,2.61895952e2,2.86941654e2,8.94607976e1,-39.03265531,1152,3,0,0,0,0,3,132125 ns,117541,1152,1152,2432,2819,2819
64,28,butterfly-check,recompute,ntt,register-write,5,40,0,3,PASS,FAIL,yes,yes,5.51338104e2,2.39039284e2,2.67643260e2,8.34440704e1,-38.42790961,1152,3,0,0,0,0,3,127002 ns,112829,1152,1152,2432,2819,2819
64,28,butterfly-check,recompute,ntt,register-write,5,40,8,3,PASS,FAIL,yes,yes,6.73869530e2,2.50600241e2,2.80023139e2,8.73037882e1,-38.82066177,1152,3,0,0,0,0,3,135961 ns,120833,1152,1152,2432,2819,2819
64,28,butterfly-check,recompute,ntt,register-write,5,40,24,3,PASS,FAIL,yes,yes,5.43113833e2,2.59951326e2,2.92293593e2,9.11293902e1,-39.19316928,1152,3,0,0,0,0,3,127458 ns,112043,1152,1152,2432,2819,2819
64,28,butterfly-check,recompute,ntt,register-write,5,40,26,3,PASS,FAIL,yes,yes,4.99962687e2,2.62706118e2,2.80885054e2,8.75725105e1,-38.84735600,1152,3,0,0,0,0,3,132416 ns,117751,1152,1152,2432,2819,2819
64,28,butterfly-check,recompute,ntt,register-write,5,44,0,3,PASS,FAIL,yes,yes,6.35340562e2,2.51754506e2,2.85978313e2,8.91604535e1,-39.00344538,1152,3,0,0,0,0,3,132375 ns,117459,1152,1152,2432,2819,2819
64,28,butterfly-check,recompute,ntt,register-write,5,44,8,3,PASS,FAIL,yes,yes,7.19114480e2,2.52458153e2,2.90969332e2,9.07165207e1,-39.15372771,1152,3,0,0,0,0,3,138000 ns,122750,1152,1152,2432,2819,2819
64,28,butterfly-check,recompute,ntt,register-write,5,44,24,3,PASS,FAIL,yes,yes,6.36132710e2,2.72141373e2,3.08756935e2,9.62622238e1,-39.66911781,1152,3,0,0,0,0,3,129333 ns,114960,1152,1152,2432,2819,2819
64,28,butterfly-check,recompute,ntt,register-write,5,44,26,3,PASS,FAIL,yes,yes,6.53550791e2,2.40213802e2,2.79682979e2,8.71977354e1,-38.81010413,1152,3,0,0,0,0,3,133542 ns,118835,1152,1152,2432,2819,2819
64,28,butterfly-check,recompute,ntt,register-write,5,45,0,3,PASS,FAIL,yes,yes,6.94301543e2,2.96688440e2,3.29185704e2,1.02631372e2,-40.22560269,1152,3,0,0,0,0,3,132625 ns,117792,1152,1152,2432,2819,2819
64,28,butterfly-check,recompute,ntt,register-write,5,45,8,3,PASS,FAIL,yes,yes,5.72393641e2,2.71155616e2,2.96757805e2,9.25212132e1,-39.32482638,1152,3,0,0,0,0,3,201041 ns,178583,1152,1152,2432,2819,2819
64,28,butterfly-check,recompute,ntt,register-write,5,45,24,3,PASS,FAIL,yes,yes,5.74650537e2,2.54024168e2,2.78598937e2,8.68597599e1,-38.77637249,1152,3,0,0,0,0,3,221961 ns,196705,1152,1152,2432,2819,2819
64,28,butterfly-check,recompute,ntt,register-write,5,45,26,3,PASS,FAIL,yes,yes,5.06899085e2,2.75628921e2,3.00304265e2,9.36269053e1,-39.42801337,1152,3,0,0,0,0,3,222458 ns,197455,1152,1152,2432,2819,2819
64,28,butterfly-check,recompute,ntt,register-write,5,46,0,3,PASS,FAIL,yes,yes,6.41104511e2,2.50364337e2,3.01536852e2,9.40111932e1,-39.46359130,1152,3,0,0,0,0,3,252625 ns,223250,1152,1152,2432,2819,2819
64,28,butterfly-check,recompute,ntt,register-write,5,46,8,3,PASS,FAIL,yes,yes,5.59763664e2,2.70931365e2,3.08188825e2,9.60851021e1,-39.65312112,1152,3,0,0,0,0,3,144292 ns,127833,1152,1152,2432,2819,2819
64,28,butterfly-check,recompute,ntt,register-write,5,46,24,3,PASS,FAIL,yes,yes,6.01630189e2,2.87293993e2,3.12143933e2,9.73181999e1,-39.76388135,1152,3,0,0,0,0,3,250792 ns,222164,1152,1152,2432,2819,2819
64,28,butterfly-check,recompute,ntt,register-write,5,46,26,3,PASS,FAIL,yes,yes,5.88283719e2,2.45872955e2,2.87497052e2,8.96339559e1,-39.04945128,1152,3,0,0,0,0,3,221167 ns,197083,1152,1152,2432,2819,2819
64,28,butterfly-check,recompute,ntt,register-write,5,53,0,3,PASS,FAIL,yes,yes,5.45507642e2,2.71005763e2,3.05919570e2,9.53776086e1,-39.58892859,1152,3,0,0,0,0,3,223248 ns,198497,1152,1152,2432,2819,2819
64,28,butterfly-check,recompute,ntt,register-write,5,53,8,3,PASS,FAIL,yes,yes,5.56885907e2,2.65558454e2,2.92018850e2,9.10437326e1,-39.18500110,1152,3,0,0,0,0,3,136042 ns,119583,1152,1152,2432,2819,2819
64,28,butterfly-check,recompute,ntt,register-write,5,53,24,3,PASS,FAIL,yes,yes,5.27115351e2,2.65436910e2,2.95136466e2,9.20157228e1,-39.27724084,1152,3,0,0,0,0,3,134041 ns,119375,1152,1152,2432,2819,2819
64,28,butterfly-check,recompute,ntt,register-write,5,53,26,3,PASS,FAIL,yes,yes,8.31087133e2,2.73813885e2,3.13641079e2,9.77849702e1,-39.80544215,1152,3,0,0,0,0,3,131918 ns,117749,1152,1152,2432,2819,2819
64,28,butterfly-check,recompute,ntt,register-write,5,55,0,3,PASS,FAIL,yes,yes,4.70628285e2,2.62334372e2,2.86494324e2,8.93213321e1,-39.01910383,1152,3,0,0,0,0,3,132374 ns,117755,1152,1152,2432,2819,2819
64,28,butterfly-check,recompute,ntt,register-write,5,55,8,3,PASS,FAIL,yes,yes,5.16430206e2,2.51087155e2,2.81088778e2,8.76360263e1,-38.85365354,1152,3,0,0,0,0,3,131624 ns,116874,1152,1152,2432,2819,2819
64,28,butterfly-check,recompute,ntt,register-write,5,55,24,3,PASS,FAIL,yes,yes,5.34989787e2,2.73582288e2,2.90675169e2,9.06248087e1,-39.14494206,1152,3,0,0,0,0,3,167958 ns,149667,1152,1152,2432,2819,2819
64,28,butterfly-check,recompute,ntt,register-write,5,55,26,3,PASS,FAIL,yes,yes,5.40502165e2,2.55046721e2,2.93872667e2,9.16217036e1,-39.23996726,1152,3,0,0,0,0,3,223334 ns,197295,1152,1152,2432,2819,2819
64,28,butterfly-check,recompute,ntt,register-write,5,57,0,3,PASS,FAIL,yes,yes,5.17921566e2,2.58932735e2,2.86666147e2,8.93749020e1,-39.02431157,1152,3,0,0,0,0,3,222084 ns,197541,1152,1152,2432,2819,2819
64,28,butterfly-check,recompute,ntt,register-write,5,57,8,3,PASS,FAIL,yes,yes,6.18029126e2,2.80135525e2,3.10656037e2,9.68543132e1,-39.72237932,1152,3,0,0,0,0,3,132002 ns,117667,1152,1152,2432,2819,2819
64,28,butterfly-check,recompute,ntt,register-write,5,57,24,3,PASS,FAIL,yes,yes,6.54117677e2,2.61111942e2,2.97718477e2,9.28207253e1,-39.35289915,1152,3,0,0,0,0,3,123707 ns,109670,1152,1152,2432,2819,2819
64,28,butterfly-check,recompute,ntt,register-write,5,57,26,3,PASS,FAIL,yes,yes,6.45147860e2,2.82332846e2,3.25917075e2,1.01612300e2,-40.13892566,1152,3,0,0,0,0,3,142333 ns,125374,1152,1152,2432,2819,2819
64,28,butterfly-check,recompute,ntt,register-write,5,60,0,3,PASS,FAIL,yes,yes,6.26460838e2,2.48396317e2,2.86181125e2,8.92236849e1,-39.00960311,1152,3,0,0,0,0,3,137043 ns,122502,1152,1152,2432,2819,2819
64,28,butterfly-check,recompute,ntt,register-write,5,60,8,3,PASS,FAIL,yes,yes,5.86124400e2,2.72398852e2,3.05604166e2,9.52792739e1,-39.57996878,1152,3,0,0,0,0,3,200709 ns,178290,1152,1152,2432,2819,2819
64,28,butterfly-check,recompute,ntt,register-write,5,60,24,3,PASS,FAIL,yes,yes,6.49466242e2,2.59918011e2,2.99282875e2,9.33084631e1,-39.39842072,1152,3,0,0,0,0,3,240625 ns,212665,1152,1152,2432,2819,2819
64,28,butterfly-check,recompute,ntt,register-write,5,60,26,3,PASS,FAIL,yes,yes,4.96201840e2,2.47611475e2,2.73939086e2,8.54069418e1,-38.62986343,1152,3,0,0,0,0,3,213499 ns,189418,1152,1152,2432,2819,2819
64,28,butterfly-check,recompute,ntt,register-write,5,61,0,3,PASS,FAIL,yes,yes,5.10791382e2,2.56750772e2,2.81022825e2,8.76154636e1,-38.85161527,1152,3,0,0,0,0,3,131461 ns,116419,1152,1152,2432,2819,2819
64,28,butterfly-check,recompute,ntt,register-write,5,61,8,3,PASS,FAIL,yes,yes,4.63414768e2,2.46102321e2,2.76408785e2,8.61769285e1,-38.70782022,1152,3,0,0,0,0,3,139500 ns,123334,1152,1152,2432,2819,2819
64,28,butterfly-check,recompute,ntt,register-write,5,61,24,3,PASS,FAIL,yes,yes,4.19544386e2,2.64431237e2,2.76651350e2,8.62525536e1,-38.71543924,1152,3,0,0,0,0,3,133292 ns,118206,1152,1152,2432,2819,2819
64,28,butterfly-check,recompute,ntt,register-write,5,61,26,3,PASS,FAIL,yes,yes,5.17003645e2,2.68242174e2,2.97095518e2,9.26265031e1,-39.33470537,1152,3,0,0,0,0,3,132375 ns,117907,1152,1152,2432,2819,2819
64,28,butterfly-check,recompute,ntt,register-write,5,62,0,3,PASS,FAIL,yes,yes,6.15408522e2,2.53943892e2,2.80501343e2,8.74528795e1,-38.83548228,1152,3,0,0,0,0,3,135376 ns,119709,1152,1152,2432,2819,2819
64,28,butterfly-check,recompute,ntt,register-write,5,62,8,3,PASS,FAIL,yes,yes,4.94500025e2,2.52700999e2,2.83321841e2,8.83322358e1,-38.92238446,1152,3,0,0,0,0,3,127251 ns,112577,1152,1152,2432,2819,2819
64,28,butterfly-check,recompute,ntt,register-write,5,62,24,3,PASS,FAIL,yes,yes,5.30620102e2,2.24087884e2,2.64832090e2,8.25676221e1,-38.33619554,1152,3,0,0,0,0,3,132208 ns,117498,1152,1152,2432,2819,2819
64,28,butterfly-check,recompute,ntt,register-write,5,62,26,3,PASS,FAIL,yes,yes,4.98642181e2,2.26715498e2,2.54262699e2,7.92723663e1,-37.98243644,1152,3,0,0,0,0,3,139084 ns,123998,1152,1152,2432,2819,2819
64,28,butterfly-check,recompute,ntt,register-write,5,63,0,3,PASS,FAIL,yes,yes,6.56834653e2,2.71670440e2,3.15640774e2,9.84084221e1,-39.86064537,1152,3,0,0,0,0,3,131291 ns,117170,1152,1152,2432,2819,2819
64,28,butterfly-check,recompute,ntt,register-write,5,63,8,3,PASS,FAIL,yes,yes,5.75537231e2,2.49354872e2,2.79636441e2,8.71832261e1,-38.80865871,1152,3,0,0,0,0,3,222583 ns,197745,1152,1152,2432,2819,2819
64,28,butterfly-check,recompute,ntt,register-write,5,63,24,3,PASS,FAIL,yes,yes,5.86708780e2,2.57390989e2,2.87739912e2,8.97096735e1,-39.05678552,1152,3,0,0,0,0,3,222708 ns,198668,1152,1152,2432,2819,2819
64,28,butterfly-check,recompute,ntt,register-write,5,63,26,3,PASS,FAIL,yes,yes,5.32303333e2,2.43948582e2,2.79935576e2,8.72764885e1,-38.81794528,1152,3,0,0,0,0,3,131375 ns,116874,1152,1152,2432,2819,2819
64,28,stage-checksum,recompute,ntt,mul-output,0,2,0,1,PASS,FAIL,no,no,6.44524536e2,2.49132312e2,2.82844917e2,8.81835437e1,-38.90775094,36,0,36,0,0,0,0,209165 ns,187123,1152,1152,2432,2819,2819
64,28,stage-checksum,recompute,ntt,mul-output,0,2,8,1,PASS,FAIL,no,no,5.04663089e2,2.70192614e2,3.00966764e2,9.38334549e1,-39.44715414,36,0,36,0,0,0,0,209917 ns,187790,1152,1152,2432,2819,2819
64,28,stage-checksum,recompute,ntt,mul-output,0,2,24,1,PASS,FAIL,no,no,5.03195727e2,2.64137085e2,2.99245831e2,9.32969136e1,-39.39734553,36,0,36,0,0,0,0,131000 ns,117333,1152,1152,2432,2819,2819
64,28,stage-checksum,recompute,ntt,mul-output,0,2,26,1,PASS,FAIL,no,no,5.76726079e2,2.59415458e2,2.93976358e2,9.16540318e1,-39.24303148,36,0,36,0,0,0,0,176292 ns,157961,1152,1152,2432,2819,2819
64,28,stage-checksum,recompute,ntt,mul-output,0,4,0,1,PASS,FAIL,no,no,5.85748703e2,2.73823215e2,3.15542805e2,9.83778781e1,-39.85794902,36,0,36,0,0,0,0,304458 ns,271378,1152,1152,2432,2819,2819
64,28,stage-checksum,recompute,ntt,mul-output,0,4,8,1,PASS,FAIL,no,no,6.07181685e2,2.88466460e2,3.15463924e2,9.83532851e1,-39.85577740,36,0,36,0,0,0,0,139501 ns,124169,1152,1152,2432,2819,2819
64,28,stage-checksum,recompute,ntt,mul-output,0,4,24,1,PASS,FAIL,no,no,4.90117378e2,2.60177124e2,2.90150377e2,9.04611925e1,-39.12924617,36,0,36,0,0,0,0,144707 ns,128669,1152,1152,2432,2819,2819
64,28,stage-checksum,recompute,ntt,mul-output,0,4,26,1,PASS,FAIL,no,no,5.37864599e2,2.42263362e2,2.90801406e2,9.06641660e1,-39.14871342,36,0,36,0,0,0,0,139875 ns,124461,1152,1152,2432,2819,2819
64,28,stage-checksum,recompute,ntt,mul-output,0,7,0,1,ERROR,ERROR,ERROR,ERROR,NA,NA,NA,NA,NA,NA,NA,NA,NA,NA,NA,NA,NA,NA,NA,NA,NA,NA,NA
64,28,stage-checksum,recompute,ntt,mul-output,0,7,8,1,ERROR,ERROR,ERROR,ERROR,NA,NA,NA,NA,NA,NA,NA,NA,NA,NA,NA,NA,NA,NA,NA,NA,NA,NA,NA
64,28,stage-checksum,recompute,ntt,mul-output,0,7,24,1,ERROR,ERROR,ERROR,ERROR,NA,NA,NA,NA,NA,NA,NA,NA,NA,NA,NA,NA,NA,NA,NA,NA,NA,NA,NA
64,28,stage-checksum,recompute,ntt,mul-output,0,7,26,1,ERROR,ERROR,ERROR,ERROR,NA,NA,NA,NA,NA,NA,NA,NA,NA,NA,NA,NA,NA,NA,NA,NA,NA,NA,NA
64,28,stage-checksum,recompute,ntt,mul-output,0,8,0,1,PASS,FAIL,no,no,5.13283818e2,2.42030188e2,2.75356417e2,8.58488282e1,-38.67468743,36,0,36,0,0,0,0,363999 ns,325748,1152,1152,2432,2819,2819
64,28,stage-checksum,recompute,ntt,mul-output,0,8,8,1,PASS,FAIL,no,no,5.54549011e2,2.33242100e2,2.64826512e2,8.25658829e1,-38.33601259,36,0,36,0,0,0,0,135792 ns,121083,1152,1152,2432,2819,2819
64,28,stage-checksum,recompute,ntt,mul-output,0,8,24,1,PASS,FAIL,no,no,6.59879501e2,2.71165664e2,3.17003798e2,9.88333767e1,-39.89807267,36,0,36,0,0,0,0,263293 ns,235003,1152,1152,2432,2819,2819
64,28,stage-checksum,recompute,ntt,mul-output,0,8,26,1,PASS,FAIL,no,no,6.17591797e2,2.83805301e2,3.20390200e2,9.98891673e1,-39.99036786,36,0,36,0,0,0,0,264000 ns,234999,1152,1152,2432,2819,2819
64,28,stage-checksum,recompute,ntt,mul-output,0,10,0,1,PASS,FAIL,no,no,6.87142534e2,2.70722397e2,3.14646801e2,9.80985276e1,-39.83324978,36,0,36,0,0,0,0,156750 ns,140623,1152,1152,2432,2819,2819
64,28,stage-checksum,recompute,ntt,mul-output,0,10,8,1,PASS,FAIL,no,no,5.02835007e2,2.65380205e2,2.95349591e2,9.20821694e1,-39.28351085,36,0,36,0,0,0,0,140958 ns,124834,1152,1152,2432,2819,2819
64,28,stage-checksum,recompute,ntt,mul-output,0,10,24,1,PASS,FAIL,no,no,5.41033184e2,2.49548200e2,2.81169390e2,8.76611589e1,-38.85614416,36,0,36,0,0,0,0,208709 ns,186958,1152,1152,2432,2819,2819
64,28,stage-checksum,recompute,ntt,mul-output,0,10,26,1,PASS,FAIL,no,no,7.17891023e2,2.73706707e2,3.07935713e2,9.60061883e1,-39.64598455,36,0,36,0,0,0,0,232082 ns,207790,1152,1152,2432,2819,2819
64,28,stage-checksum,recompute,ntt,mul-output,0,12,0,1,PASS,FAIL,no,no,6.04214891e2,2.92982567e2,3.23362939e2,1.00815988e2,-40.07058825,36,0,36,0,0,0,0,208668 ns,186582,1152,1152,2432,2819,2819
64,28,stage-checksum,recompute,ntt,mul-output,0,12,8,1,PASS,FAIL,no,no,8.00353027e2,2.67783189e2,3.17858689e2,9.90999091e1,-39.92146512,36,0,36,0,0,0,0,190209 ns,170543,1152,1152,2432,2819,2819
64,28,stage-checksum,recompute,ntt,mul-output,0,12,24,1,PASS,FAIL,no,no,6.48962296e2,2.62814564e2,2.95057791e2,9.19911940e1,-39.27492512,36,0,36,0,0,0,0,139667 ns,124210,1152,1152,2432,2819,2819
64,28,stage-checksum,recompute,ntt,mul-output,0,12,26,1,PASS,FAIL,no,no,6.20868788e2,2.69127510e2,3.06359571e2,9.55147891e1,-39.60141242,36,0,36,0,0,0,0,134791 ns,120663,1152,1152,2432,2819,2819
64,28,stage-checksum,recompute,ntt,mul-output,0,14,0,1,PASS,FAIL,no,no,5.27711938e2,2.51411102e2,2.89433909e2,9.02378165e1,-39.10777157,36,0,36,0,0,0,0,139166 ns,124124,1152,1152,2432,2819,2819
64,28,stage-checksum,recompute,ntt,mul-output,0,14,8,1,PASS,FAIL,no,no,5.94952262e2,2.64956972e2,2.96082410e2,9.23106429e1,-39.30503551,36,0,36,0,0,0,0,250751 ns,223333,1152,1152,2432,2819,2819
64,28,stage-checksum,recompute,ntt,mul-output,0,14,24,1,PASS,FAIL,no,no,8.12269536e2,2.61959172e2,3.01671108e2,9.40530507e1,-39.46745773,36,0,36,0,0,0,0,186751 ns,167335,1152,1152,2432,2819,2819
64,28,stage-checksum,recompute,ntt,mul-output,0,14,26,1,PASS,FAIL,no,no,6.13546316e2,2.82977320e2,3.17401641e2,9.89574137e1,-39.90896672,36,0,36,0,0,0,0,233376 ns,208290,1152,1152,2432,2819,2819
64,28,stage-checksum,recompute,ntt,mul-output,0,16,0,1,PASS,FAIL,no,no,5.85710559e2,2.61407788e2,3.02233818e2,9.42284889e1,-39.48364454,36,0,36,0,0,0,0,135375 ns,121169,1152,1152,2432,2819,2819
64,28,stage-checksum,recompute,ntt,mul-output,0,16,8,1,PASS,FAIL,no,no,4.62453973e2,2.58919014e2,2.80111612e2,8.73313716e1,-38.82340562,36,0,36,0,0,0,0,140750 ns,125209,1152,1152,2432,2819,2819
64,28,stage-checksum,recompute,ntt,mul-output,0,16,24,1,PASS,FAIL,no,no,7.23115814e2,2.44142252e2,2.84783963e2,8.87880869e1,-38.96709397,36,0,36,0,0,0,0,132415 ns,117461,1152,1152,2432,2819,2819
64,28,stage-checksum,recompute,ntt,mul-output,0,16,26,1,PASS,FAIL,no,no,5.52394056e2,2.87187437e2,3.17569093e2,9.90096208e1,-39.91354794,36,0,36,0,0,0,0,139584 ns,124290,1152,1152,2432,2819,2819
64,28,stage-checksum,recompute,ntt,mul-output,0,18,0,1,PASS,FAIL,no,no,7.13332765e2,2.81804965e2,3.17782796e2,9.90762477e1,-39.91939101,36,0,36,0,0,0,0,144376 ns,129625,1152,1152,2432,2819,2819
64,28,stage-checksum,recompute,ntt,mul-output,0,18,8,1,PASS,FAIL,no,no,9.56533596e2,2.71333298e2,3.14687770e2,9.81113008e1,-39.83438067,36,0,36,0,0,0,0,144293 ns,129166,1152,1152,2432,2819,2819
64,28,stage-checksum,recompute,ntt,mul-output,0,18,24,1,PASS,FAIL,no,no,6.23290324e2,2.49253869e2,2.82278893e2,8.80070726e1,-38.89035150,36,0,36,0,0,0,0,140374 ns,124749,1152,1152,2432,2819,2819
64,28,stage-checksum,recompute,ntt,mul-output,0,18,26,1,PASS,FAIL,no,no,7.65625595e2,2.52023762e2,2.93080580e2,9.13747518e1,-39.21652421,36,0,36,0,0,0,0,145501 ns,130293,1152,1152,2432,2819,2819
64,28,stage-checksum,recompute,ntt,mul-output,0,21,0,1,ERROR,ERROR,ERROR,ERROR,NA,NA,NA,NA,NA,NA,NA,NA,NA,NA,NA,NA,NA,NA,NA,NA,NA,NA,NA
64,28,stage-checksum,recompute,ntt,mul-output,0,21,8,1,ERROR,ERROR,ERROR,ERROR,NA,NA,NA,NA,NA,NA,NA,NA,NA,NA,NA,NA,NA,NA,NA,NA,NA,NA,NA
64,28,stage-checksum,recompute,ntt,mul-output,0,21,24,1,ERROR,ERROR,ERROR,ERROR,NA,NA,NA,NA,NA,NA,NA,NA,NA,NA,NA,NA,NA,NA,NA,NA,NA,NA,NA
64,28,stage-checksum,recompute,ntt,mul-output,0,21,26,1,ERROR,ERROR,ERROR,ERROR,NA,NA,NA,NA,NA,NA,NA,NA,NA,NA,NA,NA,NA,NA,NA,NA,NA,NA,NA
64,28,stage-checksum,recompute,ntt,mul-output,0,22,0,1,PASS,FAIL,no,no,5.70536753e2,2.60672826e2,2.93353844e2,9.14599485e1,-39.22461905,36,0,36,0,0,0,0,130542 ns,116379,1152,1152,2432,2819,2819
64,28,stage-checksum,recompute,ntt,mul-output,0,22,8,1,PASS,FAIL,no,no,7.72385864e2,2.50836257e2,2.90398779e2,9.05386377e1,-39.13667911,36,0,36,0,0,0,0,134917 ns,120662,1152,1152,2432,2819,2819
64,28,stage-checksum,recompute,ntt,mul-output,0,22,24,1,PASS,FAIL,no,no,6.20119618e2,2.79808224e2,3.12929956e2,9.75632609e1,-39.78572615,36,0,36,0,0,0,0,139249 ns,123876,1152,1152,2432,2819,2819
64,28,stage-checksum,recompute,ntt,mul-output,0,22,26,1,PASS,FAIL,no,no,5.62622083e2,2.83596164e2,3.09488995e2,9.64904605e1,-39.68968758,36,0,36,0,0,0,0,137542 ns,122996,1152,1152,2432,2819,2819
64,28,stage-checksum,recompute,ntt,mul-output,0,27,0,1,ERROR,ERROR,ERROR,ERROR,NA,NA,NA,NA,NA,NA,NA,NA,NA,NA,NA,NA,NA,NA,NA,NA,NA,NA,NA
64,28,stage-checksum,recompute,ntt,mul-output,0,27,8,1,ERROR,ERROR,ERROR,ERROR,NA,NA,NA,NA,NA,NA,NA,NA,NA,NA,NA,NA,NA,NA,NA,NA,NA,NA,NA
64,28,stage-checksum,recompute,ntt,mul-output,0,27,24,1,ERROR,ERROR,ERROR,ERROR,NA,NA,NA,NA,NA,NA,NA,NA,NA,NA,NA,NA,NA,NA,NA,NA,NA,NA,NA
64,28,stage-checksum,recompute,ntt,mul-output,0,27,26,1,ERROR,ERROR,ERROR,ERROR,NA,NA,NA,NA,NA,NA,NA,NA,NA,NA,NA,NA,NA,NA,NA,NA,NA,NA,NA
64,28,stage-checksum,recompute,ntt,mul-output,0,28,0,1,PASS,FAIL,no,no,5.42451275e2,2.47291710e2,2.72961041e2,8.51020133e1,-38.59879669,36,0,36,0,0,0,0,390958 ns,351497,1152,1152,2432,2819,2819
64,28,stage-checksum,recompute,ntt,mul-output,0,28,8,1,PASS,FAIL,no,no,5.26199816e2,2.85008687e2,3.15520119e2,9.83708051e1,-39.85732452,36,0,36,0,0,0,0,208958 ns,186418,1152,1152,2432,2819,2819
64,28,stage-checksum,recompute,ntt,mul-output,0,28,24,1,PASS,FAIL,no,no,7.81958678e2,2.73694845e2,3.11868095e2,9.72322010e1,-39.75620233,36,0,36,0,0,0,0,234041 ns,208960,1152,1152,2432,2819,2819
64,28,stage-checksum,recompute,ntt,mul-output,0,28,26,1,PASS,FAIL,no,no,5.52887477e2,2.61103703e2,2.98119262e2,9.29456795e1,-39.36458414,36,0,36,0,0,0,0,143333 ns,127621,1152,1152,2432,2819,2819
64,28,stage-checksum,recompute,ntt,mul-output,0,29,0,1,ERROR,ERROR,ERROR,ERROR,NA,NA,NA,NA,NA,NA,NA,NA,NA,NA,NA,NA,NA,NA,NA,NA,NA,NA,NA
64,28,stage-checksum,recompute,ntt,mul-output,0,29,8,1,ERROR,ERROR,ERROR,ERROR,NA,NA,NA,NA,NA,NA,NA,NA,NA,NA,NA,NA,NA,NA,NA,NA,NA,NA,NA
64,28,stage-checksum,recompute,ntt,mul-output,0,29,24,1,ERROR,ERROR,ERROR,ERROR,NA,NA,NA,NA,NA,NA,NA,NA,NA,NA,NA,NA,NA,NA,NA,NA,NA,NA,NA
64,28,stage-checksum,recompute,ntt,mul-output,0,29,26,1,ERROR,ERROR,ERROR,ERROR,NA,NA,NA,NA,NA,NA,NA,NA,NA,NA,NA,NA,NA,NA,NA,NA,NA,NA,NA
64,28,stage-checksum,recompute,ntt,mul-output,0,30,0,1,PASS,FAIL,no,no,6.61099242e2,2.41965190e2,2.87756469e2,8.97148352e1,-39.05728528,36,0,36,0,0,0,0,140918 ns,124333,1152,1152,2432,2819,2819
64,28,stage-checksum,recompute,ntt,mul-output,0,30,8,1,PASS,FAIL,no,no,9.84092103e2,2.44894356e2,3.09335341e2,9.64425552e1,-39.68537417,36,0,36,0,0,0,0,144500 ns,129251,1152,1152,2432,2819,2819
64,28,stage-checksum,recompute,ntt,mul-output,0,30,24,1,PASS,FAIL,no,no,4.51765851e2,2.85578380e2,3.07614023e2,9.59058942e1,-39.63690598,36,0,36,0,0,0,0,140041 ns,124003,1152,1152,2432,2819,2819
64,28,stage-checksum,recompute,ntt,mul-output,0,30,26,1,PASS,FAIL,no,no,6.32984142e2,2.85735614e2,3.15714296e2,9.84313444e1,-39.86266833,36,0,36,0,0,0,0,138084 ns,123834,1152,1152,2432,2819,2819
64,28,stage-checksum,recompute,ntt,mul-output,0,32,0,1,PASS,FAIL,no,no,5.97405803e2,2.48992414e2,2.90611639e2,9.06050018e1,-39.14304346,36,0,36,0,0,0,0,139292 ns,124962,1152,1152,2432,2819,2819
64,28,stage-checksum,recompute,ntt,mul-output,0,32,8,1,PASS,FAIL,no,no,6.35294468e2,3.03592339e2,3.35710017e2,1.04665480e2,-40.39606938,36,0,36,0,0,0,0,232377 ns,207749,1152,1152,2432,2819,2819
64,28,stage-checksum,recompute,ntt,mul-output,0,32,24,1,PASS,FAIL,no,no,4.49469872e2,2.39413508e2,2.64814085e2,8.25620086e1,-38.33560501,36,0,36,0,0,0,0,262916 ns,235045,1152,1152,2432,2819,2819
64,28,stage-checksum,recompute,ntt,mul-output,0,32,26,1,PASS,FAIL,no,no,6.09343499e2,2.50037023e2,2.85150479e2,8.89023567e1,-38.97826548,36,0,36,0,0,0,0,232249 ns,208166,1152,1152,2432,2819,2819
64,28,stage-checksum,recompute,ntt,mul-output,0,33,0,1,ERROR,ERROR,ERROR,ERROR,NA,NA,NA,NA,NA,NA,NA,NA,NA,NA,NA,NA,NA,NA,NA,NA,NA,NA,NA
64,28,stage-checksum,recompute,ntt,mul-output,0,33,8,1,ERROR,ERROR,ERROR,ERROR,NA,NA,NA,NA,NA,NA,NA,NA,NA,NA,NA,NA,NA,NA,NA,NA,NA,NA,NA
64,28,stage-checksum,recompute,ntt,mul-output,0,33,24,1,ERROR,ERROR,ERROR,ERROR,NA,NA,NA,NA,NA,NA,NA,NA,NA,NA,NA,NA,NA,NA,NA,NA,NA,NA,NA
64,28,stage-checksum,recompute,ntt,mul-output,0,33,26,1,ERROR,ERROR,ERROR,ERROR,NA,NA,NA,NA,NA,NA,NA,NA,NA,NA,NA,NA,NA,NA,NA,NA,NA,NA,NA
64,28,stage-checksum,recompute,ntt,mul-output,0,35,0,1,ERROR,ERROR,ERROR,ERROR,NA,NA,NA,NA,NA,NA,NA,NA,NA,NA,NA,NA,NA,NA,NA,NA,NA,NA,NA
64,28,stage-checksum,recompute,ntt,mul-output,0,35,8,1,ERROR,ERROR,ERROR,ERROR,NA,NA,NA,NA,NA,NA,NA,NA,NA,NA,NA,NA,NA,NA,NA,NA,NA,NA,NA
64,28,stage-checksum,recompute,ntt,mul-output,0,35,24,1,ERROR,ERROR,ERROR,ERROR,NA,NA,NA,NA,NA,NA,NA,NA,NA,NA,NA,NA,NA,NA,NA,NA,NA,NA,NA
64,28,stage-checksum,recompute,ntt,mul-output,0,35,26,1,ERROR,ERROR,ERROR,ERROR,NA,NA,NA,NA,NA,NA,NA,NA,NA,NA,NA,NA,NA,NA,NA,NA,NA,NA,NA
64,28,stage-checksum,recompute,ntt,mul-output,0,38,0,1,PASS,FAIL,no,no,7.64482849e2,2.67741316e2,3.05559385e2,9.52653124e1,-39.57869592,36,0,36,0,0,0,0,137333 ns,122501,1152,1152,2432,2819,2819
64,28,stage-checksum,recompute,ntt,mul-output,0,38,8,1,PASS,FAIL,no,no,5.82123547e2,2.81609994e2,3.11062578e2,9.69810619e1,-39.73373871,36,0,36,0,0,0,0,233374 ns,208913,1152,1152,2432,2819,2819
64,28,stage-checksum,recompute,ntt,mul-output,0,38,24,1,PASS,FAIL,no,no,5.17291520e2,2.56146700e2,2.93819096e2,9.16050017e1,-39.23838374,36,0,36,0,0,0,0,263001 ns,234874,1152,1152,2432,2819,2819
64,28,stage-checksum,recompute,ntt,mul-output,0,38,26,1,PASS,FAIL,no,no,4.85910743e2,2.35770808e2,2.61883395e2,8.16482971e1,-38.23894263,36,0,36,0,0,0,0,262584 ns,233917,1152,1152,2432,2819,2819
64,28,stage-checksum,recompute,ntt,mul-output,0,39,0,1,ERROR,ERROR,ERROR,ERROR,NA,NA,NA,NA,NA,NA,NA,NA,NA,NA,NA,NA,NA,NA,NA,NA,NA,NA,NA
64,28,stage-checksum,recompute,ntt,mul-output,0,39,8,1,ERROR,ERROR,ERROR,ERROR,NA,NA,NA,NA,NA,NA,NA,NA,NA,NA,NA,NA,NA,NA,NA,NA,NA,NA,NA
64,28,stage-checksum,recompute,ntt,mul-output,0,39,24,1,ERROR,ERROR,ERROR,ERROR,NA,NA,NA,NA,NA,NA,NA,NA,NA,NA,NA,NA,NA,NA,NA,NA,NA,NA,NA
64,28,stage-checksum,recompute,ntt,mul-output,0,39,26,1,ERROR,ERROR,ERROR,ERROR,NA,NA,NA,NA,NA,NA,NA,NA,NA,NA,NA,NA,NA,NA,NA,NA,NA,NA,NA
64,28,stage-checksum,recompute,ntt,mul-output,0,40,0,1,PASS,FAIL,no,no,6.07780126e2,2.60443634e2,2.99306827e2,9.33159308e1,-39.39911584,36,0,36,0,0,0,0,142667 ns,123874,1152,1152,2432,2819,2819
64,28,stage-checksum,recompute,ntt,mul-output,0,40,8,1,PASS,FAIL,no,no,6.69073124e2,2.86113794e2,3.20085084e2,9.97940400e1,-39.98209210,36,0,36,0,0,0,0,232583 ns,208165,1152,1152,2432,2819,2819
64,28,stage-checksum,recompute,ntt,mul-output,0,40,24,1,PASS,FAIL,no,no,5.96615151e2,2.36200501e2,2.68754111e2,8.37904042e1,-38.46388571,36,0,36,0,0,0,0,152999 ns,136996,1152,1152,2432,2819,2819
64,28,stage-checksum,recompute,ntt,mul-output,0,40,26,1,PASS,FAIL,no,no,6.10450787e2,2.72713619e2,3.04225389e2,9.48494079e1,-39.54069248,36,0,36,0,0,0,0,232498 ns,207961,1152,1152,2432,2819,2819
64,28,stage-checksum,recompute,ntt,mul-output,0,41,0,1,ERROR,ERROR,ERROR,ERROR,NA,NA,NA,NA,NA,NA,NA,NA,NA,NA,NA,NA,NA,NA,NA,NA,NA,NA,NA
64,28,stage-checksum,recompute,ntt,mul-output,0,41,8,1,ERROR,ERROR,ERROR,ERROR,NA,NA,NA,NA,NA,NA,NA,NA,NA,NA,NA,NA,NA,NA,NA,NA,NA,NA,NA
64,28,stage-checksum,recompute,ntt,mul-output,0,41,24,1,ERROR,ERROR,ERROR,ERROR,NA,NA,NA,NA,NA,NA,NA,NA,NA,NA,NA,NA,NA,NA,NA,NA,NA,NA,NA
64,28,stage-checksum,recompute,ntt,mul-output,0,41,26,1,ERROR,ERROR,ERROR,ERROR,NA,NA,NA,NA,NA,NA,NA,NA,NA,NA,NA,NA,NA,NA,NA,NA,NA,NA,NA
64,28,stage-checksum,recompute,ntt,mul-output,0,45,0,1,ERROR,ERROR,ERROR,ERROR,NA,NA,NA,NA,NA,NA,NA,NA,NA,NA,NA,NA,NA,NA,NA,NA,NA,NA,NA
64,28,stage-checksum,recompute,ntt,mul-output,0,45,8,1,ERROR,ERROR,ERROR,ERROR,NA,NA,NA,NA,NA,NA,NA,NA,NA,NA,NA,NA,NA,NA,NA,NA,NA,NA,NA
64,28,stage-checksum,recompute,ntt,mul-output,0,45,24,1,ERROR,ERROR,ERROR,ERROR,NA,NA,NA,NA,NA,NA,NA,NA,NA,NA,NA,NA,NA,NA,NA,NA,NA,NA,NA
64,28,stage-checksum,recompute,ntt,mul-output,0,45,26,1,ERROR,ERROR,ERROR,ERROR,NA,NA,NA,NA,NA,NA,NA,NA,NA,NA,NA,NA,NA,NA,NA,NA,NA,NA,NA
64,28,stage-checksum,recompute,ntt,mul-output,0,47,0,1,ERROR,ERROR,ERROR,ERROR,NA,NA,NA,NA,NA,NA,NA,NA,NA,NA,NA,NA,NA,NA,NA,NA,NA,NA,NA
64,28,stage-checksum,recompute,ntt,mul-output,0,47,8,1,ERROR,ERROR,ERROR,ERROR,NA,NA,NA,NA,NA,NA,NA,NA,NA,NA,NA,NA,NA,NA,NA,NA,NA,NA,NA
64,28,stage-checksum,recompute,ntt,mul-output,0,47,24,1,ERROR,ERROR,ERROR,ERROR,NA,NA,NA,NA,NA,NA,NA,NA,NA,NA,NA,NA,NA,NA,NA,NA,NA,NA,NA
64,28,stage-checksum,recompute,ntt,mul-output,0,47,26,1,ERROR,ERROR,ERROR,ERROR,NA,NA,NA,NA,NA,NA,NA,NA,NA,NA,NA,NA,NA,NA,NA,NA,NA,NA,NA
64,28,stage-checksum,recompute,ntt,mul-output,0,53,0,1,ERROR,ERROR,ERROR,ERROR,NA,NA,NA,NA,NA,NA,NA,NA,NA,NA,NA,NA,NA,NA,NA,NA,NA,NA,NA
64,28,stage-checksum,recompute,ntt,mul-output,0,53,8,1,ERROR,ERROR,ERROR,ERROR,NA,NA,NA,NA,NA,NA,NA,NA,NA,NA,NA,NA,NA,NA,NA,NA,NA,NA,NA
64,28,stage-checksum,recompute,ntt,mul-output,0,53,24,1,ERROR,ERROR,ERROR,ERROR,NA,NA,NA,NA,NA,NA,NA,NA,NA,NA,NA,NA,NA,NA,NA,NA,NA,NA,NA
64,28,stage-checksum,recompute,ntt,mul-output,0,53,26,1,ERROR,ERROR,ERROR,ERROR,NA,NA,NA,NA,NA,NA,NA,NA,NA,NA,NA,NA,NA,NA,NA,NA,NA,NA,NA
64,28,stage-checksum,recompute,ntt,mul-output,0,54,0,1,PASS,FAIL,no,no,5.89346472e2,2.76810442e2,3.09445684e2,9.64769575e1,-39.68847198,36,0,36,0,0,0,0,192167 ns,171542,1152,1152,2432,2819,2819
64,28,stage-checksum,recompute,ntt,mul-output,0,54,8,1,PASS,FAIL,no,no,5.80025862e2,2.62151890e2,2.96941683e2,9.25785415e1,-39.33020669,36,0,36,0,0,0,0,136834 ns,122541,1152,1152,2432,2819,2819
64,28,stage-checksum,recompute,ntt,mul-output,0,54,24,1,PASS,FAIL,no,no,6.04549043e2,2.44660585e2,2.92090649e2,9.10661179e1,-39.18713646,36,0,36,0,0,0,0,138417 ns,123914,1152,1152,2432,2819,2819
64,28,stage-checksum,recompute,ntt,mul-output,0,54,26,1,PASS,FAIL,no,no,6.01052003e2,2.67567879e2,3.02910540e2,9.44394729e1,-39.50307109,36,0,36,0,0,0,0,191749 ns,172459,1152,1152,2432,2819,2819
64,28,stage-checksum,recompute,ntt,mul-output,0,55,0,1,ERROR,ERROR,ERROR,ERROR,NA,NA,NA,NA,NA,NA,NA,NA,NA,NA,NA,NA,NA,NA,NA,NA,NA,NA,NA
64,28,stage-checksum,recompute,ntt,mul-output,0,55,8,1,ERROR,ERROR,ERROR,ERROR,NA,NA,NA,NA,NA,NA,NA,NA,NA,NA,NA,NA,NA,NA,NA,NA,NA,NA,NA
64,28,stage-checksum,recompute,ntt,mul-output,0,55,24,1,ERROR,ERROR,ERROR,ERROR,NA,NA,NA,NA,NA,NA,NA,NA,NA,NA,NA,NA,NA,NA,NA,NA,NA,NA,NA
64,28,stage-checksum,recompute,ntt,mul-output,0,55,26,1,ERROR,ERROR,ERROR,ERROR,NA,NA,NA,NA,NA,NA,NA,NA,NA,NA,NA,NA,NA,NA,NA,NA,NA,NA,NA
64,28,stage-checksum,recompute,ntt,mul-output,0,56,0,1,PASS,FAIL,no,no,5.68065972e2,2.87748338e2,3.27283644e2,1.02038360e2,-40.17526942,36,0,36,0,0,0,0,228750 ns,205250,1152,1152,2432,2819,2819
64,28,stage-checksum,recompute,ntt,mul-output,0,56,8,1,PASS,FAIL,no,no,5.55421796e2,2.43295734e2,2.74527642e2,8.55904381e1,-38.64850498,36,0,36,0,0,0,0,232459 ns,207999,1152,1152,2432,2819,2819
64,28,stage-checksum,recompute,ntt,mul-output,0,56,24,1,PASS,FAIL,no,no,4.91768770e2,2.68108920e2,2.95131155e2,9.20140669e1,-39.27708452,36,0,36,0,0,0,0,137166 ns,122836,1152,1152,2432,2819,2819
64,28,stage-checksum,recompute,ntt,mul-output,0,56,26,1,PASS,FAIL,no,no,5.22939651e2,2.69477241e2,2.98057310e2,9.29263644e1,-39.36277893,36,0,36,0,0,0,0,166291 ns,148544,1152,1152,2432,2819,2819
64,28,stage-checksum,recompute,ntt,mul-output,0,57,0,1,ERROR,ERROR,ERROR,ERROR,NA,NA,NA,NA,NA,NA,NA,NA,NA,NA,NA,NA,NA,NA,NA,NA,NA,NA,NA
64,28,stage-checksum,recompute,ntt,mul-output,0,57,8,1,ERROR,ERROR,ERROR,ERROR,NA,NA,NA,NA,NA,NA,NA,NA,NA,NA,NA,NA,NA,NA,NA,NA,NA,NA,NA
64,28,stage-checksum,recompute,ntt,mul-output,0,57,24,1,ERROR,ERROR,ERROR,ERROR,NA,NA,NA,NA,NA,NA,NA,NA,NA,NA,NA,NA,NA,NA,NA,NA,NA,NA,NA
64,28,stage-checksum,recompute,ntt,mul-output,0,57,26,1,ERROR,ERROR,ERROR,ERROR,NA,NA,NA,NA,NA,NA,NA,NA,NA,NA,NA,NA,NA,NA,NA,NA,NA,NA,NA
64,28,stage-checksum,recompute,ntt,mul-output,0,58,0,1,PASS,FAIL,no,no,5.62721659e2,2.77574737e2,3.14889604e2,9.81742272e1,-39.83994982,36,0,36,0,0,0,0,179831 ns,162791,1152,1152,2432,2819,2819
64,28,stage-checksum,recompute,ntt,mul-output,0,58,8,1,PASS,FAIL,no,no,5.57273191e2,2.66636926e2,2.91588760e2,9.09096421e1,-39.17219896,36,0,36,0,0,0,0,136335 ns,122166,1152,1152,2432,2819,2819
64,28,stage-checksum,recompute,ntt,mul-output,0,58,24,1,PASS,FAIL,no,no,4.74873575e2,2.39277119e2,2.64713291e2,8.25305837e1,-38.33229833,36,0,36,0,0,0,0,139042 ns,124548,1152,1152,2432,2819,2819
64,28,stage-checksum,recompute,ntt,mul-output,0,58,26,1,PASS,FAIL,no,no,6.20297960e2,2.73924515e2,3.10393148e2,9.67723516e1,-39.71502589,36,0,36,0,0,0,0,139333 ns,124421,1152,1152,2432,2819,2819
64,28,stage-checksum,recompute,ntt,mul-output,0,62,0,1,PASS,FAIL,no,no,6.17688008e2,2.57325819e2,3.01428058e2,9.39772741e1,-39.46045687,36,0,36,0,0,0,0,138209 ns,123623,1152,1152,2432,2819,2819
64,28,stage-checksum,recompute,ntt,mul-output,0,62,8,1,PASS,FAIL,no,no,6.18891215e2,2.87895354e2,3.15988315e2,9.85167761e1,-39.87020383,36,0,36,0,0,0,0,139417 ns,124627,1152,1152,2432,2819,2819
64,28,stage-checksum,recompute,ntt,mul-output,0,62,24,1,PASS,FAIL,no,no,5.86945121e2,2.69129983e2,2.98435633e2,9.30443155e1,-39.37379691,36,0,36,0,0,0,0,139624 ns,124417,1152,1152,2432,2819,2819
64,28,stage-checksum,recompute,ntt,mul-output,0,62,26,1,PASS,FAIL,no,no,6.58469338e2,2.65165112e2,3.01445469e2,9.39827024e1,-39.46095857,36,0,36,0,0,0,0,141041 ns,125672,1152,1152,2432,2819,2819
64,28,stage-checksum,recompute,ntt,mul-output,0,63,0,1,ERROR,ERROR,ERROR,ERROR,NA,NA,NA,NA,NA,NA,NA,NA,NA,NA,NA,NA,NA,NA,NA,NA,NA,NA,NA
64,28,stage-checksum,recompute,ntt,mul-output,0,63,8,1,ERROR,ERROR,ERROR,ERROR,NA,NA,NA,NA,NA,NA,NA,NA,NA,NA,NA,NA,NA,NA,NA,NA,NA,NA,NA
64,28,stage-checksum,recompute,ntt,mul-output,0,63,24,1,ERROR,ERROR,ERROR,ERROR,NA,NA,NA,NA,NA,NA,NA,NA,NA,NA,NA,NA,NA,NA,NA,NA,NA,NA,NA
64,28,stage-checksum,recompute,ntt,mul-output,0,63,26,1,ERROR,ERROR,ERROR,ERROR,NA,NA,NA,NA,NA,NA,NA,NA,NA,NA,NA,NA,NA,NA,NA,NA,NA,NA,NA
64,28,stage-checksum,recompute,ntt,mul-output,0,1,0,2,ERROR,ERROR,ERROR,ERROR,NA,NA,NA,NA,NA,NA,NA,NA,NA,NA,NA,NA,NA,NA,NA,NA,NA,NA,NA
64,28,stage-checksum,recompute,ntt,mul-output,0,1,8,2,ERROR,ERROR,ERROR,ERROR,NA,NA,NA,NA,NA,NA,NA,NA,NA,NA,NA,NA,NA,NA,NA,NA,NA,NA,NA
64,28,stage-checksum,recompute,ntt,mul-output,0,1,24,2,ERROR,ERROR,ERROR,ERROR,NA,NA,NA,NA,NA,NA,NA,NA,NA,NA,NA,NA,NA,NA,NA,NA,NA,NA,NA
64,28,stage-checksum,recompute,ntt,mul-output,0,1,26,2,ERROR,ERROR,ERROR,ERROR,NA,NA,NA,NA,NA,NA,NA,NA,NA,NA,NA,NA,NA,NA,NA,NA,NA,NA,NA
64,28,stage-checksum,recompute,ntt,mul-output,0,4,0,2,PASS,FAIL,no,no,5.85748703e2,2.73823215e2,3.15542805e2,9.83778781e1,-39.85794902,36,0,36,0,0,0,0,137999 ns,122245,1152,1152,2432,2819,2819
64,28,stage-checksum,recompute,ntt,mul-output,0,4,8,2,PASS,FAIL,no,no,6.07181685e2,2.88466460e2,3.15463924e2,9.83532851e1,-39.85577740,36,0,36,0,0,0,0,141792 ns,125749,1152,1152,2432,2819,2819
64,28,stage-checksum,recompute,ntt,mul-output,0,4,24,2,PASS,FAIL,no,no,4.90117378e2,2.60177124e2,2.90150377e2,9.04611925e1,-39.12924617,36,0,36,0,0,0,0,140292 ns,125661,1152,1152,2432,2819,2819
64,28,stage-checksum,recompute,ntt,mul-output,0,4,26,2,PASS,FAIL,no,no,5.37864599e2,2.42263362e2,2.90801406e2,9.06641660e1,-39.14871342,36,0,36,0,0,0,0,137250 ns,122415,1152,1152,2432,2819,2819
64,28,stage-checksum,recompute,ntt,mul-output,0,6,0,2,PASS,FAIL,no,no,5.80323843e2,2.93485724e2,3.12637011e2,9.74719286e1,-39.77759119,36,0,36,0,0,0,0,135250 ns,121044,1152,1152,2432,2819,2819
64,28,stage-checksum,recompute,ntt,mul-output,0,6,8,2,PASS,FAIL,no,no,7.86458094e2,2.46411310e2,2.92590742e2,9.12220336e1,-39.20199499,36,0,36,0,0,0,0,139291 ns,124666,1152,1152,2432,2819,2819
64,28,stage-checksum,recompute,ntt,mul-output,0,6,24,2,PASS,FAIL,no,no,7.70523082e2,2.93140700e2,3.32426954e2,1.03641908e2,-40.31070797,36,0,36,0,0,0,0,139166 ns,124540,1152,1152,2432,2819,2819
64,28,stage-checksum,recompute,ntt,mul-output,0,6,26,2,PASS,FAIL,no,no,5.70024095e2,2.39511209e2,2.74190841e2,8.54854324e1,-38.63784226,36,0,36,0,0,0,0,140542 ns,125296,1152,1152,2432,2819,2819
64,28,stage-checksum,recompute,ntt,mul-output,0,7,0,2,ERROR,ERROR,ERROR,ERROR,NA,NA,NA,NA,NA,NA,NA,NA,NA,NA,NA,NA,NA,NA,NA,NA,NA,NA,NA
64,28,stage-checksum,recompute,ntt,mul-output,0,7,8,2,ERROR,ERROR,ERROR,ERROR,NA,NA,NA,NA,NA,NA,NA,NA,NA,NA,NA,NA,NA,NA,NA,NA,NA,NA,NA
64,28,stage-checksum,recompute,ntt,mul-output,0,7,24,2,ERROR,ERROR,ERROR,ERROR,NA,NA,NA,NA,NA,NA,NA,NA,NA,NA,NA,NA,NA,NA,NA,NA,NA,NA,NA
64,28,stage-checksum,recompute,ntt,mul-output,0,7,26,2,ERROR,ERROR,ERROR,ERROR,NA,NA,NA,NA,NA,NA,NA,NA,NA,NA,NA,NA,NA,NA,NA,NA,NA,NA,NA
64,28,stage-checksum,recompute,ntt,mul-output,0,8,0,2,PASS,FAIL,no,no,5.13283818e2,2.42030188e2,2.75356417e2,8.58488282e1,-38.67468743,36,0,36,0,0,0,0,261542 ns,234291,1152,1152,2432,2819,2819
64,28,stage-checksum,recompute,ntt,mul-output,0,8,8,2,PASS,FAIL,no,no,5.54549011e2,2.33242100e2,2.64826512e2,8.25658829e1,-38.33601259,36,0,36,0,0,0,0,139250 ns,124417,1152,1152,2432,2819,2819
64,28,stage-checksum,recompute,ntt,mul-output,0,8,24,2,PASS,FAIL,no,no,6.59879501e2,2.71165664e2,3.17003798e2,9.88333767e1,-39.89807267,36,0,36,0,0,0,0,137292 ns,122537,1152,1152,2432,2819,2819
64,28,stage-checksum,recompute,ntt,mul-output,0,8,26,2,PASS,FAIL,no,no,6.17591797e2,2.83805301e2,3.20390200e2,9.98891673e1,-39.99036786,36,0,36,0,0,0,0,141124 ns,125830,1152,1152,2432,2819,2819
64,28,stage-checksum,recompute,ntt,mul-output,0,9,0,2,ERROR,ERROR,ERROR,ERROR,NA,NA,NA,NA,NA,NA,NA,NA,NA,NA,NA,NA,NA,NA,NA,NA,NA,NA,NA
64,28,stage-checksum,recompute,ntt,mul-output,0,9,8,2,ERROR,ERROR,ERROR,ERROR,NA,NA,NA,NA,NA,NA,NA,NA,NA,NA,NA,NA,NA,NA,NA,NA,NA,NA,NA
64,28,stage-checksum,recompute,ntt,mul-output,0,9,24,2,ERROR,ERROR,ERROR,ERROR,NA,NA,NA,NA,NA,NA,NA,NA,NA,NA,NA,NA,NA,NA,NA,NA,NA,NA,NA
64,28,stage-checksum,recompute,ntt,mul-output,0,9,26,2,ERROR,ERROR,ERROR,ERROR,NA,NA,NA,NA,NA,NA,NA,NA,NA,NA,NA,NA,NA,NA,NA,NA,NA,NA,NA
64,28,stage-checksum,recompute,ntt,mul-output,0,10,0,2,PASS,FAIL,no,no,6.87142534e2,2.70722397e2,3.14646801e2,9.80985276e1,-39.83324978,36,0,36,0,0,0,0,139459 ns,124544,1152,1152,2432,2819,2819
64,28,stage-checksum,recompute,ntt,mul-output,0,10,8,2,PASS,FAIL,no,no,5.02835007e2,2.65380205e2,2.95349591e2,9.20821694e1,-39.28351085,36,0,36,0,0,0,0,138707 ns,124039,1152,1152,2432,2819,2819
64,28,stage-checksum,recompute,ntt,mul-output,0,10,24,2,PASS,FAIL,no,no,5.41033184e2,2.49548200e2,2.81169390e2,8.76611589e1,-38.85614416,36,0,36,0,0,0,0,139667 ns,123996,1152,1152,2432,2819,2819
64,28,stage-checksum,recompute,ntt,mul-output,0,10,26,2,PASS,FAIL,no,no,7.17891023e2,2.73706707e2,3.07935713e2,9.60061883e1,-39.64598455,36,0,36,0,0,0,0,144665 ns,128291,1152,1152,2432,2819,2819
64,28,stage-checksum,recompute,ntt,mul-output,0,11,0,2,ERROR,ERROR,ERROR,ERROR,NA,NA,NA,NA,NA,NA,NA,NA,NA,NA,NA,NA,NA,NA,NA,NA,NA,NA,NA
64,28,stage-checksum,recompute,ntt,mul-output,0,11,8,2,ERROR,ERROR,ERROR,ERROR,NA,NA,NA,NA,NA,NA,NA,NA,NA,NA,NA,NA,NA,NA,NA,NA,NA,NA,NA
64,28,stage-checksum,recompute,ntt,mul-output,0,11,24,2,ERROR,ERROR,ERROR,ERROR,NA,NA,NA,NA,NA,NA,NA,NA,NA,NA,NA,NA,NA,NA,NA,NA,NA,NA,NA
64,28,stage-checksum,recompute,ntt,mul-output,0,11,26,2,ERROR,ERROR,ERROR,ERROR,NA,NA,NA,NA,NA,NA,NA,NA,NA,NA,NA,NA,NA,NA,NA,NA,NA,NA,NA
64,28,stage-checksum,recompute,ntt,mul-output,0,15,0,2,ERROR,ERROR,ERROR,ERROR,NA,NA,NA,NA,NA,NA,NA,NA,NA,NA,NA,NA,NA,NA,NA,NA,NA,NA,NA
64,28,stage-checksum,recompute,ntt,mul-output,0,15,8,2,ERROR,ERROR,ERROR,ERROR,NA,NA,NA,NA,NA,NA,NA,NA,NA,NA,NA,NA,NA,NA,NA,NA,NA,NA,NA
64,28,stage-checksum,recompute,ntt,mul-output,0,15,24,2,ERROR,ERROR,ERROR,ERROR,NA,NA,NA,NA,NA,NA,NA,NA,NA,NA,NA,NA,NA,NA,NA,NA,NA,NA,NA
64,28,stage-checksum,recompute,ntt,mul-output,0,15,26,2,ERROR,ERROR,ERROR,ERROR,NA,NA,NA,NA,NA,NA,NA,NA,NA,NA,NA,NA,NA,NA,NA,NA,NA,NA,NA
64,28,stage-checksum,recompute,ntt,mul-output,0,16,0,2,PASS,FAIL,no,no,5.85710559e2,2.61407788e2,3.02233818e2,9.42284889e1,-39.48364454,36,0,36,0,0,0,0,163877 ns,145829,1152,1152,2432,2819,2819
64,28,stage-checksum,recompute,ntt,mul-output,0,16,8,2,PASS,FAIL,no,no,4.62453973e2,2.58919014e2,2.80111612e2,8.73313716e1,-38.82340562,36,0,36,0,0,0,0,227501 ns,204332,1152,1152,2432,2819,2819
64,28,stage-checksum,recompute,ntt,mul-output,0,16,24,2,PASS,FAIL,no,no,7.23115814e2,2.44142252e2,2.84783963e2,8.87880869e1,-38.96709397,36,0,36,0,0,0,0,263209 ns,234750,1152,1152,2432,2819,2819
64,28,stage-checksum,recompute,ntt,mul-output,0,16,26,2,PASS,FAIL,no,no,5.52394056e2,2.87187437e2,3.17569093e2,9.90096208e1,-39.91354794,36,0,36,0,0,0,0,233918 ns,209040,1152,1152,2432,2819,2819
64,28,stage-checksum,recompute,ntt,mul-output,0,18,0,2,PASS,FAIL,no,no,7.13332765e2,2.81804965e2,3.17782796e2,9.90762477e1,-39.91939101,36,0,36,0,0,0,0,137875 ns,123295,1152,1152,2432,2819,2819
64,28,stage-checksum,recompute,ntt,mul-output,0,18,8,2,PASS,FAIL,no,no,9.56533596e2,2.71333298e2,3.14687770e2,9.81113008e1,-39.83438067,36,0,36,0,0,0,0,233457 ns,208497,1152,1152,2432,2819,2819
64,28,stage-checksum,recompute,ntt,mul-output,0,18,24,2,PASS,FAIL,no,no,6.23290324e2,2.49253869e2,2.82278893e2,8.80070726e1,-38.89035150,36,0,36,0,0,0,0,135959 ns,121419,1152,1152,2432,2819,2819
64,28,stage-checksum,recompute,ntt,mul-output,0,18,26,2,PASS,FAIL,no,no,7.65625595e2,2.52023762e2,2.93080580e2,9.13747518e1,-39.21652421,36,0,36,0,0,0,0,135959 ns,121289,1152,1152,2432,2819,2819
64,28,stage-checksum,recompute,ntt,mul-output,0,19,0,2,ERROR,ERROR,ERROR,ERROR,NA,NA,NA,NA,NA,NA,NA,NA,NA,NA,NA,NA,NA,NA,NA,NA,NA,NA,NA
64,28,stage-checksum,recompute,ntt,mul-output,0,19,8,2,ERROR,ERROR,ERROR,ERROR,NA,NA,NA,NA,NA,NA,NA,NA,NA,NA,NA,NA,NA,NA,NA,NA,NA,NA,NA
64,28,stage-checksum,recompute,ntt,mul-output,0,19,24,2,ERROR,ERROR,ERROR,ERROR,NA,NA,NA,NA,NA,NA,NA,NA,NA,NA,NA,NA,NA,NA,NA,NA,NA,NA,NA
64,28,stage-checksum,recompute,ntt,mul-output,0,19,26,2,ERROR,ERROR,ERROR,ERROR,NA,NA,NA,NA,NA,NA,NA,NA,NA,NA,NA,NA,NA,NA,NA,NA,NA,NA,NA
64,28,stage-checksum,recompute,ntt,mul-output,0,23,0,2,ERROR,ERROR,ERROR,ERROR,NA,NA,NA,NA,NA,NA,NA,NA,NA,NA,NA,NA,NA,NA,NA,NA,NA,NA,NA
64,28,stage-checksum,recompute,ntt,mul-output,0,23,8,2,ERROR,ERROR,ERROR,ERROR,NA,NA,NA,NA,NA,NA,NA,NA,NA,NA,NA,NA,NA,NA,NA,NA,NA,NA,NA
64,28,stage-checksum,recompute,ntt,mul-output,0,23,24,2,ERROR,ERROR,ERROR,ERROR,NA,NA,NA,NA,NA,NA,NA,NA,NA,NA,NA,NA,NA,NA,NA,NA,NA,NA,NA
64,28,stage-checksum,recompute,ntt,mul-output,0,23,26,2,ERROR,ERROR,ERROR,ERROR,NA,NA,NA,NA,NA,NA,NA,NA,NA,NA,NA,NA,NA,NA,NA,NA,NA,NA,NA
64,28,stage-checksum,recompute,ntt,mul-output,0,24,0,2,PASS,FAIL,no,no,7.43820232e2,2.65280453e2,3.12470635e2,9.74200570e1,-39.77296759,36,0,36,0,0,0,0,137501 ns,122705,1152,1152,2432,2819,2819
64,28,stage-checksum,recompute,ntt,mul-output,0,24,8,2,PASS,FAIL,no,no,4.85210499e2,2.64546666e2,2.85863798e2,8.91247506e1,-38.99996656,36,0,36,0,0,0,0,139292 ns,124335,1152,1152,2432,2819,2819
64,28,stage-checksum,recompute,ntt,mul-output,0,24,24,2,PASS,FAIL,no,no,5.60355070e2,2.41494149e2,2.68627106e2,8.37508073e1,-38.45978004,36,0,36,0,0,0,0,232833 ns,207835,1152,1152,2432,2819,2819
64,28,stage-checksum,recompute,ntt,mul-output,0,24,26,2,PASS,FAIL,no,no,8.08750250e2,3.03944752e2,3.42916591e2,1.06912298e2,-40.58055332,36,0,36,0,0,0,0,263292 ns,235418,1152,1152,2432,2819,2819
64,28,stage-checksum,recompute,ntt,mul-output,0,26,0,2,PASS,FAIL,no,no,5.27939676e2,2.64722649e2,2.98052332e2,9.29248125e1,-39.36263387,36,0,36,0,0,0,0,129584 ns,116081,1152,1152,2432,2819,2819
64,28,stage-checksum,recompute,ntt,mul-output,0,26,8,2,PASS,FAIL,no,no,5.88898587e2,2.68623505e2,2.96660992e2,9.24910295e1,-39.32199227,36,0,36,0,0,0,0,263166 ns,235458,1152,1152,2432,2819,2819
64,28,stage-checksum,recompute,ntt,mul-output,0,26,24,2,PASS,FAIL,no,no,5.04220114e2,2.53022228e2,2.75996964e2,8.60485336e1,-38.69486947,36,0,36,0,0,0,0,232210 ns,207292,1152,1152,2432,2819,2819
64,28,stage-checksum,recompute,ntt,mul-output,0,26,26,2,PASS,FAIL,no,no,5.85705467e2,2.67320839e2,2.98343072e2,9.30154575e1,-39.37110253,36,0,36,0,0,0,0,232000 ns,207459,1152,1152,2432,2819,2819
64,28,stage-checksum,recompute,ntt,mul-output,0,27,0,2,ERROR,ERROR,ERROR,ERROR,NA,NA,NA,NA,NA,NA,NA,NA,NA,NA,NA,NA,NA,NA,NA,NA,NA,NA,NA
64,28,stage-checksum,recompute,ntt,mul-output,0,27,8,2,ERROR,ERROR,ERROR,ERROR,NA,NA,NA,NA,NA,NA,NA,NA,NA,NA,NA,NA,NA,NA,NA,NA,NA,NA,NA
64,28,stage-checksum,recompute,ntt,mul-output,0,27,24,2,ERROR,ERROR,ERROR,ERROR,NA,NA,NA,NA,NA,NA,NA,NA,NA,NA,NA,NA,NA,NA,NA,NA,NA,NA,NA
64,28,stage-checksum,recompute,ntt,mul-output,0,27,26,2,ERROR,ERROR,ERROR,ERROR,NA,NA,NA,NA,NA,NA,NA,NA,NA,NA,NA,NA,NA,NA,NA,NA,NA,NA,NA
64,28,stage-checksum,recompute,ntt,mul-output,0,28,0,2,PASS,FAIL,no,no,5.42451275e2,2.47291710e2,2.72961041e2,8.51020133e1,-38.59879669,36,0,36,0,0,0,0,140209 ns,124373,1152,1152,2432,2819,2819
64,28,stage-checksum,recompute,ntt,mul-output,0,28,8,2,PASS,FAIL,no,no,5.26199816e2,2.85008687e2,3.15520119e2,9.83708051e1,-39.85732452,36,0,36,0,0,0,0,140667 ns,125249,1152,1152,2432,2819,2819
64,28,stage-checksum,recompute,ntt,mul-output,0,28,24,2,PASS,FAIL,no,no,7.81958678e2,2.73694845e2,3.11868095e2,9.72322010e1,-39.75620233,36,0,36,0,0,0,0,139209 ns,124496,1152,1152,2432,2819,2819
64,28,stage-checksum,recompute,ntt,mul-output,0,28,26,2,PASS,FAIL,no,no,5.52887477e2,2.61103703e2,2.98119262e2,9.29456795e1,-39.36458414,36,0,36,0,0,0,0,137210 ns,122124,1152,1152,2432,2819,2819
64,28,stage-checksum,recompute,ntt,mul-output,0,29,0,2,ERROR,ERROR,ERROR,ERROR,NA,NA,NA,NA,NA,NA,NA,NA,NA,NA,NA,NA,NA,NA,NA,NA,NA,NA,NA
64,28,stage-checksum,recompute,ntt,mul-output,0,29,8,2,ERROR,ERROR,ERROR,ERROR,NA,NA,NA,NA,NA,NA,NA,NA,NA,NA,NA,NA,NA,NA,NA,NA,NA,NA,NA
64,28,stage-checksum,recompute,ntt,mul-output,0,29,24,2,ERROR,ERROR,ERROR,ERROR,NA,NA,NA,NA,NA,NA,NA,NA,NA,NA,NA,NA,NA,NA,NA,NA,NA,NA,NA
64,28,stage-checksum,recompute,ntt,mul-output,0,29,26,2,ERROR,ERROR,ERROR,ERROR,NA,NA,NA,NA,NA,NA,NA,NA,NA,NA,NA,NA,NA,NA,NA,NA,NA,NA,NA
64,28,stage-checksum,recompute,ntt,mul-output,0,31,0,2,ERROR,ERROR,ERROR,ERROR,NA,NA,NA,NA,NA,NA,NA,NA,NA,NA,NA,NA,NA,NA,NA,NA,NA,NA,NA
64,28,stage-checksum,recompute,ntt,mul-output,0,31,8,2,ERROR,ERROR,ERROR,ERROR,NA,NA,NA,NA,NA,NA,NA,NA,NA,NA,NA,NA,NA,NA,NA,NA,NA,NA,NA
64,28,stage-checksum,recompute,ntt,mul-output,0,31,24,2,ERROR,ERROR,ERROR,ERROR,NA,NA,NA,NA,NA,NA,NA,NA,NA,NA,NA,NA,NA,NA,NA,NA,NA,NA,NA
64,28,stage-checksum,recompute,ntt,mul-output,0,31,26,2,ERROR,ERROR,ERROR,ERROR,NA,NA,NA,NA,NA,NA,NA,NA,NA,NA,NA,NA,NA,NA,NA,NA,NA,NA,NA
64,28,stage-checksum,recompute,ntt,mul-output,0,32,0,2,PASS,FAIL,no,no,5.97405803e2,2.48992414e2,2.90611639e2,9.06050018e1,-39.14304346,36,0,36,0,0,0,0,190751 ns,170499,1152,1152,2432,2819,2819
64,28,stage-checksum,recompute,ntt,mul-output,0,32,8,2,PASS,FAIL,no,no,6.35294468e2,3.03592339e2,3.35710017e2,1.04665480e2,-40.39606938,36,0,36,0,0,0,0,139290 ns,124422,1152,1152,2432,2819,2819
64,28,stage-checksum,recompute,ntt,mul-output,0,32,24,2,PASS,FAIL,no,no,4.49469872e2,2.39413508e2,2.64814085e2,8.25620086e1,-38.33560501,36,0,36,0,0,0,0,233624 ns,208788,1152,1152,2432,2819,2819
64,28,stage-checksum,recompute,ntt,mul-output,0,32,26,2,PASS,FAIL,no,no,6.09343499e2,2.50037023e2,2.85150479e2,8.89023567e1,-38.97826548,36,0,36,0,0,0,0,139834 ns,124919,1152,1152,2432,2819,2819
64,28,stage-checksum,recompute,ntt,mul-output,0,33,0,2,ERROR,ERROR,ERROR,ERROR,NA,NA,NA,NA,NA,NA,NA,NA,NA,NA,NA,NA,NA,NA,NA,NA,NA,NA,NA
64,28,stage-checksum,recompute,ntt,mul-output,0,33,8,2,ERROR,ERROR,ERROR,ERROR,NA,NA,NA,NA,NA,NA,NA,NA,NA,NA,NA,NA,NA,NA,NA,NA,NA,NA,NA
64,28,stage-checksum,recompute,ntt,mul-output,0,33,24,2,ERROR,ERROR,ERROR,ERROR,NA,NA,NA,NA,NA,NA,NA,NA,NA,NA,NA,NA,NA,NA,NA,NA,NA,NA,NA
64,28,stage-checksum,recompute,ntt,mul-output,0,33,26,2,ERROR,ERROR,ERROR,ERROR,NA,NA,NA,NA,NA,NA,NA,NA,NA,NA,NA,NA,NA,NA,NA,NA,NA,NA,NA
64,28,stage-checksum,recompute,ntt,mul-output,0,35,0,2,ERROR,ERROR,ERROR,ERROR,NA,NA,NA,NA,NA,NA,NA,NA,NA,NA,NA,NA,NA,NA,NA,NA,NA,NA,NA
64,28,stage-checksum,recompute,ntt,mul-output,0,35,8,2,ERROR,ERROR,ERROR,ERROR,NA,NA,NA,NA,NA,NA,NA,NA,NA,NA,NA,NA,NA,NA,NA,NA,NA,NA,NA
64,28,stage-checksum,recompute,ntt,mul-output,0,35,24,2,ERROR,ERROR,ERROR,ERROR,NA,NA,NA,NA,NA,NA,NA,NA,NA,NA,NA,NA,NA,NA,NA,NA,NA,NA,NA
64,28,stage-checksum,recompute,ntt,mul-output,0,35,26,2,ERROR,ERROR,ERROR,ERROR,NA,NA,NA,NA,NA,NA,NA,NA,NA,NA,NA,NA,NA,NA,NA,NA,NA,NA,NA
64,28,stage-checksum,recompute,ntt,mul-output,0,38,0,2,PASS,FAIL,no,no,7.64482849e2,2.67741316e2,3.05559385e2,9.52653124e1,-39.57869592,36,0,36,0,0,0,0,178167 ns,158337,1152,1152,2432,2819,2819
64,28,stage-checksum,recompute,ntt,mul-output,0,38,8,2,PASS,FAIL,no,no,5.82123547e2,2.81609994e2,3.11062578e2,9.69810619e1,-39.73373871,36,0,36,0,0,0,0,214666 ns,192124,1152,1152,2432,2819,2819
64,28,stage-checksum,recompute,ntt,mul-output,0,38,24,2,PASS,FAIL,no,no,5.17291520e2,2.56146700e2,2.93819096e2,9.16050017e1,-39.23838374,36,0,36,0,0,0,0,263041 ns,235001,1152,1152,2432,2819,2819
64,28,stage-checksum,recompute,ntt,mul-output,0,38,26,2,PASS,FAIL,no,no,4.85910743e2,2.35770808e2,2.61883395e2,8.16482971e1,-38.23894263,36,0,36,0,0,0,0,265249 ns,235373,1152,1152,2432,2819,2819
64,28,stage-checksum,recompute,ntt,mul-output,0,43,0,2,ERROR,ERROR,ERROR,ERROR,NA,NA,NA,NA,NA,NA,NA,NA,NA,NA,NA,NA,NA,NA,NA,NA,NA,NA,NA
64,28,stage-checksum,recompute,ntt,mul-output,0,43,8,2,ERROR,ERROR,ERROR,ERROR,NA,NA,NA,NA,NA,NA,NA,NA,NA,NA,NA,NA,NA,NA,NA,NA,NA,NA,NA
64,28,stage-checksum,recompute,ntt,mul-output,0,43,24,2,ERROR,ERROR,ERROR,ERROR,NA,NA,NA,NA,NA,NA,NA,NA,NA,NA,NA,NA,NA,NA,NA,NA,NA,NA,NA
64,28,stage-checksum,recompute,ntt,mul-output,0,43,26,2,ERROR,ERROR,ERROR,ERROR,NA,NA,NA,NA,NA,NA,NA,NA,NA,NA,NA,NA,NA,NA,NA,NA,NA,NA,NA
64,28,stage-checksum,recompute,ntt,mul-output,0,45,0,2,ERROR,ERROR,ERROR,ERROR,NA,NA,NA,NA,NA,NA,NA,NA,NA,NA,NA,NA,NA,NA,NA,NA,NA,NA,NA
64,28,stage-checksum,recompute,ntt,mul-output,0,45,8,2,ERROR,ERROR,ERROR,ERROR,NA,NA,NA,NA,NA,NA,NA,NA,NA,NA,NA,NA,NA,NA,NA,NA,NA,NA,NA
64,28,stage-checksum,recompute,ntt,mul-output,0,45,24,2,ERROR,ERROR,ERROR,ERROR,NA,NA,NA,NA,NA,NA,NA,NA,NA,NA,NA,NA,NA,NA,NA,NA,NA,NA,NA
64,28,stage-checksum,recompute,ntt,mul-output,0,45,26,2,ERROR,ERROR,ERROR,ERROR,NA,NA,NA,NA,NA,NA,NA,NA,NA,NA,NA,NA,NA,NA,NA,NA,NA,NA,NA
64,28,stage-checksum,recompute,ntt,mul-output,0,46,0,2,PASS,FAIL,no,no,5.06673969e2,2.51541528e2,2.78421787e2,8.68045290e1,-38.77084770,36,0,36,0,0,0,0,210625 ns,187835,1152,1152,2432,2819,2819
64,28,stage-checksum,recompute,ntt,mul-output,0,46,8,2,PASS,FAIL,no,no,6.89334284e2,2.95664931e2,3.40172449e2,1.06056748e2,-40.51076611,36,0,36,0,0,0,0,231833 ns,207499,1152,1152,2432,2819,2819
64,28,stage-checksum,recompute,ntt,mul-output,0,46,24,2,PASS,FAIL,no,no,5.91712939e2,2.65055038e2,2.93755432e2,9.15851529e1,-39.23650150,36,0,36,0,0,0,0,232292 ns,207711,1152,1152,2432,2819,2819
64,28,stage-checksum,recompute,ntt,mul-output,0,46,26,2,PASS,FAIL,no,no,6.19317663e2,2.87705987e2,3.21004655e2,1.00080738e2,-40.00700999,36,0,36,0,0,0,0,261499 ns,233962,1152,1152,2432,2819,2819
64,28,stage-checksum,recompute,ntt,mul-output,0,47,0,2,ERROR,ERROR,ERROR,ERROR,NA,NA,NA,NA,NA,NA,NA,NA,NA,NA,NA,NA,NA,NA,NA,NA,NA,NA,NA
64,28,stage-checksum,recompute,ntt,mul-output,0,47,8,2,ERROR,ERROR,ERROR,ERROR,NA,NA,NA,NA,NA,NA,NA,NA,NA,NA,NA,NA,NA,NA,NA,NA,NA,NA,NA
64,28,stage-checksum,recompute,ntt,mul-output,0,47,24,2,ERROR,ERROR,ERROR,ERROR,NA,NA,NA,NA,NA,NA,NA,NA,NA,NA,NA,NA,NA,NA,NA,NA,NA,NA,NA
64,28,stage-checksum,recompute,ntt,mul-output,0,47,26,2,ERROR,ERROR,ERROR,ERROR,NA,NA,NA,NA,NA,NA,NA,NA,NA,NA,NA,NA,NA,NA,NA,NA,NA,NA,NA
64,28,stage-checksum,recompute,ntt,mul-output,0,48,0,2,PASS,FAIL,no,no,5.47598773e2,2.65001937e2,2.92886918e2,9.13143733e1,-39.21078286,36,0,36,0,0,0,0,304000 ns,271952,1152,1152,2432,2819,2819
64,28,stage-checksum,recompute,ntt,mul-output,0,48,8,2,PASS,FAIL,no,no,6.93486435e2,2.71948739e2,3.02487034e2,9.43074347e1,-39.49091863,36,0,36,0,0,0,0,138876 ns,124168,1152,1152,2432,2819,2819
64,28,stage-checksum,recompute,ntt,mul-output,0,48,24,2,PASS,FAIL,no,no,5.51391335e2,2.47005209e2,2.83718124e2,8.84557865e1,-38.93452497,36,0,36,0,0,0,0,142041 ns,127083,1152,1152,2432,2819,2819
64,28,stage-checksum,recompute,ntt,mul-output,0,48,26,2,PASS,FAIL,no,no,5.49754391e2,2.49784485e2,2.88122489e2,8.98289508e1,-39.06832655,36,0,36,0,0,0,0,138124 ns,123207,1152,1152,2432,2819,2819
64,28,stage-checksum,recompute,ntt,mul-output,0,50,0,2,PASS,FAIL,no,no,6.72800392e2,2.65829009e2,3.05014317e2,9.50953748e1,-39.56318789,36,0,36,0,0,0,0,211416 ns,187832,1152,1152,2432,2819,2819
64,28,stage-checksum,recompute,ntt,mul-output,0,50,8,2,PASS,FAIL,no,no,5.49241977e2,2.51603010e2,2.89900482e2,9.03832817e1,-39.12176212,36,0,36,0,0,0,0,261833 ns,234496,1152,1152,2432,2819,2819
64,28,stage-checksum,recompute,ntt,mul-output,0,50,24,2,PASS,FAIL,no,no,5.38594090e2,2.50158399e2,2.77260534e2,8.64424811e1,-38.73454447,36,0,36,0,0,0,0,232792 ns,208501,1152,1152,2432,2819,2819
64,28,stage-checksum,recompute,ntt,mul-output,0,50,26,2,PASS,FAIL,no,no,5.87972497e2,2.74005658e2,3.08376971e2,9.61437611e1,-39.65842215,36,0,36,0,0,0,0,151960 ns,135751,1152,1152,2432,2819,2819
64,28,stage-checksum,recompute,ntt,mul-output,0,51,0,2,ERROR,ERROR,ERROR,ERROR,NA,NA,NA,NA,NA,NA,NA,NA,NA,NA,NA,NA,NA,NA,NA,NA,NA,NA,NA
64,28,stage-checksum,recompute,ntt,mul-output,0,51,8,2,ERROR,ERROR,ERROR,ERROR,NA,NA,NA,NA,NA,NA,NA,NA,NA,NA,NA,NA,NA,NA,NA,NA,NA,NA,NA
64,28,stage-checksum,recompute,ntt,mul-output,0,51,24,2,ERROR,ERROR,ERROR,ERROR,NA,NA,NA,NA,NA,NA,NA,NA,NA,NA,NA,NA,NA,NA,NA,NA,NA,NA,NA
64,28,stage-checksum,recompute,ntt,mul-output,0,51,26,2,ERROR,ERROR,ERROR,ERROR,NA,NA,NA,NA,NA,NA,NA,NA,NA,NA,NA,NA,NA,NA,NA,NA,NA,NA,NA
64,28,stage-checksum,recompute,ntt,mul-output,0,58,0,2,PASS,FAIL,no,no,5.62721659e2,2.77574737e2,3.14889604e2,9.81742272e1,-39.83994982,36,0,36,0,0,0,0,138709 ns,124130,1152,1152,2432,2819,2819
64,28,stage-checksum,recompute,ntt,mul-output,0,58,8,2,PASS,FAIL,no,no,5.57273191e2,2.66636926e2,2.91588760e2,9.09096421e1,-39.17219896,36,0,36,0,0,0,0,233418 ns,208419,1152,1152,2432,2819,2819
64,28,stage-checksum,recompute,ntt,mul-output,0,58,24,2,PASS,FAIL,no,no,4.74873575e2,2.39277119e2,2.64713291e2,8.25305837e1,-38.33229833,36,0,36,0,0,0,0,235167 ns,208788,1152,1152,2432,2819,2819
64,28,stage-checksum,recompute,ntt,mul-output,0,58,26,2,PASS,FAIL,no,no,6.20297960e2,2.73924515e2,3.10393148e2,9.67723516e1,-39.71502589,36,0,36,0,0,0,0,226167 ns,202545,1152,1152,2432,2819,2819
64,28,stage-checksum,recompute,ntt,mul-output,0,59,0,2,ERROR,ERROR,ERROR,ERROR,NA,NA,NA,NA,NA,NA,NA,NA,NA,NA,NA,NA,NA,NA,NA,NA,NA,NA,NA
64,28,stage-checksum,recompute,ntt,mul-output,0,59,8,2,ERROR,ERROR,ERROR,ERROR,NA,NA,NA,NA,NA,NA,NA,NA,NA,NA,NA,NA,NA,NA,NA,NA,NA,NA,NA
64,28,stage-checksum,recompute,ntt,mul-output,0,59,24,2,ERROR,ERROR,ERROR,ERROR,NA,NA,NA,NA,NA,NA,NA,NA,NA,NA,NA,NA,NA,NA,NA,NA,NA,NA,NA
64,28,stage-checksum,recompute,ntt,mul-output,0,59,26,2,ERROR,ERROR,ERROR,ERROR,NA,NA,NA,NA,NA,NA,NA,NA,NA,NA,NA,NA,NA,NA,NA,NA,NA,NA,NA
64,28,stage-checksum,recompute,ntt,mul-output,0,0,0,3,PASS,FAIL,no,no,5.62062584e2,2.52476300e2,2.90308588e2,9.05105185e1,-39.13398106,36,0,36,0,0,0,0,211042 ns,187460,1152,1152,2432,2819,2819
64,28,stage-checksum,recompute,ntt,mul-output,0,0,8,3,PASS,FAIL,no,no,5.43086719e2,2.64632541e2,2.91192725e2,9.07861689e1,-39.16039379,36,0,36,0,0,0,0,138375 ns,123794,1152,1152,2432,2819,2819
64,28,stage-checksum,recompute,ntt,mul-output,0,0,24,3,PASS,FAIL,no,no,6.23244838e2,2.34006350e2,2.61750955e2,8.16070058e1,-38.23454887,36,0,36,0,0,0,0,190959 ns,170747,1152,1152,2432,2819,2819
64,28,stage-checksum,recompute,ntt,mul-output,0,0,26,3,PASS,FAIL,no,no,5.97471162e2,2.63133074e2,2.91951466e2,9.10227243e1,-39.18299659,36,0,36,0,0,0,0,137666 ns,122875,1152,1152,2432,2819,2819
64,28,stage-checksum,recompute,ntt,mul-output,0,2,0,3,PASS,FAIL,no,no,6.44524536e2,2.49132312e2,2.82844917e2,8.81835437e1,-38.90775094,36,0,36,0,0,0,0,232664 ns,207795,1152,1152,2432,2819,2819
64,28,stage-checksum,recompute,ntt,mul-output,0,2,8,3,PASS,FAIL,no,no,5.04663089e2,2.70192614e2,3.00966764e2,9.38334549e1,-39.44715414,36,0,36,0,0,0,0,233082 ns,208501,1152,1152,2432,2819,2819
64,28,stage-checksum,recompute,ntt,mul-output,0,2,24,3,PASS,FAIL,no,no,5.03195727e2,2.64137085e2,2.99245831e2,9.32969136e1,-39.39734553,36,0,36,0,0,0,0,233292 ns,208332,1152,1152,2432,2819,2819
64,28,stage-checksum,recompute,ntt,mul-output,0,2,26,3,PASS,FAIL,no,no,5.76726079e2,2.59415458e2,2.93976358e2,9.16540318e1,-39.24303148,36,0,36,0,0,0,0,144459 ns,129128,1152,1152,2432,2819,2819
64,28,stage-checksum,recompute,ntt,mul-output,0,6,0,3,PASS,FAIL,no,no,5.80323843e2,2.93485724e2,3.12637011e2,9.74719286e1,-39.77759119,36,0,36,0,0,0,0,262958 ns,235041,1152,1152,2432,2819,2819
64,28,stage-checksum,recompute,ntt,mul-output,0,6,8,3,PASS,FAIL,no,no,7.86458094e2,2.46411310e2,2.92590742e2,9.12220336e1,-39.20199499,36,0,36,0,0,0,0,232833 ns,207750,1152,1152,2432,2819,2819
64,28,stage-checksum,recompute,ntt,mul-output,0,6,24,3,PASS,FAIL,no,no,7.70523082e2,2.93140700e2,3.32426954e2,1.03641908e2,-40.31070797,36,0,36,0,0,0,0,233168 ns,207836,1152,1152,2432,2819,2819
64,28,stage-checksum,recompute,ntt,mul-output,0,6,26,3,PASS,FAIL,no,no,5.70024095e2,2.39511209e2,2.74190841e2,8.54854324e1,-38.63784226,36,0,36,0,0,0,0,138125 ns,122293,1152,1152,2432,2819,2819
64,28,stage-checksum,recompute,ntt,mul-output,0,7,0,3,ERROR,ERROR,ERROR,ERROR,NA,NA,NA,NA,NA,NA,NA,NA,NA,NA,NA,NA,NA,NA,NA,NA,NA,NA,NA
64,28,stage-checksum,recompute,ntt,mul-output,0,7,8,3,ERROR,ERROR,ERROR,ERROR,NA,NA,NA,NA,NA,NA,NA,NA,NA,NA,NA,NA,NA,NA,NA,NA,NA,NA,NA
64,28,stage-checksum,recompute,ntt,mul-output,0,7,24,3,ERROR,ERROR,ERROR,ERROR,NA,NA,NA,NA,NA,NA,NA,NA,NA,NA,NA,NA,NA,NA,NA,NA,NA,NA,NA
64,28,stage-checksum,recompute,ntt,mul-output,0,7,26,3,ERROR,ERROR,ERROR,ERROR,NA,NA,NA,NA,NA,NA,NA,NA,NA,NA,NA,NA,NA,NA,NA,NA,NA,NA,NA
64,28,stage-checksum,recompute,ntt,mul-output,0,9,0,3,ERROR,ERROR,ERROR,ERROR,NA,NA,NA,NA,NA,NA,NA,NA,NA,NA,NA,NA,NA,NA,NA,NA,NA,NA,NA
64,28,stage-checksum,recompute,ntt,mul-output,0,9,8,3,ERROR,ERROR,ERROR,ERROR,NA,NA,NA,NA,NA,NA,NA,NA,NA,NA,NA,NA,NA,NA,NA,NA,NA,NA,NA
64,28,stage-checksum,recompute,ntt,mul-output,0,9,24,3,ERROR,ERROR,ERROR,ERROR,NA,NA,NA,NA,NA,NA,NA,NA,NA,NA,NA,NA,NA,NA,NA,NA,NA,NA,NA
64,28,stage-checksum,recompute,ntt,mul-output,0,9,26,3,ERROR,ERROR,ERROR,ERROR,NA,NA,NA,NA,NA,NA,NA,NA,NA,NA,NA,NA,NA,NA,NA,NA,NA,NA,NA
64,28,stage-checksum,recompute,ntt,mul-output,0,10,0,3,PASS,FAIL,no,no,6.87142534e2,2.70722397e2,3.14646801e2,9.80985276e1,-39.83324978,36,0,36,0,0,0,0,154835 ns,138750,1152,1152,2432,2819,2819
64,28,stage-checksum,recompute,ntt,mul-output,0,10,8,3,PASS,FAIL,no,no,5.02835007e2,2.65380205e2,2.95349591e2,9.20821694e1,-39.28351085,36,0,36,0,0,0,0,151208 ns,135294,1152,1152,2432,2819,2819
64,28,stage-checksum,recompute,ntt,mul-output,0,10,24,3,PASS,FAIL,no,no,5.41033184e2,2.49548200e2,2.81169390e2,8.76611589e1,-38.85614416,36,0,36,0,0,0,0,173125 ns,154416,1152,1152,2432,2819,2819
64,28,stage-checksum,recompute,ntt,mul-output,0,10,26,3,PASS,FAIL,no,no,7.17891023e2,2.73706707e2,3.07935713e2,9.60061883e1,-39.64598455,36,0,36,0,0,0,0,136958 ns,122416,1152,1152,2432,2819,2819
64,28,stage-checksum,recompute,ntt,mul-output,0,11,0,3,ERROR,ERROR,ERROR,ERROR,NA,NA,NA,NA,NA,NA,NA,NA,NA,NA,NA,NA,NA,NA,NA,NA,NA,NA,NA
64,28,stage-checksum,recompute,ntt,mul-output,0,11,8,3,ERROR,ERROR,ERROR,ERROR,NA,NA,NA,NA,NA,NA,NA,NA,NA,NA,NA,NA,NA,NA,NA,NA,NA,NA,NA
64,28,stage-checksum,recompute,ntt,mul-output,0,11,24,3,ERROR,ERROR,ERROR,ERROR,NA,NA,NA,NA,NA,NA,NA,NA,NA,NA,NA,NA,NA,NA,NA,NA,NA,NA,NA
64,28,stage-checksum,recompute,ntt,mul-output,0,11,26,3,ERROR,ERROR,ERROR,ERROR,NA,NA,NA,NA,NA,NA,NA,NA,NA,NA,NA,NA,NA,NA,NA,NA,NA,NA,NA
64,28,stage-checksum,recompute,ntt,mul-output,0,13,0,3,ERROR,ERROR,ERROR,ERROR,NA,NA,NA,NA,NA,NA,NA,NA,NA,NA,NA,NA,NA,NA,NA,NA,NA,NA,NA
64,28,stage-checksum,recompute,ntt,mul-output,0,13,8,3,ERROR,ERROR,ERROR,ERROR,NA,NA,NA,NA,NA,NA,NA,NA,NA,NA,NA,NA,NA,NA,NA,NA,NA,NA,NA
64,28,stage-checksum,recompute,ntt,mul-output,0,13,24,3,ERROR,ERROR,ERROR,ERROR,NA,NA,NA,NA,NA,NA,NA,NA,NA,NA,NA,NA,NA,NA,NA,NA,NA,NA,NA
64,28,stage-checksum,recompute,ntt,mul-output,0,13,26,3,ERROR,ERROR,ERROR,ERROR,NA,NA,NA,NA,NA,NA,NA,NA,NA,NA,NA,NA,NA,NA,NA,NA,NA,NA,NA
64,28,stage-checksum,recompute,ntt,mul-output,0,15,0,3,ERROR,ERROR,ERROR,ERROR,NA,NA,NA,NA,NA,NA,NA,NA,NA,NA,NA,NA,NA,NA,NA,NA,NA,NA,NA
64,28,stage-checksum,recompute,ntt,mul-output,0,15,8,3,ERROR,ERROR,ERROR,ERROR,NA,NA,NA,NA,NA,NA,NA,NA,NA,NA,NA,NA,NA,NA,NA,NA,NA,NA,NA
64,28,stage-checksum,recompute,ntt,mul-output,0,15,24,3,ERROR,ERROR,ERROR,ERROR,NA,NA,NA,NA,NA,NA,NA,NA,NA,NA,NA,NA,NA,NA,NA,NA,NA,NA,NA
64,28,stage-checksum,recompute,ntt,mul-output,0,15,26,3,ERROR,ERROR,ERROR,ERROR,NA,NA,NA,NA,NA,NA,NA,NA,NA,NA,NA,NA,NA,NA,NA,NA,NA,NA,NA
64,28,stage-checksum,recompute,ntt,mul-output,0,17,0,3,ERROR,ERROR,ERROR,ERROR,NA,NA,NA,NA,NA,NA,NA,NA,NA,NA,NA,NA,NA,NA,NA,NA,NA,NA,NA
64,28,stage-checksum,recompute,ntt,mul-output,0,17,8,3,ERROR,ERROR,ERROR,ERROR,NA,NA,NA,NA,NA,NA,NA,NA,NA,NA,NA,NA,NA,NA,NA,NA,NA,NA,NA
64,28,stage-checksum,recompute,ntt,mul-output,0,17,24,3,ERROR,ERROR,ERROR,ERROR,NA,NA,NA,NA,NA,NA,NA,NA,NA,NA,NA,NA,NA,NA,NA,NA,NA,NA,NA
64,28,stage-checksum,recompute,ntt,mul-output,0,17,26,3,ERROR,ERROR,ERROR,ERROR,NA,NA,NA,NA,NA,NA,NA,NA,NA,NA,NA,NA,NA,NA,NA,NA,NA,NA,NA
64,28,stage-checksum,recompute,ntt,mul-output,0,18,0,3,PASS,FAIL,no,no,7.13332765e2,2.81804965e2,3.17782796e2,9.90762477e1,-39.91939101,36,0,36,0,0,0,0,138583 ns,123957,1152,1152,2432,2819,2819
64,28,stage-checksum,recompute,ntt,mul-output,0,18,8,3,PASS,FAIL,no,no,9.56533596e2,2.71333298e2,3.14687770e2,9.81113008e1,-39.83438067,36,0,36,0,0,0,0,232081 ns,208002,1152,1152,2432,2819,2819
64,28,stage-checksum,recompute,ntt,mul-output,0,18,24,3,PASS,FAIL,no,no,6.23290324e2,2.49253869e2,2.82278893e2,8.80070726e1,-38.89035150,36,0,36,0,0,0,0,137125 ns,122709,1152,1152,2432,2819,2819
64,28,stage-checksum,recompute,ntt,mul-output,0,18,26,3,PASS,FAIL,no,no,7.65625595e2,2.52023762e2,2.93080580e2,9.13747518e1,-39.21652421,36,0,36,0,0,0,0,233084 ns,208041,1152,1152,2432,2819,2819
64,28,stage-checksum,recompute,ntt,mul-output,0,19,0,3,ERROR,ERROR,ERROR,ERROR,NA,NA,NA,NA,NA,NA,NA,NA,NA,NA,NA,NA,NA,NA,NA,NA,NA,NA,NA
64,28,stage-checksum,recompute,ntt,mul-output,0,19,8,3,ERROR,ERROR,ERROR,ERROR,NA,NA,NA,NA,NA,NA,NA,NA,NA,NA,NA,NA,NA,NA,NA,NA,NA,NA,NA
64,28,stage-checksum,recompute,ntt,mul-output,0,19,24,3,ERROR,ERROR,ERROR,ERROR,NA,NA,NA,NA,NA,NA,NA,NA,NA,NA,NA,NA,NA,NA,NA,NA,NA,NA,NA
64,28,stage-checksum,recompute,ntt,mul-output,0,19,26,3,ERROR,ERROR,ERROR,ERROR,NA,NA,NA,NA,NA,NA,NA,NA,NA,NA,NA,NA,NA,NA,NA,NA,NA,NA,NA
64,28,stage-checksum,recompute,ntt,mul-output,0,25,0,3,ERROR,ERROR,ERROR,ERROR,NA,NA,NA,NA,NA,NA,NA,NA,NA,NA,NA,NA,NA,NA,NA,NA,NA,NA,NA
64,28,stage-checksum,recompute,ntt,mul-output,0,25,8,3,ERROR,ERROR,ERROR,ERROR,NA,NA,NA,NA,NA,NA,NA,NA,NA,NA,NA,NA,NA,NA,NA,NA,NA,NA,NA
64,28,stage-checksum,recompute,ntt,mul-output,0,25,24,3,ERROR,ERROR,ERROR,ERROR,NA,NA,NA,NA,NA,NA,NA,NA,NA,NA,NA,NA,NA,NA,NA,NA,NA,NA,NA
64,28,stage-checksum,recompute,ntt,mul-output,0,25,26,3,ERROR,ERROR,ERROR,ERROR,NA,NA,NA,NA,NA,NA,NA,NA,NA,NA,NA,NA,NA,NA,NA,NA,NA,NA,NA
64,28,stage-checksum,recompute,ntt,mul-output,0,26,0,3,PASS,FAIL,no,no,5.27939676e2,2.64722649e2,2.98052332e2,9.29248125e1,-39.36263387,36,0,36,0,0,0,0,177624 ns,158669,1152,1152,2432,2819,2819
64,28,stage-checksum,recompute,ntt,mul-output,0,26,8,3,PASS,FAIL,no,no,5.88898587e2,2.68623505e2,2.96660992e2,9.24910295e1,-39.32199227,36,0,36,0,0,0,0,232000 ns,207797,1152,1152,2432,2819,2819
64,28,stage-checksum,recompute,ntt,mul-output,0,26,24,3,PASS,FAIL,no,no,5.04220114e2,2.53022228e2,2.75996964e2,8.60485336e1,-38.69486947,36,0,36,0,0,0,0,262583 ns,234296,1152,1152,2432,2819,2819
64,28,stage-checksum,recompute,ntt,mul-output,0,26,26,3,PASS,FAIL,no,no,5.85705467e2,2.67320839e2,2.98343072e2,9.30154575e1,-39.37110253,36,0,36,0,0,0,0,137791 ns,122709,1152,1152,2432,2819,2819
64,28,stage-checksum,recompute,ntt,mul-output,0,27,0,3,ERROR,ERROR,ERROR,ERROR,NA,NA,NA,NA,NA,NA,NA,NA,NA,NA,NA,NA,NA,NA,NA,NA,NA,NA,NA
64,28,stage-checksum,recompute,ntt,mul-output,0,27,8,3,ERROR,ERROR,ERROR,ERROR,NA,NA,NA,NA,NA,NA,NA,NA,NA,NA,NA,NA,NA,NA,NA,NA,NA,NA,NA
64,28,stage-checksum,recompute,ntt,mul-output,0,27,24,3,ERROR,ERROR,ERROR,ERROR,NA,NA,NA,NA,NA,NA,NA,NA,NA,NA,NA,NA,NA,NA,NA,NA,NA,NA,NA
64,28,stage-checksum,recompute,ntt,mul-output,0,27,26,3,ERROR,ERROR,ERROR,ERROR,NA,NA,NA,NA,NA,NA,NA,NA,NA,NA,NA,NA,NA,NA,NA,NA,NA,NA,NA
64,28,stage-checksum,recompute,ntt,mul-output,0,28,0,3,PASS,FAIL,no,no,5.42451275e2,2.47291710e2,2.72961041e2,8.51020133e1,-38.59879669,36,0,36,0,0,0,0,191000 ns,171127,1152,1152,2432,2819,2819
64,28,stage-checksum,recompute,ntt,mul-output,0,28,8,3,PASS,FAIL,no,no,5.26199816e2,2.85008687e2,3.15520119e2,9.83708051e1,-39.85732452,36,0,36,0,0,0,0,262250 ns,234337,1152,1152,2432,2819,2819
64,28,stage-checksum,recompute,ntt,mul-output,0,28,24,3,PASS,FAIL,no,no,7.81958678e2,2.73694845e2,3.11868095e2,9.72322010e1,-39.75620233,36,0,36,0,0,0,0,233082 ns,208083,1152,1152,2432,2819,2819
64,28,stage-checksum,recompute,ntt,mul-output,0,28,26,3,PASS,FAIL,no,no,5.52887477e2,2.61103703e2,2.98119262e2,9.29456795e1,-39.36458414,36,0,36,0,0,0,0,232791 ns,207793,1152,1152,2432,2819,2819
64,28,stage-checksum,recompute,ntt,mul-output,0,29,0,3,ERROR,ERROR,ERROR,ERROR,NA,NA,NA,NA,NA,NA,NA,NA,NA,NA,NA,NA,NA,NA,NA,NA,NA,NA,NA
64,28,stage-checksum,recompute,ntt,mul-output,0,29,8,3,ERROR,ERROR,ERROR,ERROR,NA,NA,NA,NA,NA,NA,NA,NA,NA,NA,NA,NA,NA,NA,NA,NA,NA,NA,NA
64,28,stage-checksum,recompute,ntt,mul-output,0,29,24,3,ERROR,ERROR,ERROR,ERROR,NA,NA,NA,NA,NA,NA,NA,NA,NA,NA,NA,NA,NA,NA,NA,NA,NA,NA,NA
64,28,stage-checksum,recompute,ntt,mul-output,0,29,26,3,ERROR,ERROR,ERROR,ERROR,NA,NA,NA,NA,NA,NA,NA,NA,NA,NA,NA,NA,NA,NA,NA,NA,NA,NA,NA
64,28,stage-checksum,recompute,ntt,mul-output,0,31,0,3,ERROR,ERROR,ERROR,ERROR,NA,NA,NA,NA,NA,NA,NA,NA,NA,NA,NA,NA,NA,NA,NA,NA,NA,NA,NA
64,28,stage-checksum,recompute,ntt,mul-output,0,31,8,3,ERROR,ERROR,ERROR,ERROR,NA,NA,NA,NA,NA,NA,NA,NA,NA,NA,NA,NA,NA,NA,NA,NA,NA,NA,NA
64,28,stage-checksum,recompute,ntt,mul-output,0,31,24,3,ERROR,ERROR,ERROR,ERROR,NA,NA,NA,NA,NA,NA,NA,NA,NA,NA,NA,NA,NA,NA,NA,NA,NA,NA,NA
64,28,stage-checksum,recompute,ntt,mul-output,0,31,26,3,ERROR,ERROR,ERROR,ERROR,NA,NA,NA,NA,NA,NA,NA,NA,NA,NA,NA,NA,NA,NA,NA,NA,NA,NA,NA
64,28,stage-checksum,recompute,ntt,mul-output,0,33,0,3,ERROR,ERROR,ERROR,ERROR,NA,NA,NA,NA,NA,NA,NA,NA,NA,NA,NA,NA,NA,NA,NA,NA,NA,NA,NA
64,28,stage-checksum,recompute,ntt,mul-output,0,33,8,3,ERROR,ERROR,ERROR,ERROR,NA,NA,NA,NA,NA,NA,NA,NA,NA,NA,NA,NA,NA,NA,NA,NA,NA,NA,NA
64,28,stage-checksum,recompute,ntt,mul-output,0,33,24,3,ERROR,ERROR,ERROR,ERROR,NA,NA,NA,NA,NA,NA,NA,NA,NA,NA,NA,NA,NA,NA,NA,NA,NA,NA,NA
64,28,stage-checksum,recompute,ntt,mul-output,0,33,26,3,ERROR,ERROR,ERROR,ERROR,NA,NA,NA,NA,NA,NA,NA,NA,NA,NA,NA,NA,NA,NA,NA,NA,NA,NA,NA
64,28,stage-checksum,recompute,ntt,mul-output,0,36,0,3,PASS,FAIL,no,no,6.12765339e2,2.69831960e2,3.00258517e2,9.36126423e1,-39.42669007,36,0,36,0,0,0,0,150166 ns,133459,1152,1152,2432,2819,2819
64,28,stage-checksum,recompute,ntt,mul-output,0,36,8,3,PASS,FAIL,no,no,5.40263691e2,2.56809296e2,2.89170255e2,9.01556163e1,-39.09985573,36,0,36,0,0,0,0,138957 ns,124458,1152,1152,2432,2819,2819
64,28,stage-checksum,recompute,ntt,mul-output,0,36,24,3,PASS,FAIL,no,no,6.27552034e2,2.92820466e2,3.31772496e2,1.03437865e2,-40.29359099,36,0,36,0,0,0,0,140375 ns,124460,1152,1152,2432,2819,2819
64,28,stage-checksum,recompute,ntt,mul-output,0,36,26,3,PASS,FAIL,no,no,6.15065549e2,2.72612014e2,3.09544623e2,9.65078038e1,-39.69124865,36,0,36,0,0,0,0,232790 ns,207793,1152,1152,2432,2819,2819
64,28,stage-checksum,recompute,ntt,mul-output,0,38,0,3,PASS,FAIL,no,no,7.64482849e2,2.67741316e2,3.05559385e2,9.52653124e1,-39.57869592,36,0,36,0,0,0,0,233750 ns,208709,1152,1152,2432,2819,2819
64,28,stage-checksum,recompute,ntt,mul-output,0,38,8,3,PASS,FAIL,no,no,5.82123547e2,2.81609994e2,3.11062578e2,9.69810619e1,-39.73373871,36,0,36,0,0,0,0,175542 ns,157082,1152,1152,2432,2819,2819
64,28,stage-checksum,recompute,ntt,mul-output,0,38,24,3,PASS,FAIL,no,no,5.17291520e2,2.56146700e2,2.93819096e2,9.16050017e1,-39.23838374,36,0,36,0,0,0,0,233834 ns,208622,1152,1152,2432,2819,2819
64,28,stage-checksum,recompute,ntt,mul-output,0,38,26,3,PASS,FAIL,no,no,4.85910743e2,2.35770808e2,2.61883395e2,8.16482971e1,-38.23894263,36,0,36,0,0,0,0,262709 ns,234962,1152,1152,2432,2819,2819
64,28,stage-checksum,recompute,ntt,mul-output,0,39,0,3,ERROR,ERROR,ERROR,ERROR,NA,NA,NA,NA,NA,NA,NA,NA,NA,NA,NA,NA,NA,NA,NA,NA,NA,NA,NA
64,28,stage-checksum,recompute,ntt,mul-output,0,39,8,3,ERROR,ERROR,ERROR,ERROR,NA,NA,NA,NA,NA,NA,NA,NA,NA,NA,NA,NA,NA,NA,NA,NA,NA,NA,NA
64,28,stage-checksum,recompute,ntt,mul-output,0,39,24,3,ERROR,ERROR,ERROR,ERROR,NA,NA,NA,NA,NA,NA,NA,NA,NA,NA,NA,NA,NA,NA,NA,NA,NA,NA,NA
64,28,stage-checksum,recompute,ntt,mul-output,0,39,26,3,ERROR,ERROR,ERROR,ERROR,NA,NA,NA,NA,NA,NA,NA,NA,NA,NA,NA,NA,NA,NA,NA,NA,NA,NA,NA
64,28,stage-checksum,recompute,ntt,mul-output,0,41,0,3,ERROR,ERROR,ERROR,ERROR,NA,NA,NA,NA,NA,NA,NA,NA,NA,NA,NA,NA,NA,NA,NA,NA,NA,NA,NA
64,28,stage-checksum,recompute,ntt,mul-output,0,41,8,3,ERROR,ERROR,ERROR,ERROR,NA,NA,NA,NA,NA,NA,NA,NA,NA,NA,NA,NA,NA,NA,NA,NA,NA,NA,NA
64,28,stage-checksum,recompute,ntt,mul-output,0,41,24,3,ERROR,ERROR,ERROR,ERROR,NA,NA,NA,NA,NA,NA,NA,NA,NA,NA,NA,NA,NA,NA,NA,NA,NA,NA,NA
64,28,stage-checksum,recompute,ntt,mul-output,0,41,26,3,ERROR,ERROR,ERROR,ERROR,NA,NA,NA,NA,NA,NA,NA,NA,NA,NA,NA,NA,NA,NA,NA,NA,NA,NA,NA
64,28,stage-checksum,recompute,ntt,mul-output,0,42,0,3,PASS,FAIL,no,no,7.36961444e2,2.51184506e2,2.95921792e2,9.22605666e1,-39.30032235,36,0,36,0,0,0,0,178333 ns,158543,1152,1152,2432,2819,2819
64,28,stage-checksum,recompute,ntt,mul-output,0,42,8,3,PASS,FAIL,no,no,5.30331345e2,2.70047799e2,2.94935606e2,9.19530999e1,-39.27132750,36,0,36,0,0,0,0,308833 ns,274168,1152,1152,2432,2819,2819
64,28,stage-checksum,recompute,ntt,mul-output,0,42,24,3,PASS,FAIL,no,no,5.01784994e2,2.63120056e2,2.85208590e2,8.89204743e1,-38.98003541,36,0,36,0,0,0,0,210083 ns,187709,1152,1152,2432,2819,2819
64,28,stage-checksum,recompute,ntt,mul-output,0,42,26,3,PASS,FAIL,no,no,7.04442992e2,2.57138010e2,2.97309519e2,9.26932231e1,-39.34095967,36,0,36,0,0,0,0,140000 ns,125129,1152,1152,2432,2819,2819
64,28,stage-checksum,recompute,ntt,mul-output,0,44,0,3,PASS,FAIL,no,no,6.22199245e2,2.76849652e2,3.10582284e2,9.68313190e1,-39.72031695,36,0,36,0,0,0,0,233084 ns,207918,1152,1152,2432,2819,2819
64,28,stage-checksum,recompute,ntt,mul-output,0,44,8,3,PASS,FAIL,no,no,6.27739024e2,2.60726136e2,3.05853702e2,9.53570727e1,-39.58705821,36,0,36,0,0,0,0,130918 ns,116791,1152,1152,2432,2819,2819
64,28,stage-checksum,recompute,ntt,mul-output,0,44,24,3,PASS,FAIL,no,no,5.15924316e2,2.62845413e2,2.87137425e2,8.95218338e1,-39.03857940,36,0,36,0,0,0,0,136915 ns,122539,1152,1152,2432,2819,2819
64,28,stage-checksum,recompute,ntt,mul-output,0,44,26,3,PASS,FAIL,no,no,5.70614005e2,2.47751101e2,2.81988655e2,8.79165838e1,-38.88141609,36,0,36,0,0,0,0,149207 ns,133377,1152,1152,2432,2819,2819
64,28,stage-checksum,recompute,ntt,mul-output,0,47,0,3,ERROR,ERROR,ERROR,ERROR,NA,NA,NA,NA,NA,NA,NA,NA,NA,NA,NA,NA,NA,NA,NA,NA,NA,NA,NA
64,28,stage-checksum,recompute,ntt,mul-output,0,47,8,3,ERROR,ERROR,ERROR,ERROR,NA,NA,NA,NA,NA,NA,NA,NA,NA,NA,NA,NA,NA,NA,NA,NA,NA,NA,NA
64,28,stage-checksum,recompute,ntt,mul-output,0,47,24,3,ERROR,ERROR,ERROR,ERROR,NA,NA,NA,NA,NA,NA,NA,NA,NA,NA,NA,NA,NA,NA,NA,NA,NA,NA,NA
64,28,stage-checksum,recompute,ntt,mul-output,0,47,26,3,ERROR,ERROR,ERROR,ERROR,NA,NA,NA,NA,NA,NA,NA,NA,NA,NA,NA,NA,NA,NA,NA,NA,NA,NA,NA
64,28,stage-checksum,recompute,ntt,mul-output,0,49,0,3,ERROR,ERROR,ERROR,ERROR,NA,NA,NA,NA,NA,NA,NA,NA,NA,NA,NA,NA,NA,NA,NA,NA,NA,NA,NA
64,28,stage-checksum,recompute,ntt,mul-output,0,49,8,3,ERROR,ERROR,ERROR,ERROR,NA,NA,NA,NA,NA,NA,NA,NA,NA,NA,NA,NA,NA,NA,NA,NA,NA,NA,NA
64,28,stage-checksum,recompute,ntt,mul-output,0,49,24,3,ERROR,ERROR,ERROR,ERROR,NA,NA,NA,NA,NA,NA,NA,NA,NA,NA,NA,NA,NA,NA,NA,NA,NA,NA,NA
64,28,stage-checksum,recompute,ntt,mul-output,0,49,26,3,ERROR,ERROR,ERROR,ERROR,NA,NA,NA,NA,NA,NA,NA,NA,NA,NA,NA,NA,NA,NA,NA,NA,NA,NA,NA
64,28,stage-checksum,recompute,ntt,mul-output,0,54,0,3,PASS,FAIL,no,no,5.89346472e2,2.76810442e2,3.09445684e2,9.64769575e1,-39.68847198,36,0,36,0,0,0,0,152708 ns,136048,1152,1152,2432,2819,2819
64,28,stage-checksum,recompute,ntt,mul-output,0,54,8,3,PASS,FAIL,no,no,5.80025862e2,2.62151890e2,2.96941683e2,9.25785415e1,-39.33020669,36,0,36,0,0,0,0,137667 ns,123042,1152,1152,2432,2819,2819
64,28,stage-checksum,recompute,ntt,mul-output,0,54,24,3,PASS,FAIL,no,no,6.04549043e2,2.44660585e2,2.92090649e2,9.10661179e1,-39.18713646,36,0,36,0,0,0,0,262500 ns,234586,1152,1152,2432,2819,2819
64,28,stage-checksum,recompute,ntt,mul-output,0,54,26,3,PASS,FAIL,no,no,6.01052003e2,2.67567879e2,3.02910540e2,9.44394729e1,-39.50307109,36,0,36,0,0,0,0,148248 ns,133253,1152,1152,2432,2819,2819
64,28,stage-checksum,recompute,ntt,mul-output,0,57,0,3,ERROR,ERROR,ERROR,ERROR,NA,NA,NA,NA,NA,NA,NA,NA,NA,NA,NA,NA,NA,NA,NA,NA,NA,NA,NA
64,28,stage-checksum,recompute,ntt,mul-output,0,57,8,3,ERROR,ERROR,ERROR,ERROR,NA,NA,NA,NA,NA,NA,NA,NA,NA,NA,NA,NA,NA,NA,NA,NA,NA,NA,NA
64,28,stage-checksum,recompute,ntt,mul-output,0,57,24,3,ERROR,ERROR,ERROR,ERROR,NA,NA,NA,NA,NA,NA,NA,NA,NA,NA,NA,NA,NA,NA,NA,NA,NA,NA,NA
64,28,stage-checksum,recompute,ntt,mul-output,0,57,26,3,ERROR,ERROR,ERROR,ERROR,NA,NA,NA,NA,NA,NA,NA,NA,NA,NA,NA,NA,NA,NA,NA,NA,NA,NA,NA
64,28,stage-checksum,recompute,ntt,mul-output,0,60,0,3,PASS,FAIL,no,no,5.95372410e2,2.79457328e2,3.25671735e2,1.01535810e2,-40.13238474,36,0,36,0,0,0,0,139001 ns,124043,1152,1152,2432,2819,2819
64,28,stage-checksum,recompute,ntt,mul-output,0,60,8,3,PASS,FAIL,no,no,6.98600348e2,2.57730665e2,2.99558766e2,9.33944785e1,-39.40642403,36,0,36,0,0,0,0,124249 ns,110830,1152,1152,2432,2819,2819
64,28,stage-checksum,recompute,ntt,mul-output,0,60,24,3,PASS,FAIL,no,no,6.35381038e2,2.45175704e2,2.77601284e2,8.65487181e1,-38.74521280,36,0,36,0,0,0,0,152666 ns,136960,1152,1152,2432,2819,2819
64,28,stage-checksum,recompute,ntt,mul-output,0,60,26,3,PASS,FAIL,no,no,5.26371718e2,2.52118837e2,2.78282658e2,8.67611525e1,-38.76650625,36,0,36,0,0,0,0,254459 ns,227043,1152,1152,2432,2819,2819
64,28,stage-checksum,recompute,ntt,mul-output,0,61,0,3,ERROR,ERROR,ERROR,ERROR,NA,NA,NA,NA,NA,NA,NA,NA,NA,NA,NA,NA,NA,NA,NA,NA,NA,NA,NA
64,28,stage-checksum,recompute,ntt,mul-output,0,61,8,3,ERROR,ERROR,ERROR,ERROR,NA,NA,NA,NA,NA,NA,NA,NA,NA,NA,NA,NA,NA,NA,NA,NA,NA,NA,NA
64,28,stage-checksum,recompute,ntt,mul-output,0,61,24,3,ERROR,ERROR,ERROR,ERROR,NA,NA,NA,NA,NA,NA,NA,NA,NA,NA,NA,NA,NA,NA,NA,NA,NA,NA,NA
64,28,stage-checksum,recompute,ntt,mul-output,0,61,26,3,ERROR,ERROR,ERROR,ERROR,NA,NA,NA,NA,NA,NA,NA,NA,NA,NA,NA,NA,NA,NA,NA,NA,NA,NA,NA
64,28,stage-checksum,recompute,ntt,mul-output,0,62,0,3,PASS,FAIL,no,no,6.17688008e2,2.57325819e2,3.01428058e2,9.39772741e1,-39.46045687,36,0,36,0,0,0,0,191334 ns,170750,1152,1152,2432,2819,2819
64,28,stage-checksum,recompute,ntt,mul-output,0,62,8,3,PASS,FAIL,no,no,6.18891215e2,2.87895354e2,3.15988315e2,9.85167761e1,-39.87020383,36,0,36,0,0,0,0,262334 ns,235293,1152,1152,2432,2819,2819
64,28,stage-checksum,recompute,ntt,mul-output,0,62,24,3,PASS,FAIL,no,no,5.86945121e2,2.69129983e2,2.98435633e2,9.30443155e1,-39.37379691,36,0,36,0,0,0,0,262333 ns,234456,1152,1152,2432,2819,2819
64,28,stage-checksum,recompute,ntt,mul-output,0,62,26,3,PASS,FAIL,no,no,6.58469338e2,2.65165112e2,3.01445469e2,9.39827024e1,-39.46095857,36,0,36,0,0,0,0,139290 ns,124622,1152,1152,2432,2819,2819
64,28,stage-checksum,recompute,ntt,mul-output,3,0,0,1,PASS,FAIL,no,no,6.10168567e2,2.13989998e2,2.46400229e2,7.68210565e1,-37.70960551,36,0,36,0,0,0,0,139251 ns,124542,1152,1152,2432,2819,2819
64,28,stage-checksum,recompute,ntt,mul-output,3,0,8,1,PASS,FAIL,no,no,5.92658299e2,2.59285625e2,2.89048923e2,9.01177883e1,-39.09621049,36,0,36,0,0,0,0,181292 ns,162625,1152,1152,2432,2819,2819
64,28,stage-checksum,recompute,ntt,mul-output,3,0,24,1,PASS,FAIL,no,no,7.71933734e2,2.72623399e2,3.00691422e2,9.37476105e1,-39.43920414,36,0,36,0,0,0,0,155460 ns,137996,1152,1152,2432,2819,2819
64,28,stage-checksum,recompute,ntt,mul-output,3,0,26,1,PASS,FAIL,no,no,5.05047434e2,2.42357975e2,2.79055913e2,8.70022327e1,-38.79060795,36,0,36,0,0,0,0,217626 ns,195377,1152,1152,2432,2819,2819
64,28,stage-checksum,recompute,ntt,mul-output,3,4,0,1,PASS,FAIL,no,no,5.67581072e2,2.83113797e2,3.12148367e2,9.73195824e1,-39.76400473,36,0,36,0,0,0,0,138459 ns,123419,1152,1152,2432,2819,2819
64,28,stage-checksum,recompute,ntt,mul-output,3,4,8,1,PASS,FAIL,no,no,5.22303196e2,2.77409687e2,3.00969068e2,9.38341733e1,-39.44722064,36,0,36,0,0,0,0,142416 ns,126625,1152,1152,2432,2819,2819
64,28,stage-checksum,recompute,ntt,mul-output,3,4,24,1,PASS,FAIL,no,no,5.53655098e2,2.47437787e2,2.94703751e2,9.18808136e1,-39.26449664,36,0,36,0,0,0,0,138124 ns,123914,1152,1152,2432,2819,2819
64,28,stage-checksum,recompute,ntt,mul-output,3,4,26,1,PASS,FAIL,no,no,7.34763384e2,2.64150825e2,3.04936709e2,9.50711785e1,-39.56097755,36,0,36,0,0,0,0,138834 ns,124503,1152,1152,2432,2819,2819
64,28,stage-checksum,recompute,ntt,mul-output,3,5,0,1,PASS,FAIL,no,no,5.79980752e2,2.60052624e2,2.92773150e2,9.12789036e1,-39.20740829,36,0,36,0,0,0,0,137625 ns,122120,1152,1152,2432,2819,2819
64,28,stage-checksum,recompute,ntt,mul-output,3,5,8,1,PASS,FAIL,no,no,6.30898439e2,2.74475138e2,3.20514004e2,9.99277659e1,-39.99372356,36,0,36,0,0,0,0,263499 ns,235292,1152,1152,2432,2819,2819
64,28,stage-checksum,recompute,ntt,mul-output,3,5,24,1,PASS,FAIL,no,no,4.73495970e2,2.41709278e2,2.65463239e2,8.27643975e1,-38.35687115,36,0,36,0,0,0,0,134749 ns,120545,1152,1152,2432,2819,2819
64,28,stage-checksum,recompute,ntt,mul-output,3,5,26,1,PASS,FAIL,no,no,5.68431396e2,2.73981773e2,3.04357480e2,9.48905903e1,-39.54446296,36,0,36,0,0,0,0,263959 ns,236376,1152,1152,2432,2819,2819
64,28,stage-checksum,recompute,ntt,mul-output,3,6,0,1,PASS,FAIL,no,no,5.23580856e2,2.42164895e2,2.62005104e2,8.16862427e1,-38.24297841,36,0,36,0,0,0,0,235208 ns,208955,1152,1152,2432,2819,2819
64,28,stage-checksum,recompute,ntt,mul-output,3,6,8,1,PASS,FAIL,no,no,8.33642946e2,2.55699990e2,2.98750645e2,9.31425278e1,-39.38296040,36,0,36,0,0,0,0,232751 ns,208416,1152,1152,2432,2819,2819
64,28,stage-checksum,recompute,ntt,mul-output,3,6,24,1,PASS,FAIL,no,no,5.61513368e2,2.71406307e2,2.96941336e2,9.25784334e1,-39.33019655,36,0,36,0,0,0,0,137751 ns,122749,1152,1152,2432,2819,2819
64,28,stage-checksum,recompute,ntt,mul-output,3,6,26,1,PASS,FAIL,no,no,5.05147215e2,2.58146285e2,2.71989650e2,8.47991595e1,-38.56783095,36,0,36,0,0,0,0,234874 ns,209042,1152,1152,2432,2819,2819
64,28,stage-checksum,recompute,ntt,mul-output,3,7,0,1,PASS,FAIL,no,no,6.50313389e2,2.51648136e2,2.84764526e2,8.87820268e1,-38.96650111,36,0,36,0,0,0,0,140000 ns,125040,1152,1152,2432,2819,2819
64,28,stage-checksum,recompute,ntt,mul-output,3,7,8,1,PASS,FAIL,no,no,6.36006741e2,2.58946489e2,2.96270550e2,9.23693001e1,-39.31055306,36,0,36,0,0,0,0,232710 ns,208126,1152,1152,2432,2819,2819
64,28,stage-checksum,recompute,ntt,mul-output,3,7,24,1,PASS,FAIL,no,no,6.27536216e2,2.55033853e2,2.93713920e2,9.15722107e1,-39.23527398,36,0,36,0,0,0,0,209874 ns,187333,1152,1152,2432,2819,2819
64,28,stage-checksum,recompute,ntt,mul-output,3,7,26,1,PASS,FAIL,no,no,5.49156382e2,2.68139201e2,3.02261363e2,9.42370767e1,-39.48443611,36,0,36,0,0,0,0,233876 ns,208498,1152,1152,2432,2819,2819
64,28,stage-checksum,recompute,ntt,mul-output,3,8,0,1,ERROR,ERROR,ERROR,ERROR,NA,NA,NA,NA,NA,NA,NA,NA,NA,NA,NA,NA,NA,NA,NA,NA,NA,NA,NA
64,28,stage-checksum,recompute,ntt,mul-output,3,8,8,1,ERROR,ERROR,ERROR,ERROR,NA,NA,NA,NA,NA,NA,NA,NA,NA,NA,NA,NA,NA,NA,NA,NA,NA,NA,NA
64,28,stage-checksum,recompute,ntt,mul-output,3,8,24,1,ERROR,ERROR,ERROR,ERROR,NA,NA,NA,NA,NA,NA,NA,NA,NA,NA,NA,NA,NA,NA,NA,NA,NA,NA,NA
64,28,stage-checksum,recompute,ntt,mul-output,3,8,26,1,ERROR,ERROR,ERROR,ERROR,NA,NA,NA,NA,NA,NA,NA,NA,NA,NA,NA,NA,NA,NA,NA,NA,NA,NA,NA
64,28,stage-checksum,recompute,ntt,mul-output,3,9,0,1,PASS,FAIL,no,no,6.49572666e2,2.60912985e2,3.08516475e2,9.61872546e1,-39.66235059,36,0,36,0,0,0,0,176707 ns,158373,1152,1152,2432,2819,2819
64,28,stage-checksum,recompute,ntt,mul-output,3,9,8,1,PASS,FAIL,no,no,6.06332172e2,2.91698994e2,3.15547404e2,9.83793120e1,-39.85807562,36,0,36,0,0,0,0,131291 ns,117414,1152,1152,2432,2819,2819
64,28,stage-checksum,recompute,ntt,mul-output,3,9,24,1,PASS,FAIL,no,no,7.06235468e2,2.34691634e2,2.74089987e2,8.54539886e1,-38.63464677,36,0,36,0,0,0,0,235042 ns,208834,1152,1152,2432,2819,2819
64,28,stage-checksum,recompute,ntt,mul-output,3,9,26,1,PASS,FAIL,no,no,5.61029151e2,2.73273131e2,3.08212059e2,9.60923458e1,-39.65377591,36,0,36,0,0,0,0,305792 ns,273041,1152,1152,2432,2819,2819
64,28,stage-checksum,recompute,ntt,mul-output,3,10,0,1,PASS,FAIL,no,no,5.96051970e2,2.77028043e2,3.12744873e2,9.75055569e1,-39.78058734,36,0,36,0,0,0,0,305209 ns,272834,1152,1152,2432,2819,2819
64,28,stage-checksum,recompute,ntt,mul-output,3,10,8,1,PASS,FAIL,no,no,5.85589871e2,2.73850772e2,3.09347549e2,9.64463614e1,-39.68571696,36,0,36,0,0,0,0,262835 ns,235377,1152,1152,2432,2819,2819
64,28,stage-checksum,recompute,ntt,mul-output,3,10,24,1,PASS,FAIL,no,no,5.93309262e2,2.54692975e2,2.92955257e2,9.13356795e1,-39.21280928,36,0,36,0,0,0,0,137917 ns,122584,1152,1152,2432,2819,2819
64,28,stage-checksum,recompute,ntt,mul-output,3,10,26,1,PASS,FAIL,no,no,5.29802801e2,2.59439026e2,2.90023189e2,9.04215387e1,-39.12543786,36,0,36,0,0,0,0,162585 ns,145706,1152,1152,2432,2819,2819
64,28,stage-checksum,recompute,ntt,mul-output,3,11,0,1,PASS,FAIL,no,no,5.80682601e2,2.40266229e2,2.77522589e2,8.65241830e1,-38.74275015,36,0,36,0,0,0,0,234666 ns,209581,1152,1152,2432,2819,2819
64,28,stage-checksum,recompute,ntt,mul-output,3,11,8,1,PASS,FAIL,no,no,6.51665494e2,2.73737538e2,2.99686882e2,9.34344216e1,-39.41013803,36,0,36,0,0,0,0,233667 ns,208959,1152,1152,2432,2819,2819
64,28,stage-checksum,recompute,ntt,mul-output,3,11,24,1,PASS,FAIL,no,no,6.65060714e2,2.85597866e2,3.18577021e2,9.93238660e1,-39.94107231,36,0,36,0,0,0,0,233126 ns,208662,1152,1152,2432,2819,2819
64,28,stage-checksum,recompute,ntt,mul-output,3,11,26,1,PASS,FAIL,no,no,5.85981336e2,2.85633024e2,3.22293716e2,1.00482633e2,-40.04182012,36,0,36,0,0,0,0,262917 ns,234795,1152,1152,2432,2819,2819
64,28,stage-checksum,recompute,ntt,mul-output,3,12,0,1,PASS,FAIL,no,no,6.59549308e2,2.66202181e2,3.05303423e2,9.51855103e1,-39.57141685,36,0,36,0,0,0,0,234792 ns,208794,1152,1152,2432,2819,2819
64,28,stage-checksum,recompute,ntt,mul-output,3,12,8,1,PASS,FAIL,no,no,8.55402735e2,2.67399238e2,3.08048717e2,9.60414202e1,-39.64917147,36,0,36,0,0,0,0,139458 ns,124457,1152,1152,2432,2819,2819
64,28,stage-checksum,recompute,ntt,mul-output,3,12,24,1,PASS,FAIL,no,no,5.89315986e2,2.60945062e2,2.97906761e2,9.28794271e1,-39.35839056,36,0,36,0,0,0,0,125291 ns,112000,1152,1152,2432,2819,2819
64,28,stage-checksum,recompute,ntt,mul-output,3,12,26,1,PASS,FAIL,no,no,6.23887995e2,2.47167480e2,2.92440541e2,9.11752049e1,-39.19753496,36,0,36,0,0,0,0,139124 ns,123873,1152,1152,2432,2819,2819
64,28,stage-checksum,recompute,ntt,mul-output,3,14,0,1,PASS,FAIL,no,no,5.77816932e2,2.69807295e2,3.08333092e2,9.61300806e1,-39.65718613,36,0,36,0,0,0,0,232874 ns,208626,1152,1152,2432,2819,2819
64,28,stage-checksum,recompute,ntt,mul-output,3,14,8,1,PASS,FAIL,no,no,4.70569323e2,2.66362938e2,2.88220645e2,8.98595531e1,-39.07128509,36,0,36,0,0,0,0,138958 ns,123624,1152,1152,2432,2819,2819
64,28,stage-checksum,recompute,ntt,mul-output,3,14,24,1,PASS,FAIL,no,no,6.73805314e2,2.86168929e2,3.35207791e2,1.04508899e2,-40.38306547,36,0,36,0,0,0,0,262208 ns,234456,1152,1152,2432,2819,2819
64,28,stage-checksum,recompute,ntt,mul-output,3,14,26,1,PASS,FAIL,no,no,6.37520161e2,2.33468448e2,2.73863186e2,8.53832781e1,-38.62745649,36,0,36,0,0,0,0,137582 ns,122997,1152,1152,2432,2819,2819
64,28,stage-checksum,recompute,ntt,mul-output,3,19,0,1,PASS,FAIL,no,no,6.74214778e2,2.82498083e2,3.24642959e2,1.01215065e2,-40.10490313,36,0,36,0,0,0,0,135793 ns,121456,1152,1152,2432,2819,2819
64,28,stage-checksum,recompute,ntt,mul-output,3,19,8,1,PASS,FAIL,no,no,7.03790686e2,2.59287008e2,2.96093626e2,9.23141399e1,-39.30536455,36,0,36,0,0,0,0,142083 ns,126913,1152,1152,2432,2819,2819
64,28,stage-checksum,recompute,ntt,mul-output,3,19,24,1,PASS,FAIL,no,no,5.43820955e2,2.53522338e2,2.86198629e2,8.92291421e1,-39.01013435,36,0,36,0,0,0,0,210375 ns,187790,1152,1152,2432,2819,2819
64,28,stage-checksum,recompute,ntt,mul-output,3,19,26,1,PASS,FAIL,no,no,4.87833421e2,2.84364657e2,3.08687177e2,9.62404750e1,-39.66715516,36,0,36,0,0,0,0,199083 ns,177628,1152,1152,2432,2819,2819
64,28,stage-checksum,recompute,ntt,mul-output,3,21,0,1,PASS,FAIL,no,no,5.51561536e2,2.37110849e2,2.71979438e2,8.47959754e1,-38.56750481,36,0,36,0,0,0,0,139750 ns,124504,1152,1152,2432,2819,2819
64,28,stage-checksum,recompute,ntt,mul-output,3,21,8,1,PASS,FAIL,no,no,5.24121513e2,2.68423081e2,3.01556948e2,9.40174588e1,-39.46417017,36,0,36,0,0,0,0,263082 ns,234581,1152,1152,2432,2819,2819
64,28,stage-checksum,recompute,ntt,mul-output,3,21,24,1,PASS,FAIL,no,no,5.25928302e2,2.67878713e2,2.87648525e2,8.96811813e1,-39.05402641,36,0,36,0,0,0,0,234126 ns,208413,1152,1152,2432,2819,2819
64,28,stage-checksum,recompute,ntt,mul-output,3,21,26,1,PASS,FAIL,no,no,7.30376336e2,2.66193287e2,3.07398687e2,9.58387579e1,-39.63082353,36,0,36,0,0,0,0,264460 ns,235332,1152,1152,2432,2819,2819
64,28,stage-checksum,recompute,ntt,mul-output,3,22,0,1,PASS,FAIL,no,no,5.65118591e2,2.62199678e2,2.98558352e2,9.30825759e1,-39.37736786,36,0,36,0,0,0,0,233292 ns,208873,1152,1152,2432,2819,2819
64,28,stage-checksum,recompute,ntt,mul-output,3,22,8,1,PASS,FAIL,no,no,5.57577476e2,2.35516490e2,2.73696508e2,8.53313124e1,-38.62216850,36,0,36,0,0,0,0,138167 ns,123505,1152,1152,2432,2819,2819
64,28,stage-checksum,recompute,ntt,mul-output,3,22,24,1,PASS,FAIL,no,no,5.99187830e2,2.66395595e2,3.01876066e2,9.41169513e1,-39.47335701,36,0,36,0,0,0,0,234292 ns,208251,1152,1152,2432,2819,2819
64,28,stage-checksum,recompute,ntt,mul-output,3,22,26,1,PASS,FAIL,no,no,6.65011591e2,2.75543369e2,3.15002133e2,9.82093108e1,-39.84305326,36,0,36,0,0,0,0,209333 ns,187418,1152,1152,2432,2819,2819
64,28,stage-checksum,recompute,ntt,mul-output,3,24,0,1,ERROR,ERROR,ERROR,ERROR,NA,NA,NA,NA,NA,NA,NA,NA,NA,NA,NA,NA,NA,NA,NA,NA,NA,NA,NA
64,28,stage-checksum,recompute,ntt,mul-output,3,24,8,1,ERROR,ERROR,ERROR,ERROR,NA,NA,NA,NA,NA,NA,NA,NA,NA,NA,NA,NA,NA,NA,NA,NA,NA,NA,NA
64,28,stage-checksum,recompute,ntt,mul-output,3,24,24,1,ERROR,ERROR,ERROR,ERROR,NA,NA,NA,NA,NA,NA,NA,NA,NA,NA,NA,NA,NA,NA,NA,NA,NA,NA,NA
64,28,stage-checksum,recompute,ntt,mul-output,3,24,26,1,ERROR,ERROR,ERROR,ERROR,NA,NA,NA,NA,NA,NA,NA,NA,NA,NA,NA,NA,NA,NA,NA,NA,NA,NA,NA
64,28,stage-checksum,recompute,ntt,mul-output,3,25,0,1,PASS,FAIL,no,no,6.32667443e2,2.58443981e2,3.04397989e2,9.49032200e1,-39.54561896,36,0,36,0,0,0,0,178669 ns,158456,1152,1152,2432,2819,2819
64,28,stage-checksum,recompute,ntt,mul-output,3,25,8,1,PASS,FAIL,no,no,5.18377229e2,2.54883839e2,2.80327968e2,8.73988256e1,-38.83011194,36,0,36,0,0,0,0,138041 ns,123206,1152,1152,2432,2819,2819
64,28,stage-checksum,recompute,ntt,mul-output,3,25,24,1,PASS,FAIL,no,no,5.59402745e2,2.69265872e2,2.98791450e2,9.31552497e1,-39.38414669,36,0,36,0,0,0,0,262709 ns,234625,1152,1152,2432,2819,2819
64,28,stage-checksum,recompute,ntt,mul-output,3,25,26,1,PASS,FAIL,no,no,5.11159370e2,2.52940626e2,2.86351912e2,8.92769318e1,-39.01478513,36,0,36,0,0,0,0,233709 ns,209083,1152,1152,2432,2819,2819
64,28,stage-checksum,recompute,ntt,mul-output,3,28,0,1,PASS,FAIL,no,no,5.46801569e2,2.92944010e2,3.18647743e2,9.93459154e1,-39.94300032,36,0,36,0,0,0,0,147916 ns,132834,1152,1152,2432,2819,2819
64,28,stage-checksum,recompute,ntt,mul-output,3,28,8,1,PASS,FAIL,no,no,5.93966216e2,2.61569870e2,2.84286224e2,8.86329049e1,-38.95189967,36,0,36,0,0,0,0,137749 ns,123711,1152,1152,2432,2819,2819
64,28,stage-checksum,recompute,ntt,mul-output,3,28,24,1,PASS,FAIL,no,no,6.46620652e2,2.37336207e2,2.76707809e2,8.62701562e1,-38.71721169,36,0,36,0,0,0,0,138834 ns,124162,1152,1152,2432,2819,2819
64,28,stage-checksum,recompute,ntt,mul-output,3,28,26,1,PASS,FAIL,no,no,5.75933688e2,2.32831942e2,2.67336102e2,8.33483066e1,-38.41793561,36,0,36,0,0,0,0,138498 ns,123797,1152,1152,2432,2819,2819
64,28,stage-checksum,recompute,ntt,mul-output,3,31,0,1,PASS,FAIL,no,no,7.08804181e2,2.65556173e2,3.01036577e2,9.38552209e1,-39.44916872,36,0,36,0,0,0,0,262416 ns,234625,1152,1152,2432,2819,2819
64,28,stage-checksum,recompute,ntt,mul-output,3,31,8,1,PASS,FAIL,no,no,5.54690720e2,2.68350078e2,3.05288096e2,9.51807317e1,-39.57098079,36,0,36,0,0,0,0,138250 ns,123876,1152,1152,2432,2819,2819
64,28,stage-checksum,recompute,ntt,mul-output,3,31,24,1,PASS,FAIL,no,no,6.07576056e2,2.75784599e2,3.12563908e2,9.74491370e1,-39.77555995,36,0,36,0,0,0,0,191461 ns,171127,1152,1152,2432,2819,2819
64,28,stage-checksum,recompute,ntt,mul-output,3,31,26,1,PASS,FAIL,no,no,5.36058612e2,2.64273519e2,2.93597863e2,9.15360269e1,-39.23184116,36,0,36,0,0,0,0,262582 ns,235167,1152,1152,2432,2819,2819
64,28,stage-checksum,recompute,ntt,mul-output,3,33,0,1,PASS,FAIL,no,no,4.65838366e2,2.45066538e2,2.67361010e2,8.33560721e1,-38.41874484,36,0,36,0,0,0,0,304793 ns,271752,1152,1152,2432,2819,2819
64,28,stage-checksum,recompute,ntt,mul-output,3,33,8,1,PASS,FAIL,no,no,5.59876339e2,2.65173287e2,2.98875552e2,9.31814706e1,-39.38659120,36,0,36,0,0,0,0,303293 ns,271501,1152,1152,2432,2819,2819
64,28,stage-checksum,recompute,ntt,mul-output,3,33,24,1,PASS,FAIL,no,no,5.25957861e2,2.19900679e2,2.53520647e2,7.90410140e1,-37.95705006,36,0,36,0,0,0,0,232625 ns,208002,1152,1152,2432,2819,2819
64,28,stage-checksum,recompute,ntt,mul-output,3,33,26,1,PASS,FAIL,no,no,5.99387698e2,2.63185544e2,2.96396992e2,9.24087214e1,-39.31425922,36,0,36,0,0,0,0,261459 ns,234003,1152,1152,2432,2819,2819
64,28,stage-checksum,recompute,ntt,mul-output,3,34,0,1,PASS,FAIL,no,no,6.43696261e2,2.63949392e2,3.06842234e2,9.56652706e1,-39.61508609,36,0,36,0,0,0,0,234208 ns,209127,1152,1152,2432,2819,2819
64,28,stage-checksum,recompute,ntt,mul-output,3,34,8,1,PASS,FAIL,no,no,6.45151036e2,2.76577178e2,3.10317682e2,9.67488233e1,-39.71291383,36,0,36,0,0,0,0,305709 ns,271584,1152,1152,2432,2819,2819
64,28,stage-checksum,recompute,ntt,mul-output,3,34,24,1,PASS,FAIL,no,no,6.84387080e2,2.69173108e2,3.12612352e2,9.74642404e1,-39.77690605,36,0,36,0,0,0,0,138083 ns,123121,1152,1152,2432,2819,2819
64,28,stage-checksum,recompute,ntt,mul-output,3,34,26,1,PASS,FAIL,no,no,6.65692444e2,2.40950577e2,2.75937545e2,8.60300084e1,-38.69299930,36,0,36,0,0,0,0,130876 ns,116712,1152,1152,2432,2819,2819
64,28,stage-checksum,recompute,ntt,mul-output,3,35,0,1,PASS,FAIL,no,no,6.68731963e2,2.82853700e2,3.08872125e2,9.62981369e1,-39.67235770,36,0,36,0,0,0,0,234666 ns,209997,1152,1152,2432,2819,2819
64,28,stage-checksum,recompute,ntt,mul-output,3,35,8,1,PASS,FAIL,no,no,5.43748045e2,2.72929780e2,2.99598512e2,9.34068703e1,-39.40757641,36,0,36,0,0,0,0,233084 ns,208375,1152,1152,2432,2819,2819
64,28,stage-checksum,recompute,ntt,mul-output,3,35,24,1,PASS,FAIL,no,no,6.37801602e2,2.84248793e2,3.23000784e2,1.00703078e2,-40.06085491,36,0,36,0,0,0,0,233376 ns,208249,1152,1152,2432,2819,2819
64,28,stage-checksum,recompute,ntt,mul-output,3,35,26,1,PASS,FAIL,no,no,5.31235440e2,2.56559257e2,2.83020483e2,8.82382804e1,-38.91314072,36,0,36,0,0,0,0,262210 ns,234711,1152,1152,2432,2819,2819
64,28,stage-checksum,recompute,ntt,mul-output,3,38,0,1,PASS,FAIL,no,no,7.23053863e2,2.55706850e2,2.99684097e2,9.34335535e1,-39.41005733,36,0,36,0,0,0,0,138874 ns,123042,1152,1152,2432,2819,2819
64,28,stage-checksum,recompute,ntt,mul-output,3,38,8,1,PASS,FAIL,no,no,6.28602534e2,2.88083941e2,3.35298820e2,1.04537280e2,-40.38542389,36,0,36,0,0,0,0,202207 ns,181956,1152,1152,2432,2819,2819
64,28,stage-checksum,recompute,ntt,mul-output,3,38,24,1,PASS,FAIL,no,no,6.73909397e2,2.59216917e2,2.98610004e2,9.30986797e1,-39.37887044,36,0,36,0,0,0,0,130834 ns,116212,1152,1152,2432,2819,2819
64,28,stage-checksum,recompute,ntt,mul-output,3,38,26,1,PASS,FAIL,no,no,5.21833921e2,2.87357177e2,3.09473451e2,9.64856145e1,-39.68925135,36,0,36,0,0,0,0,264540 ns,235796,1152,1152,2432,2819,2819
64,28,stage-checksum,recompute,ntt,mul-output,3,40,0,1,ERROR,ERROR,ERROR,ERROR,NA,NA,NA,NA,NA,NA,NA,NA,NA,NA,NA,NA,NA,NA,NA,NA,NA,NA,NA
64,28,stage-checksum,recompute,ntt,mul-output,3,40,8,1,ERROR,ERROR,ERROR,ERROR,NA,NA,NA,NA,NA,NA,NA,NA,NA,NA,NA,NA,NA,NA,NA,NA,NA,NA,NA
64,28,stage-checksum,recompute,ntt,mul-output,3,40,24,1,ERROR,ERROR,ERROR,ERROR,NA,NA,NA,NA,NA,NA,NA,NA,NA,NA,NA,NA,NA,NA,NA,NA,NA,NA,NA
64,28,stage-checksum,recompute,ntt,mul-output,3,40,26,1,ERROR,ERROR,ERROR,ERROR,NA,NA,NA,NA,NA,NA,NA,NA,NA,NA,NA,NA,NA,NA,NA,NA,NA,NA,NA
64,28,stage-checksum,recompute,ntt,mul-output,3,46,0,1,PASS,FAIL,no,no,6.09567863e2,2.52247428e2,2.86498389e2,8.93225993e1,-39.01922705,36,0,36,0,0,0,0,192873 ns,171374,1152,1152,2432,2819,2819
64,28,stage-checksum,recompute,ntt,mul-output,3,46,8,1,PASS,FAIL,no,no,6.23293123e2,2.80398584e2,3.14774372e2,9.81383010e1,-39.83677070,36,0,36,0,0,0,0,234833 ns,209126,1152,1152,2432,2819,2819
64,28,stage-checksum,recompute,ntt,mul-output,3,46,24,1,PASS,FAIL,no,no,5.68501393e2,2.49193911e2,2.75835275e2,8.59981234e1,-38.68977949,36,0,36,0,0,0,0,142584 ns,127422,1152,1152,2432,2819,2819
64,28,stage-checksum,recompute,ntt,mul-output,3,46,26,1,PASS,FAIL,no,no,6.12237115e2,2.50941069e2,2.93005430e2,9.13513221e1,-39.21429674,36,0,36,0,0,0,0,247835 ns,221834,1152,1152,2432,2819,2819
64,28,stage-checksum,recompute,ntt,mul-output,3,48,0,1,PASS,FAIL,no,no,5.58142089e2,2.74482537e2,3.12035214e2,9.72843043e1,-39.76085555,36,0,36,0,0,0,0,307417 ns,273250,1152,1152,2432,2819,2819
64,28,stage-checksum,recompute,ntt,mul-output,3,48,8,1,PASS,FAIL,no,no,7.19198264e2,2.40662991e2,2.86839214e2,8.94288595e1,-39.02955384,36,0,36,0,0,0,0,138291 ns,123629,1152,1152,2432,2819,2819
64,28,stage-checksum,recompute,ntt,mul-output,3,48,24,1,PASS,FAIL,no,no,4.86740872e2,2.37417403e2,2.63676788e2,8.22074293e1,-38.29822135,36,0,36,0,0,0,0,304374 ns,272458,1152,1152,2432,2819,2819
64,28,stage-checksum,recompute,ntt,mul-output,3,48,26,1,PASS,FAIL,no,no,7.06511021e2,2.39296124e2,2.92242188e2,9.11133636e1,-39.19164159,36,0,36,0,0,0,0,138959 ns,123708,1152,1152,2432,2819,2819
64,28,stage-checksum,recompute,ntt,mul-output,3,49,0,1,PASS,FAIL,no,no,6.91140145e2,2.55331391e2,3.04935318e2,9.50707450e1,-39.56093795,36,0,36,0,0,0,0,234292 ns,208874,1152,1152,2432,2819,2819
64,28,stage-checksum,recompute,ntt,mul-output,3,49,8,1,PASS,FAIL,no,no,5.77520578e2,2.60434395e2,2.91497316e2,9.08811323e1,-39.16947458,36,0,36,0,0,0,0,138251 ns,123250,1152,1152,2432,2819,2819
64,28,stage-checksum,recompute,ntt,mul-output,3,49,24,1,PASS,FAIL,no,no,5.97349951e2,2.73073349e2,2.98690756e2,9.31238559e1,-39.38121900,36,0,36,0,0,0,0,209958 ns,188209,1152,1152,2432,2819,2819
64,28,stage-checksum,recompute,ntt,mul-output,3,49,26,1,PASS,FAIL,no,no,6.97780921e2,2.83356292e2,3.23535581e2,1.00869813e2,-40.07522435,36,0,36,0,0,0,0,133918 ns,119834,1152,1152,2432,2819,2819
64,28,stage-checksum,recompute,ntt,mul-output,3,50,0,1,PASS,FAIL,no,no,6.35624564e2,2.84642321e2,3.15797742e2,9.84573605e1,-39.86496377,36,0,36,0,0,0,0,191416 ns,171584,1152,1152,2432,2819,2819
64,28,stage-checksum,recompute,ntt,mul-output,3,50,8,1,PASS,FAIL,no,no,6.51144371e2,2.36173732e2,2.76439302e2,8.61864427e1,-38.70877912,36,0,36,0,0,0,0,149416 ns,133831,1152,1152,2432,2819,2819
64,28,stage-checksum,recompute,ntt,mul-output,3,50,24,1,PASS,FAIL,no,no,5.26113244e2,2.30732144e2,2.67082232e2,8.32691567e1,-38.40968333,36,0,36,0,0,0,0,139165 ns,124749,1152,1152,2432,2819,2819
64,28,stage-checksum,recompute,ntt,mul-output,3,50,26,1,PASS,FAIL,no,no,5.69616438e2,2.37941945e2,2.82626028e2,8.81152998e1,-38.90102647,36,0,36,0,0,0,0,176918 ns,158585,1152,1152,2432,2819,2819
64,28,stage-checksum,recompute,ntt,mul-output,3,51,0,1,PASS,FAIL,no,no,5.30879988e2,2.50601481e2,2.74094444e2,8.54553782e1,-38.63478801,36,0,36,0,0,0,0,137374 ns,123040,1152,1152,2432,2819,2819
64,28,stage-checksum,recompute,ntt,mul-output,3,51,8,1,PASS,FAIL,no,no,6.17583904e2,2.32731304e2,2.68238348e2,8.36296028e1,-38.44720069,36,0,36,0,0,0,0,233083 ns,208125,1152,1152,2432,2819,2819
64,28,stage-checksum,recompute,ntt,mul-output,3,51,24,1,PASS,FAIL,no,no,5.46465291e2,2.52072941e2,2.79833064e2,8.72445280e1,-38.81476394,36,0,36,0,0,0,0,234833 ns,209750,1152,1152,2432,2819,2819
64,28,stage-checksum,recompute,ntt,mul-output,3,51,26,1,PASS,FAIL,no,no,4.89079282e2,2.69659087e2,2.98062967e2,9.29281282e1,-39.36294379,36,0,36,0,0,0,0,261957 ns,234332,1152,1152,2432,2819,2819
64,28,stage-checksum,recompute,ntt,mul-output,3,53,0,1,PASS,FAIL,no,no,4.99392501e2,2.48049396e2,2.82532736e2,8.80862141e1,-38.89815889,36,0,36,0,0,0,0,209249 ns,187293,1152,1152,2432,2819,2819
64,28,stage-checksum,recompute,ntt,mul-output,3,53,8,1,PASS,FAIL,no,no,6.52392811e2,2.55707769e2,3.01913738e2,9.41286962e1,-39.47444086,36,0,36,0,0,0,0,141751 ns,126079,1152,1152,2432,2819,2819
64,28,stage-checksum,recompute,ntt,mul-output,3,53,24,1,PASS,FAIL,no,no,8.46716509e2,2.57049745e2,2.99120069e2,9.32577045e1,-39.39369443,36,0,36,0,0,0,0,234124 ns,209625,1152,1152,2432,2819,2819
64,28,stage-checksum,recompute,ntt,mul-output,3,53,26,1,PASS,FAIL,no,no,5.97138165e2,2.62666513e2,2.89325371e2,9.02039773e1,-39.10451374,36,0,36,0,0,0,0,211291 ns,187874,1152,1152,2432,2819,2819
64,28,stage-checksum,recompute,ntt,mul-output,3,57,0,1,PASS,FAIL,no,no,6.19972186e2,2.49476843e2,2.80747700e2,8.75296872e1,-38.84310752,36,0,36,0,0,0,0,362666 ns,324165,1152,1152,2432,2819,2819
64,28,stage-checksum,recompute,ntt,mul-output,3,57,8,1,PASS,FAIL,no,no,5.63800231e2,2.61060469e2,2.97415360e2,9.27262214e1,-39.34405125,36,0,36,0,0,0,0,262959 ns,235124,1152,1152,2432,2819,2819
64,28,stage-checksum,recompute,ntt,mul-output,3,57,24,1,PASS,FAIL,no,no,5.14563177e2,2.72897743e2,3.05843328e2,9.53538384e1,-39.58676359,36,0,36,0,0,0,0,132542 ns,118417,1152,1152,2432,2819,2819
64,28,stage-checksum,recompute,ntt,mul-output,3,57,26,1,PASS,FAIL,no,no,6.53396085e2,2.51484503e2,2.99692442e2,9.34361552e1,-39.41029918,36,0,36,0,0,0,0,203750 ns,182917,1152,1152,2432,2819,2819
64,28,stage-checksum,recompute,ntt,mul-output,3,58,0,1,PASS,FAIL,no,no,5.52200726e2,2.49083551e2,2.80090066e2,8.73246541e1,-38.82273748,36,0,36,0,0,0,0,235125 ns,208871,1152,1152,2432,2819,2819
64,28,stage-checksum,recompute,ntt,mul-output,3,58,8,1,PASS,FAIL,no,no,6.52393116e2,2.47251455e2,2.91370546e2,9.08416086e1,-39.16569632,36,0,36,0,0,0,0,210625 ns,187792,1152,1152,2432,2819,2819
64,28,stage-checksum,recompute,ntt,mul-output,3,58,24,1,PASS,FAIL,no,no,6.55062427e2,2.30596681e2,2.85614651e2,8.90470732e1,-38.99239300,36,0,36,0,0,0,0,233626 ns,209038,1152,1152,2432,2819,2819
64,28,stage-checksum,recompute,ntt,mul-output,3,58,26,1,PASS,FAIL,no,no,5.85950251e2,2.40054821e2,2.82729757e2,8.81476400e1,-38.90421378,36,0,36,0,0,0,0,137709 ns,122920,1152,1152,2432,2819,2819
64,28,stage-checksum,recompute,ntt,mul-output,3,60,0,1,PASS,FAIL,no,no,5.65293148e2,2.58333349e2,2.93623372e2,9.15439801e1,-39.23259581,36,0,36,0,0,0,0,163668 ns,146915,1152,1152,2432,2819,2819
64,28,stage-checksum,recompute,ntt,mul-output,3,60,8,1,PASS,FAIL,no,no,5.28407325e2,2.55517185e2,2.87606909e2,8.96682065e1,-39.05276967,36,0,36,0,0,0,0,233333 ns,208709,1152,1152,2432,2819,2819
64,28,stage-checksum,recompute,ntt,mul-output,3,60,24,1,PASS,FAIL,no,no,7.29056694e2,2.73495705e2,3.14414535e2,9.80261132e1,-39.82683566,36,0,36,0,0,0,0,233460 ns,208416,1152,1152,2432,2819,2819
64,28,stage-checksum,recompute,ntt,mul-output,3,60,26,1,PASS,FAIL,no,no,6.24542750e2,2.63908854e2,3.02446917e2,9.42949275e1,-39.48976662,36,0,36,0,0,0,0,233332 ns,208459,1152,1152,2432,2819,2819
64,28,stage-checksum,recompute,ntt,mul-output,3,0,0,2,PASS,FAIL,no,no,6.10168567e2,2.13989998e2,2.46400229e2,7.68210565e1,-37.70960551,36,0,36,0,0,0,0,135500 ns,120874,1152,1152,2432,2819,2819
64,28,stage-checksum,recompute,ntt,mul-output,3,0,8,2,PASS,FAIL,no,no,5.92658299e2,2.59285625e2,2.89048923e2,9.01177883e1,-39.09621049,36,0,36,0,0,0,0,139959 ns,125332,1152,1152,2432,2819,2819
64,28,stage-checksum,recompute,ntt,mul-output,3,0,24,2,PASS,FAIL,no,no,7.71933734e2,2.72623399e2,3.00691422e2,9.37476105e1,-39.43920414,36,0,36,0,0,0,0,124833 ns,111664,1152,1152,2432,2819,2819
64,28,stage-checksum,recompute,ntt,mul-output,3,0,26,2,PASS,FAIL,no,no,5.05047434e2,2.42357975e2,2.79055913e2,8.70022327e1,-38.79060795,36,0,36,0,0,0,0,233084 ns,208624,1152,1152,2432,2819,2819
64,28,stage-checksum,recompute,ntt,mul-output,3,1,0,2,PASS,FAIL,no,no,5.04479277e2,2.54909115e2,2.77035257e2,8.63722458e1,-38.72748424,36,0,36,0,0,0,0,235041 ns,208582,1152,1152,2432,2819,2819
64,28,stage-checksum,recompute,ntt,mul-output,3,1,8,2,PASS,FAIL,no,no,5.62663325e2,2.79052383e2,3.13782403e2,9.78290313e1,-39.80935506,36,0,36,0,0,0,0,263793 ns,234875,1152,1152,2432,2819,2819
64,28,stage-checksum,recompute,ntt,mul-output,3,1,24,2,PASS,FAIL,no,no,5.65049400e2,2.71485808e2,2.99317043e2,9.33191158e1,-39.39941230,36,0,36,0,0,0,0,264750 ns,235171,1152,1152,2432,2819,2819
64,28,stage-checksum,recompute,ntt,mul-output,3,1,26,2,PASS,FAIL,no,no,4.92354426e2,2.45468739e2,2.65672017e2,8.28294891e1,-38.36369965,36,0,36,0,0,0,0,234124 ns,209336,1152,1152,2432,2819,2819
64,28,stage-checksum,recompute,ntt,mul-output,3,3,0,2,PASS,FAIL,no,no,5.16775429e2,2.61768219e2,2.92561917e2,9.12130467e1,-39.20113924,36,0,36,0,0,0,0,139708 ns,124955,1152,1152,2432,2819,2819
64,28,stage-checksum,recompute,ntt,mul-output,3,3,8,2,PASS,FAIL,no,no,5.63191635e2,2.47422646e2,2.81390878e2,8.77302128e1,-38.86298366,36,0,36,0,0,0,0,209459 ns,186624,1152,1152,2432,2819,2819
64,28,stage-checksum,recompute,ntt,mul-output,3,3,24,2,PASS,FAIL,no,no,6.83222203e2,2.89673375e2,3.30931068e2,1.03175530e2,-40.27153419,36,0,36,0,0,0,0,186083 ns,167669,1152,1152,2432,2819,2819
64,28,stage-checksum,recompute,ntt,mul-output,3,3,26,2,PASS,FAIL,no,no,7.21474217e2,2.74324644e2,3.15881363e2,9.84834312e1,-39.86726343,36,0,36,0,0,0,0,147041 ns,131548,1152,1152,2432,2819,2819
64,28,stage-checksum,recompute,ntt,mul-output,3,5,0,2,PASS,FAIL,no,no,5.79980752e2,2.60052624e2,2.92773150e2,9.12789036e1,-39.20740829,36,0,36,0,0,0,0,262457 ns,235207,1152,1152,2432,2819,2819
64,28,stage-checksum,recompute,ntt,mul-output,3,5,8,2,PASS,FAIL,no,no,6.30898439e2,2.74475138e2,3.20514004e2,9.99277659e1,-39.99372356,36,0,36,0,0,0,0,140625 ns,125083,1152,1152,2432,2819,2819
64,28,stage-checksum,recompute,ntt,mul-output,3,5,24,2,PASS,FAIL,no,no,4.73495970e2,2.41709278e2,2.65463239e2,8.27643975e1,-38.35687115,36,0,36,0,0,0,0,178417 ns,160541,1152,1152,2432,2819,2819
64,28,stage-checksum,recompute,ntt,mul-output,3,5,26,2,PASS,FAIL,no,no,5.68431396e2,2.73981773e2,3.04357480e2,9.48905903e1,-39.54446296,36,0,36,0,0,0,0,262128 ns,234748,1152,1152,2432,2819,2819
64,28,stage-checksum,recompute,ntt,mul-output,3,11,0,2,PASS,FAIL,no,no,5.80682601e2,2.40266229e2,2.77522589e2,8.65241830e1,-38.74275015,36,0,36,0,0,0,0,233624 ns,208375,1152,1152,2432,2819,2819
64,28,stage-checksum,recompute,ntt,mul-output,3,11,8,2,PASS,FAIL,no,no,6.51665494e2,2.73737538e2,2.99686882e2,9.34344216e1,-39.41013803,36,0,36,0,0,0,0,263334 ns,235126,1152,1152,2432,2819,2819
64,28,stage-checksum,recompute,ntt,mul-output,3,11,24,2,PASS,FAIL,no,no,6.65060714e2,2.85597866e2,3.18577021e2,9.93238660e1,-39.94107231,36,0,36,0,0,0,0,133208 ns,119206,1152,1152,2432,2819,2819
64,28,stage-checksum,recompute,ntt,mul-output,3,11,26,2,PASS,FAIL,no,no,5.85981336e2,2.85633024e2,3.22293716e2,1.00482633e2,-40.04182012,36,0,36,0,0,0,0,236791 ns,211084,1152,1152,2432,2819,2819
64,28,stage-checksum,recompute,ntt,mul-output,3,13,0,2,PASS,FAIL,no,no,5.82444686e2,2.64587769e2,2.93319654e2,9.14492888e1,-39.22360665,36,0,36,0,0,0,0,232960 ns,208372,1152,1152,2432,2819,2819
64,28,stage-checksum,recompute,ntt,mul-output,3,13,8,2,PASS,FAIL,no,no,5.57611683e2,2.22909178e2,2.51569501e2,7.84326985e1,-37.88994315,36,0,36,0,0,0,0,306874 ns,273458,1152,1152,2432,2819,2819
64,28,stage-checksum,recompute,ntt,mul-output,3,13,24,2,PASS,FAIL,no,no,6.21686604e2,2.83533221e2,3.22610066e2,1.00581262e2,-40.05034164,36,0,36,0,0,0,0,306084 ns,273164,1152,1152,2432,2819,2819
64,28,stage-checksum,recompute,ntt,mul-output,3,13,26,2,PASS,FAIL,no,no,5.51051382e2,2.75567082e2,3.12230691e2,9.73452488e1,-39.76629519,36,0,36,0,0,0,0,217877 ns,194793,1152,1152,2432,2819,2819
64,28,stage-checksum,recompute,ntt,mul-output,3,15,0,2,PASS,FAIL,no,no,6.89357326e2,2.62724226e2,3.07085806e2,9.57412100e1,-39.62197824,36,0,36,0,0,0,0,262999 ns,235375,1152,1152,2432,2819,2819
64,28,stage-checksum,recompute,ntt,mul-output,3,15,8,2,PASS,FAIL,no,no,5.64659721e2,2.72688423e2,3.13661599e2,9.77913679e1,-39.80601042,36,0,36,0,0,0,0,232876 ns,208334,1152,1152,2432,2819,2819
64,28,stage-checksum,recompute,ntt,mul-output,3,15,24,2,PASS,FAIL,no,no,4.97410087e2,2.58794746e2,2.86498361e2,8.93225906e1,-39.01922621,36,0,36,0,0,0,0,228250 ns,204794,1152,1152,2432,2819,2819
64,28,stage-checksum,recompute,ntt,mul-output,3,15,26,2,PASS,FAIL,no,no,6.09224609e2,2.72028182e2,3.04743393e2,9.50109078e1,-39.55546935,36,0,36,0,0,0,0,263541 ns,235289,1152,1152,2432,2819,2819
64,28,stage-checksum,recompute,ntt,mul-output,3,16,0,2,PASS,FAIL,no,no,6.00178105e2,2.52353110e2,2.85201507e2,8.89182660e1,-38.97981970,36,0,36,0,0,0,0,264249 ns,235089,1152,1152,2432,2819,2819
64,28,stage-checksum,recompute,ntt,mul-output,3,16,8,2,PASS,FAIL,no,no,6.32341045e2,2.78610181e2,3.18667554e2,9.93520919e1,-39.94354032,36,0,36,0,0,0,0,232416 ns,208336,1152,1152,2432,2819,2819
64,28,stage-checksum,recompute,ntt,mul-output,3,16,24,2,PASS,FAIL,no,no,5.74194422e2,2.44451973e2,2.76316692e2,8.61482163e1,-38.70492579,36,0,36,0,0,0,0,233500 ns,208708,1152,1152,2432,2819,2819
64,28,stage-checksum,recompute,ntt,mul-output,3,16,26,2,PASS,FAIL,no,no,5.09858584e2,2.48838974e2,2.73781093e2,8.53576837e1,-38.62485243,36,0,36,0,0,0,0,232500 ns,207668,1152,1152,2432,2819,2819
64,28,stage-checksum,recompute,ntt,mul-output,3,18,0,2,PASS,FAIL,no,no,5.71120672e2,2.76062093e2,3.02308260e2,9.42516978e1,-39.48578364,36,0,36,0,0,0,0,143749 ns,128207,1152,1152,2432,2819,2819
64,28,stage-checksum,recompute,ntt,mul-output,3,18,8,2,PASS,FAIL,no,no,5.30318183e2,2.61103920e2,2.93192487e2,9.14096417e1,-39.21984013,36,0,36,0,0,0,0,138917 ns,123584,1152,1152,2432,2819,2819
64,28,stage-checksum,recompute,ntt,mul-output,3,18,24,2,PASS,FAIL,no,no,6.23899144e2,2.70998577e2,3.16120115e2,9.85578680e1,-39.87382601,36,0,36,0,0,0,0,139459 ns,124455,1152,1152,2432,2819,2819
64,28,stage-checksum,recompute,ntt,mul-output,3,18,26,2,PASS,FAIL,no,no,5.79119583e2,2.61032983e2,2.83459678e2,8.83752100e1,-38.92660918,36,0,36,0,0,0,0,145291 ns,129751,1152,1152,2432,2819,2819
64,28,stage-checksum,recompute,ntt,mul-output,3,20,0,2,PASS,FAIL,no,no,5.49585340e2,2.50322451e2,2.95429654e2,9.21071308e1,-39.28586508,36,0,36,0,0,0,0,140042 ns,124997,1152,1152,2432,2819,2819
64,28,stage-checksum,recompute,ntt,mul-output,3,20,8,2,PASS,FAIL,no,no,6.70229710e2,2.41487511e2,2.77778222e2,8.66038825e1,-38.75074724,36,0,36,0,0,0,0,138375 ns,124043,1152,1152,2432,2819,2819
64,28,stage-checksum,recompute,ntt,mul-output,3,20,24,2,PASS,FAIL,no,no,5.98774250e2,2.58956083e2,2.86606140e2,8.93561934e1,-39.02249319,36,0,36,0,0,0,0,192459 ns,171416,1152,1152,2432,2819,2819
64,28,stage-checksum,recompute,ntt,mul-output,3,20,26,2,PASS,FAIL,no,no,4.80253348e2,2.50327179e2,2.73645369e2,8.53153687e1,-38.62054544,36,0,36,0,0,0,0,261917 ns,234038,1152,1152,2432,2819,2819
64,28,stage-checksum,recompute,ntt,mul-output,3,23,0,2,PASS,FAIL,no,no,7.52099110e2,2.63471073e2,3.09987015e2,9.66457301e1,-39.70365343,36,0,36,0,0,0,0,304917 ns,272374,1152,1152,2432,2819,2819
64,28,stage-checksum,recompute,ntt,mul-output,3,23,8,2,PASS,FAIL,no,no,6.46075189e2,2.67844531e2,3.00847850e2,9.37963806e1,-39.44372161,36,0,36,0,0,0,0,255168 ns,227873,1152,1152,2432,2819,2819
64,28,stage-checksum,recompute,ntt,mul-output,3,23,24,2,PASS,FAIL,no,no,6.45700234e2,2.68221982e2,3.03561404e2,9.46423948e1,-39.52171442,36,0,36,0,0,0,0,143584 ns,127957,1152,1152,2432,2819,2819
64,28,stage-checksum,recompute,ntt,mul-output,3,23,26,2,PASS,FAIL,no,no,6.63849472e2,2.60417332e2,2.92931030e2,9.13281263e1,-39.21209095,36,0,36,0,0,0,0,233832 ns,209207,1152,1152,2432,2819,2819
64,28,stage-checksum,recompute,ntt,mul-output,3,24,0,2,ERROR,ERROR,ERROR,ERROR,NA,NA,NA,NA,NA,NA,NA,NA,NA,NA,NA,NA,NA,NA,NA,NA,NA,NA,NA
64,28,stage-checksum,recompute,ntt,mul-output,3,24,8,2,ERROR,ERROR,ERROR,ERROR,NA,NA,NA,NA,NA,NA,NA,NA,NA,NA,NA,NA,NA,NA,NA,NA,NA,NA,NA
64,28,stage-checksum,recompute,ntt,mul-output,3,24,24,2,ERROR,ERROR,ERROR,ERROR,NA,NA,NA,NA,NA,NA,NA,NA,NA,NA,NA,NA,NA,NA,NA,NA,NA,NA,NA
64,28,stage-checksum,recompute,ntt,mul-output,3,24,26,2,ERROR,ERROR,ERROR,ERROR,NA,NA,NA,NA,NA,NA,NA,NA,NA,NA,NA,NA,NA,NA,NA,NA,NA,NA,NA
64,28,stage-checksum,recompute,ntt,mul-output,3,26,0,2,PASS,FAIL,no,no,5.65787413e2,2.63893846e2,2.96445253e2,9.24237676e1,-39.31567337,36,0,36,0,0,0,0,190794 ns,170707,1152,1152,2432,2819,2819
64,28,stage-checksum,recompute,ntt,mul-output,3,26,8,2,PASS,FAIL,no,no,5.84714394e2,2.60819226e2,3.03006986e2,9.44695421e1,-39.50583621,36,0,36,0,0,0,0,138042 ns,123247,1152,1152,2432,2819,2819
64,28,stage-checksum,recompute,ntt,mul-output,3,26,24,2,PASS,FAIL,no,no,7.38478938e2,2.64216984e2,3.08548165e2,9.61971347e1,-39.66324273,36,0,36,0,0,0,0,138666 ns,123581,1152,1152,2432,2819,2819
64,28,stage-checksum,recompute,ntt,mul-output,3,26,26,2,PASS,FAIL,no,no,6.13632335e2,2.45705537e2,2.82068180e2,8.79413777e1,-38.88386530,36,0,36,0,0,0,0,197417 ns,177498,1152,1152,2432,2819,2819
64,28,stage-checksum,recompute,ntt,mul-output,3,28,0,2,PASS,FAIL,no,no,5.46801569e2,2.92944010e2,3.18647743e2,9.93459154e1,-39.94300032,36,0,36,0,0,0,0,202208 ns,180915,1152,1152,2432,2819,2819
64,28,stage-checksum,recompute,ntt,mul-output,3,28,8,2,PASS,FAIL,no,no,5.93966216e2,2.61569870e2,2.84286224e2,8.86329049e1,-38.95189967,36,0,36,0,0,0,0,262542 ns,234704,1152,1152,2432,2819,2819
64,28,stage-checksum,recompute,ntt,mul-output,3,28,24,2,PASS,FAIL,no,no,6.46620652e2,2.37336207e2,2.76707809e2,8.62701562e1,-38.71721169,36,0,36,0,0,0,0,235334 ns,209042,1152,1152,2432,2819,2819
64,28,stage-checksum,recompute,ntt,mul-output,3,28,26,2,PASS,FAIL,no,no,5.75933688e2,2.32831942e2,2.67336102e2,8.33483066e1,-38.41793561,36,0,36,0,0,0,0,253710 ns,227708,1152,1152,2432,2819,2819
64,28,stage-checksum,recompute,ntt,mul-output,3,29,0,2,PASS,FAIL,no,no,5.48566442e2,2.66881672e2,2.90484380e2,9.05653258e1,-39.13923908,36,0,36,0,0,0,0,233750 ns,209337,1152,1152,2432,2819,2819
64,28,stage-checksum,recompute,ntt,mul-output,3,29,8,2,PASS,FAIL,no,no,5.78234781e2,2.65601852e2,3.02476242e2,9.43040702e1,-39.49060875,36,0,36,0,0,0,0,139375 ns,124459,1152,1152,2432,2819,2819
64,28,stage-checksum,recompute,ntt,mul-output,3,29,24,2,PASS,FAIL,no,no,5.61346206e2,2.67575066e2,2.96413317e2,9.24138109e1,-39.31473760,36,0,36,0,0,0,0,233459 ns,208959,1152,1152,2432,2819,2819
64,28,stage-checksum,recompute,ntt,mul-output,3,29,26,2,PASS,FAIL,no,no,5.52077959e2,2.62983893e2,2.95183780e2,9.20304739e1,-39.27863317,36,0,36,0,0,0,0,263915 ns,235872,1152,1152,2432,2819,2819
64,28,stage-checksum,recompute,ntt,mul-output,3,30,0,2,PASS,FAIL,no,no,5.94786355e2,2.65826613e2,3.02907214e2,9.44384357e1,-39.50297570,36,0,36,0,0,0,0,140125 ns,125124,1152,1152,2432,2819,2819
64,28,stage-checksum,recompute,ntt,mul-output,3,30,8,2,PASS,FAIL,no,no,5.66732136e2,2.17982874e2,2.52872823e2,7.88390396e1,-37.93482650,36,0,36,0,0,0,0,193166 ns,171083,1152,1152,2432,2819,2819
64,28,stage-checksum,recompute,ntt,mul-output,3,30,24,2,PASS,FAIL,no,no,5.50419596e2,2.61413765e2,2.84943008e2,8.88376728e1,-38.97194346,36,0,36,0,0,0,0,135959 ns,120624,1152,1152,2432,2819,2819
64,28,stage-checksum,recompute,ntt,mul-output,3,30,26,2,PASS,FAIL,no,no,4.69309758e2,2.40949816e2,2.64605515e2,8.24969820e1,-38.32876122,36,0,36,0,0,0,0,202125 ns,181497,1152,1152,2432,2819,2819
64,28,stage-checksum,recompute,ntt,mul-output,3,31,0,2,PASS,FAIL,no,no,7.08804181e2,2.65556173e2,3.01036577e2,9.38552209e1,-39.44916872,36,0,36,0,0,0,0,139584 ns,124621,1152,1152,2432,2819,2819
64,28,stage-checksum,recompute,ntt,mul-output,3,31,8,2,PASS,FAIL,no,no,5.54690720e2,2.68350078e2,3.05288096e2,9.51807317e1,-39.57098079,36,0,36,0,0,0,0,262042 ns,234377,1152,1152,2432,2819,2819
64,28,stage-checksum,recompute,ntt,mul-output,3,31,24,2,PASS,FAIL,no,no,6.07576056e2,2.75784599e2,3.12563908e2,9.74491370e1,-39.77555995,36,0,36,0,0,0,0,233791 ns,208834,1152,1152,2432,2819,2819
64,28,stage-checksum,recompute,ntt,mul-output,3,31,26,2,PASS,FAIL,no,no,5.36058612e2,2.64273519e2,2.93597863e2,9.15360269e1,-39.23184116,36,0,36,0,0,0,0,235083 ns,208672,1152,1152,2432,2819,2819
64,28,stage-checksum,recompute,ntt,mul-output,3,36,0,2,PASS,FAIL,no,no,6.13998698e2,2.82309591e2,3.13285859e2,9.76742221e1,-39.79559922,36,0,36,0,0,0,0,138709 ns,123415,1152,1152,2432,2819,2819
64,28,stage-checksum,recompute,ntt,mul-output,3,36,8,2,PASS,FAIL,no,no,5.13795854e2,2.77476636e2,3.00961802e2,9.38319079e1,-39.44701094,36,0,36,0,0,0,0,264417 ns,235292,1152,1152,2432,2819,2819
64,28,stage-checksum,recompute,ntt,mul-output,3,36,24,2,PASS,FAIL,no,no,5.05873373e2,2.68567313e2,2.94407783e2,9.17885385e1,-39.25576910,36,0,36,0,0,0,0,233793 ns,208793,1152,1152,2432,2819,2819
64,28,stage-checksum,recompute,ntt,mul-output,3,36,26,2,PASS,FAIL,no,no,4.87144344e2,2.29290731e2,2.49432091e2,7.77663106e1,-37.81582991,36,0,36,0,0,0,0,261333 ns,233831,1152,1152,2432,2819,2819
64,28,stage-checksum,recompute,ntt,mul-output,3,38,0,2,PASS,FAIL,no,no,7.23053863e2,2.55706850e2,2.99684097e2,9.34335535e1,-39.41005733,36,0,36,0,0,0,0,261959 ns,234415,1152,1152,2432,2819,2819
64,28,stage-checksum,recompute,ntt,mul-output,3,38,8,2,PASS,FAIL,no,no,6.28602534e2,2.88083941e2,3.35298820e2,1.04537280e2,-40.38542389,36,0,36,0,0,0,0,233542 ns,209122,1152,1152,2432,2819,2819
64,28,stage-checksum,recompute,ntt,mul-output,3,38,24,2,PASS,FAIL,no,no,6.73909397e2,2.59216917e2,2.98610004e2,9.30986797e1,-39.37887044,36,0,36,0,0,0,0,136959 ns,121750,1152,1152,2432,2819,2819
64,28,stage-checksum,recompute,ntt,mul-output,3,38,26,2,PASS,FAIL,no,no,5.21833921e2,2.87357177e2,3.09473451e2,9.64856145e1,-39.68925135,36,0,36,0,0,0,0,138084 ns,123376,1152,1152,2432,2819,2819
64,28,stage-checksum,recompute,ntt,mul-output,3,39,0,2,PASS,FAIL,no,no,5.80594066e2,2.52934071e2,2.79596556e2,8.71707908e1,-38.80741972,36,0,36,0,0,0,0,137460 ns,123086,1152,1152,2432,2819,2819
64,28,stage-checksum,recompute,ntt,mul-output,3,39,8,2,PASS,FAIL,no,no,4.77414277e2,2.49271155e2,2.72896664e2,8.50819421e1,-38.59674790,36,0,36,0,0,0,0,246041 ns,220790,1152,1152,2432,2819,2819
64,28,stage-checksum,recompute,ntt,mul-output,3,39,24,2,PASS,FAIL,no,no,7.01332594e2,2.36878836e2,2.85793994e2,8.91029878e1,-38.99784534,36,0,36,0,0,0,0,132293 ns,118294,1152,1152,2432,2819,2819
64,28,stage-checksum,recompute,ntt,mul-output,3,39,26,2,PASS,FAIL,no,no,6.78937190e2,2.61312822e2,3.04315557e2,9.48775197e1,-39.54326645,36,0,36,0,0,0,0,137458 ns,123166,1152,1152,2432,2819,2819
64,28,stage-checksum,recompute,ntt,mul-output,3,42,0,2,PASS,FAIL,no,no,6.83479377e2,2.59266904e2,2.94239584e2,9.17360986e1,-39.25080532,36,0,36,0,0,0,0,364168 ns,325832,1152,1152,2432,2819,2819
64,28,stage-checksum,recompute,ntt,mul-output,3,42,8,2,PASS,FAIL,no,no,7.63290030e2,2.39884305e2,2.77527831e2,8.65258172e1,-38.74291419,36,0,36,0,0,0,0,262167 ns,235126,1152,1152,2432,2819,2819
64,28,stage-checksum,recompute,ntt,mul-output,3,42,24,2,PASS,FAIL,no,no,5.86818063e2,2.87754391e2,3.26059631e2,1.01656745e2,-40.14272402,36,0,36,0,0,0,0,133293 ns,119084,1152,1152,2432,2819,2819
64,28,stage-checksum,recompute,ntt,mul-output,3,42,26,2,PASS,FAIL,no,no,6.02693701e2,2.58026538e2,2.89380988e2,9.02213174e1,-39.10618329,36,0,36,0,0,0,0,140584 ns,125376,1152,1152,2432,2819,2819
64,28,stage-checksum,recompute,ntt,mul-output,3,43,0,2,PASS,FAIL,no,no,5.14205075e2,2.57669499e2,2.90183739e2,9.04715937e1,-39.13024481,36,0,36,0,0,0,0,138667 ns,123958,1152,1152,2432,2819,2819
64,28,stage-checksum,recompute,ntt,mul-output,3,43,8,2,PASS,FAIL,no,no,5.99713457e2,2.52331291e2,2.85802549e2,8.91056548e1,-38.99810532,36,0,36,0,0,0,0,263333 ns,235374,1152,1152,2432,2819,2819
64,28,stage-checksum,recompute,ntt,mul-output,3,43,24,2,PASS,FAIL,no,no,5.63821340e2,2.51541578e2,2.81385868e2,8.77286509e1,-38.86282902,36,0,36,0,0,0,0,234209 ns,208085,1152,1152,2432,2819,2819
64,28,stage-checksum,recompute,ntt,mul-output,3,43,26,2,PASS,FAIL,no,no,5.79544224e2,2.85436199e2,3.15718529e2,9.84326640e1,-39.86278478,36,0,36,0,0,0,0,233293 ns,208707,1152,1152,2432,2819,2819
64,28,stage-checksum,recompute,ntt,mul-output,3,44,0,2,PASS,FAIL,no,no,7.00746095e2,2.65554318e2,3.00642255e2,9.37322815e1,-39.43778377,36,0,36,0,0,0,0,140625 ns,124960,1152,1152,2432,2819,2819
64,28,stage-checksum,recompute,ntt,mul-output,3,44,8,2,PASS,FAIL,no,no,5.27050057e2,2.57036251e2,2.82841615e2,8.81825141e1,-38.90764953,36,0,36,0,0,0,0,137458 ns,122625,1152,1152,2432,2819,2819
64,28,stage-checksum,recompute,ntt,mul-output,3,44,24,2,PASS,FAIL,no,no,5.34794371e2,2.52880275e2,2.82423498e2,8.80521564e1,-38.89479993,36,0,36,0,0,0,0,148835 ns,133124,1152,1152,2432,2819,2819
64,28,stage-checksum,recompute,ntt,mul-output,3,44,26,2,PASS,FAIL,no,no,6.33784652e2,2.64092948e2,3.02411406e2,9.42838561e1,-39.48874673,36,0,36,0,0,0,0,226000 ns,201038,1152,1152,2432,2819,2819
64,28,stage-checksum,recompute,ntt,mul-output,3,45,0,2,PASS,FAIL,no,no,5.83403003e2,2.62534207e2,2.92309001e2,9.11341940e1,-39.19362714,36,0,36,0,0,0,0,263792 ns,236083,1152,1152,2432,2819,2819
64,28,stage-checksum,recompute,ntt,mul-output,3,45,8,2,PASS,FAIL,no,no,5.97186626e2,2.42186277e2,2.86656707e2,8.93719586e1,-39.02402552,36,0,36,0,0,0,0,177124 ns,157502,1152,1152,2432,2819,2819
64,28,stage-checksum,recompute,ntt,mul-output,3,45,24,2,PASS,FAIL,no,no,6.07818276e2,2.89903794e2,3.22932280e2,1.00681720e2,-40.05901255,36,0,36,0,0,0,0,136665 ns,122330,1152,1152,2432,2819,2819
64,28,stage-checksum,recompute,ntt,mul-output,3,45,26,2,PASS,FAIL,no,no,5.46758953e2,2.77826683e2,3.16401975e2,9.86457443e1,-39.88156708,36,0,36,0,0,0,0,210001 ns,187415,1152,1152,2432,2819,2819
64,28,stage-checksum,recompute,ntt,mul-output,3,49,0,2,PASS,FAIL,no,no,6.91140145e2,2.55331391e2,3.04935318e2,9.50707450e1,-39.56093795,36,0,36,0,0,0,0,170541 ns,153041,1152,1152,2432,2819,2819
64,28,stage-checksum,recompute,ntt,mul-output,3,49,8,2,PASS,FAIL,no,no,5.77520578e2,2.60434395e2,2.91497316e2,9.08811323e1,-39.16947458,36,0,36,0,0,0,0,261751 ns,234500,1152,1152,2432,2819,2819
64,28,stage-checksum,recompute,ntt,mul-output,3,49,24,2,PASS,FAIL,no,no,5.97349951e2,2.73073349e2,2.98690756e2,9.31238559e1,-39.38121900,36,0,36,0,0,0,0,140625 ns,125209,1152,1152,2432,2819,2819
64,28,stage-checksum,recompute,ntt,mul-output,3,49,26,2,PASS,FAIL,no,no,6.97780921e2,2.83356292e2,3.23535581e2,1.00869813e2,-40.07522435,36,0,36,0,0,0,0,139542 ns,123868,1152,1152,2432,2819,2819
64,28,stage-checksum,recompute,ntt,mul-output,3,53,0,2,PASS,FAIL,no,no,4.99392501e2,2.48049396e2,2.82532736e2,8.80862141e1,-38.89815889,36,0,36,0,0,0,0,291250 ns,258084,1152,1152,2432,2819,2819
64,28,stage-checksum,recompute,ntt,mul-output,3,53,8,2,PASS,FAIL,no,no,6.52392811e2,2.55707769e2,3.01913738e2,9.41286962e1,-39.47444086,36,0,36,0,0,0,0,186251 ns,167497,1152,1152,2432,2819,2819
64,28,stage-checksum,recompute,ntt,mul-output,3,53,24,2,PASS,FAIL,no,no,8.46716509e2,2.57049745e2,2.99120069e2,9.32577045e1,-39.39369443,36,0,36,0,0,0,0,136000 ns,121545,1152,1152,2432,2819,2819
64,28,stage-checksum,recompute,ntt,mul-output,3,53,26,2,PASS,FAIL,no,no,5.97138165e2,2.62666513e2,2.89325371e2,9.02039773e1,-39.10451374,36,0,36,0,0,0,0,138083 ns,123249,1152,1152,2432,2819,2819
64,28,stage-checksum,recompute,ntt,mul-output,3,56,0,2,ERROR,ERROR,ERROR,ERROR,NA,NA,NA,NA,NA,NA,NA,NA,NA,NA,NA,NA,NA,NA,NA,NA,NA,NA,NA
64,28,stage-checksum,recompute,ntt,mul-output,3,56,8,2,ERROR,ERROR,ERROR,ERROR,NA,NA,NA,NA,NA,NA,NA,NA,NA,NA,NA,NA,NA,NA,NA,NA,NA,NA,NA
64,28,stage-checksum,recompute,ntt,mul-output,3,56,24,2,ERROR,ERROR,ERROR,ERROR,NA,NA,NA,NA,NA,NA,NA,NA,NA,NA,NA,NA,NA,NA,NA,NA,NA,NA,NA
64,28,stage-checksum,recompute,ntt,mul-output,3,56,26,2,ERROR,ERROR,ERROR,ERROR,NA,NA,NA,NA,NA,NA,NA,NA,NA,NA,NA,NA,NA,NA,NA,NA,NA,NA,NA
64,28,stage-checksum,recompute,ntt,mul-output,3,57,0,2,PASS,FAIL,no,no,6.19972186e2,2.49476843e2,2.80747700e2,8.75296872e1,-38.84310752,36,0,36,0,0,0,0,191166 ns,170666,1152,1152,2432,2819,2819
64,28,stage-checksum,recompute,ntt,mul-output,3,57,8,2,PASS,FAIL,no,no,5.63800231e2,2.61060469e2,2.97415360e2,9.27262214e1,-39.34405125,36,0,36,0,0,0,0,137209 ns,122754,1152,1152,2432,2819,2819
64,28,stage-checksum,recompute,ntt,mul-output,3,57,24,2,PASS,FAIL,no,no,5.14563177e2,2.72897743e2,3.05843328e2,9.53538384e1,-39.58676359,36,0,36,0,0,0,0,182541 ns,163666,1152,1152,2432,2819,2819
64,28,stage-checksum,recompute,ntt,mul-output,3,57,26,2,PASS,FAIL,no,no,6.53396085e2,2.51484503e2,2.99692442e2,9.34361552e1,-39.41029918,36,0,36,0,0,0,0,209749 ns,187125,1152,1152,2432,2819,2819
64,28,stage-checksum,recompute,ntt,mul-output,3,60,0,2,PASS,FAIL,no,no,5.65293148e2,2.58333349e2,2.93623372e2,9.15439801e1,-39.23259581,36,0,36,0,0,0,0,139875 ns,125040,1152,1152,2432,2819,2819
64,28,stage-checksum,recompute,ntt,mul-output,3,60,8,2,PASS,FAIL,no,no,5.28407325e2,2.55517185e2,2.87606909e2,8.96682065e1,-39.05276967,36,0,36,0,0,0,0,135166 ns,119875,1152,1152,2432,2819,2819
64,28,stage-checksum,recompute,ntt,mul-output,3,60,24,2,PASS,FAIL,no,no,7.29056694e2,2.73495705e2,3.14414535e2,9.80261132e1,-39.82683566,36,0,36,0,0,0,0,131000 ns,117419,1152,1152,2432,2819,2819
64,28,stage-checksum,recompute,ntt,mul-output,3,60,26,2,PASS,FAIL,no,no,6.24542750e2,2.63908854e2,3.02446917e2,9.42949275e1,-39.48976662,36,0,36,0,0,0,0,234250 ns,209539,1152,1152,2432,2819,2819
64,28,stage-checksum,recompute,ntt,mul-output,3,61,0,2,PASS,FAIL,no,no,5.30810899e2,2.48262098e2,2.81795190e2,8.78562667e1,-38.87545489,36,0,36,0,0,0,0,206334 ns,184959,1152,1152,2432,2819,2819
64,28,stage-checksum,recompute,ntt,mul-output,3,61,8,2,PASS,FAIL,no,no,4.77184645e2,2.45380920e2,2.75392496e2,8.58600766e1,-38.67582543,36,0,36,0,0,0,0,234917 ns,208416,1152,1152,2432,2819,2819
64,28,stage-checksum,recompute,ntt,mul-output,3,61,24,2,PASS,FAIL,no,no,5.07260829e2,2.68322291e2,3.01506531e2,9.40017400e1,-39.46271785,36,0,36,0,0,0,0,305667 ns,272752,1152,1152,2432,2819,2819
64,28,stage-checksum,recompute,ntt,mul-output,3,61,26,2,PASS,FAIL,no,no,6.23960774e2,2.54834677e2,2.91756176e2,9.09618380e1,-39.17718455,36,0,36,0,0,0,0,263791 ns,235873,1152,1152,2432,2819,2819
64,28,stage-checksum,recompute,ntt,mul-output,3,62,0,2,PASS,FAIL,no,no,5.81247834e2,2.86354921e2,3.19113469e2,9.94911163e1,-39.95568607,36,0,36,0,0,0,0,137125 ns,122416,1152,1152,2432,2819,2819
64,28,stage-checksum,recompute,ntt,mul-output,3,62,8,2,PASS,FAIL,no,no,5.02632638e2,2.29159733e2,2.63113367e2,8.20317696e1,-38.27964160,36,0,36,0,0,0,0,143081 ns,127503,1152,1152,2432,2819,2819
64,28,stage-checksum,recompute,ntt,mul-output,3,62,24,2,PASS,FAIL,no,no,5.62712369e2,2.65179753e2,2.96213862e2,9.23516262e1,-39.30889095,36,0,36,0,0,0,0,217417 ns,194414,1152,1152,2432,2819,2819
64,28,stage-checksum,recompute,ntt,mul-output,3,62,26,2,PASS,FAIL,no,no,4.91983349e2,2.69564500e2,3.01399520e2,9.39683767e1,-39.45963449,36,0,36,0,0,0,0,141167 ns,126165,1152,1152,2432,2819,2819
64,28,stage-checksum,recompute,ntt,mul-output,3,63,0,2,PASS,FAIL,no,no,5.83084309e2,2.93057079e2,3.20165733e2,9.98191842e1,-39.98428033,36,0,36,0,0,0,0,233667 ns,208460,1152,1152,2432,2819,2819
64,28,stage-checksum,recompute,ntt,mul-output,3,63,8,2,PASS,FAIL,no,no,6.02266334e2,2.48727841e2,2.82672410e2,8.81297607e1,-38.90245182,36,0,36,0,0,0,0,263251 ns,235292,1152,1152,2432,2819,2819
64,28,stage-checksum,recompute,ntt,mul-output,3,63,24,2,PASS,FAIL,no,no,6.20261693e2,2.63254495e2,2.98606775e2,9.30976731e1,-39.37877652,36,0,36,0,0,0,0,232583 ns,207543,1152,1152,2432,2819,2819
64,28,stage-checksum,recompute,ntt,mul-output,3,63,26,2,PASS,FAIL,no,no,7.99283857e2,2.76676059e2,3.24342752e2,1.01121468e2,-40.09686732,36,0,36,0,0,0,0,174000 ns,155500,1152,1152,2432,2819,2819
64,28,stage-checksum,recompute,ntt,mul-output,3,0,0,3,PASS,FAIL,no,no,6.10168567e2,2.13989998e2,2.46400229e2,7.68210565e1,-37.70960551,36,0,36,0,0,0,0,262084 ns,234620,1152,1152,2432,2819,2819
64,28,stage-checksum,recompute,ntt,mul-output,3,0,8,3,PASS,FAIL,no,no,5.92658299e2,2.59285625e2,2.89048923e2,9.01177883e1,-39.09621049,36,0,36,0,0,0,0,210791 ns,187250,1152,1152,2432,2819,2819
64,28,stage-checksum,recompute,ntt,mul-output,3,0,24,3,PASS,FAIL,no,no,7.71933734e2,2.72623399e2,3.00691422e2,9.37476105e1,-39.43920414,36,0,36,0,0,0,0,262874 ns,235084,1152,1152,2432,2819,2819
64,28,stage-checksum,recompute,ntt,mul-output,3,0,26,3,PASS,FAIL,no,no,5.05047434e2,2.42357975e2,2.79055913e2,8.70022327e1,-38.79060795,36,0,36,0,0,0,0,264293 ns,234586,1152,1152,2432,2819,2819
64,28,stage-checksum,recompute,ntt,mul-output,3,3,0,3,PASS,FAIL,no,no,5.16775429e2,2.61768219e2,2.92561917e2,9.12130467e1,-39.20113924,36,0,36,0,0,0,0,233456 ns,208625,1152,1152,2432,2819,2819
64,28,stage-checksum,recompute,ntt,mul-output,3,3,8,3,PASS,FAIL,no,no,5.63191635e2,2.47422646e2,2.81390878e2,8.77302128e1,-38.86298366,36,0,36,0,0,0,0,139625 ns,124910,1152,1152,2432,2819,2819
64,28,stage-checksum,recompute,ntt,mul-output,3,3,24,3,PASS,FAIL,no,no,6.83222203e2,2.89673375e2,3.30931068e2,1.03175530e2,-40.27153419,36,0,36,0,0,0,0,160334 ns,143082,1152,1152,2432,2819,2819
64,28,stage-checksum,recompute,ntt,mul-output,3,3,26,3,PASS,FAIL,no,no,7.21474217e2,2.74324644e2,3.15881363e2,9.84834312e1,-39.86726343,36,0,36,0,0,0,0,262917 ns,234915,1152,1152,2432,2819,2819
64,28,stage-checksum,recompute,ntt,mul-output,3,4,0,3,PASS,FAIL,no,no,5.67581072e2,2.83113797e2,3.12148367e2,9.73195824e1,-39.76400473,36,0,36,0,0,0,0,130790 ns,117082,1152,1152,2432,2819,2819
64,28,stage-checksum,recompute,ntt,mul-output,3,4,8,3,PASS,FAIL,no,no,5.22303196e2,2.77409687e2,3.00969068e2,9.38341733e1,-39.44722064,36,0,36,0,0,0,0,131457 ns,117504,1152,1152,2432,2819,2819
64,28,stage-checksum,recompute,ntt,mul-output,3,4,24,3,PASS,FAIL,no,no,5.53655098e2,2.47437787e2,2.94703751e2,9.18808136e1,-39.26449664,36,0,36,0,0,0,0,232542 ns,207917,1152,1152,2432,2819,2819
64,28,stage-checksum,recompute,ntt,mul-output,3,4,26,3,PASS,FAIL,no,no,7.34763384e2,2.64150825e2,3.04936709e2,9.50711785e1,-39.56097755,36,0,36,0,0,0,0,144959 ns,129624,1152,1152,2432,2819,2819
64,28,stage-checksum,recompute,ntt,mul-output,3,7,0,3,PASS,FAIL,no,no,6.50313389e2,2.51648136e2,2.84764526e2,8.87820268e1,-38.96650111,36,0,36,0,0,0,0,234875 ns,210123,1152,1152,2432,2819,2819
64,28,stage-checksum,recompute,ntt,mul-output,3,7,8,3,PASS,FAIL,no,no,6.36006741e2,2.58946489e2,2.96270550e2,9.23693001e1,-39.31055306,36,0,36,0,0,0,0,140959 ns,124624,1152,1152,2432,2819,2819
64,28,stage-checksum,recompute,ntt,mul-output,3,7,24,3,PASS,FAIL,no,no,6.27536216e2,2.55033853e2,2.93713920e2,9.15722107e1,-39.23527398,36,0,36,0,0,0,0,145666 ns,129295,1152,1152,2432,2819,2819
64,28,stage-checksum,recompute,ntt,mul-output,3,7,26,3,PASS,FAIL,no,no,5.49156382e2,2.68139201e2,3.02261363e2,9.42370767e1,-39.48443611,36,0,36,0,0,0,0,211001 ns,188415,1152,1152,2432,2819,2819
64,28,stage-checksum,recompute,ntt,mul-output,3,8,0,3,ERROR,ERROR,ERROR,ERROR,NA,NA,NA,NA,NA,NA,NA,NA,NA,NA,NA,NA,NA,NA,NA,NA,NA,NA,NA
64,28,stage-checksum,recompute,ntt,mul-output,3,8,8,3,ERROR,ERROR,ERROR,ERROR,NA,NA,NA,NA,NA,NA,NA,NA,NA,NA,NA,NA,NA,NA,NA,NA,NA,NA,NA
64,28,stage-checksum,recompute,ntt,mul-output,3,8,24,3,ERROR,ERROR,ERROR,ERROR,NA,NA,NA,NA,NA,NA,NA,NA,NA,NA,NA,NA,NA,NA,NA,NA,NA,NA,NA
64,28,stage-checksum,recompute,ntt,mul-output,3,8,26,3,ERROR,ERROR,ERROR,ERROR,NA,NA,NA,NA,NA,NA,NA,NA,NA,NA,NA,NA,NA,NA,NA,NA,NA,NA,NA
64,28,stage-checksum,recompute,ntt,mul-output,3,9,0,3,PASS,FAIL,no,no,6.49572666e2,2.60912985e2,3.08516475e2,9.61872546e1,-39.66235059,36,0,36,0,0,0,0,192333 ns,171458,1152,1152,2432,2819,2819
64,28,stage-checksum,recompute,ntt,mul-output,3,9,8,3,PASS,FAIL,no,no,6.06332172e2,2.91698994e2,3.15547404e2,9.83793120e1,-39.85807562,36,0,36,0,0,0,0,233126 ns,208416,1152,1152,2432,2819,2819
64,28,stage-checksum,recompute,ntt,mul-output,3,9,24,3,PASS,FAIL,no,no,7.06235468e2,2.34691634e2,2.74089987e2,8.54539886e1,-38.63464677,36,0,36,0,0,0,0,233416 ns,208998,1152,1152,2432,2819,2819
64,28,stage-checksum,recompute,ntt,mul-output,3,9,26,3,PASS,FAIL,no,no,5.61029151e2,2.73273131e2,3.08212059e2,9.60923458e1,-39.65377591,36,0,36,0,0,0,0,263709 ns,235917,1152,1152,2432,2819,2819
64,28,stage-checksum,recompute,ntt,mul-output,3,11,0,3,PASS,FAIL,no,no,5.80682601e2,2.40266229e2,2.77522589e2,8.65241830e1,-38.74275015,36,0,36,0,0,0,0,139709 ns,124711,1152,1152,2432,2819,2819
64,28,stage-checksum,recompute,ntt,mul-output,3,11,8,3,PASS,FAIL,no,no,6.51665494e2,2.73737538e2,2.99686882e2,9.34344216e1,-39.41013803,36,0,36,0,0,0,0,254085 ns,225750,1152,1152,2432,2819,2819
64,28,stage-checksum,recompute,ntt,mul-output,3,11,24,3,PASS,FAIL,no,no,6.65060714e2,2.85597866e2,3.18577021e2,9.93238660e1,-39.94107231,36,0,36,0,0,0,0,232874 ns,208541,1152,1152,2432,2819,2819
64,28,stage-checksum,recompute,ntt,mul-output,3,11,26,3,PASS,FAIL,no,no,5.85981336e2,2.85633024e2,3.22293716e2,1.00482633e2,-40.04182012,36,0,36,0,0,0,0,131792 ns,117872,1152,1152,2432,2819,2819
64,28,stage-checksum,recompute,ntt,mul-output,3,12,0,3,PASS,FAIL,no,no,6.59549308e2,2.66202181e2,3.05303423e2,9.51855103e1,-39.57141685,36,0,36,0,0,0,0,138208 ns,123582,1152,1152,2432,2819,2819
64,28,stage-checksum,recompute,ntt,mul-output,3,12,8,3,PASS,FAIL,no,no,8.55402735e2,2.67399238e2,3.08048717e2,9.60414202e1,-39.64917147,36,0,36,0,0,0,0,233500 ns,208335,1152,1152,2432,2819,2819
64,28,stage-checksum,recompute,ntt,mul-output,3,12,24,3,PASS,FAIL,no,no,5.89315986e2,2.60945062e2,2.97906761e2,9.28794271e1,-39.35839056,36,0,36,0,0,0,0,132457 ns,117998,1152,1152,2432,2819,2819
64,28,stage-checksum,recompute,ntt,mul-output,3,12,26,3,PASS,FAIL,no,no,6.23887995e2,2.47167480e2,2.92440541e2,9.11752049e1,-39.19753496,36,0,36,0,0,0,0,138251 ns,123167,1152,1152,2432,2819,2819
64,28,stage-checksum,recompute,ntt,mul-output,3,13,0,3,PASS,FAIL,no,no,5.82444686e2,2.64587769e2,2.93319654e2,9.14492888e1,-39.22360665,36,0,36,0,0,0,0,137750 ns,122786,1152,1152,2432,2819,2819
64,28,stage-checksum,recompute,ntt,mul-output,3,13,8,3,PASS,FAIL,no,no,5.57611683e2,2.22909178e2,2.51569501e2,7.84326985e1,-37.88994315,36,0,36,0,0,0,0,137333 ns,121873,1152,1152,2432,2819,2819
64,28,stage-checksum,recompute,ntt,mul-output,3,13,24,3,PASS,FAIL,no,no,6.21686604e2,2.83533221e2,3.22610066e2,1.00581262e2,-40.05034164,36,0,36,0,0,0,0,179541 ns,161626,1152,1152,2432,2819,2819
