n,bits,mitigation,action,repeat,elapsed_ntt_ns,mitigation_time_ns,checks_performed,check_failures,stage_checks,stage_failures,recomputations,mod_adds,mod_subs,mod_muls,memory_reads,memory_writes
2048,28,none,detect-only,1,5651541 ns,0,0,0,0,0,0,67584,67584,139264,151552,151552
2048,28,none,detect-only,2,5627000 ns,0,0,0,0,0,0,67584,67584,139264,151552,151552
2048,28,none,detect-only,3,5657293 ns,0,0,0,0,0,0,67584,67584,139264,151552,151552
2048,28,none,detect-only,4,5691584 ns,0,0,0,0,0,0,67584,67584,139264,151552,151552
2048,28,none,detect-only,5,5640291 ns,0,0,0,0,0,0,67584,67584,139264,151552,151552
2048,28,none,detect-only,6,5694209 ns,0,0,0,0,0,0,67584,67584,139264,151552,151552
2048,28,none,detect-only,7,5649708 ns,0,0,0,0,0,0,67584,67584,139264,151552,151552
2048,28,none,detect-only,8,5722500 ns,0,0,0,0,0,0,67584,67584,139264,151552,151552
2048,28,none,detect-only,9,5710583 ns,0,0,0,0,0,0,67584,67584,139264,151552,151552
2048,28,none,detect-only,10,5781332 ns,0,0,0,0,0,0,67584,67584,139264,151552,151552
2048,28,none,detect-only,11,5802083 ns,0,0,0,0,0,0,67584,67584,139264,151552,151552
2048,28,none,detect-only,12,5977291 ns,0,0,0,0,0,0,67584,67584,139264,151552,151552
2048,28,none,detect-only,13,5840332 ns,0,0,0,0,0,0,67584,67584,139264,151552,151552
2048,28,none,detect-only,14,5844041 ns,0,0,0,0,0,0,67584,67584,139264,151552,151552
2048,28,none,detect-only,15,5883625 ns,0,0,0,0,0,0,67584,67584,139264,151552,151552
2048,28,none,detect-only,16,5851624 ns,0,0,0,0,0,0,67584,67584,139264,151552,151552
2048,28,none,detect-only,17,6368040 ns,0,0,0,0,0,0,67584,67584,139264,151552,151552
2048,28,none,detect-only,18,5882501 ns,0,0,0,0,0,0,67584,67584,139264,151552,151552
2048,28,none,detect-only,19,5961585 ns,0,0,0,0,0,0,67584,67584,139264,151552,151552
2048,28,none,detect-only,20,5837750 ns,0,0,0,0,0,0,67584,67584,139264,151552,151552
2048,28,none,detect-only,21,6090376 ns,0,0,0,0,0,0,67584,67584,139264,151552,151552
2048,28,none,detect-only,22,5869419 ns,0,0,0,0,0,0,67584,67584,139264,151552,151552
2048,28,none,detect-only,23,8266540 ns,0,0,0,0,0,0,67584,67584,139264,151552,151552
2048,28,none,detect-only,24,6029584 ns,0,0,0,0,0,0,67584,67584,139264,151552,151552
2048,28,none,detect-only,25,6005126 ns,0,0,0,0,0,0,67584,67584,139264,151552,151552
2048,28,none,detect-only,26,6058750 ns,0,0,0,0,0,0,67584,67584,139264,151552,151552
2048,28,none,detect-only,27,6057041 ns,0,0,0,0,0,0,67584,67584,139264,151552,151552
2048,28,none,detect-only,28,6027999 ns,0,0,0,0,0,0,67584,67584,139264,151552,151552
2048,28,none,detect-only,29,6087293 ns,0,0,0,0,0,0,67584,67584,139264,151552,151552
2048,28,none,detect-only,30,5896790 ns,0,0,0,0,0,0,67584,67584,139264,151552,151552
2048,28,butterfly-check,detect-only,1,6715667 ns,6462040,67584,0,0,0,0,67584,67584,139264,151552,151552
2048,28,butterfly-check,detect-only,2,6607833 ns,6370581,67584,0,0,0,0,67584,67584,139264,151552,151552
2048,28,butterfly-check,detect-only,3,6629041 ns,6389959,67584,0,0,0,0,67584,67584,139264,151552,151552
2048,28,butterfly-check,detect-only,4,6639208 ns,6367999,67584,0,0,0,0,67584,67584,139264,151552,151552
2048,28,butterfly-check,detect-only,5,6734292 ns,6488786,67584,0,0,0,0,67584,67584,139264,151552,151552
2048,28,butterfly-check,detect-only,6,6685207 ns,6455081,67584,0,0,0,0,67584,67584,139264,151552,151552
2048,28,butterfly-check,detect-only,7,6825708 ns,6564255,67584,0,0,0,0,67584,67584,139264,151552,151552
2048,28,butterfly-check,detect-only,8,6725083 ns,6480794,67584,0,0,0,0,67584,67584,139264,151552,151552
2048,28,butterfly-check,detect-only,9,6541750 ns,6312200,67584,0,0,0,0,67584,67584,139264,151552,151552
2048,28,butterfly-check,detect-only,10,6859457 ns,6613038,67584,0,0,0,0,67584,67584,139264,151552,151552
2048,28,butterfly-check,detect-only,11,6720498 ns,6437877,67584,0,0,0,0,67584,67584,139264,151552,151552
2048,28,butterfly-check,detect-only,12,6719209 ns,6474915,67584,0,0,0,0,67584,67584,139264,151552,151552
2048,28,butterfly-check,detect-only,13,6676416 ns,6416828,67584,0,0,0,0,67584,67584,139264,151552,151552
2048,28,butterfly-check,detect-only,14,6690085 ns,6457079,67584,0,0,0,0,67584,67584,139264,151552,151552
2048,28,butterfly-check,detect-only,15,6755916 ns,6496919,67584,0,0,0,0,67584,67584,139264,151552,151552
2048,28,butterfly-check,detect-only,16,26216584 ns,25739413,67584,0,0,0,0,67584,67584,139264,151552,151552
2048,28,butterfly-check,detect-only,17,6585249 ns,6354622,67584,0,0,0,0,67584,67584,139264,151552,151552
2048,28,butterfly-check,detect-only,18,6724499 ns,6467251,67584,0,0,0,0,67584,67584,139264,151552,151552
2048,28,butterfly-check,detect-only,19,6749624 ns,6491583,67584,0,0,0,0,67584,67584,139264,151552,151552
2048,28,butterfly-check,detect-only,20,6672167 ns,6437212,67584,0,0,0,0,67584,67584,139264,151552,151552
2048,28,butterfly-check,detect-only,21,6680126 ns,6413832,67584,0,0,0,0,67584,67584,139264,151552,151552
2048,28,butterfly-check,detect-only,22,6664209 ns,6430503,67584,0,0,0,0,67584,67584,139264,151552,151552
2048,28,butterfly-check,detect-only,23,6726207 ns,6474334,67584,0,0,0,0,67584,67584,139264,151552,151552
2048,28,butterfly-check,detect-only,24,6721167 ns,6476415,67584,0,0,0,0,67584,67584,139264,151552,151552
2048,28,butterfly-check,detect-only,25,6505458 ns,6283284,67584,0,0,0,0,67584,67584,139264,151552,151552
2048,28,butterfly-check,detect-only,26,6702750 ns,6469493,67584,0,0,0,0,67584,67584,139264,151552,151552
2048,28,butterfly-check,detect-only,27,9162209 ns,8875536,67584,0,0,0,0,67584,67584,139264,151552,151552
2048,28,butterfly-check,detect-only,28,6772708 ns,6519250,67584,0,0,0,0,67584,67584,139264,151552,151552
2048,28,butterfly-check,detect-only,29,6741334 ns,6474583,67584,0,0,0,0,67584,67584,139264,151552,151552
2048,28,butterfly-check,detect-only,30,6685251 ns,6454708,67584,0,0,0,0,67584,67584,139264,151552,151552
2048,28,butterfly-check,recompute,1,6648124 ns,6405749,67584,0,0,0,0,67584,67584,139264,151552,151552
2048,28,butterfly-check,recompute,2,6784043 ns,6546541,67584,0,0,0,0,67584,67584,139264,151552,151552
2048,28,butterfly-check,recompute,3,6731999 ns,6480377,67584,0,0,0,0,67584,67584,139264,151552,151552
2048,28,butterfly-check,recompute,4,6684541 ns,6436583,67584,0,0,0,0,67584,67584,139264,151552,151552
2048,28,butterfly-check,recompute,5,6758458 ns,6521498,67584,0,0,0,0,67584,67584,139264,151552,151552
2048,28,butterfly-check,recompute,6,6624125 ns,6368289,67584,0,0,0,0,67584,67584,139264,151552,151552
2048,28,butterfly-check,recompute,7,6738458 ns,6504753,67584,0,0,0,0,67584,67584,139264,151552,151552
2048,28,butterfly-check,recompute,8,6702291 ns,6461164,67584,0,0,0,0,67584,67584,139264,151552,151552
2048,28,butterfly-check,recompute,9,6687668 ns,6446916,67584,0,0,0,0,67584,67584,139264,151552,151552
2048,28,butterfly-check,recompute,10,6725459 ns,6491713,67584,0,0,0,0,67584,67584,139264,151552,151552
2048,28,butterfly-check,recompute,11,6725291 ns,6480332,67584,0,0,0,0,67584,67584,139264,151552,151552
2048,28,butterfly-check,recompute,12,6774457 ns,6530961,67584,0,0,0,0,67584,67584,139264,151552,151552
2048,28,butterfly-check,recompute,13,6685584 ns,6455465,67584,0,0,0,0,67584,67584,139264,151552,151552
2048,28,butterfly-check,recompute,14,6706209 ns,6462212,67584,0,0,0,0,67584,67584,139264,151552,151552
2048,28,butterfly-check,recompute,15,6710833 ns,6479624,67584,0,0,0,0,67584,67584,139264,151552,151552
2048,28,butterfly-check,recompute,16,6673541 ns,6429873,67584,0,0,0,0,67584,67584,139264,151552,151552
2048,28,butterfly-check,recompute,17,6648207 ns,6407624,67584,0,0,0,0,67584,67584,139264,151552,151552
2048,28,butterfly-check,recompute,18,6752956 ns,6504289,67584,0,0,0,0,67584,67584,139264,151552,151552
2048,28,butterfly-check,recompute,19,6681542 ns,6452913,67584,0,0,0,0,67584,67584,139264,151552,151552
2048,28,butterfly-check,recompute,20,6753000 ns,6497833,67584,0,0,0,0,67584,67584,139264,151552,151552
2048,28,butterfly-check,recompute,21,6716168 ns,6471285,67584,0,0,0,0,67584,67584,139264,151552,151552
2048,28,butterfly-check,recompute,22,6706209 ns,6465167,67584,0,0,0,0,67584,67584,139264,151552,151552
2048,28,butterfly-check,recompute,23,6798709 ns,6547495,67584,0,0,0,0,67584,67584,139264,151552,151552
2048,28,butterfly-check,recompute,24,6653333 ns,6419878,67584,0,0,0,0,67584,67584,139264,151552,151552
2048,28,butterfly-check,recompute,25,6690374 ns,6450753,67584,0,0,0,0,67584,67584,139264,151552,151552
2048,28,butterfly-check,recompute,26,6718250 ns,6474623,67584,0,0,0,0,67584,67584,139264,151552,151552
2048,28,butterfly-check,recompute,27,6729999 ns,6485043,67584,0,0,0,0,67584,67584,139264,151552,151552
2048,28,butterfly-check,recompute,28,6728708 ns,6481795,67584,0,0,0,0,67584,67584,139264,151552,151552
2048,28,butterfly-check,recompute,29,6673124 ns,6435290,67584,0,0,0,0,67584,67584,139264,151552,151552
2048,28,butterfly-check,recompute,30,6738501 ns,6498873,67584,0,0,0,0,67584,67584,139264,151552,151552
2048,28,stage-checksum,detect-only,1,7179082 ns,6915002,66,0,66,0,0,67584,67584,139264,151552,151552
2048,28,stage-checksum,detect-only,2,7133459 ns,6870006,66,0,66,0,0,67584,67584,139264,151552,151552
2048,28,stage-checksum,detect-only,3,7107752 ns,6877290,66,0,66,0,0,67584,67584,139264,151552,151552
2048,28,stage-checksum,detect-only,4,7108127 ns,6869667,66,0,66,0,0,67584,67584,139264,151552,151552
2048,28,stage-checksum,detect-only,5,7095626 ns,6858167,66,0,66,0,0,67584,67584,139264,151552,151552
2048,28,stage-checksum,detect-only,6,7167625 ns,6903669,66,0,66,0,0,67584,67584,139264,151552,151552
2048,28,stage-checksum,detect-only,7,7213374 ns,6953546,66,0,66,0,0,67584,67584,139264,151552,151552
2048,28,stage-checksum,detect-only,8,7222585 ns,6979459,66,0,66,0,0,67584,67584,139264,151552,151552
2048,28,stage-checksum,detect-only,9,7001960 ns,6770501,66,0,66,0,0,67584,67584,139264,151552,151552
2048,28,stage-checksum,detect-only,10,7084041 ns,6853420,66,0,66,0,0,67584,67584,139264,151552,151552
2048,28,stage-checksum,detect-only,11,7188416 ns,6936540,66,0,66,0,0,67584,67584,139264,151552,151552
2048,28,stage-checksum,detect-only,12,7128125 ns,6873170,66,0,66,0,0,67584,67584,139264,151552,151552
2048,28,stage-checksum,detect-only,13,7162125 ns,6878540,66,0,66,0,0,67584,67584,139264,151552,151552
2048,28,stage-checksum,detect-only,14,7209876 ns,6944704,66,0,66,0,0,67584,67584,139264,151552,151552
2048,28,stage-checksum,detect-only,15,7136293 ns,6877914,66,0,66,0,0,67584,67584,139264,151552,151552
2048,28,stage-checksum,detect-only,16,7105373 ns,6860169,66,0,66,0,0,67584,67584,139264,151552,151552
2048,28,stage-checksum,detect-only,17,7093167 ns,6852706,66,0,66,0,0,67584,67584,139264,151552,151552
2048,28,stage-checksum,detect-only,18,7092291 ns,6857246,66,0,66,0,0,67584,67584,139264,151552,151552
2048,28,stage-checksum,detect-only,19,7125792 ns,6851289,66,0,66,0,0,67584,67584,139264,151552,151552
2048,28,stage-checksum,detect-only,20,7087418 ns,6851333,66,0,66,0,0,67584,67584,139264,151552,151552
2048,28,stage-checksum,detect-only,21,7143709 ns,6895749,66,0,66,0,0,67584,67584,139264,151552,151552
2048,28,stage-checksum,detect-only,22,7056208 ns,6827207,66,0,66,0,0,67584,67584,139264,151552,151552
2048,28,stage-checksum,detect-only,23,7136959 ns,6891535,66,0,66,0,0,67584,67584,139264,151552,151552
2048,28,stage-checksum,detect-only,24,7075957 ns,6840499,66,0,66,0,0,67584,67584,139264,151552,151552
2048,28,stage-checksum,detect-only,25,7060791 ns,6824497,66,0,66,0,0,67584,67584,139264,151552,151552
2048,28,stage-checksum,detect-only,26,7121708 ns,6882247,66,0,66,0,0,67584,67584,139264,151552,151552
2048,28,stage-checksum,detect-only,27,7252874 ns,6972754,66,0,66,0,0,67584,67584,139264,151552,151552
2048,28,stage-checksum,detect-only,28,7048834 ns,6809289,66,0,66,0,0,67584,67584,139264,151552,151552
2048,28,stage-checksum,detect-only,29,7130791 ns,6868579,66,0,66,0,0,67584,67584,139264,151552,151552
2048,28,stage-checksum,detect-only,30,7067458 ns,6828037,66,0,66,0,0,67584,67584,139264,151552,151552
2048,28,stage-checksum,recompute,1,7111957 ns,6854837,66,0,66,0,0,67584,67584,139264,151552,151552
2048,28,stage-checksum,recompute,2,7184500 ns,6921627,66,0,66,0,0,67584,67584,139264,151552,151552
2048,28,stage-checksum,recompute,3,7078501 ns,6842501,66,0,66,0,0,67584,67584,139264,151552,151552
2048,28,stage-checksum,recompute,4,7143457 ns,6914546,66,0,66,0,0,67584,67584,139264,151552,151552
2048,28,stage-checksum,recompute,5,7273625 ns,7022291,66,0,66,0,0,67584,67584,139264,151552,151552
2048,28,stage-checksum,recompute,6,7339625 ns,7101830,66,0,66,0,0,67584,67584,139264,151552,151552
2048,28,stage-checksum,recompute,7,7153625 ns,6921331,66,0,66,0,0,67584,67584,139264,151552,151552
2048,28,stage-checksum,recompute,8,8899291 ns,8614292,66,0,66,0,0,67584,67584,139264,151552,151552
2048,28,stage-checksum,recompute,9,7099958 ns,6858290,66,0,66,0,0,67584,67584,139264,151552,151552
2048,28,stage-checksum,recompute,10,7169834 ns,6920335,66,0,66,0,0,67584,67584,139264,151552,151552
2048,28,stage-checksum,recompute,11,7318042 ns,7063877,66,0,66,0,0,67584,67584,139264,151552,151552
2048,28,stage-checksum,recompute,12,7139710 ns,6908498,66,0,66,0,0,67584,67584,139264,151552,151552
2048,28,stage-checksum,recompute,13,7171375 ns,6890380,66,0,66,0,0,67584,67584,139264,151552,151552
2048,28,stage-checksum,recompute,14,7354251 ns,7108663,66,0,66,0,0,67584,67584,139264,151552,151552
2048,28,stage-checksum,recompute,15,7023917 ns,6791466,66,0,66,0,0,67584,67584,139264,151552,151552
2048,28,stage-checksum,recompute,16,7079292 ns,6836166,66,0,66,0,0,67584,67584,139264,151552,151552
2048,28,stage-checksum,recompute,17,7106666 ns,6861950,66,0,66,0,0,67584,67584,139264,151552,151552
2048,28,stage-checksum,recompute,18,7176251 ns,6935830,66,0,66,0,0,67584,67584,139264,151552,151552
2048,28,stage-checksum,recompute,19,7276417 ns,7034789,66,0,66,0,0,67584,67584,139264,151552,151552
2048,28,stage-checksum,recompute,20,7177791 ns,6917586,66,0,66,0,0,67584,67584,139264,151552,151552
2048,28,stage-checksum,recompute,21,7152417 ns,6902835,66,0,66,0,0,67584,67584,139264,151552,151552
2048,28,stage-checksum,recompute,22,7071166 ns,6839458,66,0,66,0,0,67584,67584,139264,151552,151552
2048,28,stage-checksum,recompute,23,7127165 ns,6888501,66,0,66,0,0,67584,67584,139264,151552,151552
2048,28,stage-checksum,recompute,24,7236959 ns,6978339,66,0,66,0,0,67584,67584,139264,151552,151552
2048,28,stage-checksum,recompute,25,7089167 ns,6851627,66,0,66,0,0,67584,67584,139264,151552,151552
2048,28,stage-checksum,recompute,26,7235667 ns,7007254,66,0,66,0,0,67584,67584,139264,151552,151552
2048,28,stage-checksum,recompute,27,7260584 ns,7014840,66,0,66,0,0,67584,67584,139264,151552,151552
2048,28,stage-checksum,recompute,28,7129418 ns,6895543,66,0,66,0,0,67584,67584,139264,151552,151552
2048,28,stage-checksum,recompute,29,7026915 ns,6790585,66,0,66,0,0,67584,67584,139264,151552,151552
2048,28,stage-checksum,recompute,30,7175584 ns,6936288,66,0,66,0,0,67584,67584,139264,151552,151552
2048,54,none,detect-only,1,7077126 ns,0,0,0,0,0,0,67584,67584,139264,151552,151552
2048,54,none,detect-only,2,7141210 ns,0,0,0,0,0,0,67584,67584,139264,151552,151552
2048,54,none,detect-only,3,7355749 ns,0,0,0,0,0,0,67584,67584,139264,151552,151552
2048,54,none,detect-only,4,7021417 ns,0,0,0,0,0,0,67584,67584,139264,151552,151552
2048,54,none,detect-only,5,7142292 ns,0,0,0,0,0,0,67584,67584,139264,151552,151552
2048,54,none,detect-only,6,7034290 ns,0,0,0,0,0,0,67584,67584,139264,151552,151552
2048,54,none,detect-only,7,7061959 ns,0,0,0,0,0,0,67584,67584,139264,151552,151552
2048,54,none,detect-only,8,7159040 ns,0,0,0,0,0,0,67584,67584,139264,151552,151552
2048,54,none,detect-only,9,7050124 ns,0,0,0,0,0,0,67584,67584,139264,151552,151552
2048,54,none,detect-only,10,7048127 ns,0,0,0,0,0,0,67584,67584,139264,151552,151552
2048,54,none,detect-only,11,7097209 ns,0,0,0,0,0,0,67584,67584,139264,151552,151552
2048,54,none,detect-only,12,7083666 ns,0,0,0,0,0,0,67584,67584,139264,151552,151552
2048,54,none,detect-only,13,7125876 ns,0,0,0,0,0,0,67584,67584,139264,151552,151552
2048,54,none,detect-only,14,7068167 ns,0,0,0,0,0,0,67584,67584,139264,151552,151552
2048,54,none,detect-only,15,7032208 ns,0,0,0,0,0,0,67584,67584,139264,151552,151552
2048,54,none,detect-only,16,7115918 ns,0,0,0,0,0,0,67584,67584,139264,151552,151552
2048,54,none,detect-only,17,7012210 ns,0,0,0,0,0,0,67584,67584,139264,151552,151552
2048,54,none,detect-only,18,7030542 ns,0,0,0,0,0,0,67584,67584,139264,151552,151552
2048,54,none,detect-only,19,7007875 ns,0,0,0,0,0,0,67584,67584,139264,151552,151552
2048,54,none,detect-only,20,6929291 ns,0,0,0,0,0,0,67584,67584,139264,151552,151552
2048,54,none,detect-only,21,7121124 ns,0,0,0,0,0,0,67584,67584,139264,151552,151552
2048,54,none,detect-only,22,7024000 ns,0,0,0,0,0,0,67584,67584,139264,151552,151552
2048,54,none,detect-only,23,6993249 ns,0,0,0,0,0,0,67584,67584,139264,151552,151552
2048,54,none,detect-only,24,6944083 ns,0,0,0,0,0,0,67584,67584,139264,151552,151552
2048,54,none,detect-only,25,6975292 ns,0,0,0,0,0,0,67584,67584,139264,151552,151552
2048,54,none,detect-only,26,7030748 ns,0,0,0,0,0,0,67584,67584,139264,151552,151552
2048,54,none,detect-only,27,6960041 ns,0,0,0,0,0,0,67584,67584,139264,151552,151552
2048,54,none,detect-only,28,6927499 ns,0,0,0,0,0,0,67584,67584,139264,151552,151552
2048,54,none,detect-only,29,7014834 ns,0,0,0,0,0,0,67584,67584,139264,151552,151552
2048,54,none,detect-only,30,6515500 ns,0,0,0,0,0,0,67584,67584,139264,151552,151552
2048,54,butterfly-check,detect-only,1,7240999 ns,6997748,67584,0,0,0,0,67584,67584,139264,151552,151552
2048,54,butterfly-check,detect-only,2,7364000 ns,7119792,67584,0,0,0,0,67584,67584,139264,151552,151552
2048,54,butterfly-check,detect-only,3,7084749 ns,6849997,67584,0,0,0,0,67584,67584,139264,151552,151552
2048,54,butterfly-check,detect-only,4,7381793 ns,7129836,67584,0,0,0,0,67584,67584,139264,151552,151552
2048,54,butterfly-check,detect-only,5,7187000 ns,6940540,67584,0,0,0,0,67584,67584,139264,151552,151552
2048,54,butterfly-check,detect-only,6,7263543 ns,7019794,67584,0,0,0,0,67584,67584,139264,151552,151552
2048,54,butterfly-check,detect-only,7,7133417 ns,6880049,67584,0,0,0,0,67584,67584,139264,151552,151552
2048,54,butterfly-check,detect-only,8,7112501 ns,6858165,67584,0,0,0,0,67584,67584,139264,151552,151552
2048,54,butterfly-check,detect-only,9,7196792 ns,6964582,67584,0,0,0,0,67584,67584,139264,151552,151552
2048,54,butterfly-check,detect-only,10,7407166 ns,7158754,67584,0,0,0,0,67584,67584,139264,151552,151552
2048,54,butterfly-check,detect-only,11,7244000 ns,6987585,67584,0,0,0,0,67584,67584,139264,151552,151552
2048,54,butterfly-check,detect-only,12,7183125 ns,6942003,67584,0,0,0,0,67584,67584,139264,151552,151552
2048,54,butterfly-check,detect-only,13,7385291 ns,7131709,67584,0,0,0,0,67584,67584,139264,151552,151552
2048,54,butterfly-check,detect-only,14,7290166 ns,7050456,67584,0,0,0,0,67584,67584,139264,151552,151552
2048,54,butterfly-check,detect-only,15,7480625 ns,7244668,67584,0,0,0,0,67584,67584,139264,151552,151552
2048,54,butterfly-check,detect-only,16,7426124 ns,7165545,67584,0,0,0,0,67584,67584,139264,151552,151552
2048,54,butterfly-check,detect-only,17,7798000 ns,7546705,67584,0,0,0,0,67584,67584,139264,151552,151552
2048,54,butterfly-check,detect-only,18,7986458 ns,7723001,67584,0,0,0,0,67584,67584,139264,151552,151552
2048,54,butterfly-check,detect-only,19,7638250 ns,7379836,67584,0,0,0,0,67584,67584,139264,151552,151552
2048,54,butterfly-check,detect-only,20,7303207 ns,7059043,67584,0,0,0,0,67584,67584,139264,151552,151552
2048,54,butterfly-check,detect-only,21,7625624 ns,7374460,67584,0,0,0,0,67584,67584,139264,151552,151552
2048,54,butterfly-check,detect-only,22,7581916 ns,7329166,67584,0,0,0,0,67584,67584,139264,151552,151552
2048,54,butterfly-check,detect-only,23,7623292 ns,7373291,67584,0,0,0,0,67584,67584,139264,151552,151552
2048,54,butterfly-check,detect-only,24,7564292 ns,7307381,67584,0,0,0,0,67584,67584,139264,151552,151552
2048,54,butterfly-check,detect-only,25,7311792 ns,7062913,67584,0,0,0,0,67584,67584,139264,151552,151552
2048,54,butterfly-check,detect-only,26,7751667 ns,7485705,67584,0,0,0,0,67584,67584,139264,151552,151552
2048,54,butterfly-check,detect-only,27,7688292 ns,7411000,67584,0,0,0,0,67584,67584,139264,151552,151552
2048,54,butterfly-check,detect-only,28,7630832 ns,7378790,67584,0,0,0,0,67584,67584,139264,151552,151552
2048,54,butterfly-check,detect-only,29,7635291 ns,7376996,67584,0,0,0,0,67584,67584,139264,151552,151552
2048,54,butterfly-check,detect-only,30,7612582 ns,7361836,67584,0,0,0,0,67584,67584,139264,151552,151552
2048,54,butterfly-check,recompute,1,7607459 ns,7347090,67584,0,0,0,0,67584,67584,139264,151552,151552
2048,54,butterfly-check,recompute,2,7545960 ns,7294289,67584,0,0,0,0,67584,67584,139264,151552,151552
2048,54,butterfly-check,recompute,3,7539333 ns,7275163,67584,0,0,0,0,67584,67584,139264,151552,151552
2048,54,butterfly-check,recompute,4,7679084 ns,7430167,67584,0,0,0,0,67584,67584,139264,151552,151552
2048,54,butterfly-check,recompute,5,7627250 ns,7374335,67584,0,0,0,0,67584,67584,139264,151552,151552
2048,54,butterfly-check,recompute,6,7690166 ns,7421625,67584,0,0,0,0,67584,67584,139264,151552,151552
2048,54,butterfly-check,recompute,7,7727125 ns,7472876,67584,0,0,0,0,67584,67584,139264,151552,151552
2048,54,butterfly-check,recompute,8,7496002 ns,7234671,67584,0,0,0,0,67584,67584,139264,151552,151552
2048,54,butterfly-check,recompute,9,7672499 ns,7415959,67584,0,0,0,0,67584,67584,139264,151552,151552
2048,54,butterfly-check,recompute,10,7466416 ns,7206585,67584,0,0,0,0,67584,67584,139264,151552,151552
2048,54,butterfly-check,recompute,11,7392165 ns,7145040,67584,0,0,0,0,67584,67584,139264,151552,151552
2048,54,butterfly-check,recompute,12,7665752 ns,7413460,67584,0,0,0,0,67584,67584,139264,151552,151552
2048,54,butterfly-check,recompute,13,7482543 ns,7236702,67584,0,0,0,0,67584,67584,139264,151552,151552
2048,54,butterfly-check,recompute,14,7696165 ns,7423875,67584,0,0,0,0,67584,67584,139264,151552,151552
2048,54,butterfly-check,recompute,15,7727168 ns,7452997,67584,0,0,0,0,67584,67584,139264,151552,151552
2048,54,butterfly-check,recompute,16,7715582 ns,7448792,67584,0,0,0,0,67584,67584,139264,151552,151552
2048,54,butterfly-check,recompute,17,7663001 ns,7411207,67584,0,0,0,0,67584,67584,139264,151552,151552
2048,54,butterfly-check,recompute,18,7745251 ns,7494710,67584,0,0,0,0,67584,67584,139264,151552,151552
2048,54,butterfly-check,recompute,19,7655626 ns,7404622,67584,0,0,0,0,67584,67584,139264,151552,151552
2048,54,butterfly-check,recompute,20,7626499 ns,7367918,67584,0,0,0,0,67584,67584,139264,151552,151552
2048,54,butterfly-check,recompute,21,7570166 ns,7318248,67584,0,0,0,0,67584,67584,139264,151552,151552
2048,54,butterfly-check,recompute,22,7691875 ns,7435077,67584,0,0,0,0,67584,67584,139264,151552,151552
2048,54,butterfly-check,recompute,23,7586876 ns,7331377,67584,0,0,0,0,67584,67584,139264,151552,151552
2048,54,butterfly-check,recompute,24,7565541 ns,7309790,67584,0,0,0,0,67584,67584,139264,151552,151552
2048,54,butterfly-check,recompute,25,7739626 ns,7472958,67584,0,0,0,0,67584,67584,139264,151552,151552
2048,54,butterfly-check,recompute,26,7675294 ns,7421870,67584,0,0,0,0,67584,67584,139264,151552,151552
2048,54,butterfly-check,recompute,27,7782541 ns,7518791,67584,0,0,0,0,67584,67584,139264,151552,151552
2048,54,butterfly-check,recompute,28,7694791 ns,7428376,67584,0,0,0,0,67584,67584,139264,151552,151552
2048,54,butterfly-check,recompute,29,7799333 ns,7548043,67584,0,0,0,0,67584,67584,139264,151552,151552
2048,54,butterfly-check,recompute,30,7527625 ns,7272257,67584,0,0,0,0,67584,67584,139264,151552,151552
2048,54,stage-checksum,detect-only,1,7978376 ns,7716217,66,0,66,0,0,67584,67584,139264,151552,151552
2048,54,stage-checksum,detect-only,2,8047668 ns,7795996,66,0,66,0,0,67584,67584,139264,151552,151552
2048,54,stage-checksum,detect-only,3,8138582 ns,7886917,66,0,66,0,0,67584,67584,139264,151552,151552
2048,54,stage-checksum,detect-only,4,8021500 ns,7774124,66,0,66,0,0,67584,67584,139264,151552,151552
2048,54,stage-checksum,detect-only,5,8115249 ns,7860958,66,0,66,0,0,67584,67584,139264,151552,151552
2048,54,stage-checksum,detect-only,6,7971875 ns,7717958,66,0,66,0,0,67584,67584,139264,151552,151552
2048,54,stage-checksum,detect-only,7,8127085 ns,7855421,66,0,66,0,0,67584,67584,139264,151552,151552
2048,54,stage-checksum,detect-only,8,8072833 ns,7822501,66,0,66,0,0,67584,67584,139264,151552,151552
2048,54,stage-checksum,detect-only,9,8114874 ns,7853457,66,0,66,0,0,67584,67584,139264,151552,151552
2048,54,stage-checksum,detect-only,10,8124417 ns,7862920,66,0,66,0,0,67584,67584,139264,151552,151552
2048,54,stage-checksum,detect-only,11,8129959 ns,7881039,66,0,66,0,0,67584,67584,139264,151552,151552
2048,54,stage-checksum,detect-only,12,8102333 ns,7846292,66,0,66,0,0,67584,67584,139264,151552,151552
2048,54,stage-checksum,detect-only,13,8128750 ns,7866374,66,0,66,0,0,67584,67584,139264,151552,151552
2048,54,stage-checksum,detect-only,14,8086875 ns,7826586,66,0,66,0,0,67584,67584,139264,151552,151552
2048,54,stage-checksum,detect-only,15,8062875 ns,7806373,66,0,66,0,0,67584,67584,139264,151552,151552
2048,54,stage-checksum,detect-only,16,8118709 ns,7845536,66,0,66,0,0,67584,67584,139264,151552,151552
2048,54,stage-checksum,detect-only,17,8352706 ns,8098502,66,0,66,0,0,67584,67584,139264,151552,151552
2048,54,stage-checksum,detect-only,18,8008125 ns,7769459,66,0,66,0,0,67584,67584,139264,151552,151552
2048,54,stage-checksum,detect-only,19,8105541 ns,7818287,66,0,66,0,0,67584,67584,139264,151552,151552
2048,54,stage-checksum,detect-only,20,8186707 ns,7903371,66,0,66,0,0,67584,67584,139264,151552,151552
2048,54,stage-checksum,detect-only,21,8165417 ns,7857622,66,0,66,0,0,67584,67584,139264,151552,151552
2048,54,stage-checksum,detect-only,22,8032001 ns,7782708,66,0,66,0,0,67584,67584,139264,151552,151552
2048,54,stage-checksum,detect-only,23,8120667 ns,7863088,66,0,66,0,0,67584,67584,139264,151552,151552
2048,54,stage-checksum,detect-only,24,8107792 ns,7847088,66,0,66,0,0,67584,67584,139264,151552,151552
2048,54,stage-checksum,detect-only,25,8113332 ns,7852669,66,0,66,0,0,67584,67584,139264,151552,151552
2048,54,stage-checksum,detect-only,26,8024500 ns,7768918,66,0,66,0,0,67584,67584,139264,151552,151552
2048,54,stage-checksum,detect-only,27,8308917 ns,8028710,66,0,66,0,0,67584,67584,139264,151552,151552
2048,54,stage-checksum,detect-only,28,8060834 ns,7793788,66,0,66,0,0,67584,67584,139264,151552,151552
2048,54,stage-checksum,detect-only,29,8124458 ns,7877503,66,0,66,0,0,67584,67584,139264,151552,151552
2048,54,stage-checksum,detect-only,30,8118167 ns,7839755,66,0,66,0,0,67584,67584,139264,151552,151552
2048,54,stage-checksum,recompute,1,8104416 ns,7823624,66,0,66,0,0,67584,67584,139264,151552,151552
2048,54,stage-checksum,recompute,2,8091627 ns,7835618,66,0,66,0,0,67584,67584,139264,151552,151552
2048,54,stage-checksum,recompute,3,8095334 ns,7844250,66,0,66,0,0,67584,67584,139264,151552,151552
2048,54,stage-checksum,recompute,4,8054626 ns,7804330,66,0,66,0,0,67584,67584,139264,151552,151552
2048,54,stage-checksum,recompute,5,8142666 ns,7871789,66,0,66,0,0,67584,67584,139264,151552,151552
2048,54,stage-checksum,recompute,6,8048542 ns,7805875,66,0,66,0,0,67584,67584,139264,151552,151552
2048,54,stage-checksum,recompute,7,8057667 ns,7788297,66,0,66,0,0,67584,67584,139264,151552,151552
2048,54,stage-checksum,recompute,8,8065875 ns,7799668,66,0,66,0,0,67584,67584,139264,151552,151552
2048,54,stage-checksum,recompute,9,8064084 ns,7806334,66,0,66,0,0,67584,67584,139264,151552,151552
2048,54,stage-checksum,recompute,10,8112375 ns,7863500,66,0,66,0,0,67584,67584,139264,151552,151552
2048,54,stage-checksum,recompute,11,8195915 ns,7931912,66,0,66,0,0,67584,67584,139264,151552,151552
2048,54,stage-checksum,recompute,12,8033209 ns,7775124,66,0,66,0,0,67584,67584,139264,151552,151552
2048,54,stage-checksum,recompute,13,8112750 ns,7858337,66,0,66,0,0,67584,67584,139264,151552,151552
2048,54,stage-checksum,recompute,14,8045750 ns,7781996,66,0,66,0,0,67584,67584,139264,151552,151552
2048,54,stage-checksum,recompute,15,8165417 ns,7880244,66,0,66,0,0,67584,67584,139264,151552,151552
2048,54,stage-checksum,recompute,16,8086125 ns,7827547,66,0,66,0,0,67584,67584,139264,151552,151552
2048,54,stage-checksum,recompute,17,8137499 ns,7880330,66,0,66,0,0,67584,67584,139264,151552,151552
2048,54,stage-checksum,recompute,18,8167749 ns,7890333,66,0,66,0,0,67584,67584,139264,151552,151552
2048,54,stage-checksum,recompute,19,8125125 ns,7859372,66,0,66,0,0,67584,67584,139264,151552,151552
2048,54,stage-checksum,recompute,20,8145543 ns,7879457,66,0,66,0,0,67584,67584,139264,151552,151552
2048,54,stage-checksum,recompute,21,8099791 ns,7840502,66,0,66,0,0,67584,67584,139264,151552,151552
2048,54,stage-checksum,recompute,22,8139584 ns,7881535,66,0,66,0,0,67584,67584,139264,151552,151552
2048,54,stage-checksum,recompute,23,8083542 ns,7831796,66,0,66,0,0,67584,67584,139264,151552,151552
2048,54,stage-checksum,recompute,24,8187332 ns,7933123,66,0,66,0,0,67584,67584,139264,151552,151552
2048,54,stage-checksum,recompute,25,8093457 ns,7847500,66,0,66,0,0,67584,67584,139264,151552,151552
2048,54,stage-checksum,recompute,26,8078709 ns,7829501,66,0,66,0,0,67584,67584,139264,151552,151552
2048,54,stage-checksum,recompute,27,8053373 ns,7801208,66,0,66,0,0,67584,67584,139264,151552,151552
2048,54,stage-checksum,recompute,28,8075374 ns,7822584,66,0,66,0,0,67584,67584,139264,151552,151552
2048,54,stage-checksum,recompute,29,8171709 ns,7908708,66,0,66,0,0,67584,67584,139264,151552,151552
2048,54,stage-checksum,recompute,30,8138874 ns,7869339,66,0,66,0,0,67584,67584,139264,151552,151552
4096,28,none,detect-only,1,13481249 ns,0,0,0,0,0,0,147456,147456,303104,327680,327680
4096,28,none,detect-only,2,13399832 ns,0,0,0,0,0,0,147456,147456,303104,327680,327680
4096,28,none,detect-only,3,13319873 ns,0,0,0,0,0,0,147456,147456,303104,327680,327680
4096,28,none,detect-only,4,13347166 ns,0,0,0,0,0,0,147456,147456,303104,327680,327680
4096,28,none,detect-only,5,13385293 ns,0,0,0,0,0,0,147456,147456,303104,327680,327680
4096,28,none,detect-only,6,13146916 ns,0,0,0,0,0,0,147456,147456,303104,327680,327680
4096,28,none,detect-only,7,12788541 ns,0,0,0,0,0,0,147456,147456,303104,327680,327680
4096,28,none,detect-only,8,12947084 ns,0,0,0,0,0,0,147456,147456,303104,327680,327680
4096,28,none,detect-only,9,13149957 ns,0,0,0,0,0,0,147456,147456,303104,327680,327680
4096,28,none,detect-only,10,13190794 ns,0,0,0,0,0,0,147456,147456,303104,327680,327680
4096,28,none,detect-only,11,13365918 ns,0,0,0,0,0,0,147456,147456,303104,327680,327680
4096,28,none,detect-only,12,13074543 ns,0,0,0,0,0,0,147456,147456,303104,327680,327680
4096,28,none,detect-only,13,13260376 ns,0,0,0,0,0,0,147456,147456,303104,327680,327680
4096,28,none,detect-only,14,13358709 ns,0,0,0,0,0,0,147456,147456,303104,327680,327680
4096,28,none,detect-only,15,13098417 ns,0,0,0,0,0,0,147456,147456,303104,327680,327680
4096,28,none,detect-only,16,13254834 ns,0,0,0,0,0,0,147456,147456,303104,327680,327680
4096,28,none,detect-only,17,13191665 ns,0,0,0,0,0,0,147456,147456,303104,327680,327680
4096,28,none,detect-only,18,13278082 ns,0,0,0,0,0,0,147456,147456,303104,327680,327680
4096,28,none,detect-only,19,13342624 ns,0,0,0,0,0,0,147456,147456,303104,327680,327680
4096,28,none,detect-only,20,13384083 ns,0,0,0,0,0,0,147456,147456,303104,327680,327680
4096,28,none,detect-only,21,13370291 ns,0,0,0,0,0,0,147456,147456,303104,327680,327680
4096,28,none,detect-only,22,13355918 ns,0,0,0,0,0,0,147456,147456,303104,327680,327680
4096,28,none,detect-only,23,13376293 ns,0,0,0,0,0,0,147456,147456,303104,327680,327680
4096,28,none,detect-only,24,13307501 ns,0,0,0,0,0,0,147456,147456,303104,327680,327680
4096,28,none,detect-only,25,13331832 ns,0,0,0,0,0,0,147456,147456,303104,327680,327680
4096,28,none,detect-only,26,13338709 ns,0,0,0,0,0,0,147456,147456,303104,327680,327680
4096,28,none,detect-only,27,13344166 ns,0,0,0,0,0,0,147456,147456,303104,327680,327680
4096,28,none,detect-only,28,13354959 ns,0,0,0,0,0,0,147456,147456,303104,327680,327680
4096,28,none,detect-only,29,13320751 ns,0,0,0,0,0,0,147456,147456,303104,327680,327680
4096,28,none,detect-only,30,13335042 ns,0,0,0,0,0,0,147456,147456,303104,327680,327680
4096,28,butterfly-check,detect-only,1,14517457 ns,14033795,147456,0,0,0,0,147456,147456,303104,327680,327680
4096,28,butterfly-check,detect-only,2,14479959 ns,14026381,147456,0,0,0,0,147456,147456,303104,327680,327680
4096,28,butterfly-check,detect-only,3,14478208 ns,14026206,147456,0,0,0,0,147456,147456,303104,327680,327680
4096,28,butterfly-check,detect-only,4,14500501 ns,14037035,147456,0,0,0,0,147456,147456,303104,327680,327680
4096,28,butterfly-check,detect-only,5,14311331 ns,13863210,147456,0,0,0,0,147456,147456,303104,327680,327680
4096,28,butterfly-check,detect-only,6,14613750 ns,14130624,147456,0,0,0,0,147456,147456,303104,327680,327680
4096,28,butterfly-check,detect-only,7,14514333 ns,14054332,147456,0,0,0,0,147456,147456,303104,327680,327680
4096,28,butterfly-check,detect-only,8,14450792 ns,13994752,147456,0,0,0,0,147456,147456,303104,327680,327680
4096,28,butterfly-check,detect-only,9,14502541 ns,14047210,147456,0,0,0,0,147456,147456,303104,327680,327680
4096,28,butterfly-check,detect-only,10,14486126 ns,14021959,147456,0,0,0,0,147456,147456,303104,327680,327680
4096,28,butterfly-check,detect-only,11,14527789 ns,14078877,147456,0,0,0,0,147456,147456,303104,327680,327680
4096,28,butterfly-check,detect-only,12,14487126 ns,14033585,147456,0,0,0,0,147456,147456,303104,327680,327680
4096,28,butterfly-check,detect-only,13,14548875 ns,14090204,147456,0,0,0,0,147456,147456,303104,327680,327680
4096,28,butterfly-check,detect-only,14,14663041 ns,14224414,147456,0,0,0,0,147456,147456,303104,327680,327680
4096,28,butterfly-check,detect-only,15,14414581 ns,13974044,147456,0,0,0,0,147456,147456,303104,327680,327680
4096,28,butterfly-check,detect-only,16,14521082 ns,14065204,147456,0,0,0,0,147456,147456,303104,327680,327680
4096,28,butterfly-check,detect-only,17,14477957 ns,14016749,147456,0,0,0,0,147456,147456,303104,327680,327680
4096,28,butterfly-check,detect-only,18,14499708 ns,14048414,147456,0,0,0,0,147456,147456,303104,327680,327680
4096,28,butterfly-check,detect-only,19,14528667 ns,14067048,147456,0,0,0,0,147456,147456,303104,327680,327680
4096,28,butterfly-check,detect-only,20,14482958 ns,14030043,147456,0,0,0,0,147456,147456,303104,327680,327680
4096,28,butterfly-check,detect-only,21,14488291 ns,14040499,147456,0,0,0,0,147456,147456,303104,327680,327680
4096,28,butterfly-check,detect-only,22,14548415 ns,14094877,147456,0,0,0,0,147456,147456,303104,327680,327680
4096,28,butterfly-check,detect-only,23,14527165 ns,14077456,147456,0,0,0,0,147456,147456,303104,327680,327680
4096,28,butterfly-check,detect-only,24,14476085 ns,14025209,147456,0,0,0,0,147456,147456,303104,327680,327680
4096,28,butterfly-check,detect-only,25,14447876 ns,13995170,147456,0,0,0,0,147456,147456,303104,327680,327680
4096,28,butterfly-check,detect-only,26,14532293 ns,14073583,147456,0,0,0,0,147456,147456,303104,327680,327680
4096,28,butterfly-check,detect-only,27,14593500 ns,14135915,147456,0,0,0,0,147456,147456,303104,327680,327680
4096,28,butterfly-check,detect-only,28,14505958 ns,14057877,147456,0,0,0,0,147456,147456,303104,327680,327680
4096,28,butterfly-check,detect-only,29,14693251 ns,14225792,147456,0,0,0,0,147456,147456,303104,327680,327680
4096,28,butterfly-check,detect-only,30,14495584 ns,14044463,147456,0,0,0,0,147456,147456,303104,327680,327680
4096,28,butterfly-check,recompute,1,14671082 ns,14201289,147456,0,0,0,0,147456,147456,303104,327680,327680
4096,28,butterfly-check,recompute,2,14523875 ns,14060959,147456,0,0,0,0,147456,147456,303104,327680,327680
4096,28,butterfly-check,recompute,3,14855707 ns,14397248,147456,0,0,0,0,147456,147456,303104,327680,327680
4096,28,butterfly-check,recompute,4,14803374 ns,14325664,147456,0,0,0,0,147456,147456,303104,327680,327680
4096,28,butterfly-check,recompute,5,14584582 ns,14125295,147456,0,0,0,0,147456,147456,303104,327680,327680
4096,28,butterfly-check,recompute,6,14552083 ns,14090540,147456,0,0,0,0,147456,147456,303104,327680,327680
4096,28,butterfly-check,recompute,7,14523377 ns,14075664,147456,0,0,0,0,147456,147456,303104,327680,327680
4096,28,butterfly-check,recompute,8,15437208 ns,14961162,147456,0,0,0,0,147456,147456,303104,327680,327680
4096,28,butterfly-check,recompute,9,14761293 ns,14308208,147456,0,0,0,0,147456,147456,303104,327680,327680
4096,28,butterfly-check,recompute,10,14607458 ns,14163793,147456,0,0,0,0,147456,147456,303104,327680,327680
4096,28,butterfly-check,recompute,11,14518583 ns,14066338,147456,0,0,0,0,147456,147456,303104,327680,327680
4096,28,butterfly-check,recompute,12,14764291 ns,14301748,147456,0,0,0,0,147456,147456,303104,327680,327680
4096,28,butterfly-check,recompute,13,14560956 ns,14102705,147456,0,0,0,0,147456,147456,303104,327680,327680
4096,28,butterfly-check,recompute,14,14502333 ns,14047919,147456,0,0,0,0,147456,147456,303104,327680,327680
4096,28,butterfly-check,recompute,15,14551876 ns,14090911,147456,0,0,0,0,147456,147456,303104,327680,327680
4096,28,butterfly-check,recompute,16,14511251 ns,14059042,147456,0,0,0,0,147456,147456,303104,327680,327680
4096,28,butterfly-check,recompute,17,15381459 ns,14901501,147456,0,0,0,0,147456,147456,303104,327680,327680
4096,28,butterfly-check,recompute,18,15414291 ns,14851291,147456,0,0,0,0,147456,147456,303104,327680,327680
4096,28,butterfly-check,recompute,19,15128417 ns,14650877,147456,0,0,0,0,147456,147456,303104,327680,327680
4096,28,butterfly-check,recompute,20,14505791 ns,14052463,147456,0,0,0,0,147456,147456,303104,327680,327680
4096,28,butterfly-check,recompute,21,14499167 ns,14051168,147456,0,0,0,0,147456,147456,303104,327680,327680
4096,28,butterfly-check,recompute,22,14683124 ns,14210418,147456,0,0,0,0,147456,147456,303104,327680,327680
4096,28,butterfly-check,recompute,23,14514707 ns,14062208,147456,0,0,0,0,147456,147456,303104,327680,327680
4096,28,butterfly-check,recompute,24,14568249 ns,14122748,147456,0,0,0,0,147456,147456,303104,327680,327680
4096,28,butterfly-check,recompute,25,14610123 ns,14138079,147456,0,0,0,0,147456,147456,303104,327680,327680
4096,28,butterfly-check,recompute,26,14511542 ns,14068087,147456,0,0,0,0,147456,147456,303104,327680,327680
4096,28,butterfly-check,recompute,27,15254875 ns,14756379,147456,0,0,0,0,147456,147456,303104,327680,327680
4096,28,butterfly-check,recompute,28,14998626 ns,14543668,147456,0,0,0,0,147456,147456,303104,327680,327680
4096,28,butterfly-check,recompute,29,15614625 ns,15107127,147456,0,0,0,0,147456,147456,303104,327680,327680
4096,28,butterfly-check,recompute,30,15018167 ns,14555002,147456,0,0,0,0,147456,147456,303104,327680,327680
4096,28,stage-checksum,detect-only,1,15475042 ns,15018956,72,0,72,0,0,147456,147456,303104,327680,327680
4096,28,stage-checksum,detect-only,2,15348918 ns,14875251,72,0,72,0,0,147456,147456,303104,327680,327680
4096,28,stage-checksum,detect-only,3,15516250 ns,15062998,72,0,72,0,0,147456,147456,303104,327680,327680
4096,28,stage-checksum,detect-only,4,15433332 ns,14961420,72,0,72,0,0,147456,147456,303104,327680,327680
4096,28,stage-checksum,detect-only,5,15288833 ns,14828542,72,0,72,0,0,147456,147456,303104,327680,327680
4096,28,stage-checksum,detect-only,6,15326625 ns,14863374,72,0,72,0,0,147456,147456,303104,327680,327680
4096,28,stage-checksum,detect-only,7,15367751 ns,14915078,72,0,72,0,0,147456,147456,303104,327680,327680
4096,28,stage-checksum,detect-only,8,15368792 ns,14916708,72,0,72,0,0,147456,147456,303104,327680,327680
4096,28,stage-checksum,detect-only,9,15252876 ns,14799913,72,0,72,0,0,147456,147456,303104,327680,327680
4096,28,stage-checksum,detect-only,10,15324416 ns,14861622,72,0,72,0,0,147456,147456,303104,327680,327680
4096,28,stage-checksum,detect-only,11,15318958 ns,14854492,72,0,72,0,0,147456,147456,303104,327680,327680
4096,28,stage-checksum,detect-only,12,15497418 ns,15040124,72,0,72,0,0,147456,147456,303104,327680,327680
4096,28,stage-checksum,detect-only,13,15211166 ns,14771462,72,0,72,0,0,147456,147456,303104,327680,327680
4096,28,stage-checksum,detect-only,14,15382708 ns,14926039,72,0,72,0,0,147456,147456,303104,327680,327680
4096,28,stage-checksum,detect-only,15,15366707 ns,14905706,72,0,72,0,0,147456,147456,303104,327680,327680
4096,28,stage-checksum,detect-only,16,15259583 ns,14802790,72,0,72,0,0,147456,147456,303104,327680,327680
4096,28,stage-checksum,detect-only,17,15217289 ns,14768330,72,0,72,0,0,147456,147456,303104,327680,327680
4096,28,stage-checksum,detect-only,18,15347126 ns,14888919,72,0,72,0,0,147456,147456,303104,327680,327680
4096,28,stage-checksum,detect-only,19,15285375 ns,14824957,72,0,72,0,0,147456,147456,303104,327680,327680
4096,28,stage-checksum,detect-only,20,15359291 ns,14876586,72,0,72,0,0,147456,147456,303104,327680,327680
4096,28,stage-checksum,detect-only,21,15305167 ns,14825206,72,0,72,0,0,147456,147456,303104,327680,327680
4096,28,stage-checksum,detect-only,22,15304000 ns,14836960,72,0,72,0,0,147456,147456,303104,327680,327680
4096,28,stage-checksum,detect-only,23,15289876 ns,14830875,72,0,72,0,0,147456,147456,303104,327680,327680
4096,28,stage-checksum,detect-only,24,15414500 ns,14953003,72,0,72,0,0,147456,147456,303104,327680,327680
4096,28,stage-checksum,detect-only,25,15370833 ns,14905590,72,0,72,0,0,147456,147456,303104,327680,327680
4096,28,stage-checksum,detect-only,26,15330626 ns,14854874,72,0,72,0,0,147456,147456,303104,327680,327680
4096,28,stage-checksum,detect-only,27,15355916 ns,14902416,72,0,72,0,0,147456,147456,303104,327680,327680
4096,28,stage-checksum,detect-only,28,15259376 ns,14791000,72,0,72,0,0,147456,147456,303104,327680,327680
4096,28,stage-checksum,detect-only,29,15273000 ns,14808284,72,0,72,0,0,147456,147456,303104,327680,327680
4096,28,stage-checksum,detect-only,30,15247500 ns,14800670,72,0,72,0,0,147456,147456,303104,327680,327680
4096,28,stage-checksum,recompute,1,15283582 ns,14804003,72,0,72,0,0,147456,147456,303104,327680,327680
4096,28,stage-checksum,recompute,2,15291251 ns,14824959,72,0,72,0,0,147456,147456,303104,327680,327680
4096,28,stage-checksum,recompute,3,15352165 ns,14877963,72,0,72,0,0,147456,147456,303104,327680,327680
4096,28,stage-checksum,recompute,4,15297582 ns,14833581,72,0,72,0,0,147456,147456,303104,327680,327680
4096,28,stage-checksum,recompute,5,15253834 ns,14801794,72,0,72,0,0,147456,147456,303104,327680,327680
4096,28,stage-checksum,recompute,6,15397706 ns,14933745,72,0,72,0,0,147456,147456,303104,327680,327680
4096,28,stage-checksum,recompute,7,15333460 ns,14870039,72,0,72,0,0,147456,147456,303104,327680,327680
4096,28,stage-checksum,recompute,8,15274250 ns,14819961,72,0,72,0,0,147456,147456,303104,327680,327680
4096,28,stage-checksum,recompute,9,15314334 ns,14847374,72,0,72,0,0,147456,147456,303104,327680,327680
4096,28,stage-checksum,recompute,10,15381625 ns,14922879,72,0,72,0,0,147456,147456,303104,327680,327680
4096,28,stage-checksum,recompute,11,15243542 ns,14791129,72,0,72,0,0,147456,147456,303104,327680,327680
4096,28,stage-checksum,recompute,12,15377165 ns,14926792,72,0,72,0,0,147456,147456,303104,327680,327680
4096,28,stage-checksum,recompute,13,15256376 ns,14818918,72,0,72,0,0,147456,147456,303104,327680,327680
4096,28,stage-checksum,recompute,14,15310709 ns,14859747,72,0,72,0,0,147456,147456,303104,327680,327680
4096,28,stage-checksum,recompute,15,15254875 ns,14801996,72,0,72,0,0,147456,147456,303104,327680,327680
4096,28,stage-checksum,recompute,16,15266459 ns,14817253,72,0,72,0,0,147456,147456,303104,327680,327680
4096,28,stage-checksum,recompute,17,15400457 ns,14938000,72,0,72,0,0,147456,147456,303104,327680,327680
4096,28,stage-checksum,recompute,18,15255708 ns,14790625,72,0,72,0,0,147456,147456,303104,327680,327680
4096,28,stage-checksum,recompute,19,15313460 ns,14849169,72,0,72,0,0,147456,147456,303104,327680,327680
4096,28,stage-checksum,recompute,20,15239334 ns,14786128,72,0,72,0,0,147456,147456,303104,327680,327680
4096,28,stage-checksum,recompute,21,15707747 ns,15243208,72,0,72,0,0,147456,147456,303104,327680,327680
4096,28,stage-checksum,recompute,22,15421666 ns,14947540,72,0,72,0,0,147456,147456,303104,327680,327680
4096,28,stage-checksum,recompute,23,15411709 ns,14958335,72,0,72,0,0,147456,147456,303104,327680,327680
4096,28,stage-checksum,recompute,24,15324790 ns,14869753,72,0,72,0,0,147456,147456,303104,327680,327680
4096,28,stage-checksum,recompute,25,15232876 ns,14783832,72,0,72,0,0,147456,147456,303104,327680,327680
4096,28,stage-checksum,recompute,26,15403000 ns,14933456,72,0,72,0,0,147456,147456,303104,327680,327680
4096,28,stage-checksum,recompute,27,15303624 ns,14844710,72,0,72,0,0,147456,147456,303104,327680,327680
4096,28,stage-checksum,recompute,28,15345668 ns,14892131,72,0,72,0,0,147456,147456,303104,327680,327680
4096,28,stage-checksum,recompute,29,15247792 ns,14794039,72,0,72,0,0,147456,147456,303104,327680,327680
4096,28,stage-checksum,recompute,30,15327041 ns,14862621,72,0,72,0,0,147456,147456,303104,327680,327680
4096,54,none,detect-only,1,15154168 ns,0,0,0,0,0,0,147456,147456,303104,327680,327680
4096,54,none,detect-only,2,15169292 ns,0,0,0,0,0,0,147456,147456,303104,327680,327680
4096,54,none,detect-only,3,15203584 ns,0,0,0,0,0,0,147456,147456,303104,327680,327680
4096,54,none,detect-only,4,15245625 ns,0,0,0,0,0,0,147456,147456,303104,327680,327680
4096,54,none,detect-only,5,15281375 ns,0,0,0,0,0,0,147456,147456,303104,327680,327680
4096,54,none,detect-only,6,15114499 ns,0,0,0,0,0,0,147456,147456,303104,327680,327680
4096,54,none,detect-only,7,15221458 ns,0,0,0,0,0,0,147456,147456,303104,327680,327680
4096,54,none,detect-only,8,15137500 ns,0,0,0,0,0,0,147456,147456,303104,327680,327680
4096,54,none,detect-only,9,15243877 ns,0,0,0,0,0,0,147456,147456,303104,327680,327680
4096,54,none,detect-only,10,15162082 ns,0,0,0,0,0,0,147456,147456,303104,327680,327680
4096,54,none,detect-only,11,15157791 ns,0,0,0,0,0,0,147456,147456,303104,327680,327680
4096,54,none,detect-only,12,15117875 ns,0,0,0,0,0,0,147456,147456,303104,327680,327680
4096,54,none,detect-only,13,15123333 ns,0,0,0,0,0,0,147456,147456,303104,327680,327680
4096,54,none,detect-only,14,15225459 ns,0,0,0,0,0,0,147456,147456,303104,327680,327680
4096,54,none,detect-only,15,15220249 ns,0,0,0,0,0,0,147456,147456,303104,327680,327680
4096,54,none,detect-only,16,16366418 ns,0,0,0,0,0,0,147456,147456,303104,327680,327680
4096,54,none,detect-only,17,15382749 ns,0,0,0,0,0,0,147456,147456,303104,327680,327680
4096,54,none,detect-only,18,15634500 ns,0,0,0,0,0,0,147456,147456,303104,327680,327680
4096,54,none,detect-only,19,16434792 ns,0,0,0,0,0,0,147456,147456,303104,327680,327680
4096,54,none,detect-only,20,15261000 ns,0,0,0,0,0,0,147456,147456,303104,327680,327680
4096,54,none,detect-only,21,15199165 ns,0,0,0,0,0,0,147456,147456,303104,327680,327680
4096,54,none,detect-only,22,15125709 ns,0,0,0,0,0,0,147456,147456,303104,327680,327680
4096,54,none,detect-only,23,15223209 ns,0,0,0,0,0,0,147456,147456,303104,327680,327680
4096,54,none,detect-only,24,15177500 ns,0,0,0,0,0,0,147456,147456,303104,327680,327680
4096,54,none,detect-only,25,15133000 ns,0,0,0,0,0,0,147456,147456,303104,327680,327680
4096,54,none,detect-only,26,15140125 ns,0,0,0,0,0,0,147456,147456,303104,327680,327680
4096,54,none,detect-only,27,15124375 ns,0,0,0,0,0,0,147456,147456,303104,327680,327680
4096,54,none,detect-only,28,15199750 ns,0,0,0,0,0,0,147456,147456,303104,327680,327680
4096,54,none,detect-only,29,15190042 ns,0,0,0,0,0,0,147456,147456,303104,327680,327680
4096,54,none,detect-only,30,15647002 ns,0,0,0,0,0,0,147456,147456,303104,327680,327680
4096,54,butterfly-check,detect-only,1,16660459 ns,16165505,147456,0,0,0,0,147456,147456,303104,327680,327680
4096,54,butterfly-check,detect-only,2,16664958 ns,16167084,147456,0,0,0,0,147456,147456,303104,327680,327680
4096,54,butterfly-check,detect-only,3,16611418 ns,16119208,147456,0,0,0,0,147456,147456,303104,327680,327680
4096,54,butterfly-check,detect-only,4,16599918 ns,16116708,147456,0,0,0,0,147456,147456,303104,327680,327680
4096,54,butterfly-check,detect-only,5,16828541 ns,16335042,147456,0,0,0,0,147456,147456,303104,327680,327680
4096,54,butterfly-check,detect-only,6,16756666 ns,16271622,147456,0,0,0,0,147456,147456,303104,327680,327680
4096,54,butterfly-check,detect-only,7,17408958 ns,16896167,147456,0,0,0,0,147456,147456,303104,327680,327680
4096,54,butterfly-check,detect-only,8,16723581 ns,16240040,147456,0,0,0,0,147456,147456,303104,327680,327680
4096,54,butterfly-check,detect-only,9,16942334 ns,16441249,147456,0,0,0,0,147456,147456,303104,327680,327680
4096,54,butterfly-check,detect-only,10,17529750 ns,17027918,147456,0,0,0,0,147456,147456,303104,327680,327680
4096,54,butterfly-check,detect-only,11,16605710 ns,16136292,147456,0,0,0,0,147456,147456,303104,327680,327680
4096,54,butterfly-check,detect-only,12,17092207 ns,16595544,147456,0,0,0,0,147456,147456,303104,327680,327680
4096,54,butterfly-check,detect-only,13,16603832 ns,16130083,147456,0,0,0,0,147456,147456,303104,327680,327680
4096,54,butterfly-check,detect-only,14,16696292 ns,16207876,147456,0,0,0,0,147456,147456,303104,327680,327680
4096,54,butterfly-check,detect-only,15,16706249 ns,16234548,147456,0,0,0,0,147456,147456,303104,327680,327680
4096,54,butterfly-check,detect-only,16,16758250 ns,16270959,147456,0,0,0,0,147456,147456,303104,327680,327680
4096,54,butterfly-check,detect-only,17,16560166 ns,16090543,147456,0,0,0,0,147456,147456,303104,327680,327680
4096,54,butterfly-check,detect-only,18,16662460 ns,16175209,147456,0,0,0,0,147456,147456,303104,327680,327680
4096,54,butterfly-check,detect-only,19,16632584 ns,16139749,147456,0,0,0,0,147456,147456,303104,327680,327680
4096,54,butterfly-check,detect-only,20,17324916 ns,16823293,147456,0,0,0,0,147456,147456,303104,327680,327680
4096,54,butterfly-check,detect-only,21,17090042 ns,16601171,147456,0,0,0,0,147456,147456,303104,327680,327680
4096,54,butterfly-check,detect-only,22,16972542 ns,16489294,147456,0,0,0,0,147456,147456,303104,327680,327680
4096,54,butterfly-check,detect-only,23,16729708 ns,16249749,147456,0,0,0,0,147456,147456,303104,327680,327680
4096,54,butterfly-check,detect-only,24,26324041 ns,25512123,147456,0,0,0,0,147456,147456,303104,327680,327680
4096,54,butterfly-check,detect-only,25,17044125 ns,16544578,147456,0,0,0,0,147456,147456,303104,327680,327680
4096,54,butterfly-check,detect-only,26,16610499 ns,16142170,147456,0,0,0,0,147456,147456,303104,327680,327680
4096,54,butterfly-check,detect-only,27,16665834 ns,16170919,147456,0,0,0,0,147456,147456,303104,327680,327680
4096,54,butterfly-check,detect-only,28,16685375 ns,16200414,147456,0,0,0,0,147456,147456,303104,327680,327680
4096,54,butterfly-check,detect-only,29,16557959 ns,16083795,147456,0,0,0,0,147456,147456,303104,327680,327680
4096,54,butterfly-check,detect-only,30,16622376 ns,16150453,147456,0,0,0,0,147456,147456,303104,327680,327680
4096,54,butterfly-check,recompute,1,16549083 ns,16081206,147456,0,0,0,0,147456,147456,303104,327680,327680
4096,54,butterfly-check,recompute,2,16616667 ns,16116416,147456,0,0,0,0,147456,147456,303104,327680,327680
4096,54,butterfly-check,recompute,3,16559916 ns,16085375,147456,0,0,0,0,147456,147456,303104,327680,327680
4096,54,butterfly-check,recompute,4,16900542 ns,16394341,147456,0,0,0,0,147456,147456,303104,327680,327680
4096,54,butterfly-check,recompute,5,16837208 ns,16339039,147456,0,0,0,0,147456,147456,303104,327680,327680
4096,54,butterfly-check,recompute,6,16653457 ns,16152373,147456,0,0,0,0,147456,147456,303104,327680,327680
4096,54,butterfly-check,recompute,7,16794417 ns,16318297,147456,0,0,0,0,147456,147456,303104,327680,327680
4096,54,butterfly-check,recompute,8,16953502 ns,16435206,147456,0,0,0,0,147456,147456,303104,327680,327680
4096,54,butterfly-check,recompute,9,16918166 ns,16439127,147456,0,0,0,0,147456,147456,303104,327680,327680
4096,54,butterfly-check,recompute,10,16602418 ns,16125672,147456,0,0,0,0,147456,147456,303104,327680,327680
4096,54,butterfly-check,recompute,11,16601251 ns,16111330,147456,0,0,0,0,147456,147456,303104,327680,327680
4096,54,butterfly-check,recompute,12,16639668 ns,16149793,147456,0,0,0,0,147456,147456,303104,327680,327680
4096,54,butterfly-check,recompute,13,16622792 ns,16122297,147456,0,0,0,0,147456,147456,303104,327680,327680
4096,54,butterfly-check,recompute,14,16563915 ns,16073834,147456,0,0,0,0,147456,147456,303104,327680,327680
4096,54,butterfly-check,recompute,15,16720749 ns,16248212,147456,0,0,0,0,147456,147456,303104,327680,327680
4096,54,butterfly-check,recompute,16,16667166 ns,16178337,147456,0,0,0,0,147456,147456,303104,327680,327680
4096,54,butterfly-check,recompute,17,16613792 ns,16120708,147456,0,0,0,0,147456,147456,303104,327680,327680
4096,54,butterfly-check,recompute,18,16641710 ns,16167502,147456,0,0,0,0,147456,147456,303104,327680,327680
4096,54,butterfly-check,recompute,19,16547416 ns,16059294,147456,0,0,0,0,147456,147456,303104,327680,327680
4096,54,butterfly-check,recompute,20,16608458 ns,16125459,147456,0,0,0,0,147456,147456,303104,327680,327680
4096,54,butterfly-check,recompute,21,16632042 ns,16144580,147456,0,0,0,0,147456,147456,303104,327680,327680
4096,54,butterfly-check,recompute,22,16607667 ns,16140624,147456,0,0,0,0,147456,147456,303104,327680,327680
4096,54,butterfly-check,recompute,23,16783627 ns,16302421,147456,0,0,0,0,147456,147456,303104,327680,327680
4096,54,butterfly-check,recompute,24,17438750 ns,16938958,147456,0,0,0,0,147456,147456,303104,327680,327680
4096,54,butterfly-check,recompute,25,16681293 ns,16185545,147456,0,0,0,0,147456,147456,303104,327680,327680
4096,54,butterfly-check,recompute,26,16647916 ns,16167330,147456,0,0,0,0,147456,147456,303104,327680,327680
4096,54,butterfly-check,recompute,27,19873584 ns,19277918,147456,0,0,0,0,147456,147456,303104,327680,327680
4096,54,butterfly-check,recompute,28,26344419 ns,25655368,147456,0,0,0,0,147456,147456,303104,327680,327680
4096,54,butterfly-check,recompute,29,16965291 ns,16483209,147456,0,0,0,0,147456,147456,303104,327680,327680
4096,54,butterfly-check,recompute,30,17133166 ns,16634459,147456,0,0,0,0,147456,147456,303104,327680,327680
4096,54,stage-checksum,detect-only,1,17593583 ns,17102380,72,0,72,0,0,147456,147456,303104,327680,327680
4096,54,stage-checksum,detect-only,2,17434374 ns,16942916,72,0,72,0,0,147456,147456,303104,327680,327680
4096,54,stage-checksum,detect-only,3,17449500 ns,16960212,72,0,72,0,0,147456,147456,303104,327680,327680
4096,54,stage-checksum,detect-only,4,17540873 ns,17065836,72,0,72,0,0,147456,147456,303104,327680,327680
4096,54,stage-checksum,detect-only,5,17507624 ns,17014168,72,0,72,0,0,147456,147456,303104,327680,327680
4096,54,stage-checksum,detect-only,6,17622625 ns,17115081,72,0,72,0,0,147456,147456,303104,327680,327680
4096,54,stage-checksum,detect-only,7,40999000 ns,39741496,72,0,72,0,0,147456,147456,303104,327680,327680
4096,54,stage-checksum,detect-only,8,17516291 ns,17028838,72,0,72,0,0,147456,147456,303104,327680,327680
4096,54,stage-checksum,detect-only,9,17457583 ns,16964758,72,0,72,0,0,147456,147456,303104,327680,327680
4096,54,stage-checksum,detect-only,10,17640626 ns,17104539,72,0,72,0,0,147456,147456,303104,327680,327680
4096,54,stage-checksum,detect-only,11,17479083 ns,16981085,72,0,72,0,0,147456,147456,303104,327680,327680
4096,54,stage-checksum,detect-only,12,17505834 ns,17028879,72,0,72,0,0,147456,147456,303104,327680,327680
4096,54,stage-checksum,detect-only,13,17492790 ns,16998790,72,0,72,0,0,147456,147456,303104,327680,327680
4096,54,stage-checksum,detect-only,14,17490584 ns,16995415,72,0,72,0,0,147456,147456,303104,327680,327680
4096,54,stage-checksum,detect-only,15,17448459 ns,16958042,72,0,72,0,0,147456,147456,303104,327680,327680
4096,54,stage-checksum,detect-only,16,17510166 ns,17024456,72,0,72,0,0,147456,147456,303104,327680,327680
4096,54,stage-checksum,detect-only,17,17579627 ns,17083669,72,0,72,0,0,147456,147456,303104,327680,327680
4096,54,stage-checksum,detect-only,18,17495791 ns,17004083,72,0,72,0,0,147456,147456,303104,327680,327680
4096,54,stage-checksum,detect-only,19,17472668 ns,16995461,72,0,72,0,0,147456,147456,303104,327680,327680
4096,54,stage-checksum,detect-only,20,17514041 ns,17017412,72,0,72,0,0,147456,147456,303104,327680,327680
4096,54,stage-checksum,detect-only,21,17488540 ns,16999833,72,0,72,0,0,147456,147456,303104,327680,327680
4096,54,stage-checksum,detect-only,22,17685125 ns,17183003,72,0,72,0,0,147456,147456,303104,327680,327680
4096,54,stage-checksum,detect-only,23,17543583 ns,17042543,72,0,72,0,0,147456,147456,303104,327680,327680
4096,54,stage-checksum,detect-only,24,17428293 ns,16939252,72,0,72,0,0,147456,147456,303104,327680,327680
4096,54,stage-checksum,detect-only,25,17485543 ns,16978831,72,0,72,0,0,147456,147456,303104,327680,327680
4096,54,stage-checksum,detect-only,26,17474917 ns,16999878,72,0,72,0,0,147456,147456,303104,327680,327680
4096,54,stage-checksum,detect-only,27,17500623 ns,17011503,72,0,72,0,0,147456,147456,303104,327680,327680
4096,54,stage-checksum,detect-only,28,17478209 ns,16990545,72,0,72,0,0,147456,147456,303104,327680,327680
4096,54,stage-checksum,detect-only,29,17530750 ns,17046335,72,0,72,0,0,147456,147456,303104,327680,327680
4096,54,stage-checksum,detect-only,30,17524331 ns,17033875,72,0,72,0,0,147456,147456,303104,327680,327680
4096,54,stage-checksum,recompute,1,17548833 ns,17055462,72,0,72,0,0,147456,147456,303104,327680,327680
4096,54,stage-checksum,recompute,2,17573250 ns,17055998,72,0,72,0,0,147456,147456,303104,327680,327680
4096,54,stage-checksum,recompute,3,17476293 ns,16980791,72,0,72,0,0,147456,147456,303104,327680,327680
4096,54,stage-checksum,recompute,4,17573585 ns,17067168,72,0,72,0,0,147456,147456,303104,327680,327680
4096,54,stage-checksum,recompute,5,17489540 ns,17004085,72,0,72,0,0,147456,147456,303104,327680,327680
4096,54,stage-checksum,recompute,6,17480708 ns,16992290,72,0,72,0,0,147456,147456,303104,327680,327680
4096,54,stage-checksum,recompute,7,17474043 ns,16979212,72,0,72,0,0,147456,147456,303104,327680,327680
4096,54,stage-checksum,recompute,8,17502206 ns,17001713,72,0,72,0,0,147456,147456,303104,327680,327680
4096,54,stage-checksum,recompute,9,17500500 ns,16998709,72,0,72,0,0,147456,147456,303104,327680,327680
4096,54,stage-checksum,recompute,10,17477624 ns,16988994,72,0,72,0,0,147456,147456,303104,327680,327680
4096,54,stage-checksum,recompute,11,17471086 ns,16977827,72,0,72,0,0,147456,147456,303104,327680,327680
4096,54,stage-checksum,recompute,12,17957708 ns,17467042,72,0,72,0,0,147456,147456,303104,327680,327680
4096,54,stage-checksum,recompute,13,17442332 ns,16951501,72,0,72,0,0,147456,147456,303104,327680,327680
4096,54,stage-checksum,recompute,14,17559374 ns,17064838,72,0,72,0,0,147456,147456,303104,327680,327680
4096,54,stage-checksum,recompute,15,17552417 ns,17048752,72,0,72,0,0,147456,147456,303104,327680,327680
4096,54,stage-checksum,recompute,16,17664874 ns,17150459,72,0,72,0,0,147456,147456,303104,327680,327680
4096,54,stage-checksum,recompute,17,17519459 ns,17033288,72,0,72,0,0,147456,147456,303104,327680,327680
4096,54,stage-checksum,recompute,18,17472249 ns,16960794,72,0,72,0,0,147456,147456,303104,327680,327680
4096,54,stage-checksum,recompute,19,17446208 ns,16969002,72,0,72,0,0,147456,147456,303104,327680,327680
4096,54,stage-checksum,recompute,20,17523416 ns,17027083,72,0,72,0,0,147456,147456,303104,327680,327680
4096,54,stage-checksum,recompute,21,38138334 ns,37395005,72,0,72,0,0,147456,147456,303104,327680,327680
4096,54,stage-checksum,recompute,22,17484750 ns,17003995,72,0,72,0,0,147456,147456,303104,327680,327680
4096,54,stage-checksum,recompute,23,17466957 ns,16972003,72,0,72,0,0,147456,147456,303104,327680,327680
4096,54,stage-checksum,recompute,24,17583542 ns,17089039,72,0,72,0,0,147456,147456,303104,327680,327680
4096,54,stage-checksum,recompute,25,17403958 ns,16914794,72,0,72,0,0,147456,147456,303104,327680,327680
4096,54,stage-checksum,recompute,26,17585543 ns,17089203,72,0,72,0,0,147456,147456,303104,327680,327680
4096,54,stage-checksum,recompute,27,17521541 ns,17025457,72,0,72,0,0,147456,147456,303104,327680,327680
4096,54,stage-checksum,recompute,28,17573292 ns,17081499,72,0,72,0,0,147456,147456,303104,327680,327680
4096,54,stage-checksum,recompute,29,17500123 ns,17007332,72,0,72,0,0,147456,147456,303104,327680,327680
4096,54,stage-checksum,recompute,30,17620082 ns,17120126,72,0,72,0,0,147456,147456,303104,327680,327680
8192,28,none,detect-only,1,29065707 ns,0,0,0,0,0,0,319488,319488,655360,704512,704512
8192,28,none,detect-only,2,28884376 ns,0,0,0,0,0,0,319488,319488,655360,704512,704512
8192,28,none,detect-only,3,28775874 ns,0,0,0,0,0,0,319488,319488,655360,704512,704512
8192,28,none,detect-only,4,28905751 ns,0,0,0,0,0,0,319488,319488,655360,704512,704512
8192,28,none,detect-only,5,28842959 ns,0,0,0,0,0,0,319488,319488,655360,704512,704512
8192,28,none,detect-only,6,28912208 ns,0,0,0,0,0,0,319488,319488,655360,704512,704512
8192,28,none,detect-only,7,28810166 ns,0,0,0,0,0,0,319488,319488,655360,704512,704512
8192,28,none,detect-only,8,28768791 ns,0,0,0,0,0,0,319488,319488,655360,704512,704512
8192,28,none,detect-only,9,28708625 ns,0,0,0,0,0,0,319488,319488,655360,704512,704512
8192,28,none,detect-only,10,28734917 ns,0,0,0,0,0,0,319488,319488,655360,704512,704512
8192,28,none,detect-only,11,28724959 ns,0,0,0,0,0,0,319488,319488,655360,704512,704512
8192,28,none,detect-only,12,28626876 ns,0,0,0,0,0,0,319488,319488,655360,704512,704512
8192,28,none,detect-only,13,28870583 ns,0,0,0,0,0,0,319488,319488,655360,704512,704512
8192,28,none,detect-only,14,28833585 ns,0,0,0,0,0,0,319488,319488,655360,704512,704512
8192,28,none,detect-only,15,28835333 ns,0,0,0,0,0,0,319488,319488,655360,704512,704512
8192,28,none,detect-only,16,28771042 ns,0,0,0,0,0,0,319488,319488,655360,704512,704512
8192,28,none,detect-only,17,28838250 ns,0,0,0,0,0,0,319488,319488,655360,704512,704512
8192,28,none,detect-only,18,28912041 ns,0,0,0,0,0,0,319488,319488,655360,704512,704512
8192,28,none,detect-only,19,28721959 ns,0,0,0,0,0,0,319488,319488,655360,704512,704512
8192,28,none,detect-only,20,28987334 ns,0,0,0,0,0,0,319488,319488,655360,704512,704512
8192,28,none,detect-only,21,28837125 ns,0,0,0,0,0,0,319488,319488,655360,704512,704512
8192,28,none,detect-only,22,28687291 ns,0,0,0,0,0,0,319488,319488,655360,704512,704512
8192,28,none,detect-only,23,28785250 ns,0,0,0,0,0,0,319488,319488,655360,704512,704512
8192,28,none,detect-only,24,28757457 ns,0,0,0,0,0,0,319488,319488,655360,704512,704512
8192,28,none,detect-only,25,28765626 ns,0,0,0,0,0,0,319488,319488,655360,704512,704512
8192,28,none,detect-only,26,28915459 ns,0,0,0,0,0,0,319488,319488,655360,704512,704512
8192,28,none,detect-only,27,29036041 ns,0,0,0,0,0,0,319488,319488,655360,704512,704512
8192,28,none,detect-only,28,28805291 ns,0,0,0,0,0,0,319488,319488,655360,704512,704512
8192,28,none,detect-only,29,28941501 ns,0,0,0,0,0,0,319488,319488,655360,704512,704512
8192,28,none,detect-only,30,28815251 ns,0,0,0,0,0,0,319488,319488,655360,704512,704512
8192,28,butterfly-check,detect-only,1,31365416 ns,30415295,319488,0,0,0,0,319488,319488,655360,704512,704512
8192,28,butterfly-check,detect-only,2,31310832 ns,30362794,319488,0,0,0,0,319488,319488,655360,704512,704512
8192,28,butterfly-check,detect-only,3,31392418 ns,30420576,319488,0,0,0,0,319488,319488,655360,704512,704512
8192,28,butterfly-check,detect-only,4,31266711 ns,30320785,319488,0,0,0,0,319488,319488,655360,704512,704512
8192,28,butterfly-check,detect-only,5,31321749 ns,30359294,319488,0,0,0,0,319488,319488,655360,704512,704512
8192,28,butterfly-check,detect-only,6,31328875 ns,30365627,319488,0,0,0,0,319488,319488,655360,704512,704512
8192,28,butterfly-check,detect-only,7,31267333 ns,30335290,319488,0,0,0,0,319488,319488,655360,704512,704512
8192,28,butterfly-check,detect-only,8,31324625 ns,30343212,319488,0,0,0,0,319488,319488,655360,704512,704512
8192,28,butterfly-check,detect-only,9,31314750 ns,30368204,319488,0,0,0,0,319488,319488,655360,704512,704512
8192,28,butterfly-check,detect-only,10,31344960 ns,30373123,319488,0,0,0,0,319488,319488,655360,704512,704512
8192,28,butterfly-check,detect-only,11,31669958 ns,30771205,319488,0,0,0,0,319488,319488,655360,704512,704512
8192,28,butterfly-check,detect-only,12,31289666 ns,30334002,319488,0,0,0,0,319488,319488,655360,704512,704512
8192,28,butterfly-check,detect-only,13,31209459 ns,30266708,319488,0,0,0,0,319488,319488,655360,704512,704512
8192,28,butterfly-check,detect-only,14,31459834 ns,30487963,319488,0,0,0,0,319488,319488,655360,704512,704512
8192,28,butterfly-check,detect-only,15,31360791 ns,30408209,319488,0,0,0,0,319488,319488,655360,704512,704512
8192,28,butterfly-check,detect-only,16,31383167 ns,30448171,319488,0,0,0,0,319488,319488,655360,704512,704512
8192,28,butterfly-check,detect-only,17,31215375 ns,30275791,319488,0,0,0,0,319488,319488,655360,704512,704512
8192,28,butterfly-check,detect-only,18,31257833 ns,30319211,319488,0,0,0,0,319488,319488,655360,704512,704512
8192,28,butterfly-check,detect-only,19,34340249 ns,33329586,319488,0,0,0,0,319488,319488,655360,704512,704512
8192,28,butterfly-check,detect-only,20,31585418 ns,30643462,319488,0,0,0,0,319488,319488,655360,704512,704512
8192,28,butterfly-check,detect-only,21,31432167 ns,30471368,319488,0,0,0,0,319488,319488,655360,704512,704512
8192,28,butterfly-check,detect-only,22,31403540 ns,30483041,319488,0,0,0,0,319488,319488,655360,704512,704512
8192,28,butterfly-check,detect-only,23,31455874 ns,30552125,319488,0,0,0,0,319488,319488,655360,704512,704512
8192,28,butterfly-check,detect-only,24,31507915 ns,30540412,319488,0,0,0,0,319488,319488,655360,704512,704512
8192,28,butterfly-check,detect-only,25,31574959 ns,30581212,319488,0,0,0,0,319488,319488,655360,704512,704512
8192,28,butterfly-check,detect-only,26,32464457 ns,31504329,319488,0,0,0,0,319488,319488,655360,704512,704512
8192,28,butterfly-check,detect-only,27,31362458 ns,30406710,319488,0,0,0,0,319488,319488,655360,704512,704512
8192,28,butterfly-check,detect-only,28,32161542 ns,31196541,319488,0,0,0,0,319488,319488,655360,704512,704512
8192,28,butterfly-check,detect-only,29,33491040 ns,32465750,319488,0,0,0,0,319488,319488,655360,704512,704512
8192,28,butterfly-check,detect-only,30,31343833 ns,30426921,319488,0,0,0,0,319488,319488,655360,704512,704512
8192,28,butterfly-check,recompute,1,31348250 ns,30432709,319488,0,0,0,0,319488,319488,655360,704512,704512
8192,28,butterfly-check,recompute,2,31489291 ns,30528333,319488,0,0,0,0,319488,319488,655360,704512,704512
8192,28,butterfly-check,recompute,3,32199335 ns,31229584,319488,0,0,0,0,319488,319488,655360,704512,704512
8192,28,butterfly-check,recompute,4,31465626 ns,30483085,319488,0,0,0,0,319488,319488,655360,704512,704512
8192,28,butterfly-check,recompute,5,31449751 ns,30508000,319488,0,0,0,0,319488,319488,655360,704512,704512
8192,28,butterfly-check,recompute,6,31358043 ns,30466212,319488,0,0,0,0,319488,319488,655360,704512,704512
8192,28,butterfly-check,recompute,7,31317916 ns,30342884,319488,0,0,0,0,319488,319488,655360,704512,704512
8192,28,butterfly-check,recompute,8,31301292 ns,30334710,319488,0,0,0,0,319488,319488,655360,704512,704512
8192,28,butterfly-check,recompute,9,31351710 ns,30399915,319488,0,0,0,0,319488,319488,655360,704512,704512
8192,28,butterfly-check,recompute,10,31840873 ns,30929621,319488,0,0,0,0,319488,319488,655360,704512,704512
8192,28,butterfly-check,recompute,11,32182166 ns,31208378,319488,0,0,0,0,319488,319488,655360,704512,704512
8192,28,butterfly-check,recompute,12,31309043 ns,30359375,319488,0,0,0,0,319488,319488,655360,704512,704512
8192,28,butterfly-check,recompute,13,32487708 ns,31523298,319488,0,0,0,0,319488,319488,655360,704512,704512
8192,28,butterfly-check,recompute,14,31188250 ns,30251626,319488,0,0,0,0,319488,319488,655360,704512,704512
8192,28,butterfly-check,recompute,15,31916959 ns,30921080,319488,0,0,0,0,319488,319488,655360,704512,704512
8192,28,butterfly-check,recompute,16,31355417 ns,30390459,319488,0,0,0,0,319488,319488,655360,704512,704512
8192,28,butterfly-check,recompute,17,31215126 ns,30275793,319488,0,0,0,0,319488,319488,655360,704512,704512
8192,28,butterfly-check,recompute,18,31294375 ns,30328543,319488,0,0,0,0,319488,319488,655360,704512,704512
8192,28,butterfly-check,recompute,19,31346040 ns,30429916,319488,0,0,0,0,319488,319488,655360,704512,704512
8192,28,butterfly-check,recompute,20,31525249 ns,30628543,319488,0,0,0,0,319488,319488,655360,704512,704512
8192,28,butterfly-check,recompute,21,31333457 ns,30369501,319488,0,0,0,0,319488,319488,655360,704512,704512
8192,28,butterfly-check,recompute,22,31407085 ns,30424788,319488,0,0,0,0,319488,319488,655360,704512,704512
8192,28,butterfly-check,recompute,23,31266666 ns,30323920,319488,0,0,0,0,319488,319488,655360,704512,704512
8192,28,butterfly-check,recompute,24,31343249 ns,30421171,319488,0,0,0,0,319488,319488,655360,704512,704512
8192,28,butterfly-check,recompute,25,32765583 ns,31688328,319488,0,0,0,0,319488,319488,655360,704512,704512
8192,28,butterfly-check,recompute,26,31421831 ns,30479918,319488,0,0,0,0,319488,319488,655360,704512,704512
8192,28,butterfly-check,recompute,27,31310667 ns,30392539,319488,0,0,0,0,319488,319488,655360,704512,704512
8192,28,butterfly-check,recompute,28,31367958 ns,30462951,319488,0,0,0,0,319488,319488,655360,704512,704512
8192,28,butterfly-check,recompute,29,31275374 ns,30368171,319488,0,0,0,0,319488,319488,655360,704512,704512
8192,28,butterfly-check,recompute,30,31360792 ns,30453289,319488,0,0,0,0,319488,319488,655360,704512,704512
8192,28,stage-checksum,detect-only,1,33307456 ns,32361544,78,0,78,0,0,319488,319488,655360,704512,704512
8192,28,stage-checksum,detect-only,2,33650376 ns,32688252,78,0,78,0,0,319488,319488,655360,704512,704512
8192,28,stage-checksum,detect-only,3,32978249 ns,32002917,78,0,78,0,0,319488,319488,655360,704512,704512
8192,28,stage-checksum,detect-only,4,32961210 ns,32000335,78,0,78,0,0,319488,319488,655360,704512,704512
8192,28,stage-checksum,detect-only,5,33307834 ns,32399953,78,0,78,0,0,319488,319488,655360,704512,704512
8192,28,stage-checksum,detect-only,6,33773456 ns,32839039,78,0,78,0,0,319488,319488,655360,704512,704512
8192,28,stage-checksum,detect-only,7,39761333 ns,38503663,78,0,78,0,0,319488,319488,655360,704512,704512
8192,28,stage-checksum,detect-only,8,32916875 ns,31960421,78,0,78,0,0,319488,319488,655360,704512,704512
8192,28,stage-checksum,detect-only,9,32928625 ns,31973288,78,0,78,0,0,319488,319488,655360,704512,704512
8192,28,stage-checksum,detect-only,10,33073542 ns,32155832,78,0,78,0,0,319488,319488,655360,704512,704512
8192,28,stage-checksum,detect-only,11,36118124 ns,35137210,78,0,78,0,0,319488,319488,655360,704512,704512
8192,28,stage-checksum,detect-only,12,33296541 ns,32362084,78,0,78,0,0,319488,319488,655360,704512,704512
8192,28,stage-checksum,detect-only,13,33092458 ns,32146085,78,0,78,0,0,319488,319488,655360,704512,704512
8192,28,stage-checksum,detect-only,14,33534165 ns,32544915,78,0,78,0,0,319488,319488,655360,704512,704512
8192,28,stage-checksum,detect-only,15,32948209 ns,31985334,78,0,78,0,0,319488,319488,655360,704512,704512
8192,28,stage-checksum,detect-only,16,33151959 ns,32197004,78,0,78,0,0,319488,319488,655360,704512,704512
8192,28,stage-checksum,detect-only,17,33057124 ns,32095207,78,0,78,0,0,319488,319488,655360,704512,704512
8192,28,stage-checksum,detect-only,18,32989832 ns,32029622,78,0,78,0,0,319488,319488,655360,704512,704512
8192,28,stage-checksum,detect-only,19,33017084 ns,32093626,78,0,78,0,0,319488,319488,655360,704512,704512
8192,28,stage-checksum,detect-only,20,33188959 ns,32235495,78,0,78,0,0,319488,319488,655360,704512,704512
8192,28,stage-checksum,detect-only,21,36881667 ns,35478041,78,0,78,0,0,319488,319488,655360,704512,704512
8192,28,stage-checksum,detect-only,22,33042917 ns,32086501,78,0,78,0,0,319488,319488,655360,704512,704512
8192,28,stage-checksum,detect-only,23,32912834 ns,31933038,78,0,78,0,0,319488,319488,655360,704512,704512
8192,28,stage-checksum,detect-only,24,32912501 ns,31973914,78,0,78,0,0,319488,319488,655360,704512,704512
8192,28,stage-checksum,detect-only,25,33766374 ns,32801372,78,0,78,0,0,319488,319488,655360,704512,704512
8192,28,stage-checksum,detect-only,26,32831916 ns,31871251,78,0,78,0,0,319488,319488,655360,704512,704512
8192,28,stage-checksum,detect-only,27,32798290 ns,31860164,78,0,78,0,0,319488,319488,655360,704512,704512
8192,28,stage-checksum,detect-only,28,32732375 ns,31822497,78,0,78,0,0,319488,319488,655360,704512,704512
8192,28,stage-checksum,detect-only,29,33066751 ns,32091377,78,0,78,0,0,319488,319488,655360,704512,704512
8192,28,stage-checksum,detect-only,30,32987750 ns,32015213,78,0,78,0,0,319488,319488,655360,704512,704512
8192,28,stage-checksum,recompute,1,32848625 ns,31956002,78,0,78,0,0,319488,319488,655360,704512,704512
8192,28,stage-checksum,recompute,2,32876582 ns,31937041,78,0,78,0,0,319488,319488,655360,704512,704512
8192,28,stage-checksum,recompute,3,32894959 ns,31940459,78,0,78,0,0,319488,319488,655360,704512,704512
8192,28,stage-checksum,recompute,4,33019624 ns,32063049,78,0,78,0,0,319488,319488,655360,704512,704512
8192,28,stage-checksum,recompute,5,33062123 ns,32080458,78,0,78,0,0,319488,319488,655360,704512,704512
8192,28,stage-checksum,recompute,6,32913458 ns,31961047,78,0,78,0,0,319488,319488,655360,704512,704512
8192,28,stage-checksum,recompute,7,33027666 ns,32075337,78,0,78,0,0,319488,319488,655360,704512,704512
8192,28,stage-checksum,recompute,8,33000207 ns,32023582,78,0,78,0,0,319488,319488,655360,704512,704512
8192,28,stage-checksum,recompute,9,32869417 ns,31911256,78,0,78,0,0,319488,319488,655360,704512,704512
8192,28,stage-checksum,recompute,10,32858749 ns,31901962,78,0,78,0,0,319488,319488,655360,704512,704512
8192,28,stage-checksum,recompute,11,33104125 ns,32147743,78,0,78,0,0,319488,319488,655360,704512,704512
8192,28,stage-checksum,recompute,12,32894375 ns,31923621,78,0,78,0,0,319488,319488,655360,704512,704512
8192,28,stage-checksum,recompute,13,33617375 ns,32645711,78,0,78,0,0,319488,319488,655360,704512,704512
8192,28,stage-checksum,recompute,14,32971832 ns,32028789,78,0,78,0,0,319488,319488,655360,704512,704512
8192,28,stage-checksum,recompute,15,33128876 ns,32145043,78,0,78,0,0,319488,319488,655360,704512,704512
8192,28,stage-checksum,recompute,16,32871375 ns,31922130,78,0,78,0,0,319488,319488,655360,704512,704512
8192,28,stage-checksum,recompute,17,33043792 ns,32064249,78,0,78,0,0,319488,319488,655360,704512,704512
8192,28,stage-checksum,recompute,18,33034501 ns,32096252,78,0,78,0,0,319488,319488,655360,704512,704512
8192,28,stage-checksum,recompute,19,32899083 ns,31913993,78,0,78,0,0,319488,319488,655360,704512,704512
8192,28,stage-checksum,recompute,20,32823167 ns,31889375,78,0,78,0,0,319488,319488,655360,704512,704512
8192,28,stage-checksum,recompute,21,32793500 ns,31828000,78,0,78,0,0,319488,319488,655360,704512,704512
8192,28,stage-checksum,recompute,22,32815083 ns,31848497,78,0,78,0,0,319488,319488,655360,704512,704512
8192,28,stage-checksum,recompute,23,32902792 ns,31974081,78,0,78,0,0,319488,319488,655360,704512,704512
8192,28,stage-checksum,recompute,24,32997001 ns,32029338,78,0,78,0,0,319488,319488,655360,704512,704512
8192,28,stage-checksum,recompute,25,33045125 ns,32114825,78,0,78,0,0,319488,319488,655360,704512,704512
8192,28,stage-checksum,recompute,26,33041585 ns,32052255,78,0,78,0,0,319488,319488,655360,704512,704512
8192,28,stage-checksum,recompute,27,33096249 ns,32139877,78,0,78,0,0,319488,319488,655360,704512,704512
8192,28,stage-checksum,recompute,28,33031874 ns,32083668,78,0,78,0,0,319488,319488,655360,704512,704512
8192,28,stage-checksum,recompute,29,33104669 ns,32145082,78,0,78,0,0,319488,319488,655360,704512,704512
8192,28,stage-checksum,recompute,30,32960585 ns,32038792,78,0,78,0,0,319488,319488,655360,704512,704512
8192,54,none,detect-only,1,32961333 ns,0,0,0,0,0,0,319488,319488,655360,704512,704512
8192,54,none,detect-only,2,32901542 ns,0,0,0,0,0,0,319488,319488,655360,704512,704512
8192,54,none,detect-only,3,32762041 ns,0,0,0,0,0,0,319488,319488,655360,704512,704512
8192,54,none,detect-only,4,32842000 ns,0,0,0,0,0,0,319488,319488,655360,704512,704512
8192,54,none,detect-only,5,33604209 ns,0,0,0,0,0,0,319488,319488,655360,704512,704512
8192,54,none,detect-only,6,32801750 ns,0,0,0,0,0,0,319488,319488,655360,704512,704512
8192,54,none,detect-only,7,32922293 ns,0,0,0,0,0,0,319488,319488,655360,704512,704512
8192,54,none,detect-only,8,32903666 ns,0,0,0,0,0,0,319488,319488,655360,704512,704512
8192,54,none,detect-only,9,32922209 ns,0,0,0,0,0,0,319488,319488,655360,704512,704512
8192,54,none,detect-only,10,32717834 ns,0,0,0,0,0,0,319488,319488,655360,704512,704512
8192,54,none,detect-only,11,33027291 ns,0,0,0,0,0,0,319488,319488,655360,704512,704512
8192,54,none,detect-only,12,32615624 ns,0,0,0,0,0,0,319488,319488,655360,704512,704512
8192,54,none,detect-only,13,32716209 ns,0,0,0,0,0,0,319488,319488,655360,704512,704512
8192,54,none,detect-only,14,33149125 ns,0,0,0,0,0,0,319488,319488,655360,704512,704512
8192,54,none,detect-only,15,32790625 ns,0,0,0,0,0,0,319488,319488,655360,704512,704512
8192,54,none,detect-only,16,32844542 ns,0,0,0,0,0,0,319488,319488,655360,704512,704512
8192,54,none,detect-only,17,32878042 ns,0,0,0,0,0,0,319488,319488,655360,704512,704512
8192,54,none,detect-only,18,33229543 ns,0,0,0,0,0,0,319488,319488,655360,704512,704512
8192,54,none,detect-only,19,32873293 ns,0,0,0,0,0,0,319488,319488,655360,704512,704512
8192,54,none,detect-only,20,32786415 ns,0,0,0,0,0,0,319488,319488,655360,704512,704512
8192,54,none,detect-only,21,32726584 ns,0,0,0,0,0,0,319488,319488,655360,704512,704512
8192,54,none,detect-only,22,32780168 ns,0,0,0,0,0,0,319488,319488,655360,704512,704512
8192,54,none,detect-only,23,32833207 ns,0,0,0,0,0,0,319488,319488,655360,704512,704512
8192,54,none,detect-only,24,32802876 ns,0,0,0,0,0,0,319488,319488,655360,704512,704512
8192,54,none,detect-only,25,32868376 ns,0,0,0,0,0,0,319488,319488,655360,704512,704512
8192,54,none,detect-only,26,33028833 ns,0,0,0,0,0,0,319488,319488,655360,704512,704512
8192,54,none,detect-only,27,32746376 ns,0,0,0,0,0,0,319488,319488,655360,704512,704512
8192,54,none,detect-only,28,33016667 ns,0,0,0,0,0,0,319488,319488,655360,704512,704512
8192,54,none,detect-only,29,32679501 ns,0,0,0,0,0,0,319488,319488,655360,704512,704512
8192,54,none,detect-only,30,33086208 ns,0,0,0,0,0,0,319488,319488,655360,704512,704512
8192,54,butterfly-check,detect-only,1,35842290 ns,34845214,319488,0,0,0,0,319488,319488,655360,704512,704512
8192,54,butterfly-check,detect-only,2,35687583 ns,34723458,319488,0,0,0,0,319488,319488,655360,704512,704512
8192,54,butterfly-check,detect-only,3,36039084 ns,35017169,319488,0,0,0,0,319488,319488,655360,704512,704512
8192,54,butterfly-check,detect-only,4,35795207 ns,34833749,319488,0,0,0,0,319488,319488,655360,704512,704512
8192,54,butterfly-check,detect-only,5,36864583 ns,35862910,319488,0,0,0,0,319488,319488,655360,704512,704512
8192,54,butterfly-check,detect-only,6,39961666 ns,38898048,319488,0,0,0,0,319488,319488,655360,704512,704512
8192,54,butterfly-check,detect-only,7,35884001 ns,34896582,319488,0,0,0,0,319488,319488,655360,704512,704512
8192,54,butterfly-check,detect-only,8,35762333 ns,34799126,319488,0,0,0,0,319488,319488,655360,704512,704512
8192,54,butterfly-check,detect-only,9,35875375 ns,34874044,319488,0,0,0,0,319488,319488,655360,704512,704512
8192,54,butterfly-check,detect-only,10,35780875 ns,34815167,319488,0,0,0,0,319488,319488,655360,704512,704512
8192,54,butterfly-check,detect-only,11,36121125 ns,35101292,319488,0,0,0,0,319488,319488,655360,704512,704512
8192,54,butterfly-check,detect-only,12,35902082 ns,34983711,319488,0,0,0,0,319488,319488,655360,704512,704512
8192,54,butterfly-check,detect-only,13,35851917 ns,34840540,319488,0,0,0,0,319488,319488,655360,704512,704512
8192,54,butterfly-check,detect-only,14,35921292 ns,34882749,319488,0,0,0,0,319488,319488,655360,704512,704512
8192,54,butterfly-check,detect-only,15,36035792 ns,34962580,319488,0,0,0,0,319488,319488,655360,704512,704512
8192,54,butterfly-check,detect-only,16,36092125 ns,35058376,319488,0,0,0,0,319488,319488,655360,704512,704512
8192,54,butterfly-check,detect-only,17,35808460 ns,34842707,319488,0,0,0,0,319488,319488,655360,704512,704512
8192,54,butterfly-check,detect-only,18,35943499 ns,34969709,319488,0,0,0,0,319488,319488,655360,704512,704512
8192,54,butterfly-check,detect-only,19,35911959 ns,34901705,319488,0,0,0,0,319488,319488,655360,704512,704512
8192,54,butterfly-check,detect-only,20,35895248 ns,34880551,319488,0,0,0,0,319488,319488,655360,704512,704512
8192,54,butterfly-check,detect-only,21,35997165 ns,35022161,319488,0,0,0,0,319488,319488,655360,704512,704512
8192,54,butterfly-check,detect-only,22,40030083 ns,38097459,319488,0,0,0,0,319488,319488,655360,704512,704512
8192,54,butterfly-check,detect-only,23,35859709 ns,34894208,319488,0,0,0,0,319488,319488,655360,704512,704512
8192,54,butterfly-check,detect-only,24,44429002 ns,42992830,319488,0,0,0,0,319488,319488,655360,704512,704512
8192,54,butterfly-check,detect-only,25,36168293 ns,35191123,319488,0,0,0,0,319488,319488,655360,704512,704512
8192,54,butterfly-check,detect-only,26,36718917 ns,35679707,319488,0,0,0,0,319488,319488,655360,704512,704512
8192,54,butterfly-check,detect-only,27,36067917 ns,35083965,319488,0,0,0,0,319488,319488,655360,704512,704512
8192,54,butterfly-check,detect-only,28,36111501 ns,35079838,319488,0,0,0,0,319488,319488,655360,704512,704512
8192,54,butterfly-check,detect-only,29,35866333 ns,34865206,319488,0,0,0,0,319488,319488,655360,704512,704512
8192,54,butterfly-check,detect-only,30,36053041 ns,35050914,319488,0,0,0,0,319488,319488,655360,704512,704512
8192,54,butterfly-check,recompute,1,35967415 ns,34960298,319488,0,0,0,0,319488,319488,655360,704512,704512
8192,54,butterfly-check,recompute,2,36020584 ns,34987953,319488,0,0,0,0,319488,319488,655360,704512,704512
8192,54,butterfly-check,recompute,3,36346292 ns,35351010,319488,0,0,0,0,319488,319488,655360,704512,704512
8192,54,butterfly-check,recompute,4,39366000 ns,38325497,319488,0,0,0,0,319488,319488,655360,704512,704512
8192,54,butterfly-check,recompute,5,35910167 ns,34919577,319488,0,0,0,0,319488,319488,655360,704512,704512
8192,54,butterfly-check,recompute,6,35881167 ns,34904296,319488,0,0,0,0,319488,319488,655360,704512,704512
8192,54,butterfly-check,recompute,7,35951042 ns,34921293,319488,0,0,0,0,319488,319488,655360,704512,704512
8192,54,butterfly-check,recompute,8,35909875 ns,34938249,319488,0,0,0,0,319488,319488,655360,704512,704512
8192,54,butterfly-check,recompute,9,35796416 ns,34802046,319488,0,0,0,0,319488,319488,655360,704512,704512
8192,54,butterfly-check,recompute,10,36089166 ns,35078124,319488,0,0,0,0,319488,319488,655360,704512,704512
8192,54,butterfly-check,recompute,11,35826750 ns,34830956,319488,0,0,0,0,319488,319488,655360,704512,704512
8192,54,butterfly-check,recompute,12,36063625 ns,35053090,319488,0,0,0,0,319488,319488,655360,704512,704512
8192,54,butterfly-check,recompute,13,36137166 ns,35142584,319488,0,0,0,0,319488,319488,655360,704512,704512
8192,54,butterfly-check,recompute,14,35815207 ns,34833586,319488,0,0,0,0,319488,319488,655360,704512,704512
8192,54,butterfly-check,recompute,15,36113792 ns,35114125,319488,0,0,0,0,319488,319488,655360,704512,704512
8192,54,butterfly-check,recompute,16,140331584 ns,136614335,319488,0,0,0,0,319488,319488,655360,704512,704512
8192,54,butterfly-check,recompute,17,37947375 ns,36879956,319488,0,0,0,0,319488,319488,655360,704512,704512
8192,54,butterfly-check,recompute,18,36152875 ns,35096498,319488,0,0,0,0,319488,319488,655360,704512,704512
8192,54,butterfly-check,recompute,19,36571331 ns,35502961,319488,0,0,0,0,319488,319488,655360,704512,704512
8192,54,butterfly-check,recompute,20,35882584 ns,34929835,319488,0,0,0,0,319488,319488,655360,704512,704512
8192,54,butterfly-check,recompute,21,37899708 ns,36845247,319488,0,0,0,0,319488,319488,655360,704512,704512
8192,54,butterfly-check,recompute,22,35860792 ns,34864669,319488,0,0,0,0,319488,319488,655360,704512,704512
8192,54,butterfly-check,recompute,23,35832335 ns,34859127,319488,0,0,0,0,319488,319488,655360,704512,704512
8192,54,butterfly-check,recompute,24,36076002 ns,35070255,319488,0,0,0,0,319488,319488,655360,704512,704512
8192,54,butterfly-check,recompute,25,35791000 ns,34813245,319488,0,0,0,0,319488,319488,655360,704512,704512
8192,54,butterfly-check,recompute,26,33360168 ns,32418623,319488,0,0,0,0,319488,319488,655360,704512,704512
8192,54,butterfly-check,recompute,27,34311460 ns,33368324,319488,0,0,0,0,319488,319488,655360,704512,704512
8192,54,butterfly-check,recompute,28,34002959 ns,33053419,319488,0,0,0,0,319488,319488,655360,704512,704512
8192,54,butterfly-check,recompute,29,33517459 ns,32587959,319488,0,0,0,0,319488,319488,655360,704512,704512
8192,54,butterfly-check,recompute,30,36031834 ns,35075498,319488,0,0,0,0,319488,319488,655360,704512,704512
8192,54,stage-checksum,detect-only,1,35501333 ns,34548747,78,0,78,0,0,319488,319488,655360,704512,704512
8192,54,stage-checksum,detect-only,2,35514957 ns,34560216,78,0,78,0,0,319488,319488,655360,704512,704512
8192,54,stage-checksum,detect-only,3,35415792 ns,34472372,78,0,78,0,0,319488,319488,655360,704512,704512
8192,54,stage-checksum,detect-only,4,35817959 ns,34865790,78,0,78,0,0,319488,319488,655360,704512,704512
8192,54,stage-checksum,detect-only,5,35491042 ns,34504541,78,0,78,0,0,319488,319488,655360,704512,704512
8192,54,stage-checksum,detect-only,6,35955833 ns,34959339,78,0,78,0,0,319488,319488,655360,704512,704512
8192,54,stage-checksum,detect-only,7,34971376 ns,34002205,78,0,78,0,0,319488,319488,655360,704512,704512
8192,54,stage-checksum,detect-only,8,35001832 ns,34034043,78,0,78,0,0,319488,319488,655360,704512,704512
8192,54,stage-checksum,detect-only,9,34645835 ns,33759499,78,0,78,0,0,319488,319488,655360,704512,704512
8192,54,stage-checksum,detect-only,10,34731958 ns,33781500,78,0,78,0,0,319488,319488,655360,704512,704512
8192,54,stage-checksum,detect-only,11,38071541 ns,37044628,78,0,78,0,0,319488,319488,655360,704512,704512
8192,54,stage-checksum,detect-only,12,34685085 ns,33788998,78,0,78,0,0,319488,319488,655360,704512,704512
8192,54,stage-checksum,detect-only,13,34659959 ns,33680123,78,0,78,0,0,319488,319488,655360,704512,704512
8192,54,stage-checksum,detect-only,14,34720126 ns,33770245,78,0,78,0,0,319488,319488,655360,704512,704512
8192,54,stage-checksum,detect-only,15,34892584 ns,33952500,78,0,78,0,0,319488,319488,655360,704512,704512
8192,54,stage-checksum,detect-only,16,34722791 ns,33762671,78,0,78,0,0,319488,319488,655360,704512,704512
8192,54,stage-checksum,detect-only,17,34704043 ns,33767834,78,0,78,0,0,319488,319488,655360,704512,704512
8192,54,stage-checksum,detect-only,18,34757459 ns,33806045,78,0,78,0,0,319488,319488,655360,704512,704512
8192,54,stage-checksum,detect-only,19,37591709 ns,36565254,78,0,78,0,0,319488,319488,655360,704512,704512
8192,54,stage-checksum,detect-only,20,37320666 ns,36318370,78,0,78,0,0,319488,319488,655360,704512,704512
8192,54,stage-checksum,detect-only,21,34787876 ns,33829254,78,0,78,0,0,319488,319488,655360,704512,704512
8192,54,stage-checksum,detect-only,22,35643001 ns,34679251,78,0,78,0,0,319488,319488,655360,704512,704512
8192,54,stage-checksum,detect-only,23,37244459 ns,36235924,78,0,78,0,0,319488,319488,655360,704512,704512
8192,54,stage-checksum,detect-only,24,34582750 ns,33662961,78,0,78,0,0,319488,319488,655360,704512,704512
8192,54,stage-checksum,detect-only,25,35530665 ns,34566791,78,0,78,0,0,319488,319488,655360,704512,704512
8192,54,stage-checksum,detect-only,26,37173833 ns,36173925,78,0,78,0,0,319488,319488,655360,704512,704512
8192,54,stage-checksum,detect-only,27,34653790 ns,33722704,78,0,78,0,0,319488,319488,655360,704512,704512
8192,54,stage-checksum,detect-only,28,34695667 ns,33739416,78,0,78,0,0,319488,319488,655360,704512,704512
8192,54,stage-checksum,detect-only,29,34691000 ns,33749872,78,0,78,0,0,319488,319488,655360,704512,704512
8192,54,stage-checksum,detect-only,30,39040417 ns,37996166,78,0,78,0,0,319488,319488,655360,704512,704512
8192,54,stage-checksum,recompute,1,34875377 ns,33944203,78,0,78,0,0,319488,319488,655360,704512,704512
8192,54,stage-checksum,recompute,2,34559626 ns,33671788,78,0,78,0,0,319488,319488,655360,704512,704512
8192,54,stage-checksum,recompute,3,34580917 ns,33624299,78,0,78,0,0,319488,319488,655360,704512,704512
8192,54,stage-checksum,recompute,4,35189416 ns,34195334,78,0,78,0,0,319488,319488,655360,704512,704512
8192,54,stage-checksum,recompute,5,34739541 ns,33783664,78,0,78,0,0,319488,319488,655360,704512,704512
8192,54,stage-checksum,recompute,6,34970667 ns,34019045,78,0,78,0,0,319488,319488,655360,704512,704512
8192,54,stage-checksum,recompute,7,35414917 ns,34455128,78,0,78,0,0,319488,319488,655360,704512,704512
8192,54,stage-checksum,recompute,8,36164917 ns,35220957,78,0,78,0,0,319488,319488,655360,704512,704512
8192,54,stage-checksum,recompute,9,34783751 ns,33847293,78,0,78,0,0,319488,319488,655360,704512,704512
8192,54,stage-checksum,recompute,10,35882542 ns,34946749,78,0,78,0,0,319488,319488,655360,704512,704512
8192,54,stage-checksum,recompute,11,36298457 ns,35396621,78,0,78,0,0,319488,319488,655360,704512,704512
8192,54,stage-checksum,recompute,12,40758124 ns,39245665,78,0,78,0,0,319488,319488,655360,704512,704512
8192,54,stage-checksum,recompute,13,37977500 ns,36999299,78,0,78,0,0,319488,319488,655360,704512,704512
8192,54,stage-checksum,recompute,14,37808793 ns,36844662,78,0,78,0,0,319488,319488,655360,704512,704512
8192,54,stage-checksum,recompute,15,37937666 ns,36916412,78,0,78,0,0,319488,319488,655360,704512,704512
8192,54,stage-checksum,recompute,16,39078416 ns,38075500,78,0,78,0,0,319488,319488,655360,704512,704512
8192,54,stage-checksum,recompute,17,37983542 ns,36964120,78,0,78,0,0,319488,319488,655360,704512,704512
8192,54,stage-checksum,recompute,18,37833374 ns,36832625,78,0,78,0,0,319488,319488,655360,704512,704512
8192,54,stage-checksum,recompute,19,38253709 ns,37236502,78,0,78,0,0,319488,319488,655360,704512,704512
8192,54,stage-checksum,recompute,20,38268209 ns,37257370,78,0,78,0,0,319488,319488,655360,704512,704512
8192,54,stage-checksum,recompute,21,37970124 ns,36937033,78,0,78,0,0,319488,319488,655360,704512,704512
8192,54,stage-checksum,recompute,22,37754335 ns,36720086,78,0,78,0,0,319488,319488,655360,704512,704512
8192,54,stage-checksum,recompute,23,38073251 ns,37062503,78,0,78,0,0,319488,319488,655360,704512,704512
8192,54,stage-checksum,recompute,24,51033333 ns,49210295,78,0,78,0,0,319488,319488,655360,704512,704512
8192,54,stage-checksum,recompute,25,39128708 ns,38111371,78,0,78,0,0,319488,319488,655360,704512,704512
8192,54,stage-checksum,recompute,26,38372707 ns,37314997,78,0,78,0,0,319488,319488,655360,704512,704512
8192,54,stage-checksum,recompute,27,38161000 ns,37137540,78,0,78,0,0,319488,319488,655360,704512,704512
8192,54,stage-checksum,recompute,28,38310418 ns,37335296,78,0,78,0,0,319488,319488,655360,704512,704512
8192,54,stage-checksum,recompute,29,37799418 ns,36817540,78,0,78,0,0,319488,319488,655360,704512,704512
8192,54,stage-checksum,recompute,30,37885960 ns,36850131,78,0,78,0,0,319488,319488,655360,704512,704512
16384,28,none,detect-only,1,57820042 ns,0,0,0,0,0,0,688128,688128,1409024,1507328,1507328
16384,28,none,detect-only,2,105796375 ns,0,0,0,0,0,0,688128,688128,1409024,1507328,1507328
16384,28,none,detect-only,3,62071668 ns,0,0,0,0,0,0,688128,688128,1409024,1507328,1507328
16384,28,none,detect-only,4,62121626 ns,0,0,0,0,0,0,688128,688128,1409024,1507328,1507328
16384,28,none,detect-only,5,57412874 ns,0,0,0,0,0,0,688128,688128,1409024,1507328,1507328
16384,28,none,detect-only,6,59016291 ns,0,0,0,0,0,0,688128,688128,1409024,1507328,1507328
16384,28,none,detect-only,7,58881042 ns,0,0,0,0,0,0,688128,688128,1409024,1507328,1507328
16384,28,none,detect-only,8,57546166 ns,0,0,0,0,0,0,688128,688128,1409024,1507328,1507328
16384,28,none,detect-only,9,57519458 ns,0,0,0,0,0,0,688128,688128,1409024,1507328,1507328
16384,28,none,detect-only,10,61840374 ns,0,0,0,0,0,0,688128,688128,1409024,1507328,1507328
16384,28,none,detect-only,11,56875625 ns,0,0,0,0,0,0,688128,688128,1409024,1507328,1507328
16384,28,none,detect-only,12,58266084 ns,0,0,0,0,0,0,688128,688128,1409024,1507328,1507328
16384,28,none,detect-only,13,197418208 ns,0,0,0,0,0,0,688128,688128,1409024,1507328,1507328
16384,28,none,detect-only,14,222684126 ns,0,0,0,0,0,0,688128,688128,1409024,1507328,1507328
16384,28,none,detect-only,15,214286084 ns,0,0,0,0,0,0,688128,688128,1409024,1507328,1507328
16384,28,none,detect-only,16,57524625 ns,0,0,0,0,0,0,688128,688128,1409024,1507328,1507328
16384,28,none,detect-only,17,61992500 ns,0,0,0,0,0,0,688128,688128,1409024,1507328,1507328
16384,28,none,detect-only,18,64719791 ns,0,0,0,0,0,0,688128,688128,1409024,1507328,1507328
16384,28,none,detect-only,19,61745459 ns,0,0,0,0,0,0,688128,688128,1409024,1507328,1507328
16384,28,none,detect-only,20,65985417 ns,0,0,0,0,0,0,688128,688128,1409024,1507328,1507328
16384,28,none,detect-only,21,61742249 ns,0,0,0,0,0,0,688128,688128,1409024,1507328,1507328
16384,28,none,detect-only,22,61580917 ns,0,0,0,0,0,0,688128,688128,1409024,1507328,1507328
16384,28,none,detect-only,23,64215541 ns,0,0,0,0,0,0,688128,688128,1409024,1507328,1507328
16384,28,none,detect-only,24,61716501 ns,0,0,0,0,0,0,688128,688128,1409024,1507328,1507328
16384,28,none,detect-only,25,61887915 ns,0,0,0,0,0,0,688128,688128,1409024,1507328,1507328
16384,28,none,detect-only,26,62135958 ns,0,0,0,0,0,0,688128,688128,1409024,1507328,1507328
16384,28,none,detect-only,27,62003916 ns,0,0,0,0,0,0,688128,688128,1409024,1507328,1507328
16384,28,none,detect-only,28,61747875 ns,0,0,0,0,0,0,688128,688128,1409024,1507328,1507328
16384,28,none,detect-only,29,61950999 ns,0,0,0,0,0,0,688128,688128,1409024,1507328,1507328
16384,28,none,detect-only,30,61876541 ns,0,0,0,0,0,0,688128,688128,1409024,1507328,1507328
16384,28,butterfly-check,detect-only,1,67204666 ns,65294711,688128,0,0,0,0,688128,688128,1409024,1507328,1507328
16384,28,butterfly-check,detect-only,2,67035001 ns,65107289,688128,0,0,0,0,688128,688128,1409024,1507328,1507328
16384,28,butterfly-check,detect-only,3,67873835 ns,65951080,688128,0,0,0,0,688128,688128,1409024,1507328,1507328
16384,28,butterfly-check,detect-only,4,98635292 ns,96343790,688128,0,0,0,0,688128,688128,1409024,1507328,1507328
16384,28,butterfly-check,detect-only,5,67316086 ns,65387663,688128,0,0,0,0,688128,688128,1409024,1507328,1507328
16384,28,butterfly-check,detect-only,6,67293415 ns,65324291,688128,0,0,0,0,688128,688128,1409024,1507328,1507328
16384,28,butterfly-check,detect-only,7,67220083 ns,65266878,688128,0,0,0,0,688128,688128,1409024,1507328,1507328
16384,28,butterfly-check,detect-only,8,67137540 ns,65228334,688128,0,0,0,0,688128,688128,1409024,1507328,1507328
16384,28,butterfly-check,detect-only,9,67184208 ns,65268666,688128,0,0,0,0,688128,688128,1409024,1507328,1507328
16384,28,butterfly-check,detect-only,10,67266082 ns,65320251,688128,0,0,0,0,688128,688128,1409024,1507328,1507328
16384,28,butterfly-check,detect-only,11,67244376 ns,65284627,688128,0,0,0,0,688128,688128,1409024,1507328,1507328
16384,28,butterfly-check,detect-only,12,67256624 ns,65323204,688128,0,0,0,0,688128,688128,1409024,1507328,1507328
16384,28,butterfly-check,detect-only,13,67338208 ns,65400709,688128,0,0,0,0,688128,688128,1409024,1507328,1507328
16384,28,butterfly-check,detect-only,14,67168792 ns,65254506,688128,0,0,0,0,688128,688128,1409024,1507328,1507328
16384,28,butterfly-check,detect-only,15,68492750 ns,66542501,688128,0,0,0,0,688128,688128,1409024,1507328,1507328
16384,28,butterfly-check,detect-only,16,67113042 ns,65209253,688128,0,0,0,0,688128,688128,1409024,1507328,1507328
16384,28,butterfly-check,detect-only,17,67033749 ns,65118706,688128,0,0,0,0,688128,688128,1409024,1507328,1507328
16384,28,butterfly-check,detect-only,18,67233375 ns,65397287,688128,0,0,0,0,688128,688128,1409024,1507328,1507328
16384,28,butterfly-check,detect-only,19,67165791 ns,65232674,688128,0,0,0,0,688128,688128,1409024,1507328,1507328
16384,28,butterfly-check,detect-only,20,66999791 ns,65087494,688128,0,0,0,0,688128,688128,1409024,1507328,1507328
16384,28,butterfly-check,detect-only,21,67153669 ns,65205542,688128,0,0,0,0,688128,688128,1409024,1507328,1507328
16384,28,butterfly-check,detect-only,22,67152042 ns,65229747,688128,0,0,0,0,688128,688128,1409024,1507328,1507328
16384,28,butterfly-check,detect-only,23,67241750 ns,65333335,688128,0,0,0,0,688128,688128,1409024,1507328,1507328
16384,28,butterfly-check,detect-only,24,67165417 ns,65250842,688128,0,0,0,0,688128,688128,1409024,1507328,1507328
16384,28,butterfly-check,detect-only,25,67390251 ns,65465539,688128,0,0,0,0,688128,688128,1409024,1507328,1507328
16384,28,butterfly-check,detect-only,26,67227957 ns,65319874,688128,0,0,0,0,688128,688128,1409024,1507328,1507328
16384,28,butterfly-check,detect-only,27,67230000 ns,65277712,688128,0,0,0,0,688128,688128,1409024,1507328,1507328
16384,28,butterfly-check,detect-only,28,67078875 ns,65172045,688128,0,0,0,0,688128,688128,1409024,1507328,1507328
16384,28,butterfly-check,detect-only,29,67298668 ns,65349461,688128,0,0,0,0,688128,688128,1409024,1507328,1507328
16384,28,butterfly-check,detect-only,30,67272042 ns,65361449,688128,0,0,0,0,688128,688128,1409024,1507328,1507328
16384,28,butterfly-check,recompute,1,67161793 ns,65239915,688128,0,0,0,0,688128,688128,1409024,1507328,1507328
16384,28,butterfly-check,recompute,2,67250001 ns,65301084,688128,0,0,0,0,688128,688128,1409024,1507328,1507328
16384,28,butterfly-check,recompute,3,67250376 ns,65329126,688128,0,0,0,0,688128,688128,1409024,1507328,1507328
16384,28,butterfly-check,recompute,4,67204834 ns,65294914,688128,0,0,0,0,688128,688128,1409024,1507328,1507328
16384,28,butterfly-check,recompute,5,67279249 ns,65334046,688128,0,0,0,0,688128,688128,1409024,1507328,1507328
16384,28,butterfly-check,recompute,6,67251167 ns,65333332,688128,0,0,0,0,688128,688128,1409024,1507328,1507328
16384,28,butterfly-check,recompute,7,67232582 ns,65331587,688128,0,0,0,0,688128,688128,1409024,1507328,1507328
16384,28,butterfly-check,recompute,8,67236001 ns,65286664,688128,0,0,0,0,688128,688128,1409024,1507328,1507328
16384,28,butterfly-check,recompute,9,67343125 ns,65424916,688128,0,0,0,0,688128,688128,1409024,1507328,1507328
16384,28,butterfly-check,recompute,10,67350166 ns,65412254,688128,0,0,0,0,688128,688128,1409024,1507328,1507328
16384,28,butterfly-check,recompute,11,67233707 ns,65290833,688128,0,0,0,0,688128,688128,1409024,1507328,1507328
16384,28,butterfly-check,recompute,12,67361251 ns,65447461,688128,0,0,0,0,688128,688128,1409024,1507328,1507328
16384,28,butterfly-check,recompute,13,67350000 ns,65401710,688128,0,0,0,0,688128,688128,1409024,1507328,1507328
16384,28,butterfly-check,recompute,14,70353875 ns,68497206,688128,0,0,0,0,688128,688128,1409024,1507328,1507328
16384,28,butterfly-check,recompute,15,67114627 ns,65185582,688128,0,0,0,0,688128,688128,1409024,1507328,1507328
16384,28,butterfly-check,recompute,16,67293584 ns,65352083,688128,0,0,0,0,688128,688128,1409024,1507328,1507328
16384,28,butterfly-check,recompute,17,67153082 ns,65227381,688128,0,0,0,0,688128,688128,1409024,1507328,1507328
16384,28,butterfly-check,recompute,18,67220125 ns,65299247,688128,0,0,0,0,688128,688128,1409024,1507328,1507328
16384,28,butterfly-check,recompute,19,67215126 ns,65260664,688128,0,0,0,0,688128,688128,1409024,1507328,1507328
16384,28,butterfly-check,recompute,20,67239249 ns,65294868,688128,0,0,0,0,688128,688128,1409024,1507328,1507328
16384,28,butterfly-check,recompute,21,67247624 ns,65297674,688128,0,0,0,0,688128,688128,1409024,1507328,1507328
16384,28,butterfly-check,recompute,22,70780710 ns,68786004,688128,0,0,0,0,688128,688128,1409024,1507328,1507328
16384,28,butterfly-check,recompute,23,67269709 ns,65284789,688128,0,0,0,0,688128,688128,1409024,1507328,1507328
16384,28,butterfly-check,recompute,24,67231540 ns,65315001,688128,0,0,0,0,688128,688128,1409024,1507328,1507328
16384,28,butterfly-check,recompute,25,67264833 ns,65355288,688128,0,0,0,0,688128,688128,1409024,1507328,1507328
16384,28,butterfly-check,recompute,26,67145832 ns,65223453,688128,0,0,0,0,688128,688128,1409024,1507328,1507328
16384,28,butterfly-check,recompute,27,67130040 ns,65205545,688128,0,0,0,0,688128,688128,1409024,1507328,1507328
16384,28,butterfly-check,recompute,28,67308876 ns,65379209,688128,0,0,0,0,688128,688128,1409024,1507328,1507328
16384,28,butterfly-check,recompute,29,67231501 ns,65291623,688128,0,0,0,0,688128,688128,1409024,1507328,1507328
16384,28,butterfly-check,recompute,30,67176417 ns,65247876,688128,0,0,0,0,688128,688128,1409024,1507328,1507328
16384,28,stage-checksum,detect-only,1,70803043 ns,68878208,84,0,84,0,0,688128,688128,1409024,1507328,1507328
16384,28,stage-checksum,detect-only,2,70763042 ns,68840791,84,0,84,0,0,688128,688128,1409024,1507328,1507328
16384,28,stage-checksum,detect-only,3,71015542 ns,69071585,84,0,84,0,0,688128,688128,1409024,1507328,1507328
16384,28,stage-checksum,detect-only,4,70647958 ns,68706248,84,0,84,0,0,688128,688128,1409024,1507328,1507328
16384,28,stage-checksum,detect-only,5,71535793 ns,69583791,84,0,84,0,0,688128,688128,1409024,1507328,1507328
16384,28,stage-checksum,detect-only,6,70763625 ns,68843585,84,0,84,0,0,688128,688128,1409024,1507328,1507328
16384,28,stage-checksum,detect-only,7,70579126 ns,68763371,84,0,84,0,0,688128,688128,1409024,1507328,1507328
16384,28,stage-checksum,detect-only,8,70581209 ns,68650330,84,0,84,0,0,688128,688128,1409024,1507328,1507328
16384,28,stage-checksum,detect-only,9,70592708 ns,68648457,84,0,84,0,0,688128,688128,1409024,1507328,1507328
16384,28,stage-checksum,detect-only,10,70513126 ns,68581539,84,0,84,0,0,688128,688128,1409024,1507328,1507328
16384,28,stage-checksum,detect-only,11,70584749 ns,68648208,84,0,84,0,0,688128,688128,1409024,1507328,1507328
16384,28,stage-checksum,detect-only,12,70923208 ns,69026292,84,0,84,0,0,688128,688128,1409024,1507328,1507328
16384,28,stage-checksum,detect-only,13,70520584 ns,68572663,84,0,84,0,0,688128,688128,1409024,1507328,1507328
16384,28,stage-checksum,detect-only,14,70894626 ns,68918329,84,0,84,0,0,688128,688128,1409024,1507328,1507328
16384,28,stage-checksum,detect-only,15,70543917 ns,68541589,84,0,84,0,0,688128,688128,1409024,1507328,1507328
16384,28,stage-checksum,detect-only,16,70507999 ns,68588710,84,0,84,0,0,688128,688128,1409024,1507328,1507328
16384,28,stage-checksum,detect-only,17,71327665 ns,69292334,84,0,84,0,0,688128,688128,1409024,1507328,1507328
16384,28,stage-checksum,detect-only,18,71162584 ns,69215168,84,0,84,0,0,688128,688128,1409024,1507328,1507328
16384,28,stage-checksum,detect-only,19,70856458 ns,68945619,84,0,84,0,0,688128,688128,1409024,1507328,1507328
16384,28,stage-checksum,detect-only,20,70821374 ns,68891627,84,0,84,0,0,688128,688128,1409024,1507328,1507328
16384,28,stage-checksum,detect-only,21,70635458 ns,68718377,84,0,84,0,0,688128,688128,1409024,1507328,1507328
16384,28,stage-checksum,detect-only,22,70693833 ns,68740961,84,0,84,0,0,688128,688128,1409024,1507328,1507328
16384,28,stage-checksum,detect-only,23,70549250 ns,68623620,84,0,84,0,0,688128,688128,1409024,1507328,1507328
16384,28,stage-checksum,detect-only,24,70729250 ns,68778418,84,0,84,0,0,688128,688128,1409024,1507328,1507328
16384,28,stage-checksum,detect-only,25,70525667 ns,68586253,84,0,84,0,0,688128,688128,1409024,1507328,1507328
16384,28,stage-checksum,detect-only,26,70740209 ns,68809165,84,0,84,0,0,688128,688128,1409024,1507328,1507328
16384,28,stage-checksum,detect-only,27,70634582 ns,68707376,84,0,84,0,0,688128,688128,1409024,1507328,1507328
16384,28,stage-checksum,detect-only,28,72967374 ns,70954163,84,0,84,0,0,688128,688128,1409024,1507328,1507328
16384,28,stage-checksum,detect-only,29,70677374 ns,68720414,84,0,84,0,0,688128,688128,1409024,1507328,1507328
16384,28,stage-checksum,detect-only,30,70872583 ns,68945915,84,0,84,0,0,688128,688128,1409024,1507328,1507328
16384,28,stage-checksum,recompute,1,70584960 ns,68662207,84,0,84,0,0,688128,688128,1409024,1507328,1507328
16384,28,stage-checksum,recompute,2,70563709 ns,68619083,84,0,84,0,0,688128,688128,1409024,1507328,1507328
16384,28,stage-checksum,recompute,3,70541542 ns,68593998,84,0,84,0,0,688128,688128,1409024,1507328,1507328
16384,28,stage-checksum,recompute,4,70635625 ns,68695713,84,0,84,0,0,688128,688128,1409024,1507328,1507328
16384,28,stage-checksum,recompute,5,70784335 ns,68858419,84,0,84,0,0,688128,688128,1409024,1507328,1507328
16384,28,stage-checksum,recompute,6,70904792 ns,68992586,84,0,84,0,0,688128,688128,1409024,1507328,1507328
16384,28,stage-checksum,recompute,7,70763542 ns,68841745,84,0,84,0,0,688128,688128,1409024,1507328,1507328
16384,28,stage-checksum,recompute,8,70742792 ns,68790829,84,0,84,0,0,688128,688128,1409024,1507328,1507328
16384,28,stage-checksum,recompute,9,70729666 ns,68753128,84,0,84,0,0,688128,688128,1409024,1507328,1507328
16384,28,stage-checksum,recompute,10,70747918 ns,68822667,84,0,84,0,0,688128,688128,1409024,1507328,1507328
16384,28,stage-checksum,recompute,11,70693542 ns,68728624,84,0,84,0,0,688128,688128,1409024,1507328,1507328
16384,28,stage-checksum,recompute,12,70372499 ns,68450913,84,0,84,0,0,688128,688128,1409024,1507328,1507328
16384,28,stage-checksum,recompute,13,71233043 ns,69272664,84,0,84,0,0,688128,688128,1409024,1507328,1507328
16384,28,stage-checksum,recompute,14,70547625 ns,68623502,84,0,84,0,0,688128,688128,1409024,1507328,1507328
16384,28,stage-checksum,recompute,15,70614917 ns,68690460,84,0,84,0,0,688128,688128,1409024,1507328,1507328
16384,28,stage-checksum,recompute,16,70684417 ns,68731419,84,0,84,0,0,688128,688128,1409024,1507328,1507328
16384,28,stage-checksum,recompute,17,70546417 ns,68625254,84,0,84,0,0,688128,688128,1409024,1507328,1507328
16384,28,stage-checksum,recompute,18,70755748 ns,68828757,84,0,84,0,0,688128,688128,1409024,1507328,1507328
16384,28,stage-checksum,recompute,19,70782250 ns,68861879,84,0,84,0,0,688128,688128,1409024,1507328,1507328
16384,28,stage-checksum,recompute,20,70825292 ns,68901828,84,0,84,0,0,688128,688128,1409024,1507328,1507328
16384,28,stage-checksum,recompute,21,70820832 ns,68887666,84,0,84,0,0,688128,688128,1409024,1507328,1507328
16384,28,stage-checksum,recompute,22,70631750 ns,68679201,84,0,84,0,0,688128,688128,1409024,1507328,1507328
16384,28,stage-checksum,recompute,23,70795375 ns,68881003,84,0,84,0,0,688128,688128,1409024,1507328,1507328
16384,28,stage-checksum,recompute,24,70797083 ns,68868248,84,0,84,0,0,688128,688128,1409024,1507328,1507328
16384,28,stage-checksum,recompute,25,71092833 ns,69162211,84,0,84,0,0,688128,688128,1409024,1507328,1507328
16384,28,stage-checksum,recompute,26,70772877 ns,68827544,84,0,84,0,0,688128,688128,1409024,1507328,1507328
16384,28,stage-checksum,recompute,27,70460959 ns,68516166,84,0,84,0,0,688128,688128,1409024,1507328,1507328
16384,28,stage-checksum,recompute,28,71815792 ns,69902499,84,0,84,0,0,688128,688128,1409024,1507328,1507328
16384,28,stage-checksum,recompute,29,70738708 ns,68819584,84,0,84,0,0,688128,688128,1409024,1507328,1507328
16384,28,stage-checksum,recompute,30,70608876 ns,68696164,84,0,84,0,0,688128,688128,1409024,1507328,1507328
16384,54,none,detect-only,1,70279375 ns,0,0,0,0,0,0,688128,688128,1409024,1507328,1507328
16384,54,none,detect-only,2,70274874 ns,0,0,0,0,0,0,688128,688128,1409024,1507328,1507328
16384,54,none,detect-only,3,69944749 ns,0,0,0,0,0,0,688128,688128,1409024,1507328,1507328
16384,54,none,detect-only,4,70844750 ns,0,0,0,0,0,0,688128,688128,1409024,1507328,1507328
16384,54,none,detect-only,5,70756541 ns,0,0,0,0,0,0,688128,688128,1409024,1507328,1507328
16384,54,none,detect-only,6,69979999 ns,0,0,0,0,0,0,688128,688128,1409024,1507328,1507328
16384,54,none,detect-only,7,70437543 ns,0,0,0,0,0,0,688128,688128,1409024,1507328,1507328
16384,54,none,detect-only,8,70116166 ns,0,0,0,0,0,0,688128,688128,1409024,1507328,1507328
16384,54,none,detect-only,9,71821083 ns,0,0,0,0,0,0,688128,688128,1409024,1507328,1507328
16384,54,none,detect-only,10,70084542 ns,0,0,0,0,0,0,688128,688128,1409024,1507328,1507328
16384,54,none,detect-only,11,70010207 ns,0,0,0,0,0,0,688128,688128,1409024,1507328,1507328
16384,54,none,detect-only,12,70294291 ns,0,0,0,0,0,0,688128,688128,1409024,1507328,1507328
16384,54,none,detect-only,13,70484292 ns,0,0,0,0,0,0,688128,688128,1409024,1507328,1507328
16384,54,none,detect-only,14,70597625 ns,0,0,0,0,0,0,688128,688128,1409024,1507328,1507328
16384,54,none,detect-only,15,70923791 ns,0,0,0,0,0,0,688128,688128,1409024,1507328,1507328
16384,54,none,detect-only,16,70331625 ns,0,0,0,0,0,0,688128,688128,1409024,1507328,1507328
16384,54,none,detect-only,17,70466291 ns,0,0,0,0,0,0,688128,688128,1409024,1507328,1507328
16384,54,none,detect-only,18,70523792 ns,0,0,0,0,0,0,688128,688128,1409024,1507328,1507328
16384,54,none,detect-only,19,70481959 ns,0,0,0,0,0,0,688128,688128,1409024,1507328,1507328
16384,54,none,detect-only,20,70576290 ns,0,0,0,0,0,0,688128,688128,1409024,1507328,1507328
16384,54,none,detect-only,21,70059374 ns,0,0,0,0,0,0,688128,688128,1409024,1507328,1507328
16384,54,none,detect-only,22,70869249 ns,0,0,0,0,0,0,688128,688128,1409024,1507328,1507328
16384,54,none,detect-only,23,70568666 ns,0,0,0,0,0,0,688128,688128,1409024,1507328,1507328
16384,54,none,detect-only,24,70499834 ns,0,0,0,0,0,0,688128,688128,1409024,1507328,1507328
16384,54,none,detect-only,25,70377749 ns,0,0,0,0,0,0,688128,688128,1409024,1507328,1507328
16384,54,none,detect-only,26,70437916 ns,0,0,0,0,0,0,688128,688128,1409024,1507328,1507328
16384,54,none,detect-only,27,70574251 ns,0,0,0,0,0,0,688128,688128,1409024,1507328,1507328
16384,54,none,detect-only,28,70435792 ns,0,0,0,0,0,0,688128,688128,1409024,1507328,1507328
16384,54,none,detect-only,29,70280999 ns,0,0,0,0,0,0,688128,688128,1409024,1507328,1507328
16384,54,none,detect-only,30,70454707 ns,0,0,0,0,0,0,688128,688128,1409024,1507328,1507328
16384,54,butterfly-check,detect-only,1,76983415 ns,75010744,688128,0,0,0,0,688128,688128,1409024,1507328,1507328
16384,54,butterfly-check,detect-only,2,77188334 ns,75210087,688128,0,0,0,0,688128,688128,1409024,1507328,1507328
16384,54,butterfly-check,detect-only,3,76958666 ns,75014333,688128,0,0,0,0,688128,688128,1409024,1507328,1507328
16384,54,butterfly-check,detect-only,4,76983999 ns,75008285,688128,0,0,0,0,688128,688128,1409024,1507328,1507328
16384,54,butterfly-check,detect-only,5,77091874 ns,75117830,688128,0,0,0,0,688128,688128,1409024,1507328,1507328
16384,54,butterfly-check,detect-only,6,76967041 ns,74999830,688128,0,0,0,0,688128,688128,1409024,1507328,1507328
16384,54,butterfly-check,detect-only,7,76757374 ns,74785412,688128,0,0,0,0,688128,688128,1409024,1507328,1507328
16384,54,butterfly-check,detect-only,8,77080876 ns,75127248,688128,0,0,0,0,688128,688128,1409024,1507328,1507328
16384,54,butterfly-check,detect-only,9,76863374 ns,74910373,688128,0,0,0,0,688128,688128,1409024,1507328,1507328
16384,54,butterfly-check,detect-only,10,76671168 ns,74710376,688128,0,0,0,0,688128,688128,1409024,1507328,1507328
16384,54,butterfly-check,detect-only,11,76758208 ns,74815869,688128,0,0,0,0,688128,688128,1409024,1507328,1507328
16384,54,butterfly-check,detect-only,12,77091291 ns,75082961,688128,0,0,0,0,688128,688128,1409024,1507328,1507328
16384,54,butterfly-check,detect-only,13,76984000 ns,75031957,688128,0,0,0,0,688128,688128,1409024,1507328,1507328
16384,54,butterfly-check,detect-only,14,76924708 ns,74912537,688128,0,0,0,0,688128,688128,1409024,1507328,1507328
16384,54,butterfly-check,detect-only,15,77118793 ns,75135081,688128,0,0,0,0,688128,688128,1409024,1507328,1507328
16384,54,butterfly-check,detect-only,16,77198666 ns,75159000,688128,0,0,0,0,688128,688128,1409024,1507328,1507328
16384,54,butterfly-check,detect-only,17,77026458 ns,75046911,688128,0,0,0,0,688128,688128,1409024,1507328,1507328
16384,54,butterfly-check,detect-only,18,77083208 ns,75107120,688128,0,0,0,0,688128,688128,1409024,1507328,1507328
16384,54,butterfly-check,detect-only,19,77235376 ns,75204168,688128,0,0,0,0,688128,688128,1409024,1507328,1507328
16384,54,butterfly-check,detect-only,20,76891708 ns,74939165,688128,0,0,0,0,688128,688128,1409024,1507328,1507328
16384,54,butterfly-check,detect-only,21,76863916 ns,74901210,688128,0,0,0,0,688128,688128,1409024,1507328,1507328
16384,54,butterfly-check,detect-only,22,76850666 ns,74874873,688128,0,0,0,0,688128,688128,1409024,1507328,1507328
16384,54,butterfly-check,detect-only,23,77726332 ns,75776453,688128,0,0,0,0,688128,688128,1409024,1507328,1507328
16384,54,butterfly-check,detect-only,24,76904376 ns,74933453,688128,0,0,0,0,688128,688128,1409024,1507328,1507328
16384,54,butterfly-check,detect-only,25,76854749 ns,74890498,688128,0,0,0,0,688128,688128,1409024,1507328,1507328
16384,54,butterfly-check,detect-only,26,76837835 ns,74829786,688128,0,0,0,0,688128,688128,1409024,1507328,1507328
16384,54,butterfly-check,detect-only,27,76983209 ns,74994667,688128,0,0,0,0,688128,688128,1409024,1507328,1507328
16384,54,butterfly-check,detect-only,28,76929833 ns,74961289,688128,0,0,0,0,688128,688128,1409024,1507328,1507328
16384,54,butterfly-check,detect-only,29,76995042 ns,75037789,688128,0,0,0,0,688128,688128,1409024,1507328,1507328
16384,54,butterfly-check,detect-only,30,77350458 ns,75340503,688128,0,0,0,0,688128,688128,1409024,1507328,1507328
16384,54,butterfly-check,recompute,1,76996542 ns,75017250,688128,0,0,0,0,688128,688128,1409024,1507328,1507328
16384,54,butterfly-check,recompute,2,77042750 ns,75042089,688128,0,0,0,0,688128,688128,1409024,1507328,1507328
16384,54,butterfly-check,recompute,3,77212582 ns,75181044,688128,0,0,0,0,688128,688128,1409024,1507328,1507328
16384,54,butterfly-check,recompute,4,80996707 ns,79023882,688128,0,0,0,0,688128,688128,1409024,1507328,1507328
16384,54,butterfly-check,recompute,5,80473331 ns,78502081,688128,0,0,0,0,688128,688128,1409024,1507328,1507328
16384,54,butterfly-check,recompute,6,81300541 ns,79295410,688128,0,0,0,0,688128,688128,1409024,1507328,1507328
16384,54,butterfly-check,recompute,7,81523834 ns,79489631,688128,0,0,0,0,688128,688128,1409024,1507328,1507328
16384,54,butterfly-check,recompute,8,76812501 ns,74872671,688128,0,0,0,0,688128,688128,1409024,1507328,1507328
16384,54,butterfly-check,recompute,9,76862959 ns,74884331,688128,0,0,0,0,688128,688128,1409024,1507328,1507328
16384,54,butterfly-check,recompute,10,76657625 ns,74714548,688128,0,0,0,0,688128,688128,1409024,1507328,1507328
16384,54,butterfly-check,recompute,11,76735291 ns,74782252,688128,0,0,0,0,688128,688128,1409024,1507328,1507328
16384,54,butterfly-check,recompute,12,76677083 ns,74835833,688128,0,0,0,0,688128,688128,1409024,1507328,1507328
16384,54,butterfly-check,recompute,13,76789834 ns,74830675,688128,0,0,0,0,688128,688128,1409024,1507328,1507328
16384,54,butterfly-check,recompute,14,77086499 ns,75109664,688128,0,0,0,0,688128,688128,1409024,1507328,1507328
16384,54,butterfly-check,recompute,15,76860167 ns,74914999,688128,0,0,0,0,688128,688128,1409024,1507328,1507328
16384,54,butterfly-check,recompute,16,77041459 ns,75101084,688128,0,0,0,0,688128,688128,1409024,1507328,1507328
16384,54,butterfly-check,recompute,17,76635919 ns,74691788,688128,0,0,0,0,688128,688128,1409024,1507328,1507328
16384,54,butterfly-check,recompute,18,76737000 ns,74780745,688128,0,0,0,0,688128,688128,1409024,1507328,1507328
16384,54,butterfly-check,recompute,19,77045373 ns,75044040,688128,0,0,0,0,688128,688128,1409024,1507328,1507328
16384,54,butterfly-check,recompute,20,76784375 ns,74825006,688128,0,0,0,0,688128,688128,1409024,1507328,1507328
16384,54,butterfly-check,recompute,21,76765791 ns,74875794,688128,0,0,0,0,688128,688128,1409024,1507328,1507328
16384,54,butterfly-check,recompute,22,76814459 ns,74789618,688128,0,0,0,0,688128,688128,1409024,1507328,1507328
16384,54,butterfly-check,recompute,23,77065750 ns,75039666,688128,0,0,0,0,688128,688128,1409024,1507328,1507328
16384,54,butterfly-check,recompute,24,76924290 ns,75009920,688128,0,0,0,0,688128,688128,1409024,1507328,1507328
16384,54,butterfly-check,recompute,25,76867123 ns,74902793,688128,0,0,0,0,688128,688128,1409024,1507328,1507328
16384,54,butterfly-check,recompute,26,76853334 ns,74901334,688128,0,0,0,0,688128,688128,1409024,1507328,1507328
16384,54,butterfly-check,recompute,27,77038291 ns,75072079,688128,0,0,0,0,688128,688128,1409024,1507328,1507328
16384,54,butterfly-check,recompute,28,77112168 ns,75138839,688128,0,0,0,0,688128,688128,1409024,1507328,1507328
16384,54,butterfly-check,recompute,29,77037377 ns,75059091,688128,0,0,0,0,688128,688128,1409024,1507328,1507328
16384,54,butterfly-check,recompute,30,76880458 ns,74881292,688128,0,0,0,0,688128,688128,1409024,1507328,1507328
16384,54,stage-checksum,detect-only,1,81393373 ns,79313837,84,0,84,0,0,688128,688128,1409024,1507328,1507328
16384,54,stage-checksum,detect-only,2,81098209 ns,79051710,84,0,84,0,0,688128,688128,1409024,1507328,1507328
16384,54,stage-checksum,detect-only,3,81449334 ns,79435669,84,0,84,0,0,688128,688128,1409024,1507328,1507328
16384,54,stage-checksum,detect-only,4,81454667 ns,79411288,84,0,84,0,0,688128,688128,1409024,1507328,1507328
16384,54,stage-checksum,detect-only,5,81515666 ns,79507582,84,0,84,0,0,688128,688128,1409024,1507328,1507328
16384,54,stage-checksum,detect-only,6,81080417 ns,79069918,84,0,84,0,0,688128,688128,1409024,1507328,1507328
16384,54,stage-checksum,detect-only,7,81066042 ns,79016871,84,0,84,0,0,688128,688128,1409024,1507328,1507328
16384,54,stage-checksum,detect-only,8,81454831 ns,79396297,84,0,84,0,0,688128,688128,1409024,1507328,1507328
16384,54,stage-checksum,detect-only,9,81317292 ns,79260876,84,0,84,0,0,688128,688128,1409024,1507328,1507328
16384,54,stage-checksum,detect-only,10,81089791 ns,79031494,84,0,84,0,0,688128,688128,1409024,1507328,1507328
16384,54,stage-checksum,detect-only,11,81328166 ns,79263792,84,0,84,0,0,688128,688128,1409024,1507328,1507328
16384,54,stage-checksum,detect-only,12,81411667 ns,79359171,84,0,84,0,0,688128,688128,1409024,1507328,1507328
16384,54,stage-checksum,detect-only,13,81328209 ns,79331002,84,0,84,0,0,688128,688128,1409024,1507328,1507328
16384,54,stage-checksum,detect-only,14,81521877 ns,79461087,84,0,84,0,0,688128,688128,1409024,1507328,1507328
16384,54,stage-checksum,detect-only,15,81167584 ns,79128835,84,0,84,0,0,688128,688128,1409024,1507328,1507328
16384,54,stage-checksum,detect-only,16,81422874 ns,79379755,84,0,84,0,0,688128,688128,1409024,1507328,1507328
16384,54,stage-checksum,detect-only,17,81448415 ns,79432083,84,0,84,0,0,688128,688128,1409024,1507328,1507328
16384,54,stage-checksum,detect-only,18,81418458 ns,79398878,84,0,84,0,0,688128,688128,1409024,1507328,1507328
16384,54,stage-checksum,detect-only,19,81221627 ns,79177706,84,0,84,0,0,688128,688128,1409024,1507328,1507328
16384,54,stage-checksum,detect-only,20,81164665 ns,79114499,84,0,84,0,0,688128,688128,1409024,1507328,1507328
16384,54,stage-checksum,detect-only,21,81484125 ns,79400835,84,0,84,0,0,688128,688128,1409024,1507328,1507328
16384,54,stage-checksum,detect-only,22,81290376 ns,79218246,84,0,84,0,0,688128,688128,1409024,1507328,1507328
16384,54,stage-checksum,detect-only,23,81291416 ns,79230665,84,0,84,0,0,688128,688128,1409024,1507328,1507328
16384,54,stage-checksum,detect-only,24,81269541 ns,79210203,84,0,84,0,0,688128,688128,1409024,1507328,1507328
16384,54,stage-checksum,detect-only,25,80949083 ns,78912213,84,0,84,0,0,688128,688128,1409024,1507328,1507328
16384,54,stage-checksum,detect-only,26,81266249 ns,79194544,84,0,84,0,0,688128,688128,1409024,1507328,1507328
16384,54,stage-checksum,detect-only,27,81250250 ns,79231381,84,0,84,0,0,688128,688128,1409024,1507328,1507328
16384,54,stage-checksum,detect-only,28,81153373 ns,79126794,84,0,84,0,0,688128,688128,1409024,1507328,1507328
16384,54,stage-checksum,detect-only,29,81191497 ns,79179208,84,0,84,0,0,688128,688128,1409024,1507328,1507328
16384,54,stage-checksum,detect-only,30,81336333 ns,79274123,84,0,84,0,0,688128,688128,1409024,1507328,1507328
16384,54,stage-checksum,recompute,1,81313126 ns,79264452,84,0,84,0,0,688128,688128,1409024,1507328,1507328
16384,54,stage-checksum,recompute,2,81313625 ns,79250331,84,0,84,0,0,688128,688128,1409024,1507328,1507328
16384,54,stage-checksum,recompute,3,81357542 ns,79317203,84,0,84,0,0,688128,688128,1409024,1507328,1507328
16384,54,stage-checksum,recompute,4,81186500 ns,79140244,84,0,84,0,0,688128,688128,1409024,1507328,1507328
16384,54,stage-checksum,recompute,5,81115958 ns,79071372,84,0,84,0,0,688128,688128,1409024,1507328,1507328
16384,54,stage-checksum,recompute,6,81326833 ns,79281917,84,0,84,0,0,688128,688128,1409024,1507328,1507328
16384,54,stage-checksum,recompute,7,81080708 ns,79026292,84,0,84,0,0,688128,688128,1409024,1507328,1507328
16384,54,stage-checksum,recompute,8,81347707 ns,79277001,84,0,84,0,0,688128,688128,1409024,1507328,1507328
16384,54,stage-checksum,recompute,9,81531332 ns,79599041,84,0,84,0,0,688128,688128,1409024,1507328,1507328
16384,54,stage-checksum,recompute,10,81450460 ns,79394540,84,0,84,0,0,688128,688128,1409024,1507328,1507328
16384,54,stage-checksum,recompute,11,81389000 ns,79340338,84,0,84,0,0,688128,688128,1409024,1507328,1507328
16384,54,stage-checksum,recompute,12,81550500 ns,79497297,84,0,84,0,0,688128,688128,1409024,1507328,1507328
16384,54,stage-checksum,recompute,13,81341250 ns,79313578,84,0,84,0,0,688128,688128,1409024,1507328,1507328
16384,54,stage-checksum,recompute,14,82709876 ns,80738834,84,0,84,0,0,688128,688128,1409024,1507328,1507328
16384,54,stage-checksum,recompute,15,81275582 ns,79217417,84,0,84,0,0,688128,688128,1409024,1507328,1507328
16384,54,stage-checksum,recompute,16,81206626 ns,79154793,84,0,84,0,0,688128,688128,1409024,1507328,1507328
16384,54,stage-checksum,recompute,17,81674834 ns,79617288,84,0,84,0,0,688128,688128,1409024,1507328,1507328
16384,54,stage-checksum,recompute,18,81100542 ns,79075288,84,0,84,0,0,688128,688128,1409024,1507328,1507328
16384,54,stage-checksum,recompute,19,81104083 ns,79098502,84,0,84,0,0,688128,688128,1409024,1507328,1507328
16384,54,stage-checksum,recompute,20,81458877 ns,79415752,84,0,84,0,0,688128,688128,1409024,1507328,1507328
16384,54,stage-checksum,recompute,21,81183459 ns,79177999,84,0,84,0,0,688128,688128,1409024,1507328,1507328
16384,54,stage-checksum,recompute,22,81324960 ns,79314336,84,0,84,0,0,688128,688128,1409024,1507328,1507328
16384,54,stage-checksum,recompute,23,81318582 ns,79263592,84,0,84,0,0,688128,688128,1409024,1507328,1507328
16384,54,stage-checksum,recompute,24,81584082 ns,79588835,84,0,84,0,0,688128,688128,1409024,1507328,1507328
16384,54,stage-checksum,recompute,25,81458584 ns,79460880,84,0,84,0,0,688128,688128,1409024,1507328,1507328
16384,54,stage-checksum,recompute,26,81334583 ns,79290379,84,0,84,0,0,688128,688128,1409024,1507328,1507328
16384,54,stage-checksum,recompute,27,81261126 ns,79212328,84,0,84,0,0,688128,688128,1409024,1507328,1507328
16384,54,stage-checksum,recompute,28,81387500 ns,79351583,84,0,84,0,0,688128,688128,1409024,1507328,1507328
16384,54,stage-checksum,recompute,29,81569333 ns,79513336,84,0,84,0,0,688128,688128,1409024,1507328,1507328
16384,54,stage-checksum,recompute,30,81111751 ns,79135709,84,0,84,0,0,688128,688128,1409024,1507328,1507328
32768,28,none,detect-only,1,132824501 ns,0,0,0,0,0,0,1474560,1474560,3014656,3211264,3211264
32768,28,none,detect-only,2,133108875 ns,0,0,0,0,0,0,1474560,1474560,3014656,3211264,3211264
32768,28,none,detect-only,3,132868833 ns,0,0,0,0,0,0,1474560,1474560,3014656,3211264,3211264
32768,28,none,detect-only,4,132271127 ns,0,0,0,0,0,0,1474560,1474560,3014656,3211264,3211264
32768,28,none,detect-only,5,132933041 ns,0,0,0,0,0,0,1474560,1474560,3014656,3211264,3211264
32768,28,none,detect-only,6,132952583 ns,0,0,0,0,0,0,1474560,1474560,3014656,3211264,3211264
32768,28,none,detect-only,7,132693042 ns,0,0,0,0,0,0,1474560,1474560,3014656,3211264,3211264
32768,28,none,detect-only,8,133038835 ns,0,0,0,0,0,0,1474560,1474560,3014656,3211264,3211264
32768,28,none,detect-only,9,132833874 ns,0,0,0,0,0,0,1474560,1474560,3014656,3211264,3211264
32768,28,none,detect-only,10,132497375 ns,0,0,0,0,0,0,1474560,1474560,3014656,3211264,3211264
32768,28,none,detect-only,11,132511249 ns,0,0,0,0,0,0,1474560,1474560,3014656,3211264,3211264
32768,28,none,detect-only,12,132937543 ns,0,0,0,0,0,0,1474560,1474560,3014656,3211264,3211264
32768,28,none,detect-only,13,132471625 ns,0,0,0,0,0,0,1474560,1474560,3014656,3211264,3211264
32768,28,none,detect-only,14,132693377 ns,0,0,0,0,0,0,1474560,1474560,3014656,3211264,3211264
32768,28,none,detect-only,15,132669418 ns,0,0,0,0,0,0,1474560,1474560,3014656,3211264,3211264
32768,28,none,detect-only,16,132692543 ns,0,0,0,0,0,0,1474560,1474560,3014656,3211264,3211264
32768,28,none,detect-only,17,132938915 ns,0,0,0,0,0,0,1474560,1474560,3014656,3211264,3211264
32768,28,none,detect-only,18,132925210 ns,0,0,0,0,0,0,1474560,1474560,3014656,3211264,3211264
32768,28,none,detect-only,19,132270835 ns,0,0,0,0,0,0,1474560,1474560,3014656,3211264,3211264
32768,28,none,detect-only,20,132589251 ns,0,0,0,0,0,0,1474560,1474560,3014656,3211264,3211264
32768,28,none,detect-only,21,132363083 ns,0,0,0,0,0,0,1474560,1474560,3014656,3211264,3211264
32768,28,none,detect-only,22,132578335 ns,0,0,0,0,0,0,1474560,1474560,3014656,3211264,3211264
32768,28,none,detect-only,23,132933541 ns,0,0,0,0,0,0,1474560,1474560,3014656,3211264,3211264
32768,28,none,detect-only,24,132682625 ns,0,0,0,0,0,0,1474560,1474560,3014656,3211264,3211264
32768,28,none,detect-only,25,135198502 ns,0,0,0,0,0,0,1474560,1474560,3014656,3211264,3211264
32768,28,none,detect-only,26,132880417 ns,0,0,0,0,0,0,1474560,1474560,3014656,3211264,3211264
32768,28,none,detect-only,27,132673417 ns,0,0,0,0,0,0,1474560,1474560,3014656,3211264,3211264
32768,28,none,detect-only,28,132462042 ns,0,0,0,0,0,0,1474560,1474560,3014656,3211264,3211264
32768,28,none,detect-only,29,132675959 ns,0,0,0,0,0,0,1474560,1474560,3014656,3211264,3211264
32768,28,none,detect-only,30,132619125 ns,0,0,0,0,0,0,1474560,1474560,3014656,3211264,3211264
32768,28,butterfly-check,detect-only,1,143928833 ns,140038257,1474560,0,0,0,0,1474560,1474560,3014656,3211264,3211264
32768,28,butterfly-check,detect-only,2,143893625 ns,139924003,1474560,0,0,0,0,1474560,1474560,3014656,3211264,3211264
32768,28,butterfly-check,detect-only,3,144027126 ns,140092458,1474560,0,0,0,0,1474560,1474560,3014656,3211264,3211264
32768,28,butterfly-check,detect-only,4,143962292 ns,140041671,1474560,0,0,0,0,1474560,1474560,3014656,3211264,3211264
32768,28,butterfly-check,detect-only,5,143765209 ns,139827840,1474560,0,0,0,0,1474560,1474560,3014656,3211264,3211264
32768,28,butterfly-check,detect-only,6,143990498 ns,140067171,1474560,0,0,0,0,1474560,1474560,3014656,3211264,3211264
32768,28,butterfly-check,detect-only,7,143721958 ns,139825001,1474560,0,0,0,0,1474560,1474560,3014656,3211264,3211264
32768,28,butterfly-check,detect-only,8,143857166 ns,139907663,1474560,0,0,0,0,1474560,1474560,3014656,3211264,3211264
32768,28,butterfly-check,detect-only,9,144147041 ns,140202959,1474560,0,0,0,0,1474560,1474560,3014656,3211264,3211264
32768,28,butterfly-check,detect-only,10,143979625 ns,140022412,1474560,0,0,0,0,1474560,1474560,3014656,3211264,3211264
32768,28,butterfly-check,detect-only,11,150988458 ns,147127666,1474560,0,0,0,0,1474560,1474560,3014656,3211264,3211264
32768,28,butterfly-check,detect-only,12,144041166 ns,140129795,1474560,0,0,0,0,1474560,1474560,3014656,3211264,3211264
32768,28,butterfly-check,detect-only,13,144007583 ns,140062212,1474560,0,0,0,0,1474560,1474560,3014656,3211264,3211264
32768,28,butterfly-check,detect-only,14,143678833 ns,139769546,1474560,0,0,0,0,1474560,1474560,3014656,3211264,3211264
32768,28,butterfly-check,detect-only,15,144033958 ns,140151502,1474560,0,0,0,0,1474560,1474560,3014656,3211264,3211264
32768,28,butterfly-check,detect-only,16,143574792 ns,139667416,1474560,0,0,0,0,1474560,1474560,3014656,3211264,3211264
32768,28,butterfly-check,detect-only,17,143309249 ns,139409831,1474560,0,0,0,0,1474560,1474560,3014656,3211264,3211264
32768,28,butterfly-check,detect-only,18,150982126 ns,147122372,1474560,0,0,0,0,1474560,1474560,3014656,3211264,3211264
32768,28,butterfly-check,detect-only,19,144568040 ns,140770290,1474560,0,0,0,0,1474560,1474560,3014656,3211264,3211264
32768,28,butterfly-check,detect-only,20,144475623 ns,140555333,1474560,0,0,0,0,1474560,1474560,3014656,3211264,3211264
32768,28,butterfly-check,detect-only,21,145192917 ns,141364793,1474560,0,0,0,0,1474560,1474560,3014656,3211264,3211264
32768,28,butterfly-check,detect-only,22,143947792 ns,139982626,1474560,0,0,0,0,1474560,1474560,3014656,3211264,3211264
32768,28,butterfly-check,detect-only,23,143772376 ns,139882834,1474560,0,0,0,0,1474560,1474560,3014656,3211264,3211264
32768,28,butterfly-check,detect-only,24,146769916 ns,142623618,1474560,0,0,0,0,1474560,1474560,3014656,3211264,3211264
32768,28,butterfly-check,detect-only,25,144012834 ns,140135920,1474560,0,0,0,0,1474560,1474560,3014656,3211264,3211264
32768,28,butterfly-check,detect-only,26,148798251 ns,144780287,1474560,0,0,0,0,1474560,1474560,3014656,3211264,3211264
32768,28,butterfly-check,detect-only,27,144007625 ns,140083123,1474560,0,0,0,0,1474560,1474560,3014656,3211264,3211264
32768,28,butterfly-check,detect-only,28,144127915 ns,140201122,1474560,0,0,0,0,1474560,1474560,3014656,3211264,3211264
32768,28,butterfly-check,detect-only,29,144021876 ns,140111256,1474560,0,0,0,0,1474560,1474560,3014656,3211264,3211264
32768,28,butterfly-check,detect-only,30,144140541 ns,140129372,1474560,0,0,0,0,1474560,1474560,3014656,3211264,3211264
32768,28,butterfly-check,recompute,1,144488375 ns,140543915,1474560,0,0,0,0,1474560,1474560,3014656,3211264,3211264
32768,28,butterfly-check,recompute,2,143922792 ns,140029671,1474560,0,0,0,0,1474560,1474560,3014656,3211264,3211264
32768,28,butterfly-check,recompute,3,144567292 ns,140617293,1474560,0,0,0,0,1474560,1474560,3014656,3211264,3211264
32768,28,butterfly-check,recompute,4,144245999 ns,140342998,1474560,0,0,0,0,1474560,1474560,3014656,3211264,3211264
32768,28,butterfly-check,recompute,5,143833416 ns,139902248,1474560,0,0,0,0,1474560,1474560,3014656,3211264,3211264
32768,28,butterfly-check,recompute,6,143801166 ns,139879660,1474560,0,0,0,0,1474560,1474560,3014656,3211264,3211264
32768,28,butterfly-check,recompute,7,144268458 ns,140367626,1474560,0,0,0,0,1474560,1474560,3014656,3211264,3211264
32768,28,butterfly-check,recompute,8,143809292 ns,139894298,1474560,0,0,0,0,1474560,1474560,3014656,3211264,3211264
32768,28,butterfly-check,recompute,9,143866376 ns,139939420,1474560,0,0,0,0,1474560,1474560,3014656,3211264,3211264
32768,28,butterfly-check,recompute,10,143986002 ns,140053665,1474560,0,0,0,0,1474560,1474560,3014656,3211264,3211264
32768,28,butterfly-check,recompute,11,143774042 ns,139874547,1474560,0,0,0,0,1474560,1474560,3014656,3211264,3211264
32768,28,butterfly-check,recompute,12,143916708 ns,139967669,1474560,0,0,0,0,1474560,1474560,3014656,3211264,3211264
32768,28,butterfly-check,recompute,13,143738000 ns,139822668,1474560,0,0,0,0,1474560,1474560,3014656,3211264,3211264
32768,28,butterfly-check,recompute,14,144020333 ns,140083502,1474560,0,0,0,0,1474560,1474560,3014656,3211264,3211264
32768,28,butterfly-check,recompute,15,144058418 ns,140123796,1474560,0,0,0,0,1474560,1474560,3014656,3211264,3211264
32768,28,butterfly-check,recompute,16,143585374 ns,139677127,1474560,0,0,0,0,1474560,1474560,3014656,3211264,3211264
32768,28,butterfly-check,recompute,17,144336958 ns,140383995,1474560,0,0,0,0,1474560,1474560,3014656,3211264,3211264
32768,28,butterfly-check,recompute,18,144092082 ns,140150545,1474560,0,0,0,0,1474560,1474560,3014656,3211264,3211264
32768,28,butterfly-check,recompute,19,143825333 ns,139909830,1474560,0,0,0,0,1474560,1474560,3014656,3211264,3211264
32768,28,butterfly-check,recompute,20,143763875 ns,139800079,1474560,0,0,0,0,1474560,1474560,3014656,3211264,3211264
32768,28,butterfly-check,recompute,21,143952250 ns,140021708,1474560,0,0,0,0,1474560,1474560,3014656,3211264,3211264
32768,28,butterfly-check,recompute,22,144322000 ns,140344667,1474560,0,0,0,0,1474560,1474560,3014656,3211264,3211264
32768,28,butterfly-check,recompute,23,143707792 ns,139778540,1474560,0,0,0,0,1474560,1474560,3014656,3211264,3211264
32768,28,butterfly-check,recompute,24,144004542 ns,140046583,1474560,0,0,0,0,1474560,1474560,3014656,3211264,3211264
32768,28,butterfly-check,recompute,25,144851542 ns,140892622,1474560,0,0,0,0,1474560,1474560,3014656,3211264,3211264
32768,28,butterfly-check,recompute,26,144048002 ns,140126712,1474560,0,0,0,0,1474560,1474560,3014656,3211264,3211264
32768,28,butterfly-check,recompute,27,143828792 ns,139866536,1474560,0,0,0,0,1474560,1474560,3014656,3211264,3211264
32768,28,butterfly-check,recompute,28,144008248 ns,140067911,1474560,0,0,0,0,1474560,1474560,3014656,3211264,3211264
32768,28,butterfly-check,recompute,29,144241459 ns,140340248,1474560,0,0,0,0,1474560,1474560,3014656,3211264,3211264
32768,28,butterfly-check,recompute,30,144075625 ns,140144955,1474560,0,0,0,0,1474560,1474560,3014656,3211264,3211264
32768,28,stage-checksum,detect-only,1,151230749 ns,147299795,90,0,90,0,0,1474560,1474560,3014656,3211264,3211264
32768,28,stage-checksum,detect-only,2,151129792 ns,147211250,90,0,90,0,0,1474560,1474560,3014656,3211264,3211264
32768,28,stage-checksum,detect-only,3,151834666 ns,147934212,90,0,90,0,0,1474560,1474560,3014656,3211264,3211264
32768,28,stage-checksum,detect-only,4,151445750 ns,147529997,90,0,90,0,0,1474560,1474560,3014656,3211264,3211264
32768,28,stage-checksum,detect-only,5,150927708 ns,146944545,90,0,90,0,0,1474560,1474560,3014656,3211264,3211264
32768,28,stage-checksum,detect-only,6,151009208 ns,147165294,90,0,90,0,0,1474560,1474560,3014656,3211264,3211264
32768,28,stage-checksum,detect-only,7,152017624 ns,148140708,90,0,90,0,0,1474560,1474560,3014656,3211264,3211264
32768,28,stage-checksum,detect-only,8,151118501 ns,147149417,90,0,90,0,0,1474560,1474560,3014656,3211264,3211264
32768,28,stage-checksum,detect-only,9,151079084 ns,147222668,90,0,90,0,0,1474560,1474560,3014656,3211264,3211264
32768,28,stage-checksum,detect-only,10,150942500 ns,147028464,90,0,90,0,0,1474560,1474560,3014656,3211264,3211264
32768,28,stage-checksum,detect-only,11,151524085 ns,147681248,90,0,90,0,0,1474560,1474560,3014656,3211264,3211264
32768,28,stage-checksum,detect-only,12,151958833 ns,148016376,90,0,90,0,0,1474560,1474560,3014656,3211264,3211264
32768,28,stage-checksum,detect-only,13,151342957 ns,147454794,90,0,90,0,0,1474560,1474560,3014656,3211264,3211264
32768,28,stage-checksum,detect-only,14,151200417 ns,147285376,90,0,90,0,0,1474560,1474560,3014656,3211264,3211264
32768,28,stage-checksum,detect-only,15,152412875 ns,148503997,90,0,90,0,0,1474560,1474560,3014656,3211264,3211264
32768,28,stage-checksum,detect-only,16,151449625 ns,147589669,90,0,90,0,0,1474560,1474560,3014656,3211264,3211264
32768,28,stage-checksum,detect-only,17,151309751 ns,147453830,90,0,90,0,0,1474560,1474560,3014656,3211264,3211264
32768,28,stage-checksum,detect-only,18,150945458 ns,147037539,90,0,90,0,0,1474560,1474560,3014656,3211264,3211264
32768,28,stage-checksum,detect-only,19,151198668 ns,147334335,90,0,90,0,0,1474560,1474560,3014656,3211264,3211264
32768,28,stage-checksum,detect-only,20,152196084 ns,148264963,90,0,90,0,0,1474560,1474560,3014656,3211264,3211264
32768,28,stage-checksum,detect-only,21,151457331 ns,147518707,90,0,90,0,0,1474560,1474560,3014656,3211264,3211264
32768,28,stage-checksum,detect-only,22,151435416 ns,147549795,90,0,90,0,0,1474560,1474560,3014656,3211264,3211264
32768,28,stage-checksum,detect-only,23,152187834 ns,148271965,90,0,90,0,0,1474560,1474560,3014656,3211264,3211264
32768,28,stage-checksum,detect-only,24,152278126 ns,148337206,90,0,90,0,0,1474560,1474560,3014656,3211264,3211264
32768,28,stage-checksum,detect-only,25,151039209 ns,147158299,90,0,90,0,0,1474560,1474560,3014656,3211264,3211264
32768,28,stage-checksum,detect-only,26,151596333 ns,147658461,90,0,90,0,0,1474560,1474560,3014656,3211264,3211264
32768,28,stage-checksum,detect-only,27,151309791 ns,147373672,90,0,90,0,0,1474560,1474560,3014656,3211264,3211264
32768,28,stage-checksum,detect-only,28,151451666 ns,147606790,90,0,90,0,0,1474560,1474560,3014656,3211264,3211264
32768,28,stage-checksum,detect-only,29,151437708 ns,147589543,90,0,90,0,0,1474560,1474560,3014656,3211264,3211264
32768,28,stage-checksum,detect-only,30,152061459 ns,148157493,90,0,90,0,0,1474560,1474560,3014656,3211264,3211264
32768,28,stage-checksum,recompute,1,151726583 ns,147834128,90,0,90,0,0,1474560,1474560,3014656,3211264,3211264
32768,28,stage-checksum,recompute,2,151505499 ns,147601047,90,0,90,0,0,1474560,1474560,3014656,3211264,3211264
32768,28,stage-checksum,recompute,3,151679043 ns,147720952,90,0,90,0,0,1474560,1474560,3014656,3211264,3211264
32768,28,stage-checksum,recompute,4,151527749 ns,147650585,90,0,90,0,0,1474560,1474560,3014656,3211264,3211264
32768,28,stage-checksum,recompute,5,151289876 ns,147562868,90,0,90,0,0,1474560,1474560,3014656,3211264,3211264
32768,28,stage-checksum,recompute,6,151590166 ns,147678500,90,0,90,0,0,1474560,1474560,3014656,3211264,3211264
32768,28,stage-checksum,recompute,7,151161498 ns,147264491,90,0,90,0,0,1474560,1474560,3014656,3211264,3211264
32768,28,stage-checksum,recompute,8,151629373 ns,147762953,90,0,90,0,0,1474560,1474560,3014656,3211264,3211264
32768,28,stage-checksum,recompute,9,151461540 ns,147521708,90,0,90,0,0,1474560,1474560,3014656,3211264,3211264
32768,28,stage-checksum,recompute,10,151250835 ns,147355250,90,0,90,0,0,1474560,1474560,3014656,3211264,3211264
32768,28,stage-checksum,recompute,11,151139166 ns,147234625,90,0,90,0,0,1474560,1474560,3014656,3211264,3211264
32768,28,stage-checksum,recompute,12,151110457 ns,147214002,90,0,90,0,0,1474560,1474560,3014656,3211264,3211264
32768,28,stage-checksum,recompute,13,150903710 ns,146957375,90,0,90,0,0,1474560,1474560,3014656,3211264,3211264
32768,28,stage-checksum,recompute,14,151535291 ns,147586790,90,0,90,0,0,1474560,1474560,3014656,3211264,3211264
32768,28,stage-checksum,recompute,15,151277293 ns,147410837,90,0,90,0,0,1474560,1474560,3014656,3211264,3211264
32768,28,stage-checksum,recompute,16,151198999 ns,147329413,90,0,90,0,0,1474560,1474560,3014656,3211264,3211264
32768,28,stage-checksum,recompute,17,151841041 ns,147874208,90,0,90,0,0,1474560,1474560,3014656,3211264,3211264
32768,28,stage-checksum,recompute,18,151453542 ns,147568123,90,0,90,0,0,1474560,1474560,3014656,3211264,3211264
32768,28,stage-checksum,recompute,19,151861958 ns,147938336,90,0,90,0,0,1474560,1474560,3014656,3211264,3211264
32768,28,stage-checksum,recompute,20,155544917 ns,151575708,90,0,90,0,0,1474560,1474560,3014656,3211264,3211264
32768,28,stage-checksum,recompute,21,153162874 ns,149252001,90,0,90,0,0,1474560,1474560,3014656,3211264,3211264
32768,28,stage-checksum,recompute,22,151197835 ns,147283128,90,0,90,0,0,1474560,1474560,3014656,3211264,3211264
32768,28,stage-checksum,recompute,23,150879793 ns,147025709,90,0,90,0,0,1474560,1474560,3014656,3211264,3211264
32768,28,stage-checksum,recompute,24,151728833 ns,147833204,90,0,90,0,0,1474560,1474560,3014656,3211264,3211264
32768,28,stage-checksum,recompute,25,151579124 ns,147643582,90,0,90,0,0,1474560,1474560,3014656,3211264,3211264
32768,28,stage-checksum,recompute,26,151226083 ns,147287834,90,0,90,0,0,1474560,1474560,3014656,3211264,3211264
32768,28,stage-checksum,recompute,27,151850958 ns,147923747,90,0,90,0,0,1474560,1474560,3014656,3211264,3211264
32768,28,stage-checksum,recompute,28,151360915 ns,147444460,90,0,90,0,0,1474560,1474560,3014656,3211264,3211264
32768,28,stage-checksum,recompute,29,151001834 ns,147137625,90,0,90,0,0,1474560,1474560,3014656,3211264,3211264
32768,28,stage-checksum,recompute,30,151694416 ns,147750084,90,0,90,0,0,1474560,1474560,3014656,3211264,3211264
32768,54,none,detect-only,1,150658082 ns,0,0,0,0,0,0,1474560,1474560,3014656,3211264,3211264
32768,54,none,detect-only,2,151240833 ns,0,0,0,0,0,0,1474560,1474560,3014656,3211264,3211264
32768,54,none,detect-only,3,152252417 ns,0,0,0,0,0,0,1474560,1474560,3014656,3211264,3211264
32768,54,none,detect-only,4,151333958 ns,0,0,0,0,0,0,1474560,1474560,3014656,3211264,3211264
32768,54,none,detect-only,5,152488960 ns,0,0,0,0,0,0,1474560,1474560,3014656,3211264,3211264
32768,54,none,detect-only,6,150436250 ns,0,0,0,0,0,0,1474560,1474560,3014656,3211264,3211264
32768,54,none,detect-only,7,150429458 ns,0,0,0,0,0,0,1474560,1474560,3014656,3211264,3211264
32768,54,none,detect-only,8,150892083 ns,0,0,0,0,0,0,1474560,1474560,3014656,3211264,3211264
32768,54,none,detect-only,9,150602707 ns,0,0,0,0,0,0,1474560,1474560,3014656,3211264,3211264
32768,54,none,detect-only,10,151768376 ns,0,0,0,0,0,0,1474560,1474560,3014656,3211264,3211264
32768,54,none,detect-only,11,151121958 ns,0,0,0,0,0,0,1474560,1474560,3014656,3211264,3211264
32768,54,none,detect-only,12,150669416 ns,0,0,0,0,0,0,1474560,1474560,3014656,3211264,3211264
32768,54,none,detect-only,13,151719834 ns,0,0,0,0,0,0,1474560,1474560,3014656,3211264,3211264
32768,54,none,detect-only,14,151355793 ns,0,0,0,0,0,0,1474560,1474560,3014656,3211264,3211264
32768,54,none,detect-only,15,151419834 ns,0,0,0,0,0,0,1474560,1474560,3014656,3211264,3211264
32768,54,none,detect-only,16,151665499 ns,0,0,0,0,0,0,1474560,1474560,3014656,3211264,3211264
32768,54,none,detect-only,17,154782501 ns,0,0,0,0,0,0,1474560,1474560,3014656,3211264,3211264
32768,54,none,detect-only,18,151087624 ns,0,0,0,0,0,0,1474560,1474560,3014656,3211264,3211264
32768,54,none,detect-only,19,154508168 ns,0,0,0,0,0,0,1474560,1474560,3014656,3211264,3211264
32768,54,none,detect-only,20,150903375 ns,0,0,0,0,0,0,1474560,1474560,3014656,3211264,3211264
32768,54,none,detect-only,21,151635666 ns,0,0,0,0,0,0,1474560,1474560,3014656,3211264,3211264
32768,54,none,detect-only,22,151733748 ns,0,0,0,0,0,0,1474560,1474560,3014656,3211264,3211264
32768,54,none,detect-only,23,150632459 ns,0,0,0,0,0,0,1474560,1474560,3014656,3211264,3211264
32768,54,none,detect-only,24,151819414 ns,0,0,0,0,0,0,1474560,1474560,3014656,3211264,3211264
32768,54,none,detect-only,25,150456291 ns,0,0,0,0,0,0,1474560,1474560,3014656,3211264,3211264
32768,54,none,detect-only,26,151484499 ns,0,0,0,0,0,0,1474560,1474560,3014656,3211264,3211264
32768,54,none,detect-only,27,151087958 ns,0,0,0,0,0,0,1474560,1474560,3014656,3211264,3211264
32768,54,none,detect-only,28,150968041 ns,0,0,0,0,0,0,1474560,1474560,3014656,3211264,3211264
32768,54,none,detect-only,29,149993375 ns,0,0,0,0,0,0,1474560,1474560,3014656,3211264,3211264
32768,54,none,detect-only,30,151392917 ns,0,0,0,0,0,0,1474560,1474560,3014656,3211264,3211264
32768,54,butterfly-check,detect-only,1,165102041 ns,161105078,1474560,0,0,0,0,1474560,1474560,3014656,3211264,3211264
32768,54,butterfly-check,detect-only,2,165190333 ns,161145586,1474560,0,0,0,0,1474560,1474560,3014656,3211264,3211264
32768,54,butterfly-check,detect-only,3,165836459 ns,161825375,1474560,0,0,0,0,1474560,1474560,3014656,3211264,3211264
32768,54,butterfly-check,detect-only,4,165958290 ns,162132294,1474560,0,0,0,0,1474560,1474560,3014656,3211264,3211264
32768,54,butterfly-check,detect-only,5,164914874 ns,160926041,1474560,0,0,0,0,1474560,1474560,3014656,3211264,3211264
32768,54,butterfly-check,detect-only,6,165128460 ns,161099542,1474560,0,0,0,0,1474560,1474560,3014656,3211264,3211264
32768,54,butterfly-check,detect-only,7,165088166 ns,161095622,1474560,0,0,0,0,1474560,1474560,3014656,3211264,3211264
32768,54,butterfly-check,detect-only,8,165456499 ns,161362251,1474560,0,0,0,0,1474560,1474560,3014656,3211264,3211264
32768,54,butterfly-check,detect-only,9,164895376 ns,160828751,1474560,0,0,0,0,1474560,1474560,3014656,3211264,3211264
32768,54,butterfly-check,detect-only,10,165642457 ns,161667834,1474560,0,0,0,0,1474560,1474560,3014656,3211264,3211264
32768,54,butterfly-check,detect-only,11,165053375 ns,161045292,1474560,0,0,0,0,1474560,1474560,3014656,3211264,3211264
32768,54,butterfly-check,detect-only,12,165092083 ns,161069543,1474560,0,0,0,0,1474560,1474560,3014656,3211264,3211264
32768,54,butterfly-check,detect-only,13,165406793 ns,161334668,1474560,0,0,0,0,1474560,1474560,3014656,3211264,3211264
32768,54,butterfly-check,detect-only,14,165184333 ns,161127411,1474560,0,0,0,0,1474560,1474560,3014656,3211264,3211264
32768,54,butterfly-check,detect-only,15,165124874 ns,161097168,1474560,0,0,0,0,1474560,1474560,3014656,3211264,3211264
32768,54,butterfly-check,detect-only,16,165059208 ns,161049626,1474560,0,0,0,0,1474560,1474560,3014656,3211264,3211264
32768,54,butterfly-check,detect-only,17,165135625 ns,161054006,1474560,0,0,0,0,1474560,1474560,3014656,3211264,3211264
32768,54,butterfly-check,detect-only,18,165070999 ns,161090840,1474560,0,0,0,0,1474560,1474560,3014656,3211264,3211264
32768,54,butterfly-check,detect-only,19,165466083 ns,161388636,1474560,0,0,0,0,1474560,1474560,3014656,3211264,3211264
32768,54,butterfly-check,detect-only,20,162261498 ns,158288961,1474560,0,0,0,0,1474560,1474560,3014656,3211264,3211264
32768,54,butterfly-check,detect-only,21,163013917 ns,159022171,1474560,0,0,0,0,1474560,1474560,3014656,3211264,3211264
32768,54,butterfly-check,detect-only,22,165004667 ns,161028590,1474560,0,0,0,0,1474560,1474560,3014656,3211264,3211264
32768,54,butterfly-check,detect-only,23,164535044 ns,160488085,1474560,0,0,0,0,1474560,1474560,3014656,3211264,3211264
32768,54,butterfly-check,detect-only,24,164993085 ns,160965457,1474560,0,0,0,0,1474560,1474560,3014656,3211264,3211264
32768,54,butterfly-check,detect-only,25,164801624 ns,160810376,1474560,0,0,0,0,1474560,1474560,3014656,3211264,3211264
32768,54,butterfly-check,detect-only,26,168985041 ns,164769123,1474560,0,0,0,0,1474560,1474560,3014656,3211264,3211264
32768,54,butterfly-check,detect-only,27,165143792 ns,161178751,1474560,0,0,0,0,1474560,1474560,3014656,3211264,3211264
32768,54,butterfly-check,detect-only,28,165061375 ns,160978877,1474560,0,0,0,0,1474560,1474560,3014656,3211264,3211264
32768,54,butterfly-check,detect-only,29,166294416 ns,162283584,1474560,0,0,0,0,1474560,1474560,3014656,3211264,3211264
32768,54,butterfly-check,detect-only,30,164955834 ns,160972008,1474560,0,0,0,0,1474560,1474560,3014656,3211264,3211264
32768,54,butterfly-check,recompute,1,165297583 ns,161202583,1474560,0,0,0,0,1474560,1474560,3014656,3211264,3211264
32768,54,butterfly-check,recompute,2,165021417 ns,161096419,1474560,0,0,0,0,1474560,1474560,3014656,3211264,3211264
32768,54,butterfly-check,recompute,3,165090626 ns,161060163,1474560,0,0,0,0,1474560,1474560,3014656,3211264,3211264
32768,54,butterfly-check,recompute,4,166957041 ns,162756795,1474560,0,0,0,0,1474560,1474560,3014656,3211264,3211264
32768,54,butterfly-check,recompute,5,166627459 ns,162714296,1474560,0,0,0,0,1474560,1474560,3014656,3211264,3211264
32768,54,butterfly-check,recompute,6,166108959 ns,162076374,1474560,0,0,0,0,1474560,1474560,3014656,3211264,3211264
32768,54,butterfly-check,recompute,7,164766416 ns,160695912,1474560,0,0,0,0,1474560,1474560,3014656,3211264,3211264
32768,54,butterfly-check,recompute,8,164919875 ns,160931709,1474560,0,0,0,0,1474560,1474560,3014656,3211264,3211264
32768,54,butterfly-check,recompute,9,165399041 ns,161428705,1474560,0,0,0,0,1474560,1474560,3014656,3211264,3211264
32768,54,butterfly-check,recompute,10,165090707 ns,161047623,1474560,0,0,0,0,1474560,1474560,3014656,3211264,3211264
32768,54,butterfly-check,recompute,11,164962209 ns,160947545,1474560,0,0,0,0,1474560,1474560,3014656,3211264,3211264
32768,54,butterfly-check,recompute,12,166082626 ns,162086668,1474560,0,0,0,0,1474560,1474560,3014656,3211264,3211264
32768,54,butterfly-check,recompute,13,165055416 ns,161076714,1474560,0,0,0,0,1474560,1474560,3014656,3211264,3211264
32768,54,butterfly-check,recompute,14,164952208 ns,161149544,1474560,0,0,0,0,1474560,1474560,3014656,3211264,3211264
32768,54,butterfly-check,recompute,15,232300959 ns,226973628,1474560,0,0,0,0,1474560,1474560,3014656,3211264,3211264
32768,54,butterfly-check,recompute,16,156077291 ns,152456714,1474560,0,0,0,0,1474560,1474560,3014656,3211264,3211264
32768,54,butterfly-check,recompute,17,164729499 ns,160736832,1474560,0,0,0,0,1474560,1474560,3014656,3211264,3211264
32768,54,butterfly-check,recompute,18,164690374 ns,160720375,1474560,0,0,0,0,1474560,1474560,3014656,3211264,3211264
32768,54,butterfly-check,recompute,19,165247208 ns,161307667,1474560,0,0,0,0,1474560,1474560,3014656,3211264,3211264
32768,54,butterfly-check,recompute,20,165255749 ns,161227137,1474560,0,0,0,0,1474560,1474560,3014656,3211264,3211264
32768,54,butterfly-check,recompute,21,163362251 ns,159387953,1474560,0,0,0,0,1474560,1474560,3014656,3211264,3211264
32768,54,butterfly-check,recompute,22,165218541 ns,161231839,1474560,0,0,0,0,1474560,1474560,3014656,3211264,3211264
32768,54,butterfly-check,recompute,23,164779499 ns,160766004,1474560,0,0,0,0,1474560,1474560,3014656,3211264,3211264
32768,54,butterfly-check,recompute,24,215907332 ns,210852914,1474560,0,0,0,0,1474560,1474560,3014656,3211264,3211264
32768,54,butterfly-check,recompute,25,249019249 ns,243252422,1474560,0,0,0,0,1474560,1474560,3014656,3211264,3211264
32768,54,butterfly-check,recompute,26,163995749 ns,160006460,1474560,0,0,0,0,1474560,1474560,3014656,3211264,3211264
32768,54,butterfly-check,recompute,27,160060916 ns,156100716,1474560,0,0,0,0,1474560,1474560,3014656,3211264,3211264
32768,54,butterfly-check,recompute,28,164909249 ns,160906829,1474560,0,0,0,0,1474560,1474560,3014656,3211264,3211264
32768,54,butterfly-check,recompute,29,165021669 ns,160990707,1474560,0,0,0,0,1474560,1474560,3014656,3211264,3211264
32768,54,butterfly-check,recompute,30,165091248 ns,160994577,1474560,0,0,0,0,1474560,1474560,3014656,3211264,3211264
32768,54,stage-checksum,detect-only,1,174337666 ns,170385291,90,0,90,0,0,1474560,1474560,3014656,3211264,3211264
32768,54,stage-checksum,detect-only,2,172494792 ns,168338838,90,0,90,0,0,1474560,1474560,3014656,3211264,3211264
32768,54,stage-checksum,detect-only,3,174535500 ns,170390410,90,0,90,0,0,1474560,1474560,3014656,3211264,3211264
32768,54,stage-checksum,detect-only,4,171435500 ns,167303633,90,0,90,0,0,1474560,1474560,3014656,3211264,3211264
32768,54,stage-checksum,detect-only,5,173394333 ns,169315701,90,0,90,0,0,1474560,1474560,3014656,3211264,3211264
32768,54,stage-checksum,detect-only,6,174966751 ns,170819829,90,0,90,0,0,1474560,1474560,3014656,3211264,3211264
32768,54,stage-checksum,detect-only,7,173954541 ns,169904542,90,0,90,0,0,1474560,1474560,3014656,3211264,3211264
32768,54,stage-checksum,detect-only,8,171321250 ns,167311834,90,0,90,0,0,1474560,1474560,3014656,3211264,3211264
32768,54,stage-checksum,detect-only,9,175303417 ns,171202464,90,0,90,0,0,1474560,1474560,3014656,3211264,3211264
32768,54,stage-checksum,detect-only,10,176070124 ns,171887710,90,0,90,0,0,1474560,1474560,3014656,3211264,3211264
32768,54,stage-checksum,detect-only,11,228623334 ns,223273536,90,0,90,0,0,1474560,1474560,3014656,3211264,3211264
32768,54,stage-checksum,detect-only,12,173680001 ns,169662715,90,0,90,0,0,1474560,1474560,3014656,3211264,3211264
32768,54,stage-checksum,detect-only,13,175153291 ns,171176830,90,0,90,0,0,1474560,1474560,3014656,3211264,3211264
32768,54,stage-checksum,detect-only,14,173971209 ns,169848125,90,0,90,0,0,1474560,1474560,3014656,3211264,3211264
32768,54,stage-checksum,detect-only,15,175118041 ns,170944963,90,0,90,0,0,1474560,1474560,3014656,3211264,3211264
32768,54,stage-checksum,detect-only,16,174949001 ns,170927376,90,0,90,0,0,1474560,1474560,3014656,3211264,3211264
32768,54,stage-checksum,detect-only,17,174329375 ns,170158079,90,0,90,0,0,1474560,1474560,3014656,3211264,3211264
32768,54,stage-checksum,detect-only,18,177755458 ns,173740159,90,0,90,0,0,1474560,1474560,3014656,3211264,3211264
32768,54,stage-checksum,detect-only,19,308262665 ns,301328504,90,0,90,0,0,1474560,1474560,3014656,3211264,3211264
32768,54,stage-checksum,detect-only,20,318478001 ns,310279333,90,0,90,0,0,1474560,1474560,3014656,3211264,3211264
32768,54,stage-checksum,detect-only,21,441838166 ns,432058130,90,0,90,0,0,1474560,1474560,3014656,3211264,3211264
32768,54,stage-checksum,detect-only,22,270840291 ns,264558253,90,0,90,0,0,1474560,1474560,3014656,3211264,3211264
32768,54,stage-checksum,detect-only,23,210361415 ns,203163372,90,0,90,0,0,1474560,1474560,3014656,3211264,3211264
32768,54,stage-checksum,detect-only,24,275427292 ns,270294162,90,0,90,0,0,1474560,1474560,3014656,3211264,3211264
32768,54,stage-checksum,detect-only,25,213510459 ns,208926788,90,0,90,0,0,1474560,1474560,3014656,3211264,3211264
32768,54,stage-checksum,detect-only,26,247006124 ns,241984627,90,0,90,0,0,1474560,1474560,3014656,3211264,3211264
32768,54,stage-checksum,detect-only,27,208821206 ns,204332081,90,0,90,0,0,1474560,1474560,3014656,3211264,3211264
32768,54,stage-checksum,detect-only,28,212272416 ns,207832042,90,0,90,0,0,1474560,1474560,3014656,3211264,3211264
32768,54,stage-checksum,detect-only,29,249280790 ns,241937509,90,0,90,0,0,1474560,1474560,3014656,3211264,3211264
32768,54,stage-checksum,detect-only,30,232196372 ns,226893171,90,0,90,0,0,1474560,1474560,3014656,3211264,3211264
32768,54,stage-checksum,recompute,1,209259249 ns,204229543,90,0,90,0,0,1474560,1474560,3014656,3211264,3211264
32768,54,stage-checksum,recompute,2,207863333 ns,201345866,90,0,90,0,0,1474560,1474560,3014656,3211264,3211264
32768,54,stage-checksum,recompute,3,232647498 ns,227994461,90,0,90,0,0,1474560,1474560,3014656,3211264,3211264
32768,54,stage-checksum,recompute,4,216000041 ns,211166745,90,0,90,0,0,1474560,1474560,3014656,3211264,3211264
32768,54,stage-checksum,recompute,5,237479417 ns,232174212,90,0,90,0,0,1474560,1474560,3014656,3211264,3211264
32768,54,stage-checksum,recompute,6,206699958 ns,200698251,90,0,90,0,0,1474560,1474560,3014656,3211264,3211264
32768,54,stage-checksum,recompute,7,231391458 ns,225819500,90,0,90,0,0,1474560,1474560,3014656,3211264,3211264
32768,54,stage-checksum,recompute,8,218844000 ns,212616082,90,0,90,0,0,1474560,1474560,3014656,3211264,3211264
32768,54,stage-checksum,recompute,9,281807166 ns,273372960,90,0,90,0,0,1474560,1474560,3014656,3211264,3211264
32768,54,stage-checksum,recompute,10,206132418 ns,201101048,90,0,90,0,0,1474560,1474560,3014656,3211264,3211264
32768,54,stage-checksum,recompute,11,228893167 ns,223922494,90,0,90,0,0,1474560,1474560,3014656,3211264,3211264
32768,54,stage-checksum,recompute,12,235084541 ns,229119425,90,0,90,0,0,1474560,1474560,3014656,3211264,3211264
32768,54,stage-checksum,recompute,13,211972166 ns,205891750,90,0,90,0,0,1474560,1474560,3014656,3211264,3211264
32768,54,stage-checksum,recompute,14,248773958 ns,243325205,90,0,90,0,0,1474560,1474560,3014656,3211264,3211264
32768,54,stage-checksum,recompute,15,211746043 ns,207220420,90,0,90,0,0,1474560,1474560,3014656,3211264,3211264
32768,54,stage-checksum,recompute,16,224339127 ns,219297330,90,0,90,0,0,1474560,1474560,3014656,3211264,3211264
32768,54,stage-checksum,recompute,17,211301666 ns,204345161,90,0,90,0,0,1474560,1474560,3014656,3211264,3211264
32768,54,stage-checksum,recompute,18,204371709 ns,199783335,90,0,90,0,0,1474560,1474560,3014656,3211264,3211264
32768,54,stage-checksum,recompute,19,212871126 ns,207190456,90,0,90,0,0,1474560,1474560,3014656,3211264,3211264
32768,54,stage-checksum,recompute,20,203606375 ns,198088254,90,0,90,0,0,1474560,1474560,3014656,3211264,3211264
32768,54,stage-checksum,recompute,21,831383126 ns,817448620,90,0,90,0,0,1474560,1474560,3014656,3211264,3211264
32768,54,stage-checksum,recompute,22,909464500 ns,888957164,90,0,90,0,0,1474560,1474560,3014656,3211264,3211264
32768,54,stage-checksum,recompute,23,808501543 ns,791676296,90,0,90,0,0,1474560,1474560,3014656,3211264,3211264
32768,54,stage-checksum,recompute,24,236932791 ns,232199208,90,0,90,0,0,1474560,1474560,3014656,3211264,3211264
32768,54,stage-checksum,recompute,25,217229375 ns,210747080,90,0,90,0,0,1474560,1474560,3014656,3211264,3211264
32768,54,stage-checksum,recompute,26,208379750 ns,202578917,90,0,90,0,0,1474560,1474560,3014656,3211264,3211264
32768,54,stage-checksum,recompute,27,232008750 ns,225587374,90,0,90,0,0,1474560,1474560,3014656,3211264,3211264
32768,54,stage-checksum,recompute,28,228724249 ns,220685370,90,0,90,0,0,1474560,1474560,3014656,3211264,3211264
32768,54,stage-checksum,recompute,29,231523208 ns,226367336,90,0,90,0,0,1474560,1474560,3014656,3211264,3211264
32768,54,stage-checksum,recompute,30,204237168 ns,198074546,90,0,90,0,0,1474560,1474560,3014656,3211264,3211264
