n,bits,mitigation,action,fault_op,fault_site,stage,slot,bit,seed,fault_observed,golden_match,detected,corrected,max_abs_error,mean_abs_error,rms_error,relative_l2_error,snr_db,checks_performed,check_failures,stage_checks,stage_failures,s1_failures,s2_failures,recomputations,elapsed_ntt_ns,mitigation_time_ns,mod_adds,mod_subs,mod_muls,memory_reads,memory_writes
2048,28,butterfly-check,detect-only,ntt,mul-output,0,63,0,1,ERROR,ERROR,ERROR,ERROR,NA,NA,NA,NA,NA,NA,NA,NA,NA,NA,NA,NA,NA,NA,NA,NA,NA,NA,NA
2048,28,butterfly-check,detect-only,ntt,mul-output,0,63,4,1,ERROR,ERROR,ERROR,ERROR,NA,NA,NA,NA,NA,NA,NA,NA,NA,NA,NA,NA,NA,NA,NA,NA,NA,NA,NA
2048,28,butterfly-check,detect-only,ntt,mul-output,0,63,8,1,ERROR,ERROR,ERROR,ERROR,NA,NA,NA,NA,NA,NA,NA,NA,NA,NA,NA,NA,NA,NA,NA,NA,NA,NA,NA
2048,28,butterfly-check,detect-only,ntt,mul-output,0,63,16,1,ERROR,ERROR,ERROR,ERROR,NA,NA,NA,NA,NA,NA,NA,NA,NA,NA,NA,NA,NA,NA,NA,NA,NA,NA,NA
2048,28,butterfly-check,detect-only,ntt,mul-output,0,63,24,1,ERROR,ERROR,ERROR,ERROR,NA,NA,NA,NA,NA,NA,NA,NA,NA,NA,NA,NA,NA,NA,NA,NA,NA,NA,NA
2048,28,butterfly-check,detect-only,ntt,mul-output,0,63,26,1,ERROR,ERROR,ERROR,ERROR,NA,NA,NA,NA,NA,NA,NA,NA,NA,NA,NA,NA,NA,NA,NA,NA,NA,NA,NA
2048,28,butterfly-check,detect-only,ntt,mul-output,0,444,0,1,PASS,FAIL,no,no,1.25950908e4,1.59599620e3,1.86800543e3,2.30550371e0,-7.25531650,67584,0,0,0,0,0,0,7559166 ns,7294000,67584,67584,139264,151555,151555
2048,28,butterfly-check,detect-only,ntt,mul-output,0,444,4,1,PASS,FAIL,no,no,1.22370903e4,1.61158430e3,1.90316650e3,2.34889973e0,-7.41728954,67584,0,0,0,0,0,0,6372167 ns,6136208,67584,67584,139264,151555,151555
2048,28,butterfly-check,detect-only,ntt,mul-output,0,444,8,1,PASS,FAIL,no,no,1.37361476e4,1.59660750e3,1.88429350e3,2.32560654e0,-7.33072482,67584,0,0,0,0,0,0,6485291 ns,6252798,67584,67584,139264,151555,151555
2048,28,butterfly-check,detect-only,ntt,mul-output,0,444,16,1,PASS,FAIL,no,no,1.27125141e4,1.56000345e3,1.83240962e3,2.26157115e0,-7.08820509,67584,0,0,0,0,0,0,6523875 ns,6268875,67584,67584,139264,151555,151555
2048,28,butterfly-check,detect-only,ntt,mul-output,0,444,24,1,PASS,FAIL,no,no,9.76013741e3,1.59536567e3,1.84471225e3,2.27675513e0,-7.14632646,67584,0,0,0,0,0,0,6482541 ns,6255342,67584,67584,139264,151555,151555
2048,28,butterfly-check,detect-only,ntt,mul-output,0,444,26,1,PASS,FAIL,no,no,1.40137191e4,1.58583271e3,1.88723591e3,2.32923809e0,-7.34427766,67584,0,0,0,0,0,0,6524166 ns,6290125,67584,67584,139264,151555,151555
2048,28,butterfly-check,detect-only,ntt,mul-output,0,493,0,1,ERROR,ERROR,ERROR,ERROR,NA,NA,NA,NA,NA,NA,NA,NA,NA,NA,NA,NA,NA,NA,NA,NA,NA,NA,NA
2048,28,butterfly-check,detect-only,ntt,mul-output,0,493,4,1,ERROR,ERROR,ERROR,ERROR,NA,NA,NA,NA,NA,NA,NA,NA,NA,NA,NA,NA,NA,NA,NA,NA,NA,NA,NA
2048,28,butterfly-check,detect-only,ntt,mul-output,0,493,8,1,ERROR,ERROR,ERROR,ERROR,NA,NA,NA,NA,NA,NA,NA,NA,NA,NA,NA,NA,NA,NA,NA,NA,NA,NA,NA
2048,28,butterfly-check,detect-only,ntt,mul-output,0,493,16,1,ERROR,ERROR,ERROR,ERROR,NA,NA,NA,NA,NA,NA,NA,NA,NA,NA,NA,NA,NA,NA,NA,NA,NA,NA,NA
2048,28,butterfly-check,detect-only,ntt,mul-output,0,493,24,1,ERROR,ERROR,ERROR,ERROR,NA,NA,NA,NA,NA,NA,NA,NA,NA,NA,NA,NA,NA,NA,NA,NA,NA,NA,NA
2048,28,butterfly-check,detect-only,ntt,mul-output,0,493,26,1,ERROR,ERROR,ERROR,ERROR,NA,NA,NA,NA,NA,NA,NA,NA,NA,NA,NA,NA,NA,NA,NA,NA,NA,NA,NA
2048,28,butterfly-check,detect-only,ntt,mul-output,0,1046,0,1,PASS,FAIL,no,no,1.14262740e4,1.61540065e3,1.89300475e3,2.33635802e0,-7.37078789,67584,0,0,0,0,0,0,6531250 ns,6297208,67584,67584,139264,151555,151555
2048,28,butterfly-check,detect-only,ntt,mul-output,0,1046,4,1,PASS,FAIL,no,no,1.15413828e4,1.60794887e3,1.86757740e3,2.30497543e0,-7.25332602,67584,0,0,0,0,0,0,6308832 ns,6077632,67584,67584,139264,151555,151555
2048,28,butterfly-check,detect-only,ntt,mul-output,0,1046,8,1,PASS,FAIL,no,no,1.26596113e4,1.57478920e3,1.86065109e3,2.29642694e0,-7.22105266,67584,0,0,0,0,0,0,6533833 ns,6300584,67584,67584,139264,151555,151555
2048,28,butterfly-check,detect-only,ntt,mul-output,0,1046,16,1,PASS,FAIL,no,no,1.18618394e4,1.57073358e3,1.84372151e3,2.27553235e0,-7.14166028,67584,0,0,0,0,0,0,6550084 ns,6320046,67584,67584,139264,151555,151555
2048,28,butterfly-check,detect-only,ntt,mul-output,0,1046,24,1,PASS,FAIL,no,no,1.25482633e4,1.56654539e3,1.84759387e3,2.28031164e0,-7.15988409,67584,0,0,0,0,0,0,6557043 ns,6293243,67584,67584,139264,151555,151555
2048,28,butterfly-check,detect-only,ntt,mul-output,0,1046,26,1,PASS,FAIL,no,no,1.39097802e4,1.60065570e3,1.87745465e3,2.31716600e0,-7.29914294,67584,0,0,0,0,0,0,6523376 ns,6285332,67584,67584,139264,151555,151555
2048,28,butterfly-check,detect-only,ntt,mul-output,0,1424,0,1,PASS,FAIL,no,no,1.33288870e4,1.58120413e3,1.86309417e3,2.29944220e0,-7.23244995,67584,0,0,0,0,0,0,6546543 ns,6297751,67584,67584,139264,151555,151555
2048,28,butterfly-check,detect-only,ntt,mul-output,0,1424,4,1,PASS,FAIL,no,no,1.18269264e4,1.57809227e3,1.83265611e3,2.26187536e0,-7.08937340,67584,0,0,0,0,0,0,6533374 ns,6285961,67584,67584,139264,151555,151555
2048,28,butterfly-check,detect-only,ntt,mul-output,0,1424,8,1,PASS,FAIL,no,no,1.00425021e4,1.62122128e3,1.87698762e3,2.31658959e0,-7.29698200,67584,0,0,0,0,0,0,6582166 ns,6344419,67584,67584,139264,151555,151555
2048,28,butterfly-check,detect-only,ntt,mul-output,0,1424,16,1,PASS,FAIL,no,no,1.44553376e4,1.61775584e3,1.89593776e3,2.33997797e0,-7.38423538,67584,0,0,0,0,0,0,6539167 ns,6308080,67584,67584,139264,151555,151555
2048,28,butterfly-check,detect-only,ntt,mul-output,0,1424,24,1,PASS,FAIL,no,no,1.11113693e4,1.55753850e3,1.82269651e3,2.24958316e0,-7.04204105,67584,0,0,0,0,0,0,6536708 ns,6300917,67584,67584,139264,151555,151555
2048,28,butterfly-check,detect-only,ntt,mul-output,0,1424,26,1,PASS,FAIL,no,no,1.15238508e4,1.58135254e3,1.83147104e3,2.26041274e0,-7.08375494,67584,0,0,0,0,0,0,6594667 ns,6351582,67584,67584,139264,151555,151555
2048,28,butterfly-check,detect-only,ntt,mul-output,0,1688,0,1,PASS,FAIL,no,no,1.18639690e4,1.57836531e3,1.85075267e3,2.28421026e0,-7.17472155,67584,0,0,0,0,0,0,6519167 ns,6282956,67584,67584,139264,151555,151555
2048,28,butterfly-check,detect-only,ntt,mul-output,0,1688,4,1,PASS,FAIL,no,no,1.14873511e4,1.55584347e3,1.81073448e3,2.23481956e0,-6.98484926,67584,0,0,0,0,0,0,6525333 ns,6263712,67584,67584,139264,151555,151555
2048,28,butterfly-check,detect-only,ntt,mul-output,0,1688,8,1,PASS,FAIL,no,no,1.26748578e4,1.57959775e3,1.87284779e3,2.31148019e0,-7.27780350,67584,0,0,0,0,0,0,6541000 ns,6295707,67584,67584,139264,151555,151555
2048,28,butterfly-check,detect-only,ntt,mul-output,0,1688,16,1,PASS,FAIL,no,no,1.15594321e4,1.59839419e3,1.86662928e3,2.30380525e0,-7.24891529,67584,0,0,0,0,0,0,6507583 ns,6273376,67584,67584,139264,151555,151555
2048,28,butterfly-check,detect-only,ntt,mul-output,0,1688,24,1,PASS,FAIL,no,no,1.26512108e4,1.58395274e3,1.86215112e3,2.29827829e0,-7.22805229,67584,0,0,0,0,0,0,6510417 ns,6281581,67584,67584,139264,151555,151555
2048,28,butterfly-check,detect-only,ntt,mul-output,0,1688,26,1,PASS,FAIL,no,no,1.29705236e4,1.60792137e3,1.88818064e3,2.33040409e0,-7.34862466,67584,0,0,0,0,0,0,6539542 ns,6303414,67584,67584,139264,151555,151555
2048,28,butterfly-check,detect-only,ntt,mul-output,0,1760,0,1,PASS,FAIL,no,no,1.30909210e4,1.60419676e3,1.87726990e3,2.31693798e0,-7.29828816,67584,0,0,0,0,0,0,6543166 ns,6309920,67584,67584,139264,151555,151555
2048,28,butterfly-check,detect-only,ntt,mul-output,0,1760,4,1,PASS,FAIL,no,no,1.10746359e4,1.57655624e3,1.85053265e3,2.28393871e0,-7.17368889,67584,0,0,0,0,0,0,6556959 ns,6303747,67584,67584,139264,151555,151555
2048,28,butterfly-check,detect-only,ntt,mul-output,0,1760,8,1,PASS,FAIL,no,no,1.07754270e4,1.62684399e3,1.89325000e3,2.33666072e0,-7.37191315,67584,0,0,0,0,0,0,6586042 ns,6338961,67584,67584,139264,151555,151555
2048,28,butterfly-check,detect-only,ntt,mul-output,0,1760,16,1,PASS,FAIL,no,no,1.21949971e4,1.57636319e3,1.82615327e3,2.25384953e0,-7.05849836,67584,0,0,0,0,0,0,6554458 ns,6307917,67584,67584,139264,151555,151555
2048,28,butterfly-check,detect-only,ntt,mul-output,0,1760,24,1,PASS,FAIL,no,no,1.10900578e4,1.56486076e3,1.84578800e3,2.27808283e0,-7.15139020,67584,0,0,0,0,0,0,6540832 ns,6293245,67584,67584,139264,151555,151555
2048,28,butterfly-check,detect-only,ntt,mul-output,0,1760,26,1,PASS,FAIL,no,no,1.17500337e4,1.58407350e3,1.84353999e3,2.27530831e0,-7.14080507,67584,0,0,0,0,0,0,6523792 ns,6290212,67584,67584,139264,151555,151555
2048,28,butterfly-check,detect-only,ntt,mul-output,0,1773,0,1,ERROR,ERROR,ERROR,ERROR,NA,NA,NA,NA,NA,NA,NA,NA,NA,NA,NA,NA,NA,NA,NA,NA,NA,NA,NA
2048,28,butterfly-check,detect-only,ntt,mul-output,0,1773,4,1,ERROR,ERROR,ERROR,ERROR,NA,NA,NA,NA,NA,NA,NA,NA,NA,NA,NA,NA,NA,NA,NA,NA,NA,NA,NA
2048,28,butterfly-check,detect-only,ntt,mul-output,0,1773,8,1,ERROR,ERROR,ERROR,ERROR,NA,NA,NA,NA,NA,NA,NA,NA,NA,NA,NA,NA,NA,NA,NA,NA,NA,NA,NA
2048,28,butterfly-check,detect-only,ntt,mul-output,0,1773,16,1,ERROR,ERROR,ERROR,ERROR,NA,NA,NA,NA,NA,NA,NA,NA,NA,NA,NA,NA,NA,NA,NA,NA,NA,NA,NA
2048,28,butterfly-check,detect-only,ntt,mul-output,0,1773,24,1,ERROR,ERROR,ERROR,ERROR,NA,NA,NA,NA,NA,NA,NA,NA,NA,NA,NA,NA,NA,NA,NA,NA,NA,NA,NA
2048,28,butterfly-check,detect-only,ntt,mul-output,0,1773,26,1,ERROR,ERROR,ERROR,ERROR,NA,NA,NA,NA,NA,NA,NA,NA,NA,NA,NA,NA,NA,NA,NA,NA,NA,NA,NA
2048,28,butterfly-check,detect-only,ntt,mul-output,5,189,0,1,PASS,FAIL,yes,no,1.24398226e4,1.59158106e3,1.87919913e3,2.31931904e0,-7.30720987,67584,3,0,0,0,0,0,6532418 ns,6293295,67584,67584,139264,151555,151555
2048,28,butterfly-check,detect-only,ntt,mul-output,5,189,4,1,PASS,FAIL,yes,no,1.26352227e4,1.57605926e3,1.85920987e3,2.29464818e0,-7.21432217,67584,3,0,0,0,0,0,6555457 ns,6308212,67584,67584,139264,151555,151555
2048,28,butterfly-check,detect-only,ntt,mul-output,5,189,8,1,PASS,FAIL,yes,no,1.22999192e4,1.59295545e3,1.88157163e3,2.32224720e0,-7.31816896,67584,3,0,0,0,0,0,6501124 ns,6265542,67584,67584,139264,151555,151555
2048,28,butterfly-check,detect-only,ntt,mul-output,5,189,16,1,PASS,FAIL,yes,no,1.30541351e4,1.59349172e3,1.86147811e3,2.29744765e0,-7.22491249,67584,3,0,0,0,0,0,6537084 ns,6301790,67584,67584,139264,151555,151555
2048,28,butterfly-check,detect-only,ntt,mul-output,5,189,24,1,PASS,FAIL,yes,no,1.28001196e4,1.60134779e3,1.86726232e3,2.30458656e0,-7.25186050,67584,3,0,0,0,0,0,6524166 ns,6285332,67584,67584,139264,151555,151555
2048,28,butterfly-check,detect-only,ntt,mul-output,5,189,26,1,PASS,FAIL,yes,no,1.08300338e4,1.58250551e3,1.86294315e3,2.29925582e0,-7.23174587,67584,3,0,0,0,0,0,6542000 ns,6306659,67584,67584,139264,151555,151555
2048,28,butterfly-check,detect-only,ntt,mul-output,5,621,0,1,PASS,FAIL,yes,no,1.30208894e4,1.60438329e3,1.88945709e3,2.33197948e0,-7.35449448,67584,3,0,0,0,0,0,6514875 ns,6279918,67584,67584,139264,151555,151555
2048,28,butterfly-check,detect-only,ntt,mul-output,5,621,4,1,PASS,FAIL,yes,no,1.21035901e4,1.59928932e3,1.88509117e3,2.32659104e0,-7.33440101,67584,3,0,0,0,0,0,6535292 ns,6297583,67584,67584,139264,151555,151555
2048,28,butterfly-check,detect-only,ntt,mul-output,5,621,8,1,PASS,FAIL,yes,no,1.06373162e4,1.60206892e3,1.88449603e3,2.32585651e0,-7.33165836,67584,3,0,0,0,0,0,6556291 ns,6315461,67584,67584,139264,151555,151555
2048,28,butterfly-check,detect-only,ntt,mul-output,5,621,16,1,PASS,FAIL,yes,no,1.10852734e4,1.59565509e3,1.85781754e3,2.29292976e0,-7.20781502,67584,3,0,0,0,0,0,6542916 ns,6302544,67584,67584,139264,151555,151555
2048,28,butterfly-check,detect-only,ntt,mul-output,5,621,24,1,PASS,FAIL,yes,no,1.15403016e4,1.59272400e3,1.86841511e3,2.30600934e0,-7.25722125,67584,3,0,0,0,0,0,6500459 ns,6265130,67584,67584,139264,151555,151555
2048,28,butterfly-check,detect-only,ntt,mul-output,5,621,26,1,PASS,FAIL,yes,no,1.06487922e4,1.58617590e3,1.86274083e3,2.29900611e0,-7.23080253,67584,3,0,0,0,0,0,6527165 ns,6292457,67584,67584,139264,151555,151555
2048,28,butterfly-check,detect-only,ntt,mul-output,5,730,0,1,PASS,FAIL,no,no,1.25100281e4,1.60717241e3,1.88226020e3,2.32309704e0,-7.32134703,67584,0,0,0,0,0,0,6583042 ns,6327873,67584,67584,139264,151555,151555
2048,28,butterfly-check,detect-only,ntt,mul-output,5,730,4,1,PASS,FAIL,no,no,1.36530279e4,1.60086838e3,1.87717922e3,2.31682606e0,-7.29786858,67584,0,0,0,0,0,0,6537999 ns,6296664,67584,67584,139264,151555,151555
2048,28,butterfly-check,detect-only,ntt,mul-output,5,730,8,1,PASS,FAIL,no,no,1.02517353e4,1.56098903e3,1.81957436e3,2.24572979e0,-7.02715002,67584,0,0,0,0,0,0,6927916 ns,6677331,67584,67584,139264,151555,151555
2048,28,butterfly-check,detect-only,ntt,mul-output,5,730,16,1,PASS,FAIL,no,no,1.34221936e4,1.58074316e3,1.86046440e3,2.29619652e0,-7.22018110,67584,0,0,0,0,0,0,6531460 ns,6291497,67584,67584,139264,151555,151555
2048,28,butterfly-check,detect-only,ntt,mul-output,5,730,24,1,PASS,FAIL,no,no,9.97562520e3,1.57083497e3,1.82374970e3,2.25088302e0,-7.04705848,67584,0,0,0,0,0,0,6568542 ns,6310999,67584,67584,139264,151555,151555
2048,28,butterfly-check,detect-only,ntt,mul-output,5,730,26,1,PASS,FAIL,no,no,1.27116758e4,1.53484289e3,1.81582170e3,2.24109823e0,-7.00921785,67584,0,0,0,0,0,0,6610833 ns,6337623,67584,67584,139264,151555,151555
2048,28,butterfly-check,detect-only,ntt,mul-output,5,1066,0,1,PASS,FAIL,yes,no,1.17206455e4,1.61521543e3,1.89413326e3,2.33775083e0,-7.37596441,67584,3,0,0,0,0,0,6531540 ns,6286254,67584,67584,139264,151555,151555
2048,28,butterfly-check,detect-only,ntt,mul-output,5,1066,4,1,PASS,FAIL,yes,no,1.16313431e4,1.60664794e3,1.90151799e3,2.34686512e0,-7.40976261,67584,3,0,0,0,0,0,6576748 ns,6318958,67584,67584,139264,151555,151555
2048,28,butterfly-check,detect-only,ntt,mul-output,5,1066,8,1,PASS,FAIL,yes,no,1.36320862e4,1.60998803e3,1.89164805e3,2.33468358e0,-7.36456057,67584,3,0,0,0,0,0,6523835 ns,6287833,67584,67584,139264,151555,151555
2048,28,butterfly-check,detect-only,ntt,mul-output,5,1066,16,1,PASS,FAIL,yes,no,1.28809256e4,1.61382495e3,1.88966558e3,2.33223681e0,-7.35545290,67584,3,0,0,0,0,0,6567667 ns,6320626,67584,67584,139264,151555,151555
2048,28,butterfly-check,detect-only,ntt,mul-output,5,1066,24,1,PASS,FAIL,yes,no,1.25551675e4,1.55565297e3,1.83895695e3,2.26965190e0,-7.11918510,67584,3,0,0,0,0,0,6525958 ns,6282543,67584,67584,139264,151555,151555
2048,28,butterfly-check,detect-only,ntt,mul-output,5,1066,26,1,PASS,FAIL,yes,no,1.19187100e4,1.62591926e3,1.91212847e3,2.35996063e0,-7.45809517,67584,3,0,0,0,0,0,6577957 ns,6328454,67584,67584,139264,151555,151555
2048,28,butterfly-check,detect-only,ntt,mul-output,5,1096,0,1,PASS,FAIL,no,no,1.22885658e4,1.62155333e3,1.88782442e3,2.32996443e0,-7.34698584,67584,0,0,0,0,0,0,6535625 ns,6299003,67584,67584,139264,151555,151555
2048,28,butterfly-check,detect-only,ntt,mul-output,5,1096,4,1,PASS,FAIL,no,no,1.22043196e4,1.56648986e3,1.83344637e3,2.26285072e0,-7.09311807,67584,0,0,0,0,0,0,6521209 ns,6283953,67584,67584,139264,151555,151555
2048,28,butterfly-check,detect-only,ntt,mul-output,5,1096,8,1,PASS,FAIL,no,no,1.23389291e4,1.58882938e3,1.85851893e3,2.29379542e0,-7.21109363,67584,0,0,0,0,0,0,6535000 ns,6299121,67584,67584,139264,151555,151555
2048,28,butterfly-check,detect-only,ntt,mul-output,5,1096,16,1,PASS,FAIL,no,no,1.24888855e4,1.58611377e3,1.88642650e3,2.32823912e0,-7.34055162,67584,0,0,0,0,0,0,6567125 ns,6304291,67584,67584,139264,151555,151555
2048,28,butterfly-check,detect-only,ntt,mul-output,5,1096,24,1,PASS,FAIL,no,no,1.26173809e4,1.57746165e3,1.84369498e3,2.27549961e0,-7.14153529,67584,0,0,0,0,0,0,6516125 ns,6278369,67584,67584,139264,151555,151555
2048,28,butterfly-check,detect-only,ntt,mul-output,5,1096,26,1,PASS,FAIL,no,no,1.28658622e4,1.58162567e3,1.84994720e3,2.28321613e0,-7.17094049,67584,0,0,0,0,0,0,6519959 ns,6285620,67584,67584,139264,151555,151555
2048,28,butterfly-check,detect-only,ntt,mul-output,5,1296,0,1,PASS,FAIL,no,no,1.05023831e4,1.57754058e3,1.84492505e3,2.27701777e0,-7.14732840,67584,0,0,0,0,0,0,6503751 ns,6267541,67584,67584,139264,151555,151555
2048,28,butterfly-check,detect-only,ntt,mul-output,5,1296,4,1,PASS,FAIL,no,no,1.21120776e4,1.59897933e3,1.87239564e3,2.31092214e0,-7.27570627,67584,0,0,0,0,0,0,6580834 ns,6344333,67584,67584,139264,151555,151555
2048,28,butterfly-check,detect-only,ntt,mul-output,5,1296,8,1,PASS,FAIL,no,no,1.36769555e4,1.60456603e3,1.87723257e3,2.31689190e0,-7.29811544,67584,0,0,0,0,0,0,6522999 ns,6284832,67584,67584,139264,151555,151555
2048,28,butterfly-check,detect-only,ntt,mul-output,5,1296,16,1,PASS,FAIL,no,no,1.26758352e4,1.60183017e3,1.86563166e3,2.30257399e0,-7.24427189,67584,0,0,0,0,0,0,6508792 ns,6275962,67584,67584,139264,151555,151555
2048,28,butterfly-check,detect-only,ntt,mul-output,5,1296,24,1,PASS,FAIL,no,no,1.28889828e4,1.57985551e3,1.87698186e3,2.31658248e0,-7.29695535,67584,0,0,0,0,0,0,6535875 ns,6274500,67584,67584,139264,151555,151555
2048,28,butterfly-check,detect-only,ntt,mul-output,5,1296,26,1,PASS,FAIL,no,no,1.15322210e4,1.56342940e3,1.85447604e3,2.28880566e0,-7.19217837,67584,0,0,0,0,0,0,6536708 ns,6283332,67584,67584,139264,151555,151555
2048,28,butterfly-check,detect-only,ntt,mul-output,5,1381,0,1,PASS,FAIL,yes,no,1.06591928e4,1.59183442e3,1.85551671e3,2.29009006e0,-7.19705122,67584,3,0,0,0,0,0,6555792 ns,6313122,67584,67584,139264,151555,151555
2048,28,butterfly-check,detect-only,ntt,mul-output,5,1381,4,1,PASS,FAIL,yes,no,1.39145180e4,1.61308436e3,1.89233943e3,2.33553689e0,-7.36773462,67584,3,0,0,0,0,0,6504792 ns,6269381,67584,67584,139264,151555,151555
2048,28,butterfly-check,detect-only,ntt,mul-output,5,1381,8,1,PASS,FAIL,yes,no,1.23538786e4,1.59754497e3,1.87006613e3,2.30804705e0,-7.26489315,67584,3,0,0,0,0,0,6522334 ns,6287289,67584,67584,139264,151555,151555
2048,28,butterfly-check,detect-only,ntt,mul-output,5,1381,16,1,PASS,FAIL,yes,no,1.40898931e4,1.59678251e3,1.89556368e3,2.33951628e0,-7.38252143,67584,3,0,0,0,0,0,6516750 ns,6275379,67584,67584,139264,151555,151555
2048,28,butterfly-check,detect-only,ntt,mul-output,5,1381,24,1,PASS,FAIL,yes,no,9.99966801e3,1.58442661e3,1.85598232e3,2.29066472e0,-7.19923054,67584,3,0,0,0,0,0,6552708 ns,6302291,67584,67584,139264,151555,151555
2048,28,butterfly-check,detect-only,ntt,mul-output,5,1381,26,1,PASS,FAIL,yes,no,1.37977710e4,1.57938976e3,1.86753631e3,2.30492473e0,-7.25313493,67584,3,0,0,0,0,0,6537167 ns,6290382,67584,67584,139264,151555,151555
2048,28,butterfly-check,detect-only,ntt,mul-output,5,1411,0,1,PASS,FAIL,no,no,1.15024921e4,1.58458477e3,1.85386517e3,2.28805172e0,-7.18931673,67584,0,0,0,0,0,0,6533542 ns,6287247,67584,67584,139264,151555,151555
2048,28,butterfly-check,detect-only,ntt,mul-output,5,1411,4,1,PASS,FAIL,no,no,1.15352232e4,1.56479136e3,1.84588718e3,2.27820523e0,-7.15185691,67584,0,0,0,0,0,0,6536416 ns,6288339,67584,67584,139264,151555,151555
2048,28,butterfly-check,detect-only,ntt,mul-output,5,1411,8,1,PASS,FAIL,no,no,1.16331162e4,1.58195296e3,1.85317162e3,2.28719574e0,-7.18606666,67584,0,0,0,0,0,0,6599874 ns,6332454,67584,67584,139264,151555,151555
2048,28,butterfly-check,detect-only,ntt,mul-output,5,1411,16,1,PASS,FAIL,no,no,1.14433237e4,1.59172381e3,1.87740838e3,2.31710889e0,-7.29892886,67584,0,0,0,0,0,0,6550543 ns,6300165,67584,67584,139264,151555,151555
2048,28,butterfly-check,detect-only,ntt,mul-output,5,1411,24,1,PASS,FAIL,no,no,1.32870057e4,1.55867116e3,1.84146258e3,2.27274437e0,-7.13101180,67584,0,0,0,0,0,0,6587957 ns,6328004,67584,67584,139264,151555,151555
2048,28,butterfly-check,detect-only,ntt,mul-output,5,1411,26,1,PASS,FAIL,no,no,1.30728582e4,1.59913715e3,1.87566693e3,2.31495958e0,-7.29086826,67584,0,0,0,0,0,0,6525335 ns,6279792,67584,67584,139264,151555,151555
2048,28,butterfly-check,detect-only,ntt,mul-output,10,255,0,1,PASS,FAIL,no,no,1.35288738e4,1.57740900e3,1.85267999e3,2.28658896e0,-7.18376206,67584,0,0,0,0,0,0,6517542 ns,6276705,67584,67584,139264,151555,151555
2048,28,butterfly-check,detect-only,ntt,mul-output,10,255,4,1,PASS,FAIL,no,no,1.32183655e4,1.59683912e3,1.87355136e3,2.31234853e0,-7.28106589,67584,0,0,0,0,0,0,6538125 ns,6297126,67584,67584,139264,151555,151555
2048,28,butterfly-check,detect-only,ntt,mul-output,10,255,8,1,PASS,FAIL,no,no,1.24638786e4,1.61048865e3,1.87647474e3,2.31595659e0,-7.29460829,67584,0,0,0,0,0,0,6535791 ns,6279748,67584,67584,139264,151555,151555
2048,28,butterfly-check,detect-only,ntt,mul-output,10,255,16,1,PASS,FAIL,no,no,1.07324907e4,1.54853281e3,1.81518230e3,2.24030908e0,-7.00615880,67584,0,0,0,0,0,0,6639792 ns,6393251,67584,67584,139264,151555,151555
2048,28,butterfly-check,detect-only,ntt,mul-output,10,255,24,1,PASS,FAIL,no,no,1.38066816e4,1.58892425e3,1.89009712e3,2.33276942e0,-7.35743626,67584,0,0,0,0,0,0,6511500 ns,6281710,67584,67584,139264,151555,151555
2048,28,butterfly-check,detect-only,ntt,mul-output,10,255,26,1,PASS,FAIL,no,no,1.04441807e4,1.56841831e3,1.81581751e3,2.24109306e0,-7.00919781,67584,0,0,0,0,0,0,6536583 ns,6304997,67584,67584,139264,151555,151555
2048,28,butterfly-check,detect-only,ntt,mul-output,10,533,0,1,PASS,FAIL,no,no,1.23658361e4,1.60516334e3,1.86590161e3,2.30290717e0,-7.24552864,67584,0,0,0,0,0,0,6533875 ns,6298336,67584,67584,139264,151555,151555
2048,28,butterfly-check,detect-only,ntt,mul-output,10,533,4,1,PASS,FAIL,no,no,1.16903470e4,1.59896013e3,1.86427530e3,2.30089997e0,-7.23795477,67584,0,0,0,0,0,0,6503250 ns,6270199,67584,67584,139264,151555,151555
2048,28,butterfly-check,detect-only,ntt,mul-output,10,533,8,1,PASS,FAIL,no,no,1.25192196e4,1.60930058e3,1.87100623e3,2.30920732e0,-7.26925852,67584,0,0,0,0,0,0,6531376 ns,6298250,67584,67584,139264,151555,151555
2048,28,butterfly-check,detect-only,ntt,mul-output,10,533,16,1,PASS,FAIL,no,no,1.33353774e4,1.58660999e3,1.85184227e3,2.28555505e0,-7.17983371,67584,0,0,0,0,0,0,7910499 ns,7556668,67584,67584,139264,151555,151555
2048,28,butterfly-check,detect-only,ntt,mul-output,10,533,24,1,PASS,FAIL,no,no,1.11524923e4,1.57177240e3,1.84712457e3,2.27973243e0,-7.15767754,67584,0,0,0,0,0,0,7020290 ns,6710211,67584,67584,139264,151555,151555
2048,28,butterfly-check,detect-only,ntt,mul-output,10,533,26,1,PASS,FAIL,no,no,1.30797746e4,1.58926566e3,1.86149826e3,2.29747252e0,-7.22500652,67584,0,0,0,0,0,0,6842500 ns,6602330,67584,67584,139264,151555,151555
2048,28,butterfly-check,detect-only,ntt,mul-output,10,800,0,1,PASS,FAIL,no,no,1.06687538e4,1.57516299e3,1.82825402e3,2.25644228e0,-7.06848456,67584,0,0,0,0,0,0,6556333 ns,6309459,67584,67584,139264,151555,151555
2048,28,butterfly-check,detect-only,ntt,mul-output,10,800,4,1,PASS,FAIL,no,no,1.14169386e4,1.57521914e3,1.83884374e3,2.26951218e0,-7.11865034,67584,0,0,0,0,0,0,6535459 ns,6299374,67584,67584,139264,151555,151555
2048,28,butterfly-check,detect-only,ntt,mul-output,10,800,8,1,PASS,FAIL,no,no,1.14686315e4,1.57920366e3,1.83581650e3,2.26577594e0,-7.10433921,67584,0,0,0,0,0,0,6582999 ns,6351039,67584,67584,139264,151555,151555
2048,28,butterfly-check,detect-only,ntt,mul-output,10,800,16,1,PASS,FAIL,no,no,1.03899306e4,1.61984794e3,1.88456034e3,2.32593588e0,-7.33195476,67584,0,0,0,0,0,0,6519875 ns,6273201,67584,67584,139264,151555,151555
2048,28,butterfly-check,detect-only,ntt,mul-output,10,800,24,1,PASS,FAIL,no,no,1.19419445e4,1.55519048e3,1.83539606e3,2.26525703e0,-7.10234974,67584,0,0,0,0,0,0,6534459 ns,6283213,67584,67584,139264,151555,151555
2048,28,butterfly-check,detect-only,ntt,mul-output,10,800,26,1,PASS,FAIL,no,no,1.38195422e4,1.56046721e3,1.83038008e3,2.25906628e0,-7.07857945,67584,0,0,0,0,0,0,6510625 ns,6270215,67584,67584,139264,151555,151555
2048,28,butterfly-check,detect-only,ntt,mul-output,10,1209,0,1,PASS,FAIL,yes,no,1.22770821e4,1.60067154e3,1.90241508e3,2.34797232e0,-7.41385944,67584,3,0,0,0,0,0,6536458 ns,6297961,67584,67584,139264,151555,151555
2048,28,butterfly-check,detect-only,ntt,mul-output,10,1209,4,1,PASS,FAIL,yes,no,1.17865928e4,1.60209160e3,1.88226986e3,2.32310896e0,-7.32139160,67584,3,0,0,0,0,0,6553792 ns,6293792,67584,67584,139264,151555,151555
2048,28,butterfly-check,detect-only,ntt,mul-output,10,1209,8,1,PASS,FAIL,yes,no,1.27660203e4,1.56619655e3,1.83743439e3,2.26777275e0,-7.11199065,67584,3,0,0,0,0,0,6493917 ns,6262958,67584,67584,139264,151555,151555
2048,28,butterfly-check,detect-only,ntt,mul-output,10,1209,16,1,PASS,FAIL,yes,no,1.12516889e4,1.58094153e3,1.86178328e3,2.29782430e0,-7.22633636,67584,3,0,0,0,0,0,6556167 ns,6301299,67584,67584,139264,151555,151555
2048,28,butterfly-check,detect-only,ntt,mul-output,10,1209,24,1,PASS,FAIL,yes,no,1.14752435e4,1.53204815e3,1.80969887e3,2.23354140e0,-6.97988014,67584,3,0,0,0,0,0,6533626 ns,6291502,67584,67584,139264,151555,151555
2048,28,butterfly-check,detect-only,ntt,mul-output,10,1209,26,1,PASS,FAIL,yes,no,1.60727994e4,1.59751821e3,1.90054231e3,2.34566093e0,-7.40530469,67584,3,0,0,0,0,0,6568415 ns,6322003,67584,67584,139264,151555,151555
2048,28,butterfly-check,detect-only,ntt,mul-output,10,1213,0,1,PASS,FAIL,yes,no,1.49995228e4,1.57632957e3,1.87518037e3,2.31435907e0,-7.28861482,67584,3,0,0,0,0,0,6738668 ns,6496084,67584,67584,139264,151555,151555
2048,28,butterfly-check,detect-only,ntt,mul-output,10,1213,4,1,PASS,FAIL,yes,no,1.45667412e4,1.60037501e3,1.88970479e3,2.33228519e0,-7.35563309,67584,3,0,0,0,0,0,6717334 ns,6475420,67584,67584,139264,151555,151555
2048,28,butterfly-check,detect-only,ntt,mul-output,10,1213,8,1,PASS,FAIL,yes,no,1.07507599e4,1.58787738e3,1.84487817e3,2.27695991e0,-7.14710769,67584,3,0,0,0,0,0,6536583 ns,6306994,67584,67584,139264,151555,151555
2048,28,butterfly-check,detect-only,ntt,mul-output,10,1213,16,1,PASS,FAIL,yes,no,1.20913000e4,1.56706542e3,1.84193131e3,2.27332288e0,-7.13322244,67584,3,0,0,0,0,0,6584499 ns,6335713,67584,67584,139264,151555,151555
2048,28,butterfly-check,detect-only,ntt,mul-output,10,1213,24,1,PASS,FAIL,yes,no,1.28544816e4,1.60253845e3,1.87264063e3,2.31122451e0,-7.27684269,67584,3,0,0,0,0,0,6542750 ns,6285789,67584,67584,139264,151555,151555
2048,28,butterfly-check,detect-only,ntt,mul-output,10,1213,26,1,PASS,FAIL,yes,no,1.43869051e4,1.57222550e3,1.86852817e3,2.30614888e0,-7.25774681,67584,3,0,0,0,0,0,6619873 ns,6296748,67584,67584,139264,151555,151555
2048,28,butterfly-check,detect-only,ntt,mul-output,10,1230,0,1,PASS,FAIL,yes,no,1.12085784e4,1.56707662e3,1.83816490e3,2.26867435e0,-7.11544320,67584,3,0,0,0,0,0,6576667 ns,6326707,67584,67584,139264,151555,151555
2048,28,butterfly-check,detect-only,ntt,mul-output,10,1230,4,1,PASS,FAIL,yes,no,1.04159634e4,1.56652081e3,1.83330510e3,2.26267635e0,-7.09244875,67584,3,0,0,0,0,0,6562084 ns,6301960,67584,67584,139264,151555,151555
2048,28,butterfly-check,detect-only,ntt,mul-output,10,1230,8,1,PASS,FAIL,yes,no,1.03377791e4,1.59555831e3,1.86360932e3,2.30007801e0,-7.23485131,67584,3,0,0,0,0,0,6541790 ns,6292171,67584,67584,139264,151555,151555
2048,28,butterfly-check,detect-only,ntt,mul-output,10,1230,16,1,PASS,FAIL,yes,no,1.23057276e4,1.58564103e3,1.85852581e3,2.29380391e0,-7.21112576,67584,3,0,0,0,0,0,6530582 ns,6296166,67584,67584,139264,151555,151555
2048,28,butterfly-check,detect-only,ntt,mul-output,10,1230,24,1,PASS,FAIL,yes,no,1.34749270e4,1.58985826e3,1.88180183e3,2.32253131e0,-7.31923154,67584,3,0,0,0,0,0,7256206 ns,6943503,67584,67584,139264,151555,151555
2048,28,butterfly-check,detect-only,ntt,mul-output,10,1230,26,1,PASS,FAIL,yes,no,1.03750937e4,1.58988147e3,1.86043754e3,2.29616337e0,-7.22005569,67584,3,0,0,0,0,0,6868167 ns,6579750,67584,67584,139264,151555,151555
2048,28,butterfly-check,detect-only,ntt,mul-output,10,1361,0,1,PASS,FAIL,yes,no,1.19124513e4,1.59092241e3,1.85988999e3,2.29548758e0,-7.21749896,67584,3,0,0,0,0,0,6538500 ns,6295413,67584,67584,139264,151555,151555
2048,28,butterfly-check,detect-only,ntt,mul-output,10,1361,4,1,PASS,FAIL,yes,no,1.29048682e4,1.59440374e3,1.87471819e3,2.31378864e0,-7.28647367,67584,3,0,0,0,0,0,6510084 ns,6269293,67584,67584,139264,151555,151555
2048,28,butterfly-check,detect-only,ntt,mul-output,10,1361,8,1,PASS,FAIL,yes,no,1.28317074e4,1.61422890e3,1.89721997e3,2.34156047e0,-7.39010757,67584,3,0,0,0,0,0,6516502 ns,6283879,67584,67584,139264,151555,151555
2048,28,butterfly-check,detect-only,ntt,mul-output,10,1361,16,1,PASS,FAIL,yes,no,1.15644103e4,1.59654662e3,1.86704716e3,2.30432101e0,-7.25085958,67584,3,0,0,0,0,0,6518833 ns,6281670,67584,67584,139264,151555,151555
2048,28,butterfly-check,detect-only,ntt,mul-output,10,1361,24,1,PASS,FAIL,yes,no,1.20608670e4,1.60969313e3,1.88857712e3,2.33089342e0,-7.35044830,67584,3,0,0,0,0,0,6562291 ns,6331336,67584,67584,139264,151555,151555
2048,28,butterfly-check,detect-only,ntt,mul-output,10,1361,26,1,PASS,FAIL,yes,no,1.21123993e4,1.56197989e3,1.81753687e3,2.24321511e0,-7.01741844,67584,3,0,0,0,0,0,6548417 ns,6302285,67584,67584,139264,151555,151555
2048,28,butterfly-check,detect-only,ntt,mul-output,10,2016,0,1,PASS,FAIL,yes,no,1.06483779e4,1.57913595e3,1.87175143e3,2.31012705e0,-7.27271732,67584,3,0,0,0,0,0,6550500 ns,6307670,67584,67584,139264,151555,151555
2048,28,butterfly-check,detect-only,ntt,mul-output,10,2016,4,1,PASS,FAIL,yes,no,1.07100096e4,1.58037322e3,1.86132554e3,2.29725936e0,-7.22420058,67584,3,0,0,0,0,0,6500167 ns,6265206,67584,67584,139264,151555,151555
2048,28,butterfly-check,detect-only,ntt,mul-output,10,2016,8,1,PASS,FAIL,yes,no,1.35628228e4,1.56943918e3,1.84506008e3,2.27718442e0,-7.14796409,67584,3,0,0,0,0,0,6509584 ns,6276003,67584,67584,139264,151555,151555
2048,28,butterfly-check,detect-only,ntt,mul-output,10,2016,16,1,PASS,FAIL,yes,no,1.31363326e4,1.59426162e3,1.88016787e3,2.32051468e0,-7.31168639,67584,3,0,0,0,0,0,6619419 ns,6384543,67584,67584,139264,151555,151555
2048,28,butterfly-check,detect-only,ntt,mul-output,10,2016,24,1,PASS,FAIL,yes,no,1.01141285e4,1.59014505e3,1.85910564e3,2.29451953e0,-7.21383519,67584,3,0,0,0,0,0,6552751 ns,6302707,67584,67584,139264,151555,151555
2048,28,butterfly-check,detect-only,ntt,mul-output,10,2016,26,1,PASS,FAIL,yes,no,1.10081605e4,1.58970337e3,1.85168169e3,2.28535685e0,-7.17908048,67584,3,0,0,0,0,0,6694668 ns,6458377,67584,67584,139264,151555,151555
2048,28,butterfly-check,detect-only,ntt,add-output,0,63,0,1,PASS,FAIL,no,no,1.13323364e4,1.56776586e3,1.84210009e3,2.27353118e0,-7.13401830,67584,0,0,0,0,0,0,6494249 ns,6255671,67584,67584,139264,151555,151555
2048,28,butterfly-check,detect-only,ntt,add-output,0,63,4,1,PASS,FAIL,no,no,1.25235162e4,1.60027540e3,1.88008014e3,2.32040639e0,-7.31128107,67584,0,0,0,0,0,0,6663166 ns,6430210,67584,67584,139264,151555,151555
2048,28,butterfly-check,detect-only,ntt,add-output,0,63,8,1,PASS,FAIL,no,no,9.24657995e3,1.61221061e3,1.87262899e3,2.31121014e0,-7.27678869,67584,0,0,0,0,0,0,6562290 ns,6320377,67584,67584,139264,151555,151555
2048,28,butterfly-check,detect-only,ntt,add-output,0,63,16,1,PASS,FAIL,no,no,1.45138136e4,1.56843704e3,1.84150350e3,2.27279486e0,-7.13120478,67584,0,0,0,0,0,0,6646042 ns,6408090,67584,67584,139264,151555,151555
2048,28,butterfly-check,detect-only,ntt,add-output,0,63,24,1,PASS,FAIL,no,no,1.01136290e4,1.57150695e3,1.82391565e3,2.25108784e0,-7.04784883,67584,0,0,0,0,0,0,6779667 ns,6533625,67584,67584,139264,151555,151555
2048,28,butterfly-check,detect-only,ntt,add-output,0,63,26,1,PASS,FAIL,no,no,1.14398059e4,1.58919459e3,1.85793443e3,2.29307402e0,-7.20836147,67584,0,0,0,0,0,0,6638542 ns,6401625,67584,67584,139264,151555,151555
2048,28,butterfly-check,detect-only,ntt,add-output,0,444,0,1,PASS,FAIL,yes,no,1.25510640e4,1.60134527e3,1.88477122e3,2.32619616e0,-7.33292668,67584,3,0,0,0,0,0,6624625 ns,6370577,67584,67584,139264,151555,151555
2048,28,butterfly-check,detect-only,ntt,add-output,0,444,4,1,PASS,FAIL,yes,no,1.46164460e4,1.59324783e3,1.88382503e3,2.32502837e0,-7.32856511,67584,3,0,0,0,0,0,6557459 ns,6302081,67584,67584,139264,151555,151555
2048,28,butterfly-check,detect-only,ntt,add-output,0,444,8,1,PASS,FAIL,yes,no,1.39460726e4,1.59013926e3,1.87744802e3,2.31715782e0,-7.29911228,67584,3,0,0,0,0,0,6525083 ns,6291783,67584,67584,139264,151555,151555
2048,28,butterfly-check,detect-only,ntt,add-output,0,444,16,1,PASS,FAIL,yes,no,1.29295244e4,1.61494435e3,1.90216946e3,2.34766917e0,-7.41273794,67584,3,0,0,0,0,0,6519957 ns,6270960,67584,67584,139264,151555,151555
2048,28,butterfly-check,detect-only,ntt,add-output,0,444,24,1,PASS,FAIL,yes,no,1.49318922e4,1.56175910e3,1.88671812e3,2.32859903e0,-7.34189425,67584,3,0,0,0,0,0,6538125 ns,6289582,67584,67584,139264,151555,151555
2048,28,butterfly-check,detect-only,ntt,add-output,0,444,26,1,PASS,FAIL,yes,no,1.09703616e4,1.59633738e3,1.84967377e3,2.28287867e0,-7.16965661,67584,3,0,0,0,0,0,6567126 ns,6321708,67584,67584,139264,151555,151555
2048,28,butterfly-check,detect-only,ntt,add-output,0,493,0,1,PASS,FAIL,no,no,1.24052540e4,1.56855821e3,1.83370167e3,2.26316581e0,-7.09432747,67584,0,0,0,0,0,0,6525043 ns,6287371,67584,67584,139264,151555,151555
2048,28,butterfly-check,detect-only,ntt,add-output,0,493,4,1,PASS,FAIL,no,no,1.10778725e4,1.60016331e3,1.86812068e3,2.30564596e0,-7.25585240,67584,0,0,0,0,0,0,6494792 ns,6259039,67584,67584,139264,151555,151555
2048,28,butterfly-check,detect-only,ntt,add-output,0,493,8,1,PASS,FAIL,no,no,1.03912434e4,1.58756408e3,1.86938697e3,2.30720881e0,-7.26173804,67584,0,0,0,0,0,0,6521708 ns,6286126,67584,67584,139264,151555,151555
2048,28,butterfly-check,detect-only,ntt,add-output,0,493,16,1,PASS,FAIL,no,no,1.07127120e4,1.58040228e3,1.84563136e3,2.27788950e0,-7.15065306,67584,0,0,0,0,0,0,6506042 ns,6271211,67584,67584,139264,151555,151555
2048,28,butterfly-check,detect-only,ntt,add-output,0,493,24,1,PASS,FAIL,no,no,1.06859024e4,1.58478450e3,1.84417287e3,2.27608943e0,-7.14378643,67584,0,0,0,0,0,0,6528959 ns,6290839,67584,67584,139264,151555,151555
2048,28,butterfly-check,detect-only,ntt,add-output,0,493,26,1,PASS,FAIL,no,no,1.37581933e4,1.53636860e3,1.83140612e3,2.26033262e0,-7.08344707,67584,0,0,0,0,0,0,6514167 ns,6279419,67584,67584,139264,151555,151555
2048,28,butterfly-check,detect-only,ntt,add-output,0,1046,0,1,PASS,FAIL,yes,no,1.17827661e4,1.59379248e3,1.86404376e3,2.30061420e0,-7.23687590,67584,3,0,0,0,0,0,6501375 ns,6266377,67584,67584,139264,151555,151555
2048,28,butterfly-check,detect-only,ntt,add-output,0,1046,4,1,PASS,FAIL,yes,no,1.09984142e4,1.59215447e3,1.87177280e3,2.31015343e0,-7.27281648,67584,3,0,0,0,0,0,6551124 ns,6308370,67584,67584,139264,151555,151555
2048,28,butterfly-check,detect-only,ntt,add-output,0,1046,8,1,PASS,FAIL,yes,no,1.09027391e4,1.64132258e3,1.89388389e3,2.33744307e0,-7.37482085,67584,3,0,0,0,0,0,6525667 ns,6289619,67584,67584,139264,151555,151555
2048,28,butterfly-check,detect-only,ntt,add-output,0,1046,16,1,PASS,FAIL,yes,no,1.19260251e4,1.60439933e3,1.87926436e3,2.31939955e0,-7.30751138,67584,3,0,0,0,0,0,6534793 ns,6288168,67584,67584,139264,151555,151555
2048,28,butterfly-check,detect-only,ntt,add-output,0,1046,24,1,PASS,FAIL,yes,no,1.00035930e4,1.61608764e3,1.88543572e3,2.32701628e0,-7.33598842,67584,3,0,0,0,0,0,6563708 ns,6324633,67584,67584,139264,151555,151555
2048,28,butterfly-check,detect-only,ntt,add-output,0,1046,26,1,PASS,FAIL,yes,no,1.35423103e4,1.59682147e3,1.88627675e3,2.32805428e0,-7.33986205,67584,3,0,0,0,0,0,6526917 ns,6288459,67584,67584,139264,151555,151555
2048,28,butterfly-check,detect-only,ntt,add-output,0,1424,0,1,PASS,FAIL,yes,no,1.16702580e4,1.56305274e3,1.83777845e3,2.26819739e0,-7.11361691,67584,3,0,0,0,0,0,6512043 ns,6268919,67584,67584,139264,151555,151555
2048,28,butterfly-check,detect-only,ntt,add-output,0,1424,4,1,PASS,FAIL,yes,no,1.24289425e4,1.54522829e3,1.83736651e3,2.26768897e0,-7.11166975,67584,3,0,0,0,0,0,6602417 ns,6360625,67584,67584,139264,151555,151555
2048,28,butterfly-check,detect-only,ntt,add-output,0,1424,8,1,PASS,FAIL,yes,no,1.19156213e4,1.54375389e3,1.85587512e3,2.29053241e0,-7.19872883,67584,3,0,0,0,0,0,6541624 ns,6301246,67584,67584,139264,151555,151555
2048,28,butterfly-check,detect-only,ntt,add-output,0,1424,16,1,PASS,FAIL,yes,no,1.04579347e4,1.60175684e3,1.90982863e3,2.35712216e0,-7.44764181,67584,3,0,0,0,0,0,6486292 ns,6255756,67584,67584,139264,151555,151555
2048,28,butterfly-check,detect-only,ntt,add-output,0,1424,24,1,PASS,FAIL,yes,no,1.20010391e4,1.55703283e3,1.83162684e3,2.26060503e0,-7.08449379,67584,3,0,0,0,0,0,6556417 ns,6305625,67584,67584,139264,151555,151555
2048,28,butterfly-check,detect-only,ntt,add-output,0,1424,26,1,PASS,FAIL,yes,no,1.25868390e4,1.59062126e3,1.86036176e3,2.29606985e0,-7.21970191,67584,3,0,0,0,0,0,6538209 ns,6292919,67584,67584,139264,151555,151555
2048,28,butterfly-check,detect-only,ntt,add-output,0,1688,0,1,PASS,FAIL,yes,no,9.47305663e3,1.58729096e3,1.86106895e3,2.29694266e0,-7.22300308,67584,3,0,0,0,0,0,6581250 ns,6325547,67584,67584,139264,151555,151555
2048,28,butterfly-check,detect-only,ntt,add-output,0,1688,4,1,PASS,FAIL,yes,no,1.11706864e4,1.62125657e3,1.89568034e3,2.33966025e0,-7.38305594,67584,3,0,0,0,0,0,6545667 ns,6301417,67584,67584,139264,151555,151555
2048,28,butterfly-check,detect-only,ntt,add-output,0,1688,8,1,PASS,FAIL,yes,no,1.31836149e4,1.54129480e3,1.83532508e3,2.26516942e0,-7.10201380,67584,3,0,0,0,0,0,6541669 ns,6299329,67584,67584,139264,151555,151555
2048,28,butterfly-check,detect-only,ntt,add-output,0,1688,16,1,PASS,FAIL,yes,no,1.14341450e4,1.56124383e3,1.82969263e3,2.25821782e0,-7.07531662,67584,3,0,0,0,0,0,6543168 ns,6291580,67584,67584,139264,151555,151555
2048,28,butterfly-check,detect-only,ntt,add-output,0,1688,24,1,PASS,FAIL,yes,no,1.04884940e4,1.56166907e3,1.88870065e3,2.33104588e0,-7.35101642,67584,3,0,0,0,0,0,6535667 ns,6287336,67584,67584,139264,151555,151555
2048,28,butterfly-check,detect-only,ntt,add-output,0,1688,26,1,PASS,FAIL,yes,no,1.17832632e4,1.60972470e3,1.89545074e3,2.33937688e0,-7.38200388,67584,3,0,0,0,0,0,6554334 ns,6314413,67584,67584,139264,151555,151555
2048,28,butterfly-check,detect-only,ntt,add-output,0,1760,0,1,PASS,FAIL,yes,no,1.39881613e4,1.58126324e3,1.91855391e3,2.36789095e0,-7.48723397,67584,3,0,0,0,0,0,6505877 ns,6270379,67584,67584,139264,151555,151555
2048,28,butterfly-check,detect-only,ntt,add-output,0,1760,4,1,PASS,FAIL,yes,no,1.29787813e4,1.58565518e3,1.86567286e3,2.30262484e0,-7.24446370,67584,3,0,0,0,0,0,6522792 ns,6283212,67584,67584,139264,151555,151555
2048,28,butterfly-check,detect-only,ntt,add-output,0,1760,8,1,PASS,FAIL,yes,no,1.25794977e4,1.55240242e3,1.84352624e3,2.27529135e0,-7.14074031,67584,3,0,0,0,0,0,6831582 ns,6580416,67584,67584,139264,151555,151555
2048,28,butterfly-check,detect-only,ntt,add-output,0,1760,16,1,PASS,FAIL,yes,no,1.28758625e4,1.53213245e3,1.82963900e3,2.25815163e0,-7.07506199,67584,3,0,0,0,0,0,6555002 ns,6321496,67584,67584,139264,151555,151555
2048,28,butterfly-check,detect-only,ntt,add-output,0,1760,24,1,PASS,FAIL,yes,no,1.15260956e4,1.58682188e3,1.85624920e3,2.29099410e0,-7.20047941,67584,3,0,0,0,0,0,6504959 ns,6265831,67584,67584,139264,151555,151555
2048,28,butterfly-check,detect-only,ntt,add-output,0,1760,26,1,PASS,FAIL,yes,no,1.15666158e4,1.55211341e3,1.82627654e3,2.25400166e0,-7.05908461,67584,3,0,0,0,0,0,6546167 ns,6298495,67584,67584,139264,151555,151555
2048,28,butterfly-check,detect-only,ntt,add-output,0,1773,0,1,PASS,FAIL,no,no,1.32038417e4,1.56540457e3,1.84604304e3,2.27839760e0,-7.15259029,67584,0,0,0,0,0,0,6513708 ns,6278298,67584,67584,139264,151555,151555
2048,28,butterfly-check,detect-only,ntt,add-output,0,1773,4,1,PASS,FAIL,no,no,9.80839300e3,1.58154818e3,1.83720436e3,2.26748884e0,-7.11090317,67584,0,0,0,0,0,0,6529791 ns,6278504,67584,67584,139264,151555,151555
2048,28,butterfly-check,detect-only,ntt,add-output,0,1773,8,1,PASS,FAIL,no,no,1.23294688e4,1.59141324e3,1.86910018e3,2.30685486e0,-7.26040543,67584,0,0,0,0,0,0,6534251 ns,6288545,67584,67584,139264,151555,151555
2048,28,butterfly-check,detect-only,ntt,add-output,0,1773,16,1,PASS,FAIL,no,no,1.25368208e4,1.56757711e3,1.83028497e3,2.25894888e0,-7.07812808,67584,0,0,0,0,0,0,6516293 ns,6276240,67584,67584,139264,151555,151555
2048,28,butterfly-check,detect-only,ntt,add-output,0,1773,24,1,PASS,FAIL,no,no,1.00501504e4,1.60536583e3,1.87616736e3,2.31557722e0,-7.29318538,67584,0,0,0,0,0,0,6520582 ns,6290086,67584,67584,139264,151555,151555
2048,28,butterfly-check,detect-only,ntt,add-output,0,1773,26,1,PASS,FAIL,no,no,1.13330418e4,1.57279256e3,1.83471412e3,2.26441537e0,-7.09912189,67584,0,0,0,0,0,0,6613626 ns,6376915,67584,67584,139264,151555,151555
2048,28,butterfly-check,detect-only,ntt,add-output,5,189,0,1,PASS,FAIL,no,no,1.16628513e4,1.57797369e3,1.86194924e3,2.29802913e0,-7.22711059,67584,0,0,0,0,0,0,6522876 ns,6282420,67584,67584,139264,151555,151555
2048,28,butterfly-check,detect-only,ntt,add-output,5,189,4,1,PASS,FAIL,no,no,1.31630593e4,1.58982185e3,1.85916021e3,2.29458688e0,-7.21409013,67584,0,0,0,0,0,0,6540542 ns,6307499,67584,67584,139264,151555,151555
2048,28,butterfly-check,detect-only,ntt,add-output,5,189,8,1,PASS,FAIL,no,no,1.12088597e4,1.60121522e3,1.86628175e3,2.30337634e0,-7.24729802,67584,0,0,0,0,0,0,6558751 ns,6325540,67584,67584,139264,151555,151555
2048,28,butterfly-check,detect-only,ntt,add-output,5,189,16,1,PASS,FAIL,no,no,1.30684202e4,1.57972181e3,1.85176725e3,2.28546245e0,-7.17948181,67584,0,0,0,0,0,0,6520792 ns,6278087,67584,67584,139264,151555,151555
2048,28,butterfly-check,detect-only,ntt,add-output,5,189,24,1,PASS,FAIL,no,no,1.14258890e4,1.58764990e3,1.85693973e3,2.29184636e0,-7.20371000,67584,0,0,0,0,0,0,6577624 ns,6338582,67584,67584,139264,151555,151555
2048,28,butterfly-check,detect-only,ntt,add-output,5,189,26,1,PASS,FAIL,no,no,1.18164881e4,1.59579291e3,1.88367599e3,2.32484441e0,-7.32787785,67584,0,0,0,0,0,0,6604791 ns,6371537,67584,67584,139264,151555,151555
2048,28,butterfly-check,detect-only,ntt,add-output,5,621,0,1,PASS,FAIL,no,no,1.04377308e4,1.58281153e3,1.86510239e3,2.30192076e0,-7.24180739,67584,0,0,0,0,0,0,6547291 ns,6307666,67584,67584,139264,151555,151555
2048,28,butterfly-check,detect-only,ntt,add-output,5,621,4,1,PASS,FAIL,no,no,1.36054856e4,1.58096989e3,1.86171206e3,2.29773639e0,-7.22600406,67584,0,0,0,0,0,0,6535750 ns,6299416,67584,67584,139264,151555,151555
2048,28,butterfly-check,detect-only,ntt,add-output,5,621,8,1,PASS,FAIL,no,no,1.23594150e4,1.59295919e3,1.87462143e3,2.31366922e0,-7.28602537,67584,0,0,0,0,0,0,6508874 ns,6268336,67584,67584,139264,151555,151555
2048,28,butterfly-check,detect-only,ntt,add-output,5,621,16,1,PASS,FAIL,no,no,9.08973075e3,1.58597601e3,1.84502992e3,2.27714720e0,-7.14782210,67584,0,0,0,0,0,0,6733459 ns,6491376,67584,67584,139264,151555,151555
2048,28,butterfly-check,detect-only,ntt,add-output,5,621,24,1,PASS,FAIL,no,no,1.02429219e4,1.58381469e3,1.84762562e3,2.28035083e0,-7.16003334,67584,0,0,0,0,0,0,6533083 ns,6282753,67584,67584,139264,151555,151555
2048,28,butterfly-check,detect-only,ntt,add-output,5,621,26,1,PASS,FAIL,no,no,1.18172035e4,1.60112130e3,1.85209196e3,2.28586321e0,-7.18100474,67584,0,0,0,0,0,0,6517250 ns,6276625,67584,67584,139264,151555,151555
2048,28,butterfly-check,detect-only,ntt,add-output,5,730,0,1,PASS,FAIL,yes,no,1.12780378e4,1.59625409e3,1.86838641e3,2.30597393e0,-7.25708784,67584,3,0,0,0,0,0,7264916 ns,6984373,67584,67584,139264,151555,151555
2048,28,butterfly-check,detect-only,ntt,add-output,5,730,4,1,PASS,FAIL,yes,no,1.23362710e4,1.59879351e3,1.88377554e3,2.32496728e0,-7.32833692,67584,3,0,0,0,0,0,6523626 ns,6289951,67584,67584,139264,151555,151555
2048,28,butterfly-check,detect-only,ntt,add-output,5,730,8,1,PASS,FAIL,yes,no,1.38249232e4,1.60525665e3,1.86367705e3,2.30016160e0,-7.23516697,67584,3,0,0,0,0,0,6496625 ns,6266370,67584,67584,139264,151555,151555
2048,28,butterfly-check,detect-only,ntt,add-output,5,730,16,1,PASS,FAIL,yes,no,9.84990522e3,1.54769314e3,1.80551300e3,2.22837517e0,-6.95976622,67584,3,0,0,0,0,0,6529668 ns,6276835,67584,67584,139264,151555,151555
2048,28,butterfly-check,detect-only,ntt,add-output,5,730,24,1,PASS,FAIL,yes,no,1.43409809e4,1.58442189e3,1.87691351e3,2.31649812e0,-7.29663903,67584,3,0,0,0,0,0,6553333 ns,6290036,67584,67584,139264,151555,151555
2048,28,butterfly-check,detect-only,ntt,add-output,5,730,26,1,PASS,FAIL,yes,no,1.29658442e4,1.61560162e3,1.88682884e3,2.32873568e0,-7.34240394,67584,3,0,0,0,0,0,6608333 ns,6362204,67584,67584,139264,151555,151555
2048,28,butterfly-check,detect-only,ntt,add-output,5,1066,0,1,PASS,FAIL,no,no,1.34093544e4,1.61771401e3,1.91464069e3,2.36306124e0,-7.46949953,67584,0,0,0,0,0,0,6520833 ns,6272458,67584,67584,139264,151555,151555
2048,28,butterfly-check,detect-only,ntt,add-output,5,1066,4,1,PASS,FAIL,no,no,1.32101744e4,1.61724133e3,1.90350174e3,2.34931347e0,-7.41881937,67584,0,0,0,0,0,0,6522540 ns,6291042,67584,67584,139264,151555,151555
2048,28,butterfly-check,detect-only,ntt,add-output,5,1066,8,1,PASS,FAIL,no,no,1.21930079e4,1.58806755e3,1.84650337e3,2.27896574e0,-7.15475592,67584,0,0,0,0,0,0,6539585 ns,6297956,67584,67584,139264,151555,151555
2048,28,butterfly-check,detect-only,ntt,add-output,5,1066,16,1,PASS,FAIL,no,no,1.21994393e4,1.59156510e3,1.85429623e3,2.28858374e0,-7.19133616,67584,0,0,0,0,0,0,6509375 ns,6272914,67584,67584,139264,151555,151555
2048,28,butterfly-check,detect-only,ntt,add-output,5,1066,24,1,PASS,FAIL,no,no,1.10093773e4,1.58818168e3,1.86999423e3,2.30795830e0,-7.26455915,67584,0,0,0,0,0,0,6547792 ns,6301294,67584,67584,139264,151555,151555
2048,28,butterfly-check,detect-only,ntt,add-output,5,1066,26,1,PASS,FAIL,no,no,1.28642648e4,1.57588945e3,1.85616370e3,2.29088857e0,-7.20007932,67584,0,0,0,0,0,0,6557585 ns,6290540,67584,67584,139264,151555,151555
2048,28,butterfly-check,detect-only,ntt,add-output,5,1096,0,1,PASS,FAIL,yes,no,1.17691692e4,1.58714949e3,1.86934159e3,2.30715280e0,-7.26152718,67584,3,0,0,0,0,0,6543084 ns,6301292,67584,67584,139264,151555,151555
2048,28,butterfly-check,detect-only,ntt,add-output,5,1096,4,1,PASS,FAIL,yes,no,1.15784944e4,1.61718417e3,1.88072628e3,2.32120387e0,-7.31426572,67584,3,0,0,0,0,0,6528833 ns,6291047,67584,67584,139264,151555,151555
2048,28,butterfly-check,detect-only,ntt,add-output,5,1096,8,1,PASS,FAIL,yes,no,1.08571091e4,1.54422307e3,1.81358367e3,2.23833605e0,-6.99850578,67584,3,0,0,0,0,0,6506791 ns,6274791,67584,67584,139264,151555,151555
2048,28,butterfly-check,detect-only,ntt,add-output,5,1096,16,1,PASS,FAIL,yes,no,1.06912946e4,1.56099893e3,1.81541223e3,2.24059286e0,-7.00725897,67584,3,0,0,0,0,0,6538251 ns,6299962,67584,67584,139264,151555,151555
2048,28,butterfly-check,detect-only,ntt,add-output,5,1096,24,1,PASS,FAIL,yes,no,1.25676083e4,1.58586894e3,1.86038238e3,2.29609530e0,-7.21979819,67584,3,0,0,0,0,0,6520459 ns,6279161,67584,67584,139264,151555,151555
2048,28,butterfly-check,detect-only,ntt,add-output,5,1096,26,1,PASS,FAIL,yes,no,1.41582764e4,1.57787032e3,1.86387302e3,2.30040347e0,-7.23608027,67584,3,0,0,0,0,0,6516624 ns,6283421,67584,67584,139264,151555,151555
2048,28,butterfly-check,detect-only,ntt,add-output,5,1296,0,1,PASS,FAIL,yes,no,1.19406619e4,1.60874142e3,1.89564903e3,2.33962162e0,-7.38291250,67584,3,0,0,0,0,0,6533750 ns,6290168,67584,67584,139264,151555,151555
2048,28,butterfly-check,detect-only,ntt,add-output,5,1296,4,1,PASS,FAIL,yes,no,1.25990649e4,1.56423770e3,1.82998298e3,2.25857618e0,-7.07669486,67584,3,0,0,0,0,0,6510790 ns,6273871,67584,67584,139264,151555,151555
2048,28,butterfly-check,detect-only,ntt,add-output,5,1296,8,1,PASS,FAIL,yes,no,1.23323598e4,1.57244555e3,1.85623980e3,2.29098251e0,-7.20043545,67584,3,0,0,0,0,0,6544375 ns,6307417,67584,67584,139264,151555,151555
2048,28,butterfly-check,detect-only,ntt,add-output,5,1296,16,1,PASS,FAIL,yes,no,9.68617556e3,1.57778714e3,1.82146918e3,2.24806839e0,-7.03619038,67584,3,0,0,0,0,0,6550708 ns,6294751,67584,67584,139264,151555,151555
2048,28,butterfly-check,detect-only,ntt,add-output,5,1296,24,1,PASS,FAIL,yes,no,1.13160199e4,1.59584052e3,1.88059202e3,2.32103815e0,-7.31364559,67584,3,0,0,0,0,0,6518916 ns,6278007,67584,67584,139264,151555,151555
2048,28,butterfly-check,detect-only,ntt,add-output,5,1296,26,1,PASS,FAIL,yes,no,1.25077216e4,1.57077936e3,1.82701309e3,2.25491072e0,-7.06258703,67584,3,0,0,0,0,0,6539876 ns,6300794,67584,67584,139264,151555,151555
2048,28,butterfly-check,detect-only,ntt,add-output,5,1381,0,1,PASS,FAIL,no,no,1.38312206e4,1.57737082e3,1.86983986e3,2.30776778e0,-7.26384210,67584,0,0,0,0,0,0,6529459 ns,6288706,67584,67584,139264,151555,151555
2048,28,butterfly-check,detect-only,ntt,add-output,5,1381,4,1,PASS,FAIL,no,no,1.36903288e4,1.58532125e3,1.87312231e3,2.31181899e0,-7.27907655,67584,0,0,0,0,0,0,6656750 ns,6424172,67584,67584,139264,151555,151555
2048,28,butterfly-check,detect-only,ntt,add-output,5,1381,8,1,PASS,FAIL,no,no,1.10679926e4,1.57010160e3,1.83837331e3,2.26893157e0,-7.11642796,67584,0,0,0,0,0,0,6604376 ns,6371834,67584,67584,139264,151555,151555
2048,28,butterfly-check,detect-only,ntt,add-output,5,1381,16,1,PASS,FAIL,no,no,1.27369479e4,1.59587278e3,1.86966568e3,2.30755281e0,-7.26303297,67584,0,0,0,0,0,0,6626666 ns,6385545,67584,67584,139264,151555,151555
2048,28,butterfly-check,detect-only,ntt,add-output,5,1381,24,1,PASS,FAIL,no,no,1.04851072e4,1.59183422e3,1.86654857e3,2.30370565e0,-7.24853973,67584,0,0,0,0,0,0,6676959 ns,6440532,67584,67584,139264,151555,151555
2048,28,butterfly-check,detect-only,ntt,add-output,5,1381,26,1,PASS,FAIL,no,no,1.15582671e4,1.57337926e3,1.84103600e3,2.27221787e0,-7.12899943,67584,0,0,0,0,0,0,6763458 ns,6524872,67584,67584,139264,151555,151555
2048,28,butterfly-check,detect-only,ntt,add-output,5,1411,0,1,PASS,FAIL,yes,no,1.21329977e4,1.61479673e3,1.87732244e3,2.31700283e0,-7.29853128,67584,3,0,0,0,0,0,6593541 ns,6357122,67584,67584,139264,151555,151555
2048,28,butterfly-check,detect-only,ntt,add-output,5,1411,4,1,PASS,FAIL,yes,no,1.26911003e4,1.57251619e3,1.85728522e3,2.29227277e0,-7.20532590,67584,3,0,0,0,0,0,6652584 ns,6419169,67584,67584,139264,151555,151555
2048,28,butterfly-check,detect-only,ntt,add-output,5,1411,8,1,PASS,FAIL,yes,no,1.05664606e4,1.58046264e3,1.84304171e3,2.27469334e0,-7.13845711,67584,3,0,0,0,0,0,6637082 ns,6395292,67584,67584,139264,151555,151555
2048,28,butterfly-check,detect-only,ntt,add-output,5,1411,16,1,PASS,FAIL,yes,no,1.26185874e4,1.55861417e3,1.83793247e3,2.26838748e0,-7.11434482,67584,3,0,0,0,0,0,6715542 ns,6468827,67584,67584,139264,151555,151555
2048,28,butterfly-check,detect-only,ntt,add-output,5,1411,24,1,PASS,FAIL,yes,no,1.32588574e4,1.59330818e3,1.86724623e3,2.30456671e0,-7.25178567,67584,3,0,0,0,0,0,6878499 ns,6635623,67584,67584,139264,151555,151555
2048,28,butterfly-check,detect-only,ntt,add-output,5,1411,26,1,PASS,FAIL,yes,no,1.17042248e4,1.57757241e3,1.84272364e3,2.27430077e0,-7.13695797,67584,3,0,0,0,0,0,6774668 ns,6528790,67584,67584,139264,151555,151555
2048,28,butterfly-check,detect-only,ntt,add-output,10,255,0,1,PASS,FAIL,yes,no,1.31285056e4,1.60030676e3,1.87936715e3,2.31952642e0,-7.30798648,67584,3,0,0,0,0,0,6499957 ns,6262751,67584,67584,139264,151555,151555
2048,28,butterfly-check,detect-only,ntt,add-output,10,255,4,1,PASS,FAIL,yes,no,1.31577952e4,1.59401263e3,1.87611679e3,2.31551481e0,-7.29295125,67584,3,0,0,0,0,0,6622167 ns,6384748,67584,67584,139264,151555,151555
2048,28,butterfly-check,detect-only,ntt,add-output,10,255,8,1,PASS,FAIL,yes,no,9.77568143e3,1.57286692e3,1.84836346e3,2.28126147e0,-7.16350130,67584,3,0,0,0,0,0,6514793 ns,6273170,67584,67584,139264,151555,151555
2048,28,butterfly-check,detect-only,ntt,add-output,10,255,16,1,PASS,FAIL,yes,no,1.05127736e4,1.56890960e3,1.83662728e3,2.26677660e0,-7.10817443,67584,3,0,0,0,0,0,6544415 ns,6296249,67584,67584,139264,151555,151555
2048,28,butterfly-check,detect-only,ntt,add-output,10,255,24,1,PASS,FAIL,yes,no,1.17842658e4,1.58675296e3,1.86785287e3,2.30531542e0,-7.25460711,67584,3,0,0,0,0,0,6532542 ns,6296418,67584,67584,139264,151555,151555
2048,28,butterfly-check,detect-only,ntt,add-output,10,255,26,1,PASS,FAIL,yes,no,1.07190014e4,1.57057656e3,1.82051538e3,2.24689120e0,-7.03164088,67584,3,0,0,0,0,0,6521584 ns,6284037,67584,67584,139264,151555,151555
2048,28,butterfly-check,detect-only,ntt,add-output,10,533,0,1,PASS,FAIL,yes,no,1.07280977e4,1.59053740e3,1.87364106e3,2.31245924e0,-7.28148174,67584,3,0,0,0,0,0,6520041 ns,6282791,67584,67584,139264,151555,151555
2048,28,butterfly-check,detect-only,ntt,add-output,10,533,4,1,PASS,FAIL,yes,no,1.02878912e4,1.60624845e3,1.87286467e3,2.31150102e0,-7.27788177,67584,3,0,0,0,0,0,6555792 ns,6313173,67584,67584,139264,151555,151555
2048,28,butterfly-check,detect-only,ntt,add-output,10,533,8,1,PASS,FAIL,yes,no,1.12914812e4,1.54930462e3,1.79290182e3,2.21281037e0,-6.89888397,67584,3,0,0,0,0,0,6513792 ns,6273872,67584,67584,139264,151555,151555
2048,28,butterfly-check,detect-only,ntt,add-output,10,533,16,1,PASS,FAIL,yes,no,1.10606299e4,1.61162915e3,1.88677726e3,2.32867202e0,-7.34216651,67584,3,0,0,0,0,0,6535332 ns,6304333,67584,67584,139264,151555,151555
2048,28,butterfly-check,detect-only,ntt,add-output,10,533,24,1,PASS,FAIL,yes,no,1.27062011e4,1.55571452e3,1.84726103e3,2.27990084e0,-7.15831919,67584,3,0,0,0,0,0,6520667 ns,6273625,67584,67584,139264,151555,151555
2048,28,butterfly-check,detect-only,ntt,add-output,10,533,26,1,PASS,FAIL,yes,no,1.18180211e4,1.59244794e3,1.86207385e3,2.29818292e0,-7.22769186,67584,3,0,0,0,0,0,6545499 ns,6310332,67584,67584,139264,151555,151555
2048,28,butterfly-check,detect-only,ntt,add-output,10,800,0,1,PASS,FAIL,yes,no,1.12133877e4,1.60783300e3,1.87685140e3,2.31642146e0,-7.29635160,67584,3,0,0,0,0,0,6552626 ns,6313748,67584,67584,139264,151555,151555
2048,28,butterfly-check,detect-only,ntt,add-output,10,800,4,1,PASS,FAIL,yes,no,1.22082746e4,1.56226251e3,1.83030113e3,2.25896883e0,-7.07820478,67584,3,0,0,0,0,0,6565084 ns,6319125,67584,67584,139264,151555,151555
2048,28,butterfly-check,detect-only,ntt,add-output,10,800,8,1,PASS,FAIL,yes,no,1.12779277e4,1.57322552e3,1.84076232e3,2.27188010e0,-7.12770815,67584,3,0,0,0,0,0,6648958 ns,6400879,67584,67584,139264,151555,151555
2048,28,butterfly-check,detect-only,ntt,add-output,10,800,16,1,PASS,FAIL,yes,no,1.38260434e4,1.57774801e3,1.86034857e3,2.29605357e0,-7.21964035,67584,3,0,0,0,0,0,6538083 ns,6284005,67584,67584,139264,151555,151555
2048,28,butterfly-check,detect-only,ntt,add-output,10,800,24,1,PASS,FAIL,yes,no,1.11063795e4,1.59074332e3,1.85676628e3,2.29163229e0,-7.20289866,67584,3,0,0,0,0,0,6513458 ns,6278913,67584,67584,139264,151555,151555
2048,28,butterfly-check,detect-only,ntt,add-output,10,800,26,1,PASS,FAIL,yes,no,1.03826059e4,1.61310700e3,1.88860457e3,2.33092730e0,-7.35057455,67584,3,0,0,0,0,0,6496334 ns,6264043,67584,67584,139264,151555,151555
2048,28,butterfly-check,detect-only,ntt,add-output,10,1209,0,1,PASS,FAIL,no,no,1.30553361e4,1.57472648e3,1.86593890e3,2.30295319e0,-7.24570221,67584,0,0,0,0,0,0,6589917 ns,6348293,67584,67584,139264,151555,151555
2048,28,butterfly-check,detect-only,ntt,add-output,10,1209,4,1,PASS,FAIL,no,no,1.28512309e4,1.59443131e3,1.88760191e3,2.32968981e0,-7.34596199,67584,0,0,0,0,0,0,6562083 ns,6303412,67584,67584,139264,151555,151555
2048,28,butterfly-check,detect-only,ntt,add-output,10,1209,8,1,PASS,FAIL,no,no,1.26216373e4,1.59644138e3,1.87013840e3,2.30813623e0,-7.26522877,67584,0,0,0,0,0,0,6537167 ns,6283714,67584,67584,139264,151555,151555
2048,28,butterfly-check,detect-only,ntt,add-output,10,1209,16,1,PASS,FAIL,no,no,1.20716810e4,1.59407093e3,1.89385200e3,2.33740371e0,-7.37467459,67584,0,0,0,0,0,0,11439375 ns,11000544,67584,67584,139264,151555,151555
2048,28,butterfly-check,detect-only,ntt,add-output,10,1209,24,1,PASS,FAIL,no,no,1.24447347e4,1.58815808e3,1.87680574e3,2.31636511e0,-7.29614031,67584,0,0,0,0,0,0,6530125 ns,6300741,67584,67584,139264,151555,151555
2048,28,butterfly-check,detect-only,ntt,add-output,10,1209,26,1,PASS,FAIL,no,no,1.30390978e4,1.60629664e3,1.89504337e3,2.33887410e0,-7.38013691,67584,0,0,0,0,0,0,6503667 ns,6267207,67584,67584,139264,151555,151555
2048,28,butterfly-check,detect-only,ntt,add-output,10,1213,0,1,PASS,FAIL,no,no,1.07705722e4,1.55914308e3,1.83805283e3,2.26853603e0,-7.11491362,67584,0,0,0,0,0,0,6538209 ns,6299002,67584,67584,139264,151555,151555
2048,28,butterfly-check,detect-only,ntt,add-output,10,1213,4,1,PASS,FAIL,no,no,1.07444432e4,1.57827785e3,1.83578500e3,2.26573706e0,-7.10419017,67584,0,0,0,0,0,0,6582457 ns,6337037,67584,67584,139264,151555,151555
2048,28,butterfly-check,detect-only,ntt,add-output,10,1213,8,1,PASS,FAIL,no,no,1.14306052e4,1.59063471e3,1.86714308e3,2.30443939e0,-7.25130582,67584,0,0,0,0,0,0,7835791 ns,7554873,67584,67584,139264,151555,151555
2048,28,butterfly-check,detect-only,ntt,add-output,10,1213,16,1,PASS,FAIL,no,no,1.00120023e4,1.55123096e3,1.80298259e3,2.22525213e0,-6.94758451,67584,0,0,0,0,0,0,6509876 ns,6277921,67584,67584,139264,151555,151555
2048,28,butterfly-check,detect-only,ntt,add-output,10,1213,24,1,PASS,FAIL,no,no,1.21111816e4,1.59007077e3,1.87016898e3,2.30817398e0,-7.26537081,67584,0,0,0,0,0,0,6740125 ns,6448751,67584,67584,139264,151555,151555
2048,28,butterfly-check,detect-only,ntt,add-output,10,1213,26,1,PASS,FAIL,no,no,1.24473806e4,1.58046684e3,1.84892297e3,2.28195202e0,-7.16613017,67584,0,0,0,0,0,0,6551415 ns,6302125,67584,67584,139264,151555,151555
2048,28,butterfly-check,detect-only,ntt,add-output,10,1230,0,1,PASS,FAIL,no,no,1.08204418e4,1.58221418e3,1.85925049e3,2.29469832e0,-7.21451194,67584,0,0,0,0,0,0,6518708 ns,6284536,67584,67584,139264,151555,151555
2048,28,butterfly-check,detect-only,ntt,add-output,10,1230,4,1,PASS,FAIL,no,no,1.37075950e4,1.60085205e3,1.90120455e3,2.34647827e0,-7.40833075,67584,0,0,0,0,0,0,6513542 ns,6274587,67584,67584,139264,151555,151555
2048,28,butterfly-check,detect-only,ntt,add-output,10,1230,8,1,PASS,FAIL,no,no,1.07943555e4,1.59190050e3,1.84735913e3,2.28002192e0,-7.15878044,67584,0,0,0,0,0,0,6519917 ns,6286042,67584,67584,139264,151555,151555
2048,28,butterfly-check,detect-only,ntt,add-output,10,1230,16,1,PASS,FAIL,no,no,1.25691310e4,1.58067961e3,1.84502854e3,2.27714549e0,-7.14781558,67584,0,0,0,0,0,0,6549417 ns,6307962,67584,67584,139264,151555,151555
2048,28,butterfly-check,detect-only,ntt,add-output,10,1230,24,1,PASS,FAIL,no,no,1.19334155e4,1.56387310e3,1.83094972e3,2.25976933e0,-7.08128219,67584,0,0,0,0,0,0,6553666 ns,6316412,67584,67584,139264,151555,151555
2048,28,butterfly-check,detect-only,ntt,add-output,10,1230,26,1,PASS,FAIL,no,no,1.11393782e4,1.60438302e3,1.86534946e3,2.30222570e0,-7.24295795,67584,0,0,0,0,0,0,6506250 ns,6265548,67584,67584,139264,151555,151555
2048,28,butterfly-check,detect-only,ntt,add-output,10,1361,0,1,PASS,FAIL,no,no,1.23268276e4,1.57970810e3,1.86581188e3,2.30279642e0,-7.24511090,67584,0,0,0,0,0,0,6546833 ns,6286997,67584,67584,139264,151555,151555
2048,28,butterfly-check,detect-only,ntt,add-output,10,1361,4,1,PASS,FAIL,no,no,1.03704738e4,1.58584539e3,1.84295258e3,2.27458333e0,-7.13803703,67584,0,0,0,0,0,0,6540874 ns,6288124,67584,67584,139264,151555,151555
2048,28,butterfly-check,detect-only,ntt,add-output,10,1361,8,1,PASS,FAIL,no,no,1.17547129e4,1.62076157e3,1.88873323e3,2.33108610e0,-7.35116628,67584,0,0,0,0,0,0,6515919 ns,6272083,67584,67584,139264,151555,151555
2048,28,butterfly-check,detect-only,ntt,add-output,10,1361,16,1,PASS,FAIL,no,no,1.26186654e4,1.61680676e3,1.88238545e3,2.32325163e0,-7.32192500,67584,0,0,0,0,0,0,6520875 ns,6278128,67584,67584,139264,151555,151555
2048,28,butterfly-check,detect-only,ntt,add-output,10,1361,24,1,PASS,FAIL,no,no,9.90612919e3,1.60206765e3,1.85350817e3,2.28761110e0,-7.18764392,67584,0,0,0,0,0,0,6489875 ns,6261120,67584,67584,139264,151555,151555
2048,28,butterfly-check,detect-only,ntt,add-output,10,1361,26,1,PASS,FAIL,no,no,1.06974897e4,1.61487990e3,1.88304898e3,2.32407055e0,-7.32498615,67584,0,0,0,0,0,0,6543958 ns,6307379,67584,67584,139264,151555,151555
2048,28,butterfly-check,detect-only,ntt,add-output,10,2016,0,1,PASS,FAIL,no,no,1.07478234e4,1.59433742e3,1.87510663e3,2.31426806e0,-7.28827323,67584,0,0,0,0,0,0,6568001 ns,6316798,67584,67584,139264,151555,151555
2048,28,butterfly-check,detect-only,ntt,add-output,10,2016,4,1,PASS,FAIL,no,no,1.33255201e4,1.60708361e3,1.90180466e3,2.34721893e0,-7.41107197,67584,0,0,0,0,0,0,6501833 ns,6263129,67584,67584,139264,151555,151555
2048,28,butterfly-check,detect-only,ntt,add-output,10,2016,8,1,PASS,FAIL,no,no,1.21071280e4,1.56145310e3,1.82553204e3,2.25308280e0,-7.05554304,67584,0,0,0,0,0,0,6534167 ns,6285535,67584,67584,139264,151555,151555
2048,28,butterfly-check,detect-only,ntt,add-output,10,2016,16,1,PASS,FAIL,no,no,1.27610452e4,1.60337573e3,1.87155090e3,2.30987955e0,-7.27178669,67584,0,0,0,0,0,0,6510833 ns,6275207,67584,67584,139264,151555,151555
2048,28,butterfly-check,detect-only,ntt,add-output,10,2016,24,1,PASS,FAIL,no,no,1.42301038e4,1.60268457e3,1.88868679e3,2.33102878e0,-7.35095270,67584,0,0,0,0,0,0,6512876 ns,6275837,67584,67584,139264,151555,151555
2048,28,butterfly-check,detect-only,ntt,add-output,10,2016,26,1,PASS,FAIL,no,no,1.29075734e4,1.60185279e3,1.87033954e3,2.30838449e0,-7.26616295,67584,0,0,0,0,0,0,6509999 ns,6270921,67584,67584,139264,151555,151555
2048,28,butterfly-check,detect-only,ntt,sub-output,0,63,0,1,PASS,FAIL,yes,no,1.03169310e4,1.57528922e3,1.83947754e3,2.27029442e0,-7.12164363,67584,3,0,0,0,0,0,6553166 ns,6314536,67584,67584,139264,151555,151555
2048,28,butterfly-check,detect-only,ntt,sub-output,0,63,4,1,PASS,FAIL,yes,no,1.24965771e4,1.57328441e3,1.83062317e3,2.25936630e0,-7.07973295,67584,3,0,0,0,0,0,6630541 ns,6379707,67584,67584,139264,151555,151555
2048,28,butterfly-check,detect-only,ntt,sub-output,0,63,8,1,PASS,FAIL,yes,no,1.17976572e4,1.56071561e3,1.84605546e3,2.27841293e0,-7.15264872,67584,3,0,0,0,0,0,6542000 ns,6304003,67584,67584,139264,151555,151555
2048,28,butterfly-check,detect-only,ntt,sub-output,0,63,16,1,PASS,FAIL,yes,no,1.27513421e4,1.59074441e3,1.87442203e3,2.31342312e0,-7.28510143,67584,3,0,0,0,0,0,6537541 ns,6304046,67584,67584,139264,151555,151555
2048,28,butterfly-check,detect-only,ntt,sub-output,0,63,24,1,PASS,FAIL,yes,no,1.25377678e4,1.53664903e3,1.83079019e3,2.25957244e0,-7.08052539,67584,3,0,0,0,0,0,6575084 ns,6326875,67584,67584,139264,151555,151555
2048,28,butterfly-check,detect-only,ntt,sub-output,0,63,26,1,PASS,FAIL,yes,no,1.18694317e4,1.54695588e3,1.83041941e3,2.25911482e0,-7.07876608,67584,3,0,0,0,0,0,6560293 ns,6323539,67584,67584,139264,151555,151555
2048,28,butterfly-check,detect-only,ntt,sub-output,0,444,0,1,PASS,FAIL,no,no,1.25950908e4,1.59599620e3,1.86800543e3,2.30550371e0,-7.25531650,67584,0,0,0,0,0,0,6536457 ns,6306202,67584,67584,139264,151555,151555
2048,28,butterfly-check,detect-only,ntt,sub-output,0,444,4,1,PASS,FAIL,no,no,1.22370903e4,1.61158430e3,1.90316650e3,2.34889973e0,-7.41728954,67584,0,0,0,0,0,0,7534916 ns,7273334,67584,67584,139264,151555,151555
2048,28,butterfly-check,detect-only,ntt,sub-output,0,444,8,1,PASS,FAIL,no,no,1.37361476e4,1.59660750e3,1.88429350e3,2.32560654e0,-7.33072482,67584,0,0,0,0,0,0,6541164 ns,6301045,67584,67584,139264,151555,151555
2048,28,butterfly-check,detect-only,ntt,sub-output,0,444,16,1,PASS,FAIL,no,no,1.27125141e4,1.56000345e3,1.83240962e3,2.26157115e0,-7.08820509,67584,0,0,0,0,0,0,6574876 ns,6319290,67584,67584,139264,151555,151555
2048,28,butterfly-check,detect-only,ntt,sub-output,0,444,24,1,PASS,FAIL,no,no,9.76013741e3,1.59536567e3,1.84471225e3,2.27675513e0,-7.14632646,67584,0,0,0,0,0,0,6879750 ns,6622958,67584,67584,139264,151555,151555
2048,28,butterfly-check,detect-only,ntt,sub-output,0,444,26,1,PASS,FAIL,no,no,1.40137191e4,1.58583271e3,1.88723591e3,2.32923809e0,-7.34427766,67584,0,0,0,0,0,0,7110293 ns,6842087,67584,67584,139264,151555,151555
2048,28,butterfly-check,detect-only,ntt,sub-output,0,493,0,1,PASS,FAIL,yes,no,1.17033817e4,1.56325766e3,1.84732593e3,2.27998095e0,-7.15862438,67584,3,0,0,0,0,0,6652165 ns,6418249,67584,67584,139264,151555,151555
2048,28,butterfly-check,detect-only,ntt,sub-output,0,493,4,1,PASS,FAIL,yes,no,1.12170603e4,1.60474018e3,1.87151881e3,2.30983995e0,-7.27163776,67584,3,0,0,0,0,0,6597916 ns,6347117,67584,67584,139264,151555,151555
2048,28,butterfly-check,detect-only,ntt,sub-output,0,493,8,1,PASS,FAIL,yes,no,1.33350623e4,1.59063615e3,1.87173885e3,2.31011153e0,-7.27265894,67584,3,0,0,0,0,0,6574083 ns,6329914,67584,67584,139264,151555,151555
2048,28,butterfly-check,detect-only,ntt,sub-output,0,493,16,1,PASS,FAIL,yes,no,1.31708531e4,1.58901966e3,1.88101451e3,2.32155960e0,-7.31559675,67584,3,0,0,0,0,0,6587377 ns,6352460,67584,67584,139264,151555,151555
2048,28,butterfly-check,detect-only,ntt,sub-output,0,493,24,1,PASS,FAIL,yes,no,1.11075118e4,1.56187388e3,1.83076361e3,2.25953964e0,-7.08039928,67584,3,0,0,0,0,0,6551500 ns,6306253,67584,67584,139264,151555,151555
2048,28,butterfly-check,detect-only,ntt,sub-output,0,493,26,1,PASS,FAIL,yes,no,1.07667161e4,1.57715261e3,1.85286374e3,2.28681574e0,-7.18462347,67584,3,0,0,0,0,0,6547375 ns,6318711,67584,67584,139264,151555,151555
2048,28,butterfly-check,detect-only,ntt,sub-output,0,1046,0,1,PASS,FAIL,no,no,1.14262740e4,1.61540065e3,1.89300475e3,2.33635802e0,-7.37078789,67584,0,0,0,0,0,0,6652208 ns,6409671,67584,67584,139264,151555,151555
2048,28,butterfly-check,detect-only,ntt,sub-output,0,1046,4,1,PASS,FAIL,no,no,1.15413828e4,1.60794887e3,1.86757740e3,2.30497543e0,-7.25332602,67584,0,0,0,0,0,0,6542876 ns,6300408,67584,67584,139264,151555,151555
2048,28,butterfly-check,detect-only,ntt,sub-output,0,1046,8,1,PASS,FAIL,no,no,1.26596113e4,1.57478920e3,1.86065109e3,2.29642694e0,-7.22105266,67584,0,0,0,0,0,0,6546292 ns,6294373,67584,67584,139264,151555,151555
2048,28,butterfly-check,detect-only,ntt,sub-output,0,1046,16,1,PASS,FAIL,no,no,1.18618394e4,1.57073358e3,1.84372151e3,2.27553235e0,-7.14166028,67584,0,0,0,0,0,0,6539541 ns,6299791,67584,67584,139264,151555,151555
2048,28,butterfly-check,detect-only,ntt,sub-output,0,1046,24,1,PASS,FAIL,no,no,1.25482633e4,1.56654539e3,1.84759387e3,2.28031164e0,-7.15988409,67584,0,0,0,0,0,0,6558166 ns,6330459,67584,67584,139264,151555,151555
2048,28,butterfly-check,detect-only,ntt,sub-output,0,1046,26,1,PASS,FAIL,no,no,1.39097802e4,1.60065570e3,1.87745465e3,2.31716600e0,-7.29914294,67584,0,0,0,0,0,0,6555582 ns,6317797,67584,67584,139264,151555,151555
2048,28,butterfly-check,detect-only,ntt,sub-output,0,1424,0,1,PASS,FAIL,no,no,1.33288870e4,1.58120413e3,1.86309417e3,2.29944220e0,-7.23244995,67584,0,0,0,0,0,0,6515458 ns,6282582,67584,67584,139264,151555,151555
2048,28,butterfly-check,detect-only,ntt,sub-output,0,1424,4,1,PASS,FAIL,no,no,1.18269264e4,1.57809227e3,1.83265611e3,2.26187536e0,-7.08937340,67584,0,0,0,0,0,0,6526583 ns,6296043,67584,67584,139264,151555,151555
2048,28,butterfly-check,detect-only,ntt,sub-output,0,1424,8,1,PASS,FAIL,no,no,1.00425021e4,1.62122128e3,1.87698762e3,2.31658959e0,-7.29698200,67584,0,0,0,0,0,0,6578043 ns,6332542,67584,67584,139264,151555,151555
2048,28,butterfly-check,detect-only,ntt,sub-output,0,1424,16,1,PASS,FAIL,no,no,1.44553376e4,1.61775584e3,1.89593776e3,2.33997797e0,-7.38423538,67584,0,0,0,0,0,0,7175749 ns,6930163,67584,67584,139264,151555,151555
2048,28,butterfly-check,detect-only,ntt,sub-output,0,1424,24,1,PASS,FAIL,no,no,1.11113693e4,1.55753850e3,1.82269651e3,2.24958316e0,-7.04204105,67584,0,0,0,0,0,0,6573417 ns,6330623,67584,67584,139264,151555,151555
2048,28,butterfly-check,detect-only,ntt,sub-output,0,1424,26,1,PASS,FAIL,no,no,1.15238508e4,1.58135254e3,1.83147104e3,2.26041274e0,-7.08375494,67584,0,0,0,0,0,0,6558292 ns,6321378,67584,67584,139264,151555,151555
2048,28,butterfly-check,detect-only,ntt,sub-output,0,1688,0,1,PASS,FAIL,no,no,1.18639690e4,1.57836531e3,1.85075267e3,2.28421026e0,-7.17472155,67584,0,0,0,0,0,0,6564791 ns,6325247,67584,67584,139264,151555,151555
2048,28,butterfly-check,detect-only,ntt,sub-output,0,1688,4,1,PASS,FAIL,no,no,1.14873511e4,1.55584347e3,1.81073448e3,2.23481956e0,-6.98484926,67584,0,0,0,0,0,0,6567293 ns,6321665,67584,67584,139264,151555,151555
2048,28,butterfly-check,detect-only,ntt,sub-output,0,1688,8,1,PASS,FAIL,no,no,1.26748578e4,1.57959775e3,1.87284779e3,2.31148019e0,-7.27780350,67584,0,0,0,0,0,0,6678291 ns,6433579,67584,67584,139264,151555,151555
2048,28,butterfly-check,detect-only,ntt,sub-output,0,1688,16,1,PASS,FAIL,no,no,1.15594321e4,1.59839419e3,1.86662928e3,2.30380525e0,-7.24891529,67584,0,0,0,0,0,0,6635124 ns,6398083,67584,67584,139264,151555,151555
2048,28,butterfly-check,detect-only,ntt,sub-output,0,1688,24,1,PASS,FAIL,no,no,1.26512108e4,1.58395274e3,1.86215112e3,2.29827829e0,-7.22805229,67584,0,0,0,0,0,0,6901501 ns,6662792,67584,67584,139264,151555,151555
2048,28,butterfly-check,detect-only,ntt,sub-output,0,1688,26,1,PASS,FAIL,no,no,1.29705236e4,1.60792137e3,1.88818064e3,2.33040409e0,-7.34862466,67584,0,0,0,0,0,0,6547375 ns,6310834,67584,67584,139264,151555,151555
2048,28,butterfly-check,detect-only,ntt,sub-output,0,1760,0,1,PASS,FAIL,no,no,1.30909210e4,1.60419676e3,1.87726990e3,2.31693798e0,-7.29828816,67584,0,0,0,0,0,0,6718251 ns,6483419,67584,67584,139264,151555,151555
2048,28,butterfly-check,detect-only,ntt,sub-output,0,1760,4,1,PASS,FAIL,no,no,1.10746359e4,1.57655624e3,1.85053265e3,2.28393871e0,-7.17368889,67584,0,0,0,0,0,0,6535417 ns,6300156,67584,67584,139264,151555,151555
2048,28,butterfly-check,detect-only,ntt,sub-output,0,1760,8,1,PASS,FAIL,no,no,1.07754270e4,1.62684399e3,1.89325000e3,2.33666072e0,-7.37191315,67584,0,0,0,0,0,0,6571791 ns,6326835,67584,67584,139264,151555,151555
2048,28,butterfly-check,detect-only,ntt,sub-output,0,1760,16,1,PASS,FAIL,no,no,1.21949971e4,1.57636319e3,1.82615327e3,2.25384953e0,-7.05849836,67584,0,0,0,0,0,0,6574541 ns,6335706,67584,67584,139264,151555,151555
2048,28,butterfly-check,detect-only,ntt,sub-output,0,1760,24,1,PASS,FAIL,no,no,1.10900578e4,1.56486076e3,1.84578800e3,2.27808283e0,-7.15139020,67584,0,0,0,0,0,0,6555333 ns,6316000,67584,67584,139264,151555,151555
2048,28,butterfly-check,detect-only,ntt,sub-output,0,1760,26,1,PASS,FAIL,no,no,1.17500337e4,1.58407350e3,1.84353999e3,2.27530831e0,-7.14080507,67584,0,0,0,0,0,0,6534915 ns,6301086,67584,67584,139264,151555,151555
2048,28,butterfly-check,detect-only,ntt,sub-output,0,1773,0,1,PASS,FAIL,yes,no,1.27125658e4,1.63662978e3,1.90014145e3,2.34516618e0,-7.40347245,67584,3,0,0,0,0,0,6557126 ns,6312420,67584,67584,139264,151555,151555
2048,28,butterfly-check,detect-only,ntt,sub-output,0,1773,4,1,PASS,FAIL,yes,no,1.01188193e4,1.59016570e3,1.84970992e3,2.28292328e0,-7.16982634,67584,3,0,0,0,0,0,6583165 ns,6343499,67584,67584,139264,151555,151555
2048,28,butterfly-check,detect-only,ntt,sub-output,0,1773,8,1,PASS,FAIL,yes,no,9.90706784e3,1.57563052e3,1.84845529e3,2.28137481e0,-7.16393286,67584,3,0,0,0,0,0,6564000 ns,6315998,67584,67584,139264,151555,151555
2048,28,butterfly-check,detect-only,ntt,sub-output,0,1773,16,1,PASS,FAIL,yes,no,1.25462369e4,1.55977351e3,1.89429454e3,2.33794989e0,-7.37670397,67584,3,0,0,0,0,0,6554084 ns,6306793,67584,67584,139264,151555,151555
2048,28,butterfly-check,detect-only,ntt,sub-output,0,1773,24,1,PASS,FAIL,yes,no,1.05480290e4,1.61336333e3,1.87210757e3,2.31056660e0,-7.27436981,67584,3,0,0,0,0,0,6559041 ns,6324913,67584,67584,139264,151555,151555
2048,28,butterfly-check,detect-only,ntt,sub-output,0,1773,26,1,PASS,FAIL,yes,no,1.26250430e4,1.59775924e3,1.86107234e3,2.29694685e0,-7.22301892,67584,3,0,0,0,0,0,6577917 ns,6332921,67584,67584,139264,151555,151555
2048,28,butterfly-check,detect-only,ntt,sub-output,5,189,0,1,PASS,FAIL,yes,no,1.12700514e4,1.58490149e3,1.83980693e3,2.27070095e0,-7.12319883,67584,3,0,0,0,0,0,6516833 ns,6284127,67584,67584,139264,151555,151555
2048,28,butterfly-check,detect-only,ntt,sub-output,5,189,4,1,PASS,FAIL,yes,no,1.21736074e4,1.55354276e3,1.82082908e3,2.24727837e0,-7.03313744,67584,3,0,0,0,0,0,6543582 ns,6290168,67584,67584,139264,151555,151555
2048,28,butterfly-check,detect-only,ntt,sub-output,5,189,8,1,PASS,FAIL,yes,no,1.24013774e4,1.60412188e3,1.89586777e3,2.33989159e0,-7.38391471,67584,3,0,0,0,0,0,6558791 ns,6311290,67584,67584,139264,151555,151555
2048,28,butterfly-check,detect-only,ntt,sub-output,5,189,16,1,PASS,FAIL,yes,no,1.34839028e4,1.59473322e3,1.88298662e3,2.32399359e0,-7.32469853,67584,3,0,0,0,0,0,6896168 ns,6646666,67584,67584,139264,151555,151555
2048,28,butterfly-check,detect-only,ntt,sub-output,5,189,24,1,PASS,FAIL,yes,no,1.12459503e4,1.59547626e3,1.84962797e3,2.28282213e0,-7.16944150,67584,3,0,0,0,0,0,6566501 ns,6336297,67584,67584,139264,151555,151555
2048,28,butterfly-check,detect-only,ntt,sub-output,5,189,26,1,PASS,FAIL,yes,no,1.17096512e4,1.58288838e3,1.85829913e3,2.29352414e0,-7.21006632,67584,3,0,0,0,0,0,6593251 ns,6351126,67584,67584,139264,151555,151555
2048,28,butterfly-check,detect-only,ntt,sub-output,5,621,0,1,PASS,FAIL,yes,no,1.06165656e4,1.58989056e3,1.86300690e3,2.29933450e0,-7.23204312,67584,3,0,0,0,0,0,6527626 ns,6292832,67584,67584,139264,151555,151555
2048,28,butterfly-check,detect-only,ntt,sub-output,5,621,4,1,PASS,FAIL,yes,no,1.10819021e4,1.59074994e3,1.85669928e3,2.29154959e0,-7.20258522,67584,3,0,0,0,0,0,6654210 ns,6410001,67584,67584,139264,151555,151555
2048,28,butterfly-check,detect-only,ntt,sub-output,5,621,8,1,PASS,FAIL,yes,no,1.27597514e4,1.62174162e3,1.89789104e3,2.34238871e0,-7.39317933,67584,3,0,0,0,0,0,7341084 ns,7093624,67584,67584,139264,151555,151555
2048,28,butterfly-check,detect-only,ntt,sub-output,5,621,16,1,PASS,FAIL,yes,no,1.32735615e4,1.54782602e3,1.84729737e3,2.27994570e0,-7.15849008,67584,3,0,0,0,0,0,6507957 ns,6277878,67584,67584,139264,151555,151555
2048,28,butterfly-check,detect-only,ntt,sub-output,5,621,24,1,PASS,FAIL,yes,no,1.05064957e4,1.59494044e3,1.85993826e3,2.29554716e0,-7.21772438,67584,3,0,0,0,0,0,6581832 ns,6346546,67584,67584,139264,151555,151555
2048,28,butterfly-check,detect-only,ntt,sub-output,5,621,26,1,PASS,FAIL,yes,no,1.19480340e4,1.59213159e3,1.87344089e3,2.31221220e0,-7.28055375,67584,3,0,0,0,0,0,6655584 ns,6395461,67584,67584,139264,151555,151555
2048,28,butterfly-check,detect-only,ntt,sub-output,5,730,0,1,PASS,FAIL,no,no,1.25100281e4,1.60717241e3,1.88226020e3,2.32309704e0,-7.32134703,67584,0,0,0,0,0,0,6569042 ns,6336119,67584,67584,139264,151555,151555
2048,28,butterfly-check,detect-only,ntt,sub-output,5,730,4,1,PASS,FAIL,no,no,1.36530279e4,1.60086838e3,1.87717922e3,2.31682606e0,-7.29786858,67584,0,0,0,0,0,0,6816334 ns,6585623,67584,67584,139264,151555,151555
2048,28,butterfly-check,detect-only,ntt,sub-output,5,730,8,1,PASS,FAIL,no,no,1.02517353e4,1.56098903e3,1.81957436e3,2.24572979e0,-7.02715002,67584,0,0,0,0,0,0,6621540 ns,6382292,67584,67584,139264,151555,151555
2048,28,butterfly-check,detect-only,ntt,sub-output,5,730,16,1,PASS,FAIL,no,no,1.34221936e4,1.58074316e3,1.86046440e3,2.29619652e0,-7.22018110,67584,0,0,0,0,0,0,6536749 ns,6297377,67584,67584,139264,151555,151555
2048,28,butterfly-check,detect-only,ntt,sub-output,5,730,24,1,PASS,FAIL,no,no,9.97562520e3,1.57083497e3,1.82374970e3,2.25088302e0,-7.04705848,67584,0,0,0,0,0,0,6538831 ns,6298378,67584,67584,139264,151555,151555
2048,28,butterfly-check,detect-only,ntt,sub-output,5,730,26,1,PASS,FAIL,no,no,1.27116758e4,1.53484289e3,1.81582170e3,2.24109823e0,-7.00921785,67584,0,0,0,0,0,0,6525125 ns,6286285,67584,67584,139264,151555,151555
2048,28,butterfly-check,detect-only,ntt,sub-output,5,1066,0,1,PASS,FAIL,yes,no,1.25338298e4,1.57612305e3,1.85109860e3,2.28463720e0,-7.17634489,67584,3,0,0,0,0,0,6522250 ns,6286499,67584,67584,139264,151555,151555
2048,28,butterfly-check,detect-only,ntt,sub-output,5,1066,4,1,PASS,FAIL,yes,no,1.23704623e4,1.62220250e3,1.89270773e3,2.33599145e0,-7.36942496,67584,3,0,0,0,0,0,6922626 ns,6663708,67584,67584,139264,151555,151555
2048,28,butterfly-check,detect-only,ntt,sub-output,5,1066,8,1,PASS,FAIL,yes,no,1.25755269e4,1.55274065e3,1.84535051e3,2.27754287e0,-7.14933121,67584,3,0,0,0,0,0,6591289 ns,6340334,67584,67584,139264,151555,151555
2048,28,butterfly-check,detect-only,ntt,sub-output,5,1066,16,1,PASS,FAIL,yes,no,1.24123787e4,1.59042610e3,1.88083485e3,2.32133786e0,-7.31476708,67584,3,0,0,0,0,0,6549542 ns,6315034,67584,67584,139264,151555,151555
2048,28,butterfly-check,detect-only,ntt,sub-output,5,1066,24,1,PASS,FAIL,yes,no,1.25320362e4,1.58639119e3,1.87143541e3,2.30973701e0,-7.27125067,67584,3,0,0,0,0,0,6564207 ns,6325624,67584,67584,139264,151555,151555
2048,28,butterfly-check,detect-only,ntt,sub-output,5,1066,26,1,PASS,FAIL,yes,no,1.19527884e4,1.60084970e3,1.86090761e3,2.29674354e0,-7.22225006,67584,3,0,0,0,0,0,6781416 ns,6508959,67584,67584,139264,151555,151555
2048,28,butterfly-check,detect-only,ntt,sub-output,5,1096,0,1,PASS,FAIL,no,no,1.22885658e4,1.62155333e3,1.88782442e3,2.32996443e0,-7.34698584,67584,0,0,0,0,0,0,6792915 ns,6550418,67584,67584,139264,151555,151555
2048,28,butterfly-check,detect-only,ntt,sub-output,5,1096,4,1,PASS,FAIL,no,no,1.22043196e4,1.56648986e3,1.83344637e3,2.26285072e0,-7.09311807,67584,0,0,0,0,0,0,6524750 ns,6294332,67584,67584,139264,151555,151555
2048,28,butterfly-check,detect-only,ntt,sub-output,5,1096,8,1,PASS,FAIL,no,no,1.23389291e4,1.58882938e3,1.85851893e3,2.29379542e0,-7.21109363,67584,0,0,0,0,0,0,6533542 ns,6304748,67584,67584,139264,151555,151555
2048,28,butterfly-check,detect-only,ntt,sub-output,5,1096,16,1,PASS,FAIL,no,no,1.24888855e4,1.58611377e3,1.88642650e3,2.32823912e0,-7.34055162,67584,0,0,0,0,0,0,6527792 ns,6282792,67584,67584,139264,151555,151555
2048,28,butterfly-check,detect-only,ntt,sub-output,5,1096,24,1,PASS,FAIL,no,no,1.26173809e4,1.57746165e3,1.84369498e3,2.27549961e0,-7.14153529,67584,0,0,0,0,0,0,6586876 ns,6343834,67584,67584,139264,151555,151555
2048,28,butterfly-check,detect-only,ntt,sub-output,5,1096,26,1,PASS,FAIL,no,no,1.28658622e4,1.58162567e3,1.84994720e3,2.28321613e0,-7.17094049,67584,0,0,0,0,0,0,6548417 ns,6301085,67584,67584,139264,151555,151555
2048,28,butterfly-check,detect-only,ntt,sub-output,5,1296,0,1,PASS,FAIL,no,no,1.05023831e4,1.57754058e3,1.84492505e3,2.27701777e0,-7.14732840,67584,0,0,0,0,0,0,6547209 ns,6312877,67584,67584,139264,151555,151555
2048,28,butterfly-check,detect-only,ntt,sub-output,5,1296,4,1,PASS,FAIL,no,no,1.21120776e4,1.59897933e3,1.87239564e3,2.31092214e0,-7.27570627,67584,0,0,0,0,0,0,6584668 ns,6332461,67584,67584,139264,151555,151555
2048,28,butterfly-check,detect-only,ntt,sub-output,5,1296,8,1,PASS,FAIL,no,no,1.36769555e4,1.60456603e3,1.87723257e3,2.31689190e0,-7.29811544,67584,0,0,0,0,0,0,6556832 ns,6304671,67584,67584,139264,151555,151555
2048,28,butterfly-check,detect-only,ntt,sub-output,5,1296,16,1,PASS,FAIL,no,no,1.26758352e4,1.60183017e3,1.86563166e3,2.30257399e0,-7.24427189,67584,0,0,0,0,0,0,6527208 ns,6290624,67584,67584,139264,151555,151555
2048,28,butterfly-check,detect-only,ntt,sub-output,5,1296,24,1,PASS,FAIL,no,no,1.28889828e4,1.57985551e3,1.87698186e3,2.31658248e0,-7.29695535,67584,0,0,0,0,0,0,6598583 ns,6355705,67584,67584,139264,151555,151555
2048,28,butterfly-check,detect-only,ntt,sub-output,5,1296,26,1,PASS,FAIL,no,no,1.15322210e4,1.56342940e3,1.85447604e3,2.28880566e0,-7.19217837,67584,0,0,0,0,0,0,6529999 ns,6293208,67584,67584,139264,151555,151555
2048,28,butterfly-check,detect-only,ntt,sub-output,5,1381,0,1,PASS,FAIL,yes,no,1.20998423e4,1.60260399e3,1.88413104e3,2.32540604e0,-7.32997594,67584,3,0,0,0,0,0,6660165 ns,6414413,67584,67584,139264,151555,151555
2048,28,butterfly-check,detect-only,ntt,sub-output,5,1381,4,1,PASS,FAIL,yes,no,1.26844030e4,1.57024300e3,1.84009413e3,2.27105541e0,-7.12455461,67584,3,0,0,0,0,0,7148250 ns,6868375,67584,67584,139264,151555,151555
2048,28,butterfly-check,detect-only,ntt,sub-output,5,1381,8,1,PASS,FAIL,yes,no,1.04857398e4,1.58189456e3,1.84150300e3,2.27279426e0,-7.13120247,67584,3,0,0,0,0,0,6532123 ns,6297418,67584,67584,139264,151555,151555
2048,28,butterfly-check,detect-only,ntt,sub-output,5,1381,16,1,PASS,FAIL,yes,no,1.34046199e4,1.58542980e3,1.86573324e3,2.30269937e0,-7.24474483,67584,3,0,0,0,0,0,6512875 ns,6277799,67584,67584,139264,151555,151555
2048,28,butterfly-check,detect-only,ntt,sub-output,5,1381,24,1,PASS,FAIL,yes,no,1.34368881e4,1.60447608e3,1.90197831e3,2.34743325e0,-7.41186505,67584,3,0,0,0,0,0,6533541 ns,6299417,67584,67584,139264,151555,151555
2048,28,butterfly-check,detect-only,ntt,sub-output,5,1381,26,1,PASS,FAIL,yes,no,1.29723887e4,1.55342213e3,1.82277945e3,2.24968553e0,-7.04243628,67584,3,0,0,0,0,0,6547125 ns,6306627,67584,67584,139264,151555,151555
2048,28,butterfly-check,detect-only,ntt,sub-output,5,1411,0,1,PASS,FAIL,no,no,1.15024921e4,1.58458477e3,1.85386517e3,2.28805172e0,-7.18931673,67584,0,0,0,0,0,0,6565581 ns,6333544,67584,67584,139264,151555,151555
2048,28,butterfly-check,detect-only,ntt,sub-output,5,1411,4,1,PASS,FAIL,no,no,1.15352232e4,1.56479136e3,1.84588718e3,2.27820523e0,-7.15185691,67584,0,0,0,0,0,0,6549958 ns,6311416,67584,67584,139264,151555,151555
2048,28,butterfly-check,detect-only,ntt,sub-output,5,1411,8,1,PASS,FAIL,no,no,1.16331162e4,1.58195296e3,1.85317162e3,2.28719574e0,-7.18606666,67584,0,0,0,0,0,0,6575708 ns,6332043,67584,67584,139264,151555,151555
2048,28,butterfly-check,detect-only,ntt,sub-output,5,1411,16,1,PASS,FAIL,no,no,1.14433237e4,1.59172381e3,1.87740838e3,2.31710889e0,-7.29892886,67584,0,0,0,0,0,0,6575833 ns,6319377,67584,67584,139264,151555,151555
2048,28,butterfly-check,detect-only,ntt,sub-output,5,1411,24,1,PASS,FAIL,no,no,1.32870057e4,1.55867116e3,1.84146258e3,2.27274437e0,-7.13101180,67584,0,0,0,0,0,0,6570499 ns,6324879,67584,67584,139264,151555,151555
2048,28,butterfly-check,detect-only,ntt,sub-output,5,1411,26,1,PASS,FAIL,no,no,1.30728582e4,1.59913715e3,1.87566693e3,2.31495958e0,-7.29086826,67584,0,0,0,0,0,0,6549542 ns,6311332,67584,67584,139264,151555,151555
2048,28,butterfly-check,detect-only,ntt,sub-output,10,255,0,1,PASS,FAIL,no,no,1.35288738e4,1.57740900e3,1.85267999e3,2.28658896e0,-7.18376206,67584,0,0,0,0,0,0,6505458 ns,6270793,67584,67584,139264,151555,151555
2048,28,butterfly-check,detect-only,ntt,sub-output,10,255,4,1,PASS,FAIL,no,no,1.32183655e4,1.59683912e3,1.87355136e3,2.31234853e0,-7.28106589,67584,0,0,0,0,0,0,6562125 ns,6314916,67584,67584,139264,151555,151555
2048,28,butterfly-check,detect-only,ntt,sub-output,10,255,8,1,PASS,FAIL,no,no,1.24638786e4,1.61048865e3,1.87647474e3,2.31595659e0,-7.29460829,67584,0,0,0,0,0,0,6552834 ns,6307711,67584,67584,139264,151555,151555
2048,28,butterfly-check,detect-only,ntt,sub-output,10,255,16,1,PASS,FAIL,no,no,1.07324907e4,1.54853281e3,1.81518230e3,2.24030908e0,-7.00615880,67584,0,0,0,0,0,0,6532665 ns,6292581,67584,67584,139264,151555,151555
2048,28,butterfly-check,detect-only,ntt,sub-output,10,255,24,1,PASS,FAIL,no,no,1.38066816e4,1.58892425e3,1.89009712e3,2.33276942e0,-7.35743626,67584,0,0,0,0,0,0,6566167 ns,6325459,67584,67584,139264,151555,151555
2048,28,butterfly-check,detect-only,ntt,sub-output,10,255,26,1,PASS,FAIL,no,no,1.04441807e4,1.56841831e3,1.81581751e3,2.24109306e0,-7.00919781,67584,0,0,0,0,0,0,6595293 ns,6335709,67584,67584,139264,151555,151555
2048,28,butterfly-check,detect-only,ntt,sub-output,10,533,0,1,PASS,FAIL,no,no,1.23658361e4,1.60516334e3,1.86590161e3,2.30290717e0,-7.24552864,67584,0,0,0,0,0,0,6869832 ns,6536707,67584,67584,139264,151555,151555
2048,28,butterfly-check,detect-only,ntt,sub-output,10,533,4,1,PASS,FAIL,no,no,1.16903470e4,1.59896013e3,1.86427530e3,2.30089997e0,-7.23795477,67584,0,0,0,0,0,0,6534085 ns,6303877,67584,67584,139264,151555,151555
2048,28,butterfly-check,detect-only,ntt,sub-output,10,533,8,1,PASS,FAIL,no,no,1.25192196e4,1.60930058e3,1.87100623e3,2.30920732e0,-7.26925852,67584,0,0,0,0,0,0,6569750 ns,6319711,67584,67584,139264,151555,151555
2048,28,butterfly-check,detect-only,ntt,sub-output,10,533,16,1,PASS,FAIL,no,no,1.33353774e4,1.58660999e3,1.85184227e3,2.28555505e0,-7.17983371,67584,0,0,0,0,0,0,6764375 ns,6442833,67584,67584,139264,151555,151555
2048,28,butterfly-check,detect-only,ntt,sub-output,10,533,24,1,PASS,FAIL,no,no,1.11524923e4,1.57177240e3,1.84712457e3,2.27973243e0,-7.15767754,67584,0,0,0,0,0,0,6558207 ns,6322838,67584,67584,139264,151555,151555
2048,28,butterfly-check,detect-only,ntt,sub-output,10,533,26,1,PASS,FAIL,no,no,1.30797746e4,1.58926566e3,1.86149826e3,2.29747252e0,-7.22500652,67584,0,0,0,0,0,0,6522415 ns,6284463,67584,67584,139264,151555,151555
2048,28,butterfly-check,detect-only,ntt,sub-output,10,800,0,1,PASS,FAIL,no,no,1.06687538e4,1.57516299e3,1.82825402e3,2.25644228e0,-7.06848456,67584,0,0,0,0,0,0,6517291 ns,6276874,67584,67584,139264,151555,151555
2048,28,butterfly-check,detect-only,ntt,sub-output,10,800,4,1,PASS,FAIL,no,no,1.14169386e4,1.57521914e3,1.83884374e3,2.26951218e0,-7.11865034,67584,0,0,0,0,0,0,6609292 ns,6335242,67584,67584,139264,151555,151555
2048,28,butterfly-check,detect-only,ntt,sub-output,10,800,8,1,PASS,FAIL,no,no,1.14686315e4,1.57920366e3,1.83581650e3,2.26577594e0,-7.10433921,67584,0,0,0,0,0,0,6543458 ns,6311539,67584,67584,139264,151555,151555
2048,28,butterfly-check,detect-only,ntt,sub-output,10,800,16,1,PASS,FAIL,no,no,1.03899306e4,1.61984794e3,1.88456034e3,2.32593588e0,-7.33195476,67584,0,0,0,0,0,0,6528375 ns,6279705,67584,67584,139264,151555,151555
2048,28,butterfly-check,detect-only,ntt,sub-output,10,800,24,1,PASS,FAIL,no,no,1.19419445e4,1.55519048e3,1.83539606e3,2.26525703e0,-7.10234974,67584,0,0,0,0,0,0,6595418 ns,6346630,67584,67584,139264,151555,151555
2048,28,butterfly-check,detect-only,ntt,sub-output,10,800,26,1,PASS,FAIL,no,no,1.38195422e4,1.56046721e3,1.83038008e3,2.25906628e0,-7.07857945,67584,0,0,0,0,0,0,6544918 ns,6308919,67584,67584,139264,151555,151555
2048,28,butterfly-check,detect-only,ntt,sub-output,10,1209,0,1,PASS,FAIL,yes,no,1.11826062e4,1.58970195e3,1.86202805e3,2.29812639e0,-7.22747820,67584,3,0,0,0,0,0,6560501 ns,6309830,67584,67584,139264,151555,151555
2048,28,butterfly-check,detect-only,ntt,sub-output,10,1209,4,1,PASS,FAIL,yes,no,1.16304758e4,1.56762083e3,1.84468298e3,2.27671901e0,-7.14618867,67584,3,0,0,0,0,0,6577915 ns,6334041,67584,67584,139264,151555,151555
2048,28,butterfly-check,detect-only,ntt,sub-output,10,1209,8,1,PASS,FAIL,yes,no,1.18481568e4,1.59728481e3,1.84573380e3,2.27801593e0,-7.15113512,67584,3,0,0,0,0,0,6552292 ns,6311627,67584,67584,139264,151555,151555
2048,28,butterfly-check,detect-only,ntt,sub-output,10,1209,16,1,PASS,FAIL,yes,no,1.18324222e4,1.57745740e3,1.84610593e3,2.27847522e0,-7.15288618,67584,3,0,0,0,0,0,6558501 ns,6316541,67584,67584,139264,151555,151555
2048,28,butterfly-check,detect-only,ntt,sub-output,10,1209,24,1,PASS,FAIL,yes,no,1.20869875e4,1.62858665e3,1.88819020e3,2.33041588e0,-7.34866862,67584,3,0,0,0,0,0,6564833 ns,6319334,67584,67584,139264,151555,151555
2048,28,butterfly-check,detect-only,ntt,sub-output,10,1209,26,1,PASS,FAIL,yes,no,1.15661159e4,1.60969256e3,1.88130805e3,2.32192189e0,-7.31695211,67584,3,0,0,0,0,0,6557333 ns,6306626,67584,67584,139264,151555,151555
2048,28,butterfly-check,detect-only,ntt,sub-output,10,1213,0,1,PASS,FAIL,yes,no,1.11134576e4,1.60256537e3,1.87875458e3,2.31877039e0,-7.30515490,67584,3,0,0,0,0,0,6573918 ns,6321997,67584,67584,139264,151555,151555
2048,28,butterfly-check,detect-only,ntt,sub-output,10,1213,4,1,PASS,FAIL,yes,no,1.25846845e4,1.55120593e3,1.80612750e3,2.22913359e0,-6.96272192,67584,3,0,0,0,0,0,6565625 ns,6315420,67584,67584,139264,151555,151555
2048,28,butterfly-check,detect-only,ntt,sub-output,10,1213,8,1,PASS,FAIL,yes,no,1.15873159e4,1.56941408e3,1.83552194e3,2.26541240e0,-7.10294545,67584,3,0,0,0,0,0,6553373 ns,6316086,67584,67584,139264,151555,151555
2048,28,butterfly-check,detect-only,ntt,sub-output,10,1213,16,1,PASS,FAIL,yes,no,1.14720271e4,1.60919863e3,1.89929190e3,2.34411767e0,-7.39958816,67584,3,0,0,0,0,0,6530665 ns,6289587,67584,67584,139264,151555,151555
2048,28,butterfly-check,detect-only,ntt,sub-output,10,1213,24,1,PASS,FAIL,yes,no,1.23850617e4,1.58321443e3,1.85281862e3,2.28676006e0,-7.18441198,67584,3,0,0,0,0,0,6544334 ns,6287286,67584,67584,139264,151555,151555
2048,28,butterfly-check,detect-only,ntt,sub-output,10,1213,26,1,PASS,FAIL,yes,no,1.26726423e4,1.56385026e3,1.84841167e3,2.28132097e0,-7.16372786,67584,3,0,0,0,0,0,6805875 ns,6574580,67584,67584,139264,151555,151555
2048,28,butterfly-check,detect-only,ntt,sub-output,10,1230,0,1,PASS,FAIL,yes,no,1.05451968e4,1.58018601e3,1.83046080e3,2.25916590e0,-7.07896247,67584,3,0,0,0,0,0,6775708 ns,6522453,67584,67584,139264,151555,151555
2048,28,butterfly-check,detect-only,ntt,sub-output,10,1230,4,1,PASS,FAIL,yes,no,1.11914686e4,1.59494458e3,1.87550314e3,2.31475743e0,-7.29010974,67584,3,0,0,0,0,0,6551292 ns,6308953,67584,67584,139264,151555,151555
2048,28,butterfly-check,detect-only,ntt,sub-output,10,1230,8,1,PASS,FAIL,yes,no,1.19039366e4,1.57749834e3,1.85126306e3,2.28484018e0,-7.17711656,67584,3,0,0,0,0,0,6622668 ns,6386712,67584,67584,139264,151555,151555
2048,28,butterfly-check,detect-only,ntt,sub-output,10,1230,16,1,PASS,FAIL,yes,no,1.27353697e4,1.57078207e3,1.84744674e3,2.28013005e0,-7.15919237,67584,3,0,0,0,0,0,6535917 ns,6298378,67584,67584,139264,151555,151555
2048,28,butterfly-check,detect-only,ntt,sub-output,10,1230,24,1,PASS,FAIL,yes,no,1.17459549e4,1.61235224e3,1.88174397e3,2.32245991e0,-7.31896451,67584,3,0,0,0,0,0,6689541 ns,6452629,67584,67584,139264,151555,151555
2048,28,butterfly-check,detect-only,ntt,sub-output,10,1230,26,1,PASS,FAIL,yes,no,1.14560810e4,1.59075933e3,1.88193463e3,2.32269521e0,-7.31984450,67584,3,0,0,0,0,0,6577041 ns,6343752,67584,67584,139264,151555,151555
2048,28,butterfly-check,detect-only,ntt,sub-output,10,1361,0,1,PASS,FAIL,yes,no,1.41344236e4,1.56627186e3,1.84148217e3,2.27276854e0,-7.13110419,67584,3,0,0,0,0,0,6578918 ns,6313664,67584,67584,139264,151555,151555
2048,28,butterfly-check,detect-only,ntt,sub-output,10,1361,4,1,PASS,FAIL,yes,no,1.12390018e4,1.59153610e3,1.86047272e3,2.29620679e0,-7.22021995,67584,3,0,0,0,0,0,6560959 ns,6314455,67584,67584,139264,151555,151555
2048,28,butterfly-check,detect-only,ntt,sub-output,10,1361,8,1,PASS,FAIL,yes,no,1.13547542e4,1.59268476e3,1.86990921e3,2.30785337e0,-7.26416425,67584,3,0,0,0,0,0,6614959 ns,6376289,67584,67584,139264,151555,151555
2048,28,butterfly-check,detect-only,ntt,sub-output,10,1361,16,1,PASS,FAIL,yes,no,1.32778911e4,1.59554750e3,1.86615652e3,2.30322177e0,-7.24671515,67584,3,0,0,0,0,0,6542752 ns,6300578,67584,67584,139264,151555,151555
2048,28,butterfly-check,detect-only,ntt,sub-output,10,1361,24,1,PASS,FAIL,yes,no,1.18804994e4,1.58822268e3,1.84071296e3,2.27181917e0,-7.12747521,67584,3,0,0,0,0,0,6541625 ns,6302834,67584,67584,139264,151555,151555
2048,28,butterfly-check,detect-only,ntt,sub-output,10,1361,26,1,PASS,FAIL,yes,no,1.04530099e4,1.58057557e3,1.85638109e3,2.29115688e0,-7.20109654,67584,3,0,0,0,0,0,6620959 ns,6382625,67584,67584,139264,151555,151555
2048,28,butterfly-check,detect-only,ntt,sub-output,10,2016,0,1,PASS,FAIL,yes,no,1.10312448e4,1.59169187e3,1.86484184e3,2.30159919e0,-7.24059391,67584,3,0,0,0,0,0,6666126 ns,6424083,67584,67584,139264,151555,151555
2048,28,butterfly-check,detect-only,ntt,sub-output,10,2016,4,1,PASS,FAIL,yes,no,1.19975822e4,1.60494743e3,1.89020823e3,2.33290654e0,-7.35794682,67584,3,0,0,0,0,0,6874875 ns,6584499,67584,67584,139264,151555,151555
2048,28,butterfly-check,detect-only,ntt,sub-output,10,2016,8,1,PASS,FAIL,yes,no,1.14852620e4,1.58840220e3,1.84323707e3,2.27493446e0,-7.13937778,67584,3,0,0,0,0,0,6997417 ns,6747457,67584,67584,139264,151555,151555
2048,28,butterfly-check,detect-only,ntt,sub-output,10,2016,16,1,PASS,FAIL,yes,no,1.27411552e4,1.59422779e3,1.85927060e3,2.29472313e0,-7.21460586,67584,3,0,0,0,0,0,6684415 ns,6442045,67584,67584,139264,151555,151555
2048,28,butterfly-check,detect-only,ntt,sub-output,10,2016,24,1,PASS,FAIL,yes,no,1.42257577e4,1.55885085e3,1.84345291e3,2.27520085e0,-7.14039481,67584,3,0,0,0,0,0,6560876 ns,6318999,67584,67584,139264,151555,151555
2048,28,butterfly-check,detect-only,ntt,sub-output,10,2016,26,1,PASS,FAIL,yes,no,1.15614824e4,1.58431874e3,1.84666617e3,2.27916666e0,-7.15552168,67584,3,0,0,0,0,0,6567916 ns,6332332,67584,67584,139264,151555,151555
2048,28,butterfly-check,detect-only,ntt,butterfly-output,0,63,0,1,PASS,FAIL,yes,no,1.03169310e4,1.57528922e3,1.83947754e3,2.27029442e0,-7.12164363,67584,3,0,0,0,0,0,6666293 ns,6426872,67584,67584,139264,151555,151555
2048,28,butterfly-check,detect-only,ntt,butterfly-output,0,63,4,1,PASS,FAIL,yes,no,1.24965771e4,1.57328441e3,1.83062317e3,2.25936630e0,-7.07973295,67584,3,0,0,0,0,0,6632792 ns,6395796,67584,67584,139264,151555,151555
2048,28,butterfly-check,detect-only,ntt,butterfly-output,0,63,8,1,PASS,FAIL,yes,no,1.17976572e4,1.56071561e3,1.84605546e3,2.27841293e0,-7.15264872,67584,3,0,0,0,0,0,6546876 ns,6306827,67584,67584,139264,151555,151555
2048,28,butterfly-check,detect-only,ntt,butterfly-output,0,63,16,1,PASS,FAIL,yes,no,1.27513421e4,1.59074441e3,1.87442203e3,2.31342312e0,-7.28510143,67584,3,0,0,0,0,0,6541125 ns,6305040,67584,67584,139264,151555,151555
2048,28,butterfly-check,detect-only,ntt,butterfly-output,0,63,24,1,PASS,FAIL,yes,no,1.25377678e4,1.53664903e3,1.83079019e3,2.25957244e0,-7.08052539,67584,3,0,0,0,0,0,6527416 ns,6294248,67584,67584,139264,151555,151555
2048,28,butterfly-check,detect-only,ntt,butterfly-output,0,63,26,1,PASS,FAIL,yes,no,1.18694317e4,1.54695588e3,1.83041941e3,2.25911482e0,-7.07876608,67584,3,0,0,0,0,0,6546001 ns,6292622,67584,67584,139264,151555,151555
2048,28,butterfly-check,detect-only,ntt,butterfly-output,0,444,0,1,PASS,FAIL,yes,no,1.25510640e4,1.60134527e3,1.88477122e3,2.32619616e0,-7.33292668,67584,3,0,0,0,0,0,6542208 ns,6302999,67584,67584,139264,151555,151555
2048,28,butterfly-check,detect-only,ntt,butterfly-output,0,444,4,1,PASS,FAIL,yes,no,1.46164460e4,1.59324783e3,1.88382503e3,2.32502837e0,-7.32856511,67584,3,0,0,0,0,0,6534625 ns,6297706,67584,67584,139264,151555,151555
2048,28,butterfly-check,detect-only,ntt,butterfly-output,0,444,8,1,PASS,FAIL,yes,no,1.39460726e4,1.59013926e3,1.87744802e3,2.31715782e0,-7.29911228,67584,3,0,0,0,0,0,6540041 ns,6293879,67584,67584,139264,151555,151555
2048,28,butterfly-check,detect-only,ntt,butterfly-output,0,444,16,1,PASS,FAIL,yes,no,1.29295244e4,1.61494435e3,1.90216946e3,2.34766917e0,-7.41273794,67584,3,0,0,0,0,0,6558001 ns,6321164,67584,67584,139264,151555,151555
2048,28,butterfly-check,detect-only,ntt,butterfly-output,0,444,24,1,PASS,FAIL,yes,no,1.49318922e4,1.56175910e3,1.88671812e3,2.32859903e0,-7.34189425,67584,3,0,0,0,0,0,6559584 ns,6323256,67584,67584,139264,151555,151555
2048,28,butterfly-check,detect-only,ntt,butterfly-output,0,444,26,1,PASS,FAIL,yes,no,1.09703616e4,1.59633738e3,1.84967377e3,2.28287867e0,-7.16965661,67584,3,0,0,0,0,0,6602207 ns,6352835,67584,67584,139264,151555,151555
2048,28,butterfly-check,detect-only,ntt,butterfly-output,0,493,0,1,PASS,FAIL,yes,no,1.17033817e4,1.56325766e3,1.84732593e3,2.27998095e0,-7.15862438,67584,3,0,0,0,0,0,6574125 ns,6315209,67584,67584,139264,151555,151555
2048,28,butterfly-check,detect-only,ntt,butterfly-output,0,493,4,1,PASS,FAIL,yes,no,1.12170603e4,1.60474018e3,1.87151881e3,2.30983995e0,-7.27163776,67584,3,0,0,0,0,0,6582250 ns,6341627,67584,67584,139264,151555,151555
2048,28,butterfly-check,detect-only,ntt,butterfly-output,0,493,8,1,PASS,FAIL,yes,no,1.33350623e4,1.59063615e3,1.87173885e3,2.31011153e0,-7.27265894,67584,3,0,0,0,0,0,6554833 ns,6306747,67584,67584,139264,151555,151555
2048,28,butterfly-check,detect-only,ntt,butterfly-output,0,493,16,1,PASS,FAIL,yes,no,1.31708531e4,1.58901966e3,1.88101451e3,2.32155960e0,-7.31559675,67584,3,0,0,0,0,0,6526168 ns,6285379,67584,67584,139264,151555,151555
2048,28,butterfly-check,detect-only,ntt,butterfly-output,0,493,24,1,PASS,FAIL,yes,no,1.11075118e4,1.56187388e3,1.83076361e3,2.25953964e0,-7.08039928,67584,3,0,0,0,0,0,6559708 ns,6304626,67584,67584,139264,151555,151555
2048,28,butterfly-check,detect-only,ntt,butterfly-output,0,493,26,1,PASS,FAIL,yes,no,1.07667161e4,1.57715261e3,1.85286374e3,2.28681574e0,-7.18462347,67584,3,0,0,0,0,0,6567999 ns,6318247,67584,67584,139264,151555,151555
2048,28,butterfly-check,detect-only,ntt,butterfly-output,0,1046,0,1,PASS,FAIL,yes,no,1.17827661e4,1.59379248e3,1.86404376e3,2.30061420e0,-7.23687590,67584,3,0,0,0,0,0,6532417 ns,6289710,67584,67584,139264,151555,151555
2048,28,butterfly-check,detect-only,ntt,butterfly-output,0,1046,4,1,PASS,FAIL,yes,no,1.09984142e4,1.59215447e3,1.87177280e3,2.31015343e0,-7.27281648,67584,3,0,0,0,0,0,6555208 ns,6305371,67584,67584,139264,151555,151555
2048,28,butterfly-check,detect-only,ntt,butterfly-output,0,1046,8,1,PASS,FAIL,yes,no,1.09027391e4,1.64132258e3,1.89388389e3,2.33744307e0,-7.37482085,67584,3,0,0,0,0,0,6534123 ns,6299037,67584,67584,139264,151555,151555
2048,28,butterfly-check,detect-only,ntt,butterfly-output,0,1046,16,1,PASS,FAIL,yes,no,1.19260251e4,1.60439933e3,1.87926436e3,2.31939955e0,-7.30751138,67584,3,0,0,0,0,0,6545625 ns,6292540,67584,67584,139264,151555,151555
2048,28,butterfly-check,detect-only,ntt,butterfly-output,0,1046,24,1,PASS,FAIL,yes,no,1.00035930e4,1.61608764e3,1.88543572e3,2.32701628e0,-7.33598842,67584,3,0,0,0,0,0,6572251 ns,6323667,67584,67584,139264,151555,151555
2048,28,butterfly-check,detect-only,ntt,butterfly-output,0,1046,26,1,PASS,FAIL,yes,no,1.35423103e4,1.59682147e3,1.88627675e3,2.32805428e0,-7.33986205,67584,3,0,0,0,0,0,6572792 ns,6333708,67584,67584,139264,151555,151555
2048,28,butterfly-check,detect-only,ntt,butterfly-output,0,1424,0,1,PASS,FAIL,yes,no,1.16702580e4,1.56305274e3,1.83777845e3,2.26819739e0,-7.11361691,67584,3,0,0,0,0,0,6565291 ns,6325540,67584,67584,139264,151555,151555
2048,28,butterfly-check,detect-only,ntt,butterfly-output,0,1424,4,1,PASS,FAIL,yes,no,1.24289425e4,1.54522829e3,1.83736651e3,2.26768897e0,-7.11166975,67584,3,0,0,0,0,0,6516876 ns,6266125,67584,67584,139264,151555,151555
2048,28,butterfly-check,detect-only,ntt,butterfly-output,0,1424,8,1,PASS,FAIL,yes,no,1.19156213e4,1.54375389e3,1.85587512e3,2.29053241e0,-7.19872883,67584,3,0,0,0,0,0,6568000 ns,6331124,67584,67584,139264,151555,151555
2048,28,butterfly-check,detect-only,ntt,butterfly-output,0,1424,16,1,PASS,FAIL,yes,no,1.04579347e4,1.60175684e3,1.90982863e3,2.35712216e0,-7.44764181,67584,3,0,0,0,0,0,6522000 ns,6282795,67584,67584,139264,151555,151555
2048,28,butterfly-check,detect-only,ntt,butterfly-output,0,1424,24,1,PASS,FAIL,yes,no,1.20010391e4,1.55703283e3,1.83162684e3,2.26060503e0,-7.08449379,67584,3,0,0,0,0,0,6556291 ns,6305996,67584,67584,139264,151555,151555
2048,28,butterfly-check,detect-only,ntt,butterfly-output,0,1424,26,1,PASS,FAIL,yes,no,1.25868390e4,1.59062126e3,1.86036176e3,2.29606985e0,-7.21970191,67584,3,0,0,0,0,0,6526292 ns,6290128,67584,67584,139264,151555,151555
2048,28,butterfly-check,detect-only,ntt,butterfly-output,0,1688,0,1,PASS,FAIL,yes,no,9.47305663e3,1.58729096e3,1.86106895e3,2.29694266e0,-7.22300308,67584,3,0,0,0,0,0,6576708 ns,6345995,67584,67584,139264,151555,151555
2048,28,butterfly-check,detect-only,ntt,butterfly-output,0,1688,4,1,PASS,FAIL,yes,no,1.11706864e4,1.62125657e3,1.89568034e3,2.33966025e0,-7.38305594,67584,3,0,0,0,0,0,6565707 ns,6310791,67584,67584,139264,151555,151555
2048,28,butterfly-check,detect-only,ntt,butterfly-output,0,1688,8,1,PASS,FAIL,yes,no,1.31836149e4,1.54129480e3,1.83532508e3,2.26516942e0,-7.10201380,67584,3,0,0,0,0,0,6550666 ns,6310798,67584,67584,139264,151555,151555
2048,28,butterfly-check,detect-only,ntt,butterfly-output,0,1688,16,1,PASS,FAIL,yes,no,1.14341450e4,1.56124383e3,1.82969263e3,2.25821782e0,-7.07531662,67584,3,0,0,0,0,0,6537540 ns,6298827,67584,67584,139264,151555,151555
2048,28,butterfly-check,detect-only,ntt,butterfly-output,0,1688,24,1,PASS,FAIL,yes,no,1.04884940e4,1.56166907e3,1.88870065e3,2.33104588e0,-7.35101642,67584,3,0,0,0,0,0,6867875 ns,6630171,67584,67584,139264,151555,151555
2048,28,butterfly-check,detect-only,ntt,butterfly-output,0,1688,26,1,PASS,FAIL,yes,no,1.17832632e4,1.60972470e3,1.89545074e3,2.33937688e0,-7.38200388,67584,3,0,0,0,0,0,6518542 ns,6282415,67584,67584,139264,151555,151555
2048,28,butterfly-check,detect-only,ntt,butterfly-output,0,1760,0,1,PASS,FAIL,yes,no,1.39881613e4,1.58126324e3,1.91855391e3,2.36789095e0,-7.48723397,67584,3,0,0,0,0,0,6540957 ns,6305784,67584,67584,139264,151555,151555
2048,28,butterfly-check,detect-only,ntt,butterfly-output,0,1760,4,1,PASS,FAIL,yes,no,1.29787813e4,1.58565518e3,1.86567286e3,2.30262484e0,-7.24446370,67584,3,0,0,0,0,0,6524791 ns,6288832,67584,67584,139264,151555,151555
2048,28,butterfly-check,detect-only,ntt,butterfly-output,0,1760,8,1,PASS,FAIL,yes,no,1.25794977e4,1.55240242e3,1.84352624e3,2.27529135e0,-7.14074031,67584,3,0,0,0,0,0,6532832 ns,6292208,67584,67584,139264,151555,151555
2048,28,butterfly-check,detect-only,ntt,butterfly-output,0,1760,16,1,PASS,FAIL,yes,no,1.28758625e4,1.53213245e3,1.82963900e3,2.25815163e0,-7.07506199,67584,3,0,0,0,0,0,6568749 ns,6320702,67584,67584,139264,151555,151555
2048,28,butterfly-check,detect-only,ntt,butterfly-output,0,1760,24,1,PASS,FAIL,yes,no,1.15260956e4,1.58682188e3,1.85624920e3,2.29099410e0,-7.20047941,67584,3,0,0,0,0,0,6724542 ns,6487125,67584,67584,139264,151555,151555
2048,28,butterfly-check,detect-only,ntt,butterfly-output,0,1760,26,1,PASS,FAIL,yes,no,1.15666158e4,1.55211341e3,1.82627654e3,2.25400166e0,-7.05908461,67584,3,0,0,0,0,0,6565959 ns,6329749,67584,67584,139264,151555,151555
2048,28,butterfly-check,detect-only,ntt,butterfly-output,0,1773,0,1,PASS,FAIL,yes,no,1.27125658e4,1.63662978e3,1.90014145e3,2.34516618e0,-7.40347245,67584,3,0,0,0,0,0,6547084 ns,6315542,67584,67584,139264,151555,151555
2048,28,butterfly-check,detect-only,ntt,butterfly-output,0,1773,4,1,PASS,FAIL,yes,no,1.01188193e4,1.59016570e3,1.84970992e3,2.28292328e0,-7.16982634,67584,3,0,0,0,0,0,6560709 ns,6302833,67584,67584,139264,151555,151555
2048,28,butterfly-check,detect-only,ntt,butterfly-output,0,1773,8,1,PASS,FAIL,yes,no,9.90706784e3,1.57563052e3,1.84845529e3,2.28137481e0,-7.16393286,67584,3,0,0,0,0,0,6521875 ns,6282492,67584,67584,139264,151555,151555
2048,28,butterfly-check,detect-only,ntt,butterfly-output,0,1773,16,1,PASS,FAIL,yes,no,1.25462369e4,1.55977351e3,1.89429454e3,2.33794989e0,-7.37670397,67584,3,0,0,0,0,0,6545042 ns,6294250,67584,67584,139264,151555,151555
2048,28,butterfly-check,detect-only,ntt,butterfly-output,0,1773,24,1,PASS,FAIL,yes,no,1.05480290e4,1.61336333e3,1.87210757e3,2.31056660e0,-7.27436981,67584,3,0,0,0,0,0,6540457 ns,6309001,67584,67584,139264,151555,151555
2048,28,butterfly-check,detect-only,ntt,butterfly-output,0,1773,26,1,PASS,FAIL,yes,no,1.26250430e4,1.59775924e3,1.86107234e3,2.29694685e0,-7.22301892,67584,3,0,0,0,0,0,6546959 ns,6307502,67584,67584,139264,151555,151555
2048,28,butterfly-check,detect-only,ntt,butterfly-output,5,189,0,1,PASS,FAIL,yes,no,1.12700514e4,1.58490149e3,1.83980693e3,2.27070095e0,-7.12319883,67584,3,0,0,0,0,0,6546334 ns,6298583,67584,67584,139264,151555,151555
2048,28,butterfly-check,detect-only,ntt,butterfly-output,5,189,4,1,PASS,FAIL,yes,no,1.21736074e4,1.55354276e3,1.82082908e3,2.24727837e0,-7.03313744,67584,3,0,0,0,0,0,6557083 ns,6303744,67584,67584,139264,151555,151555
2048,28,butterfly-check,detect-only,ntt,butterfly-output,5,189,8,1,PASS,FAIL,yes,no,1.24013774e4,1.60412188e3,1.89586777e3,2.33989159e0,-7.38391471,67584,3,0,0,0,0,0,6549709 ns,6304204,67584,67584,139264,151555,151555
2048,28,butterfly-check,detect-only,ntt,butterfly-output,5,189,16,1,PASS,FAIL,yes,no,1.34839028e4,1.59473322e3,1.88298662e3,2.32399359e0,-7.32469853,67584,3,0,0,0,0,0,6571626 ns,6323799,67584,67584,139264,151555,151555
2048,28,butterfly-check,detect-only,ntt,butterfly-output,5,189,24,1,PASS,FAIL,yes,no,1.12459503e4,1.59547626e3,1.84962797e3,2.28282213e0,-7.16944150,67584,3,0,0,0,0,0,6719334 ns,6485793,67584,67584,139264,151555,151555
2048,28,butterfly-check,detect-only,ntt,butterfly-output,5,189,26,1,PASS,FAIL,yes,no,1.17096512e4,1.58288838e3,1.85829913e3,2.29352414e0,-7.21006632,67584,3,0,0,0,0,0,6928832 ns,6687416,67584,67584,139264,151555,151555
2048,28,butterfly-check,detect-only,ntt,butterfly-output,5,621,0,1,PASS,FAIL,yes,no,1.06165656e4,1.58989056e3,1.86300690e3,2.29933450e0,-7.23204312,67584,3,0,0,0,0,0,6527834 ns,6297750,67584,67584,139264,151555,151555
2048,28,butterfly-check,detect-only,ntt,butterfly-output,5,621,4,1,PASS,FAIL,yes,no,1.10819021e4,1.59074994e3,1.85669928e3,2.29154959e0,-7.20258522,67584,3,0,0,0,0,0,6524083 ns,6284123,67584,67584,139264,151555,151555
2048,28,butterfly-check,detect-only,ntt,butterfly-output,5,621,8,1,PASS,FAIL,yes,no,1.27597514e4,1.62174162e3,1.89789104e3,2.34238871e0,-7.39317933,67584,3,0,0,0,0,0,6568960 ns,6313086,67584,67584,139264,151555,151555
2048,28,butterfly-check,detect-only,ntt,butterfly-output,5,621,16,1,PASS,FAIL,yes,no,1.32735615e4,1.54782602e3,1.84729737e3,2.27994570e0,-7.15849008,67584,3,0,0,0,0,0,6546959 ns,6300123,67584,67584,139264,151555,151555
2048,28,butterfly-check,detect-only,ntt,butterfly-output,5,621,24,1,PASS,FAIL,yes,no,1.05064957e4,1.59494044e3,1.85993826e3,2.29554716e0,-7.21772438,67584,3,0,0,0,0,0,6515501 ns,6282539,67584,67584,139264,151555,151555
2048,28,butterfly-check,detect-only,ntt,butterfly-output,5,621,26,1,PASS,FAIL,yes,no,1.19480340e4,1.59213159e3,1.87344089e3,2.31221220e0,-7.28055375,67584,3,0,0,0,0,0,6560709 ns,6314375,67584,67584,139264,151555,151555
2048,28,butterfly-check,detect-only,ntt,butterfly-output,5,730,0,1,PASS,FAIL,yes,no,1.12780378e4,1.59625409e3,1.86838641e3,2.30597393e0,-7.25708784,67584,3,0,0,0,0,0,6519335 ns,6273660,67584,67584,139264,151555,151555
2048,28,butterfly-check,detect-only,ntt,butterfly-output,5,730,4,1,PASS,FAIL,yes,no,1.23362710e4,1.59879351e3,1.88377554e3,2.32496728e0,-7.32833692,67584,3,0,0,0,0,0,6520751 ns,6265501,67584,67584,139264,151555,151555
2048,28,butterfly-check,detect-only,ntt,butterfly-output,5,730,8,1,PASS,FAIL,yes,no,1.38249232e4,1.60525665e3,1.86367705e3,2.30016160e0,-7.23516697,67584,3,0,0,0,0,0,6535584 ns,6300877,67584,67584,139264,151555,151555
2048,28,butterfly-check,detect-only,ntt,butterfly-output,5,730,16,1,PASS,FAIL,yes,no,9.84990522e3,1.54769314e3,1.80551300e3,2.22837517e0,-6.95976622,67584,3,0,0,0,0,0,6529748 ns,6292745,67584,67584,139264,151555,151555
2048,28,butterfly-check,detect-only,ntt,butterfly-output,5,730,24,1,PASS,FAIL,yes,no,1.43409809e4,1.58442189e3,1.87691351e3,2.31649812e0,-7.29663903,67584,3,0,0,0,0,0,6571333 ns,6322629,67584,67584,139264,151555,151555
2048,28,butterfly-check,detect-only,ntt,butterfly-output,5,730,26,1,PASS,FAIL,yes,no,1.29658442e4,1.61560162e3,1.88682884e3,2.32873568e0,-7.34240394,67584,3,0,0,0,0,0,6557916 ns,6296210,67584,67584,139264,151555,151555
2048,28,butterfly-check,detect-only,ntt,butterfly-output,5,1066,0,1,PASS,FAIL,yes,no,1.25338298e4,1.57612305e3,1.85109860e3,2.28463720e0,-7.17634489,67584,3,0,0,0,0,0,6538749 ns,6302336,67584,67584,139264,151555,151555
2048,28,butterfly-check,detect-only,ntt,butterfly-output,5,1066,4,1,PASS,FAIL,yes,no,1.23704623e4,1.62220250e3,1.89270773e3,2.33599145e0,-7.36942496,67584,3,0,0,0,0,0,6549917 ns,6311874,67584,67584,139264,151555,151555
2048,28,butterfly-check,detect-only,ntt,butterfly-output,5,1066,8,1,PASS,FAIL,yes,no,1.25755269e4,1.55274065e3,1.84535051e3,2.27754287e0,-7.14933121,67584,3,0,0,0,0,0,6549916 ns,6307999,67584,67584,139264,151555,151555
2048,28,butterfly-check,detect-only,ntt,butterfly-output,5,1066,16,1,PASS,FAIL,yes,no,1.24123787e4,1.59042610e3,1.88083485e3,2.32133786e0,-7.31476708,67584,3,0,0,0,0,0,6563667 ns,6316123,67584,67584,139264,151555,151555
2048,28,butterfly-check,detect-only,ntt,butterfly-output,5,1066,24,1,PASS,FAIL,yes,no,1.25320362e4,1.58639119e3,1.87143541e3,2.30973701e0,-7.27125067,67584,3,0,0,0,0,0,6572417 ns,6333338,67584,67584,139264,151555,151555
2048,28,butterfly-check,detect-only,ntt,butterfly-output,5,1066,26,1,PASS,FAIL,yes,no,1.19527884e4,1.60084970e3,1.86090761e3,2.29674354e0,-7.22225006,67584,3,0,0,0,0,0,6545248 ns,6299248,67584,67584,139264,151555,151555
2048,28,butterfly-check,detect-only,ntt,butterfly-output,5,1096,0,1,PASS,FAIL,yes,no,1.17691692e4,1.58714949e3,1.86934159e3,2.30715280e0,-7.26152718,67584,3,0,0,0,0,0,6567250 ns,6309668,67584,67584,139264,151555,151555
2048,28,butterfly-check,detect-only,ntt,butterfly-output,5,1096,4,1,PASS,FAIL,yes,no,1.15784944e4,1.61718417e3,1.88072628e3,2.32120387e0,-7.31426572,67584,3,0,0,0,0,0,6598208 ns,6351669,67584,67584,139264,151555,151555
2048,28,butterfly-check,detect-only,ntt,butterfly-output,5,1096,8,1,PASS,FAIL,yes,no,1.08571091e4,1.54422307e3,1.81358367e3,2.23833605e0,-6.99850578,67584,3,0,0,0,0,0,6540418 ns,6290623,67584,67584,139264,151555,151555
2048,28,butterfly-check,detect-only,ntt,butterfly-output,5,1096,16,1,PASS,FAIL,yes,no,1.06912946e4,1.56099893e3,1.81541223e3,2.24059286e0,-7.00725897,67584,3,0,0,0,0,0,6551874 ns,6310875,67584,67584,139264,151555,151555
2048,28,butterfly-check,detect-only,ntt,butterfly-output,5,1096,24,1,PASS,FAIL,yes,no,1.25676083e4,1.58586894e3,1.86038238e3,2.29609530e0,-7.21979819,67584,3,0,0,0,0,0,6574834 ns,6334625,67584,67584,139264,151555,151555
2048,28,butterfly-check,detect-only,ntt,butterfly-output,5,1096,26,1,PASS,FAIL,yes,no,1.41582764e4,1.57787032e3,1.86387302e3,2.30040347e0,-7.23608027,67584,3,0,0,0,0,0,6560501 ns,6320998,67584,67584,139264,151555,151555
2048,28,butterfly-check,detect-only,ntt,butterfly-output,5,1296,0,1,PASS,FAIL,yes,no,1.19406619e4,1.60874142e3,1.89564903e3,2.33962162e0,-7.38291250,67584,3,0,0,0,0,0,6537333 ns,6294914,67584,67584,139264,151555,151555
2048,28,butterfly-check,detect-only,ntt,butterfly-output,5,1296,4,1,PASS,FAIL,yes,no,1.25990649e4,1.56423770e3,1.82998298e3,2.25857618e0,-7.07669486,67584,3,0,0,0,0,0,6542500 ns,6304706,67584,67584,139264,151555,151555
2048,28,butterfly-check,detect-only,ntt,butterfly-output,5,1296,8,1,PASS,FAIL,yes,no,1.23323598e4,1.57244555e3,1.85623980e3,2.29098251e0,-7.20043545,67584,3,0,0,0,0,0,6572750 ns,6328128,67584,67584,139264,151555,151555
2048,28,butterfly-check,detect-only,ntt,butterfly-output,5,1296,16,1,PASS,FAIL,yes,no,9.68617556e3,1.57778714e3,1.82146918e3,2.24806839e0,-7.03619038,67584,3,0,0,0,0,0,6521958 ns,6288787,67584,67584,139264,151555,151555
2048,28,butterfly-check,detect-only,ntt,butterfly-output,5,1296,24,1,PASS,FAIL,yes,no,1.13160199e4,1.59584052e3,1.88059202e3,2.32103815e0,-7.31364559,67584,3,0,0,0,0,0,6789543 ns,6555587,67584,67584,139264,151555,151555
2048,28,butterfly-check,detect-only,ntt,butterfly-output,5,1296,26,1,PASS,FAIL,yes,no,1.25077216e4,1.57077936e3,1.82701309e3,2.25491072e0,-7.06258703,67584,3,0,0,0,0,0,6553918 ns,6311620,67584,67584,139264,151555,151555
2048,28,butterfly-check,detect-only,ntt,butterfly-output,5,1381,0,1,PASS,FAIL,yes,no,1.20998423e4,1.60260399e3,1.88413104e3,2.32540604e0,-7.32997594,67584,3,0,0,0,0,0,6578627 ns,6333415,67584,67584,139264,151555,151555
2048,28,butterfly-check,detect-only,ntt,butterfly-output,5,1381,4,1,PASS,FAIL,yes,no,1.26844030e4,1.57024300e3,1.84009413e3,2.27105541e0,-7.12455461,67584,3,0,0,0,0,0,6619875 ns,6378454,67584,67584,139264,151555,151555
2048,28,butterfly-check,detect-only,ntt,butterfly-output,5,1381,8,1,PASS,FAIL,yes,no,1.04857398e4,1.58189456e3,1.84150300e3,2.27279426e0,-7.13120247,67584,3,0,0,0,0,0,6899210 ns,6665748,67584,67584,139264,151555,151555
2048,28,butterfly-check,detect-only,ntt,butterfly-output,5,1381,16,1,PASS,FAIL,yes,no,1.34046199e4,1.58542980e3,1.86573324e3,2.30269937e0,-7.24474483,67584,3,0,0,0,0,0,6543083 ns,6307581,67584,67584,139264,151555,151555
2048,28,butterfly-check,detect-only,ntt,butterfly-output,5,1381,24,1,PASS,FAIL,yes,no,1.34368881e4,1.60447608e3,1.90197831e3,2.34743325e0,-7.41186505,67584,3,0,0,0,0,0,6533459 ns,6293959,67584,67584,139264,151555,151555
2048,28,butterfly-check,detect-only,ntt,butterfly-output,5,1381,26,1,PASS,FAIL,yes,no,1.29723887e4,1.55342213e3,1.82277945e3,2.24968553e0,-7.04243628,67584,3,0,0,0,0,0,6529374 ns,6295208,67584,67584,139264,151555,151555
2048,28,butterfly-check,detect-only,ntt,butterfly-output,5,1411,0,1,PASS,FAIL,yes,no,1.21329977e4,1.61479673e3,1.87732244e3,2.31700283e0,-7.29853128,67584,3,0,0,0,0,0,6556708 ns,6318750,67584,67584,139264,151555,151555
2048,28,butterfly-check,detect-only,ntt,butterfly-output,5,1411,4,1,PASS,FAIL,yes,no,1.26911003e4,1.57251619e3,1.85728522e3,2.29227277e0,-7.20532590,67584,3,0,0,0,0,0,7342918 ns,7082745,67584,67584,139264,151555,151555
2048,28,butterfly-check,detect-only,ntt,butterfly-output,5,1411,8,1,PASS,FAIL,yes,no,1.05664606e4,1.58046264e3,1.84304171e3,2.27469334e0,-7.13845711,67584,3,0,0,0,0,0,6546625 ns,6308083,67584,67584,139264,151555,151555
2048,28,butterfly-check,detect-only,ntt,butterfly-output,5,1411,16,1,PASS,FAIL,yes,no,1.26185874e4,1.55861417e3,1.83793247e3,2.26838748e0,-7.11434482,67584,3,0,0,0,0,0,6646249 ns,6405499,67584,67584,139264,151555,151555
2048,28,butterfly-check,detect-only,ntt,butterfly-output,5,1411,24,1,PASS,FAIL,yes,no,1.32588574e4,1.59330818e3,1.86724623e3,2.30456671e0,-7.25178567,67584,3,0,0,0,0,0,6510833 ns,6277956,67584,67584,139264,151555,151555
2048,28,butterfly-check,detect-only,ntt,butterfly-output,5,1411,26,1,PASS,FAIL,yes,no,1.17042248e4,1.57757241e3,1.84272364e3,2.27430077e0,-7.13695797,67584,3,0,0,0,0,0,6582083 ns,6338458,67584,67584,139264,151555,151555
2048,28,butterfly-check,detect-only,ntt,butterfly-output,10,255,0,1,PASS,FAIL,yes,no,1.31285056e4,1.60030676e3,1.87936715e3,2.31952642e0,-7.30798648,67584,3,0,0,0,0,0,6528791 ns,6290120,67584,67584,139264,151555,151555
2048,28,butterfly-check,detect-only,ntt,butterfly-output,10,255,4,1,PASS,FAIL,yes,no,1.31577952e4,1.59401263e3,1.87611679e3,2.31551481e0,-7.29295125,67584,3,0,0,0,0,0,6578708 ns,6340081,67584,67584,139264,151555,151555
2048,28,butterfly-check,detect-only,ntt,butterfly-output,10,255,8,1,PASS,FAIL,yes,no,9.77568143e3,1.57286692e3,1.84836346e3,2.28126147e0,-7.16350130,67584,3,0,0,0,0,0,6533292 ns,6300874,67584,67584,139264,151555,151555
2048,28,butterfly-check,detect-only,ntt,butterfly-output,10,255,16,1,PASS,FAIL,yes,no,1.05127736e4,1.56890960e3,1.83662728e3,2.26677660e0,-7.10817443,67584,3,0,0,0,0,0,6518084 ns,6284418,67584,67584,139264,151555,151555
2048,28,butterfly-check,detect-only,ntt,butterfly-output,10,255,24,1,PASS,FAIL,yes,no,1.17842658e4,1.58675296e3,1.86785287e3,2.30531542e0,-7.25460711,67584,3,0,0,0,0,0,6862793 ns,6593121,67584,67584,139264,151555,151555
2048,28,butterfly-check,detect-only,ntt,butterfly-output,10,255,26,1,PASS,FAIL,yes,no,1.07190014e4,1.57057656e3,1.82051538e3,2.24689120e0,-7.03164088,67584,3,0,0,0,0,0,6532583 ns,6293165,67584,67584,139264,151555,151555
2048,28,butterfly-check,detect-only,ntt,butterfly-output,10,533,0,1,PASS,FAIL,yes,no,1.07280977e4,1.59053740e3,1.87364106e3,2.31245924e0,-7.28148174,67584,3,0,0,0,0,0,6518416 ns,6289169,67584,67584,139264,151555,151555
2048,28,butterfly-check,detect-only,ntt,butterfly-output,10,533,4,1,PASS,FAIL,yes,no,1.02878912e4,1.60624845e3,1.87286467e3,2.31150102e0,-7.27788177,67584,3,0,0,0,0,0,6541667 ns,6303205,67584,67584,139264,151555,151555
2048,28,butterfly-check,detect-only,ntt,butterfly-output,10,533,8,1,PASS,FAIL,yes,no,1.12914812e4,1.54930462e3,1.79290182e3,2.21281037e0,-6.89888397,67584,3,0,0,0,0,0,6561708 ns,6309291,67584,67584,139264,151555,151555
2048,28,butterfly-check,detect-only,ntt,butterfly-output,10,533,16,1,PASS,FAIL,yes,no,1.10606299e4,1.61162915e3,1.88677726e3,2.32867202e0,-7.34216651,67584,3,0,0,0,0,0,6570166 ns,6333336,67584,67584,139264,151555,151555
2048,28,butterfly-check,detect-only,ntt,butterfly-output,10,533,24,1,PASS,FAIL,yes,no,1.27062011e4,1.55571452e3,1.84726103e3,2.27990084e0,-7.15831919,67584,3,0,0,0,0,0,6569082 ns,6340500,67584,67584,139264,151555,151555
2048,28,butterfly-check,detect-only,ntt,butterfly-output,10,533,26,1,PASS,FAIL,yes,no,1.18180211e4,1.59244794e3,1.86207385e3,2.29818292e0,-7.22769186,67584,3,0,0,0,0,0,6550666 ns,6316004,67584,67584,139264,151555,151555
2048,28,butterfly-check,detect-only,ntt,butterfly-output,10,800,0,1,PASS,FAIL,yes,no,1.12133877e4,1.60783300e3,1.87685140e3,2.31642146e0,-7.29635160,67584,3,0,0,0,0,0,6753418 ns,6505003,67584,67584,139264,151555,151555
2048,28,butterfly-check,detect-only,ntt,butterfly-output,10,800,4,1,PASS,FAIL,yes,no,1.22082746e4,1.56226251e3,1.83030113e3,2.25896883e0,-7.07820478,67584,3,0,0,0,0,0,6768252 ns,6531499,67584,67584,139264,151555,151555
2048,28,butterfly-check,detect-only,ntt,butterfly-output,10,800,8,1,PASS,FAIL,yes,no,1.12779277e4,1.57322552e3,1.84076232e3,2.27188010e0,-7.12770815,67584,3,0,0,0,0,0,6720499 ns,6471084,67584,67584,139264,151555,151555
2048,28,butterfly-check,detect-only,ntt,butterfly-output,10,800,16,1,PASS,FAIL,yes,no,1.38260434e4,1.57774801e3,1.86034857e3,2.29605357e0,-7.21964035,67584,3,0,0,0,0,0,6547041 ns,6300043,67584,67584,139264,151555,151555
2048,28,butterfly-check,detect-only,ntt,butterfly-output,10,800,24,1,PASS,FAIL,yes,no,1.11063795e4,1.59074332e3,1.85676628e3,2.29163229e0,-7.20289866,67584,3,0,0,0,0,0,6617667 ns,6365756,67584,67584,139264,151555,151555
2048,28,butterfly-check,detect-only,ntt,butterfly-output,10,800,26,1,PASS,FAIL,yes,no,1.03826059e4,1.61310700e3,1.88860457e3,2.33092730e0,-7.35057455,67584,3,0,0,0,0,0,6551874 ns,6300957,67584,67584,139264,151555,151555
2048,28,butterfly-check,detect-only,ntt,butterfly-output,10,1209,0,1,PASS,FAIL,yes,no,1.11826062e4,1.58970195e3,1.86202805e3,2.29812639e0,-7.22747820,67584,3,0,0,0,0,0,6581500 ns,6325967,67584,67584,139264,151555,151555
2048,28,butterfly-check,detect-only,ntt,butterfly-output,10,1209,4,1,PASS,FAIL,yes,no,1.16304758e4,1.56762083e3,1.84468298e3,2.27671901e0,-7.14618867,67584,3,0,0,0,0,0,6559417 ns,6308962,67584,67584,139264,151555,151555
2048,28,butterfly-check,detect-only,ntt,butterfly-output,10,1209,8,1,PASS,FAIL,yes,no,1.18481568e4,1.59728481e3,1.84573380e3,2.27801593e0,-7.15113512,67584,3,0,0,0,0,0,6525960 ns,6288960,67584,67584,139264,151555,151555
2048,28,butterfly-check,detect-only,ntt,butterfly-output,10,1209,16,1,PASS,FAIL,yes,no,1.18324222e4,1.57745740e3,1.84610593e3,2.27847522e0,-7.15288618,67584,3,0,0,0,0,0,6712416 ns,6470662,67584,67584,139264,151555,151555
2048,28,butterfly-check,detect-only,ntt,butterfly-output,10,1209,24,1,PASS,FAIL,yes,no,1.20869875e4,1.62858665e3,1.88819020e3,2.33041588e0,-7.34866862,67584,3,0,0,0,0,0,6552209 ns,6310085,67584,67584,139264,151555,151555
2048,28,butterfly-check,detect-only,ntt,butterfly-output,10,1209,26,1,PASS,FAIL,yes,no,1.15661159e4,1.60969256e3,1.88130805e3,2.32192189e0,-7.31695211,67584,3,0,0,0,0,0,6548083 ns,6290050,67584,67584,139264,151555,151555
2048,28,butterfly-check,detect-only,ntt,butterfly-output,10,1213,0,1,PASS,FAIL,yes,no,1.11134576e4,1.60256537e3,1.87875458e3,2.31877039e0,-7.30515490,67584,3,0,0,0,0,0,6567584 ns,6319039,67584,67584,139264,151555,151555
2048,28,butterfly-check,detect-only,ntt,butterfly-output,10,1213,4,1,PASS,FAIL,yes,no,1.25846845e4,1.55120593e3,1.80612750e3,2.22913359e0,-6.96272192,67584,3,0,0,0,0,0,6672918 ns,6438376,67584,67584,139264,151555,151555
2048,28,butterfly-check,detect-only,ntt,butterfly-output,10,1213,8,1,PASS,FAIL,yes,no,1.15873159e4,1.56941408e3,1.83552194e3,2.26541240e0,-7.10294545,67584,3,0,0,0,0,0,6546125 ns,6314668,67584,67584,139264,151555,151555
2048,28,butterfly-check,detect-only,ntt,butterfly-output,10,1213,16,1,PASS,FAIL,yes,no,1.14720271e4,1.60919863e3,1.89929190e3,2.34411767e0,-7.39958816,67584,3,0,0,0,0,0,6542999 ns,6298291,67584,67584,139264,151555,151555
2048,28,butterfly-check,detect-only,ntt,butterfly-output,10,1213,24,1,PASS,FAIL,yes,no,1.23850617e4,1.58321443e3,1.85281862e3,2.28676006e0,-7.18441198,67584,3,0,0,0,0,0,6528501 ns,6296296,67584,67584,139264,151555,151555
2048,28,butterfly-check,detect-only,ntt,butterfly-output,10,1213,26,1,PASS,FAIL,yes,no,1.26726423e4,1.56385026e3,1.84841167e3,2.28132097e0,-7.16372786,67584,3,0,0,0,0,0,6544166 ns,6312462,67584,67584,139264,151555,151555
2048,28,butterfly-check,detect-only,ntt,butterfly-output,10,1230,0,1,PASS,FAIL,yes,no,1.05451968e4,1.58018601e3,1.83046080e3,2.25916590e0,-7.07896247,67584,3,0,0,0,0,0,6557293 ns,6313666,67584,67584,139264,151555,151555
2048,28,butterfly-check,detect-only,ntt,butterfly-output,10,1230,4,1,PASS,FAIL,yes,no,1.11914686e4,1.59494458e3,1.87550314e3,2.31475743e0,-7.29010974,67584,3,0,0,0,0,0,6576291 ns,6317669,67584,67584,139264,151555,151555
2048,28,butterfly-check,detect-only,ntt,butterfly-output,10,1230,8,1,PASS,FAIL,yes,no,1.19039366e4,1.57749834e3,1.85126306e3,2.28484018e0,-7.17711656,67584,3,0,0,0,0,0,6653083 ns,6416714,67584,67584,139264,151555,151555
2048,28,butterfly-check,detect-only,ntt,butterfly-output,10,1230,16,1,PASS,FAIL,yes,no,1.27353697e4,1.57078207e3,1.84744674e3,2.28013005e0,-7.15919237,67584,3,0,0,0,0,0,6650625 ns,6404667,67584,67584,139264,151555,151555
2048,28,butterfly-check,detect-only,ntt,butterfly-output,10,1230,24,1,PASS,FAIL,yes,no,1.17459549e4,1.61235224e3,1.88174397e3,2.32245991e0,-7.31896451,67584,3,0,0,0,0,0,6632000 ns,6396089,67584,67584,139264,151555,151555
2048,28,butterfly-check,detect-only,ntt,butterfly-output,10,1230,26,1,PASS,FAIL,yes,no,1.14560810e4,1.59075933e3,1.88193463e3,2.32269521e0,-7.31984450,67584,3,0,0,0,0,0,7252623 ns,6959993,67584,67584,139264,151555,151555
2048,28,butterfly-check,detect-only,ntt,butterfly-output,10,1361,0,1,PASS,FAIL,yes,no,1.41344236e4,1.56627186e3,1.84148217e3,2.27276854e0,-7.13110419,67584,3,0,0,0,0,0,6534125 ns,6295707,67584,67584,139264,151555,151555
2048,28,butterfly-check,detect-only,ntt,butterfly-output,10,1361,4,1,PASS,FAIL,yes,no,1.12390018e4,1.59153610e3,1.86047272e3,2.29620679e0,-7.22021995,67584,3,0,0,0,0,0,6527456 ns,6298830,67584,67584,139264,151555,151555
2048,28,butterfly-check,detect-only,ntt,butterfly-output,10,1361,8,1,PASS,FAIL,yes,no,1.13547542e4,1.59268476e3,1.86990921e3,2.30785337e0,-7.26416425,67584,3,0,0,0,0,0,6546960 ns,6297339,67584,67584,139264,151555,151555
2048,28,butterfly-check,detect-only,ntt,butterfly-output,10,1361,16,1,PASS,FAIL,yes,no,1.32778911e4,1.59554750e3,1.86615652e3,2.30322177e0,-7.24671515,67584,3,0,0,0,0,0,6538542 ns,6303666,67584,67584,139264,151555,151555
2048,28,butterfly-check,detect-only,ntt,butterfly-output,10,1361,24,1,PASS,FAIL,yes,no,1.18804994e4,1.58822268e3,1.84071296e3,2.27181917e0,-7.12747521,67584,3,0,0,0,0,0,6585000 ns,6341497,67584,67584,139264,151555,151555
2048,28,butterfly-check,detect-only,ntt,butterfly-output,10,1361,26,1,PASS,FAIL,yes,no,1.04530099e4,1.58057557e3,1.85638109e3,2.29115688e0,-7.20109654,67584,3,0,0,0,0,0,6540876 ns,6304877,67584,67584,139264,151555,151555
2048,28,butterfly-check,detect-only,ntt,butterfly-output,10,2016,0,1,PASS,FAIL,yes,no,1.10312448e4,1.59169187e3,1.86484184e3,2.30159919e0,-7.24059391,67584,3,0,0,0,0,0,6519332 ns,6283249,67584,67584,139264,151555,151555
2048,28,butterfly-check,detect-only,ntt,butterfly-output,10,2016,4,1,PASS,FAIL,yes,no,1.19975822e4,1.60494743e3,1.89020823e3,2.33290654e0,-7.35794682,67584,3,0,0,0,0,0,6531083 ns,6292959,67584,67584,139264,151555,151555
2048,28,butterfly-check,detect-only,ntt,butterfly-output,10,2016,8,1,PASS,FAIL,yes,no,1.14852620e4,1.58840220e3,1.84323707e3,2.27493446e0,-7.13937778,67584,3,0,0,0,0,0,6523083 ns,6284954,67584,67584,139264,151555,151555
2048,28,butterfly-check,detect-only,ntt,butterfly-output,10,2016,16,1,PASS,FAIL,yes,no,1.27411552e4,1.59422779e3,1.85927060e3,2.29472313e0,-7.21460586,67584,3,0,0,0,0,0,6540624 ns,6303246,67584,67584,139264,151555,151555
2048,28,butterfly-check,detect-only,ntt,butterfly-output,10,2016,24,1,PASS,FAIL,yes,no,1.42257577e4,1.55885085e3,1.84345291e3,2.27520085e0,-7.14039481,67584,3,0,0,0,0,0,6525957 ns,6288374,67584,67584,139264,151555,151555
2048,28,butterfly-check,detect-only,ntt,butterfly-output,10,2016,26,1,PASS,FAIL,yes,no,1.15614824e4,1.58431874e3,1.84666617e3,2.27916666e0,-7.15552168,67584,3,0,0,0,0,0,6563333 ns,6318916,67584,67584,139264,151555,151555
2048,28,butterfly-check,detect-only,ntt,register-write,0,63,0,1,PASS,FAIL,yes,no,1.03169310e4,1.57528922e3,1.83947754e3,2.27029442e0,-7.12164363,67584,3,0,0,0,0,0,6735000 ns,6491164,67584,67584,139264,151555,151555
2048,28,butterfly-check,detect-only,ntt,register-write,0,63,4,1,PASS,FAIL,yes,no,1.24965771e4,1.57328441e3,1.83062317e3,2.25936630e0,-7.07973295,67584,3,0,0,0,0,0,6562333 ns,6327497,67584,67584,139264,151555,151555
2048,28,butterfly-check,detect-only,ntt,register-write,0,63,8,1,PASS,FAIL,yes,no,1.17976572e4,1.56071561e3,1.84605546e3,2.27841293e0,-7.15264872,67584,3,0,0,0,0,0,6551919 ns,6307080,67584,67584,139264,151555,151555
2048,28,butterfly-check,detect-only,ntt,register-write,0,63,16,1,PASS,FAIL,yes,no,1.27513421e4,1.59074441e3,1.87442203e3,2.31342312e0,-7.28510143,67584,3,0,0,0,0,0,6542166 ns,6311832,67584,67584,139264,151555,151555
2048,28,butterfly-check,detect-only,ntt,register-write,0,63,24,1,PASS,FAIL,yes,no,1.25377678e4,1.53664903e3,1.83079019e3,2.25957244e0,-7.08052539,67584,3,0,0,0,0,0,6556416 ns,6320913,67584,67584,139264,151555,151555
2048,28,butterfly-check,detect-only,ntt,register-write,0,63,26,1,PASS,FAIL,yes,no,1.18694317e4,1.54695588e3,1.83041941e3,2.25911482e0,-7.07876608,67584,3,0,0,0,0,0,6547708 ns,6297580,67584,67584,139264,151555,151555
2048,28,butterfly-check,detect-only,ntt,register-write,0,444,0,1,PASS,FAIL,yes,no,1.25510640e4,1.60134527e3,1.88477122e3,2.32619616e0,-7.33292668,67584,3,0,0,0,0,0,6576998 ns,6330098,67584,67584,139264,151555,151555
2048,28,butterfly-check,detect-only,ntt,register-write,0,444,4,1,PASS,FAIL,yes,no,1.46164460e4,1.59324783e3,1.88382503e3,2.32502837e0,-7.32856511,67584,3,0,0,0,0,0,6582625 ns,6340621,67584,67584,139264,151555,151555
2048,28,butterfly-check,detect-only,ntt,register-write,0,444,8,1,PASS,FAIL,yes,no,1.39460726e4,1.59013926e3,1.87744802e3,2.31715782e0,-7.29911228,67584,3,0,0,0,0,0,6591041 ns,6363211,67584,67584,139264,151555,151555
2048,28,butterfly-check,detect-only,ntt,register-write,0,444,16,1,PASS,FAIL,yes,no,1.29295244e4,1.61494435e3,1.90216946e3,2.34766917e0,-7.41273794,67584,3,0,0,0,0,0,6598749 ns,6366169,67584,67584,139264,151555,151555
2048,28,butterfly-check,detect-only,ntt,register-write,0,444,24,1,PASS,FAIL,yes,no,1.49318922e4,1.56175910e3,1.88671812e3,2.32859903e0,-7.34189425,67584,3,0,0,0,0,0,6554251 ns,6302451,67584,67584,139264,151555,151555
2048,28,butterfly-check,detect-only,ntt,register-write,0,444,26,1,PASS,FAIL,yes,no,1.09703616e4,1.59633738e3,1.84967377e3,2.28287867e0,-7.16965661,67584,3,0,0,0,0,0,6546959 ns,6310502,67584,67584,139264,151555,151555
2048,28,butterfly-check,detect-only,ntt,register-write,0,493,0,1,PASS,FAIL,yes,no,1.17033817e4,1.56325766e3,1.84732593e3,2.27998095e0,-7.15862438,67584,3,0,0,0,0,0,6551375 ns,6318291,67584,67584,139264,151555,151555
2048,28,butterfly-check,detect-only,ntt,register-write,0,493,4,1,PASS,FAIL,yes,no,1.12170603e4,1.60474018e3,1.87151881e3,2.30983995e0,-7.27163776,67584,3,0,0,0,0,0,6548541 ns,6316748,67584,67584,139264,151555,151555
2048,28,butterfly-check,detect-only,ntt,register-write,0,493,8,1,PASS,FAIL,yes,no,1.33350623e4,1.59063615e3,1.87173885e3,2.31011153e0,-7.27265894,67584,3,0,0,0,0,0,6555251 ns,6325333,67584,67584,139264,151555,151555
2048,28,butterfly-check,detect-only,ntt,register-write,0,493,16,1,PASS,FAIL,yes,no,1.31708531e4,1.58901966e3,1.88101451e3,2.32155960e0,-7.31559675,67584,3,0,0,0,0,0,6576834 ns,6337957,67584,67584,139264,151555,151555
2048,28,butterfly-check,detect-only,ntt,register-write,0,493,24,1,PASS,FAIL,yes,no,1.11075118e4,1.56187388e3,1.83076361e3,2.25953964e0,-7.08039928,67584,3,0,0,0,0,0,6557292 ns,6320875,67584,67584,139264,151555,151555
2048,28,butterfly-check,detect-only,ntt,register-write,0,493,26,1,PASS,FAIL,yes,no,1.07667161e4,1.57715261e3,1.85286374e3,2.28681574e0,-7.18462347,67584,3,0,0,0,0,0,6575833 ns,6336127,67584,67584,139264,151555,151555
2048,28,butterfly-check,detect-only,ntt,register-write,0,1046,0,1,PASS,FAIL,yes,no,1.17827661e4,1.59379248e3,1.86404376e3,2.30061420e0,-7.23687590,67584,3,0,0,0,0,0,6588500 ns,6345578,67584,67584,139264,151555,151555
2048,28,butterfly-check,detect-only,ntt,register-write,0,1046,4,1,PASS,FAIL,yes,no,1.09984142e4,1.59215447e3,1.87177280e3,2.31015343e0,-7.27281648,67584,3,0,0,0,0,0,6571542 ns,6320666,67584,67584,139264,151555,151555
2048,28,butterfly-check,detect-only,ntt,register-write,0,1046,8,1,PASS,FAIL,yes,no,1.09027391e4,1.64132258e3,1.89388389e3,2.33744307e0,-7.37482085,67584,3,0,0,0,0,0,6566374 ns,6313748,67584,67584,139264,151555,151555
2048,28,butterfly-check,detect-only,ntt,register-write,0,1046,16,1,PASS,FAIL,yes,no,1.19260251e4,1.60439933e3,1.87926436e3,2.31939955e0,-7.30751138,67584,3,0,0,0,0,0,6550292 ns,6308457,67584,67584,139264,151555,151555
2048,28,butterfly-check,detect-only,ntt,register-write,0,1046,24,1,PASS,FAIL,yes,no,1.00035930e4,1.61608764e3,1.88543572e3,2.32701628e0,-7.33598842,67584,3,0,0,0,0,0,6559166 ns,6314704,67584,67584,139264,151555,151555
2048,28,butterfly-check,detect-only,ntt,register-write,0,1046,26,1,PASS,FAIL,yes,no,1.35423103e4,1.59682147e3,1.88627675e3,2.32805428e0,-7.33986205,67584,3,0,0,0,0,0,6999959 ns,6726083,67584,67584,139264,151555,151555
2048,28,butterfly-check,detect-only,ntt,register-write,0,1424,0,1,PASS,FAIL,yes,no,1.16702580e4,1.56305274e3,1.83777845e3,2.26819739e0,-7.11361691,67584,3,0,0,0,0,0,6578043 ns,6346746,67584,67584,139264,151555,151555
2048,28,butterfly-check,detect-only,ntt,register-write,0,1424,4,1,PASS,FAIL,yes,no,1.24289425e4,1.54522829e3,1.83736651e3,2.26768897e0,-7.11166975,67584,3,0,0,0,0,0,6578206 ns,6318666,67584,67584,139264,151555,151555
2048,28,butterfly-check,detect-only,ntt,register-write,0,1424,8,1,PASS,FAIL,yes,no,1.19156213e4,1.54375389e3,1.85587512e3,2.29053241e0,-7.19872883,67584,3,0,0,0,0,0,6556499 ns,6316377,67584,67584,139264,151555,151555
2048,28,butterfly-check,detect-only,ntt,register-write,0,1424,16,1,PASS,FAIL,yes,no,1.04579347e4,1.60175684e3,1.90982863e3,2.35712216e0,-7.44764181,67584,3,0,0,0,0,0,6604875 ns,6375122,67584,67584,139264,151555,151555
2048,28,butterfly-check,detect-only,ntt,register-write,0,1424,24,1,PASS,FAIL,yes,no,1.20010391e4,1.55703283e3,1.83162684e3,2.26060503e0,-7.08449379,67584,3,0,0,0,0,0,7582209 ns,7254755,67584,67584,139264,151555,151555
2048,28,butterfly-check,detect-only,ntt,register-write,0,1424,26,1,PASS,FAIL,yes,no,1.25868390e4,1.59062126e3,1.86036176e3,2.29606985e0,-7.21970191,67584,3,0,0,0,0,0,6571583 ns,6327119,67584,67584,139264,151555,151555
2048,28,butterfly-check,detect-only,ntt,register-write,0,1688,0,1,PASS,FAIL,yes,no,9.47305663e3,1.58729096e3,1.86106895e3,2.29694266e0,-7.22300308,67584,3,0,0,0,0,0,6536625 ns,6301786,67584,67584,139264,151555,151555
2048,28,butterfly-check,detect-only,ntt,register-write,0,1688,4,1,PASS,FAIL,yes,no,1.11706864e4,1.62125657e3,1.89568034e3,2.33966025e0,-7.38305594,67584,3,0,0,0,0,0,6539750 ns,6304290,67584,67584,139264,151555,151555
2048,28,butterfly-check,detect-only,ntt,register-write,0,1688,8,1,PASS,FAIL,yes,no,1.31836149e4,1.54129480e3,1.83532508e3,2.26516942e0,-7.10201380,67584,3,0,0,0,0,0,7136168 ns,6876167,67584,67584,139264,151555,151555
2048,28,butterfly-check,detect-only,ntt,register-write,0,1688,16,1,PASS,FAIL,yes,no,1.14341450e4,1.56124383e3,1.82969263e3,2.25821782e0,-7.07531662,67584,3,0,0,0,0,0,6576624 ns,6336293,67584,67584,139264,151555,151555
2048,28,butterfly-check,detect-only,ntt,register-write,0,1688,24,1,PASS,FAIL,yes,no,1.04884940e4,1.56166907e3,1.88870065e3,2.33104588e0,-7.35101642,67584,3,0,0,0,0,0,6552918 ns,6301494,67584,67584,139264,151555,151555
2048,28,butterfly-check,detect-only,ntt,register-write,0,1688,26,1,PASS,FAIL,yes,no,1.17832632e4,1.60972470e3,1.89545074e3,2.33937688e0,-7.38200388,67584,3,0,0,0,0,0,6540958 ns,6298169,67584,67584,139264,151555,151555
2048,28,butterfly-check,detect-only,ntt,register-write,0,1760,0,1,PASS,FAIL,yes,no,1.39881613e4,1.58126324e3,1.91855391e3,2.36789095e0,-7.48723397,67584,3,0,0,0,0,0,6575374 ns,6325255,67584,67584,139264,151555,151555
2048,28,butterfly-check,detect-only,ntt,register-write,0,1760,4,1,PASS,FAIL,yes,no,1.29787813e4,1.58565518e3,1.86567286e3,2.30262484e0,-7.24446370,67584,3,0,0,0,0,0,6586668 ns,6338462,67584,67584,139264,151555,151555
2048,28,butterfly-check,detect-only,ntt,register-write,0,1760,8,1,PASS,FAIL,yes,no,1.25794977e4,1.55240242e3,1.84352624e3,2.27529135e0,-7.14074031,67584,3,0,0,0,0,0,6546001 ns,6310206,67584,67584,139264,151555,151555
2048,28,butterfly-check,detect-only,ntt,register-write,0,1760,16,1,PASS,FAIL,yes,no,1.28758625e4,1.53213245e3,1.82963900e3,2.25815163e0,-7.07506199,67584,3,0,0,0,0,0,6572208 ns,6335542,67584,67584,139264,151555,151555
2048,28,butterfly-check,detect-only,ntt,register-write,0,1760,24,1,PASS,FAIL,yes,no,1.15260956e4,1.58682188e3,1.85624920e3,2.29099410e0,-7.20047941,67584,3,0,0,0,0,0,6528291 ns,6291628,67584,67584,139264,151555,151555
2048,28,butterfly-check,detect-only,ntt,register-write,0,1760,26,1,PASS,FAIL,yes,no,1.15666158e4,1.55211341e3,1.82627654e3,2.25400166e0,-7.05908461,67584,3,0,0,0,0,0,6540458 ns,6303211,67584,67584,139264,151555,151555
2048,28,butterfly-check,detect-only,ntt,register-write,0,1773,0,1,PASS,FAIL,yes,no,1.27125658e4,1.63662978e3,1.90014145e3,2.34516618e0,-7.40347245,67584,3,0,0,0,0,0,6584041 ns,6326672,67584,67584,139264,151555,151555
2048,28,butterfly-check,detect-only,ntt,register-write,0,1773,4,1,PASS,FAIL,yes,no,1.01188193e4,1.59016570e3,1.84970992e3,2.28292328e0,-7.16982634,67584,3,0,0,0,0,0,6573584 ns,6321419,67584,67584,139264,151555,151555
2048,28,butterfly-check,detect-only,ntt,register-write,0,1773,8,1,PASS,FAIL,yes,no,9.90706784e3,1.57563052e3,1.84845529e3,2.28137481e0,-7.16393286,67584,3,0,0,0,0,0,6551250 ns,6309917,67584,67584,139264,151555,151555
2048,28,butterfly-check,detect-only,ntt,register-write,0,1773,16,1,PASS,FAIL,yes,no,1.25462369e4,1.55977351e3,1.89429454e3,2.33794989e0,-7.37670397,67584,3,0,0,0,0,0,6576792 ns,6331995,67584,67584,139264,151555,151555
2048,28,butterfly-check,detect-only,ntt,register-write,0,1773,24,1,PASS,FAIL,yes,no,1.05480290e4,1.61336333e3,1.87210757e3,2.31056660e0,-7.27436981,67584,3,0,0,0,0,0,6593416 ns,6356747,67584,67584,139264,151555,151555
2048,28,butterfly-check,detect-only,ntt,register-write,0,1773,26,1,PASS,FAIL,yes,no,1.26250430e4,1.59775924e3,1.86107234e3,2.29694685e0,-7.22301892,67584,3,0,0,0,0,0,6546919 ns,6316046,67584,67584,139264,151555,151555
2048,28,butterfly-check,detect-only,ntt,register-write,5,189,0,1,PASS,FAIL,yes,no,1.12700514e4,1.58490149e3,1.83980693e3,2.27070095e0,-7.12319883,67584,3,0,0,0,0,0,6615292 ns,6378957,67584,67584,139264,151555,151555
2048,28,butterfly-check,detect-only,ntt,register-write,5,189,4,1,PASS,FAIL,yes,no,1.21736074e4,1.55354276e3,1.82082908e3,2.24727837e0,-7.03313744,67584,3,0,0,0,0,0,6605542 ns,6365542,67584,67584,139264,151555,151555
2048,28,butterfly-check,detect-only,ntt,register-write,5,189,8,1,PASS,FAIL,yes,no,1.24013774e4,1.60412188e3,1.89586777e3,2.33989159e0,-7.38391471,67584,3,0,0,0,0,0,6621376 ns,6376669,67584,67584,139264,151555,151555
2048,28,butterfly-check,detect-only,ntt,register-write,5,189,16,1,PASS,FAIL,yes,no,1.34839028e4,1.59473322e3,1.88298662e3,2.32399359e0,-7.32469853,67584,3,0,0,0,0,0,6637959 ns,6395793,67584,67584,139264,151555,151555
2048,28,butterfly-check,detect-only,ntt,register-write,5,189,24,1,PASS,FAIL,yes,no,1.12459503e4,1.59547626e3,1.84962797e3,2.28282213e0,-7.16944150,67584,3,0,0,0,0,0,6590374 ns,6352704,67584,67584,139264,151555,151555
2048,28,butterfly-check,detect-only,ntt,register-write,5,189,26,1,PASS,FAIL,yes,no,1.17096512e4,1.58288838e3,1.85829913e3,2.29352414e0,-7.21006632,67584,3,0,0,0,0,0,6530832 ns,6282788,67584,67584,139264,151555,151555
2048,28,butterfly-check,detect-only,ntt,register-write,5,621,0,1,PASS,FAIL,yes,no,1.06165656e4,1.58989056e3,1.86300690e3,2.29933450e0,-7.23204312,67584,3,0,0,0,0,0,6592501 ns,6350379,67584,67584,139264,151555,151555
2048,28,butterfly-check,detect-only,ntt,register-write,5,621,4,1,PASS,FAIL,yes,no,1.10819021e4,1.59074994e3,1.85669928e3,2.29154959e0,-7.20258522,67584,3,0,0,0,0,0,6591375 ns,6339792,67584,67584,139264,151555,151555
2048,28,butterfly-check,detect-only,ntt,register-write,5,621,8,1,PASS,FAIL,yes,no,1.27597514e4,1.62174162e3,1.89789104e3,2.34238871e0,-7.39317933,67584,3,0,0,0,0,0,6554000 ns,6320250,67584,67584,139264,151555,151555
2048,28,butterfly-check,detect-only,ntt,register-write,5,621,16,1,PASS,FAIL,yes,no,1.32735615e4,1.54782602e3,1.84729737e3,2.27994570e0,-7.15849008,67584,3,0,0,0,0,0,6545124 ns,6310832,67584,67584,139264,151555,151555
2048,28,butterfly-check,detect-only,ntt,register-write,5,621,24,1,PASS,FAIL,yes,no,1.05064957e4,1.59494044e3,1.85993826e3,2.29554716e0,-7.21772438,67584,3,0,0,0,0,0,6546126 ns,6310958,67584,67584,139264,151555,151555
2048,28,butterfly-check,detect-only,ntt,register-write,5,621,26,1,PASS,FAIL,yes,no,1.19480340e4,1.59213159e3,1.87344089e3,2.31221220e0,-7.28055375,67584,3,0,0,0,0,0,6574543 ns,6325377,67584,67584,139264,151555,151555
2048,28,butterfly-check,detect-only,ntt,register-write,5,730,0,1,PASS,FAIL,yes,no,1.12780378e4,1.59625409e3,1.86838641e3,2.30597393e0,-7.25708784,67584,3,0,0,0,0,0,6590041 ns,6337831,67584,67584,139264,151555,151555
2048,28,butterfly-check,detect-only,ntt,register-write,5,730,4,1,PASS,FAIL,yes,no,1.23362710e4,1.59879351e3,1.88377554e3,2.32496728e0,-7.32833692,67584,3,0,0,0,0,0,6588001 ns,6333504,67584,67584,139264,151555,151555
2048,28,butterfly-check,detect-only,ntt,register-write,5,730,8,1,PASS,FAIL,yes,no,1.38249232e4,1.60525665e3,1.86367705e3,2.30016160e0,-7.23516697,67584,3,0,0,0,0,0,6551876 ns,6299457,67584,67584,139264,151555,151555
2048,28,butterfly-check,detect-only,ntt,register-write,5,730,16,1,PASS,FAIL,yes,no,9.84990522e3,1.54769314e3,1.80551300e3,2.22837517e0,-6.95976622,67584,3,0,0,0,0,0,6579666 ns,6323256,67584,67584,139264,151555,151555
2048,28,butterfly-check,detect-only,ntt,register-write,5,730,24,1,PASS,FAIL,yes,no,1.43409809e4,1.58442189e3,1.87691351e3,2.31649812e0,-7.29663903,67584,3,0,0,0,0,0,6587751 ns,6334167,67584,67584,139264,151555,151555
2048,28,butterfly-check,detect-only,ntt,register-write,5,730,26,1,PASS,FAIL,yes,no,1.29658442e4,1.61560162e3,1.88682884e3,2.32873568e0,-7.34240394,67584,3,0,0,0,0,0,6569416 ns,6307327,67584,67584,139264,151555,151555
2048,28,butterfly-check,detect-only,ntt,register-write,5,1066,0,1,PASS,FAIL,yes,no,1.25338298e4,1.57612305e3,1.85109860e3,2.28463720e0,-7.17634489,67584,3,0,0,0,0,0,6559374 ns,6312331,67584,67584,139264,151555,151555
2048,28,butterfly-check,detect-only,ntt,register-write,5,1066,4,1,PASS,FAIL,yes,no,1.23704623e4,1.62220250e3,1.89270773e3,2.33599145e0,-7.36942496,67584,3,0,0,0,0,0,6587542 ns,6334750,67584,67584,139264,151555,151555
2048,28,butterfly-check,detect-only,ntt,register-write,5,1066,8,1,PASS,FAIL,yes,no,1.25755269e4,1.55274065e3,1.84535051e3,2.27754287e0,-7.14933121,67584,3,0,0,0,0,0,6558916 ns,6309291,67584,67584,139264,151555,151555
2048,28,butterfly-check,detect-only,ntt,register-write,5,1066,16,1,PASS,FAIL,yes,no,1.24123787e4,1.59042610e3,1.88083485e3,2.32133786e0,-7.31476708,67584,3,0,0,0,0,0,6539791 ns,6304498,67584,67584,139264,151555,151555
2048,28,butterfly-check,detect-only,ntt,register-write,5,1066,24,1,PASS,FAIL,yes,no,1.25320362e4,1.58639119e3,1.87143541e3,2.30973701e0,-7.27125067,67584,3,0,0,0,0,0,6549916 ns,6314420,67584,67584,139264,151555,151555
2048,28,butterfly-check,detect-only,ntt,register-write,5,1066,26,1,PASS,FAIL,yes,no,1.19527884e4,1.60084970e3,1.86090761e3,2.29674354e0,-7.22225006,67584,3,0,0,0,0,0,6568459 ns,6326043,67584,67584,139264,151555,151555
2048,28,butterfly-check,detect-only,ntt,register-write,5,1096,0,1,PASS,FAIL,yes,no,1.17691692e4,1.58714949e3,1.86934159e3,2.30715280e0,-7.26152718,67584,3,0,0,0,0,0,6533041 ns,6297337,67584,67584,139264,151555,151555
2048,28,butterfly-check,detect-only,ntt,register-write,5,1096,4,1,PASS,FAIL,yes,no,1.15784944e4,1.61718417e3,1.88072628e3,2.32120387e0,-7.31426572,67584,3,0,0,0,0,0,6860626 ns,6603543,67584,67584,139264,151555,151555
2048,28,butterfly-check,detect-only,ntt,register-write,5,1096,8,1,PASS,FAIL,yes,no,1.08571091e4,1.54422307e3,1.81358367e3,2.23833605e0,-6.99850578,67584,3,0,0,0,0,0,6550500 ns,6314133,67584,67584,139264,151555,151555
2048,28,butterfly-check,detect-only,ntt,register-write,5,1096,16,1,PASS,FAIL,yes,no,1.06912946e4,1.56099893e3,1.81541223e3,2.24059286e0,-7.00725897,67584,3,0,0,0,0,0,6562418 ns,6328047,67584,67584,139264,151555,151555
2048,28,butterfly-check,detect-only,ntt,register-write,5,1096,24,1,PASS,FAIL,yes,no,1.25676083e4,1.58586894e3,1.86038238e3,2.29609530e0,-7.21979819,67584,3,0,0,0,0,0,6561584 ns,6327128,67584,67584,139264,151555,151555
2048,28,butterfly-check,detect-only,ntt,register-write,5,1096,26,1,PASS,FAIL,yes,no,1.41582764e4,1.57787032e3,1.86387302e3,2.30040347e0,-7.23608027,67584,3,0,0,0,0,0,6579833 ns,6338580,67584,67584,139264,151555,151555
2048,28,butterfly-check,detect-only,ntt,register-write,5,1296,0,1,PASS,FAIL,yes,no,1.19406619e4,1.60874142e3,1.89564903e3,2.33962162e0,-7.38291250,67584,3,0,0,0,0,0,6554459 ns,6319835,67584,67584,139264,151555,151555
2048,28,butterfly-check,detect-only,ntt,register-write,5,1296,4,1,PASS,FAIL,yes,no,1.25990649e4,1.56423770e3,1.82998298e3,2.25857618e0,-7.07669486,67584,3,0,0,0,0,0,6572415 ns,6338122,67584,67584,139264,151555,151555
2048,28,butterfly-check,detect-only,ntt,register-write,5,1296,8,1,PASS,FAIL,yes,no,1.23323598e4,1.57244555e3,1.85623980e3,2.29098251e0,-7.20043545,67584,3,0,0,0,0,0,6551083 ns,6322212,67584,67584,139264,151555,151555
2048,28,butterfly-check,detect-only,ntt,register-write,5,1296,16,1,PASS,FAIL,yes,no,9.68617556e3,1.57778714e3,1.82146918e3,2.24806839e0,-7.03619038,67584,3,0,0,0,0,0,6587292 ns,6348168,67584,67584,139264,151555,151555
2048,28,butterfly-check,detect-only,ntt,register-write,5,1296,24,1,PASS,FAIL,yes,no,1.13160199e4,1.59584052e3,1.88059202e3,2.32103815e0,-7.31364559,67584,3,0,0,0,0,0,6564667 ns,6332791,67584,67584,139264,151555,151555
2048,28,butterfly-check,detect-only,ntt,register-write,5,1296,26,1,PASS,FAIL,yes,no,1.25077216e4,1.57077936e3,1.82701309e3,2.25491072e0,-7.06258703,67584,3,0,0,0,0,0,6534750 ns,6300697,67584,67584,139264,151555,151555
2048,28,butterfly-check,detect-only,ntt,register-write,5,1381,0,1,PASS,FAIL,yes,no,1.20998423e4,1.60260399e3,1.88413104e3,2.32540604e0,-7.32997594,67584,3,0,0,0,0,0,6573210 ns,6337002,67584,67584,139264,151555,151555
2048,28,butterfly-check,detect-only,ntt,register-write,5,1381,4,1,PASS,FAIL,yes,no,1.26844030e4,1.57024300e3,1.84009413e3,2.27105541e0,-7.12455461,67584,3,0,0,0,0,0,6593043 ns,6346123,67584,67584,139264,151555,151555
2048,28,butterfly-check,detect-only,ntt,register-write,5,1381,8,1,PASS,FAIL,yes,no,1.04857398e4,1.58189456e3,1.84150300e3,2.27279426e0,-7.13120247,67584,3,0,0,0,0,0,6581750 ns,6323831,67584,67584,139264,151555,151555
2048,28,butterfly-check,detect-only,ntt,register-write,5,1381,16,1,PASS,FAIL,yes,no,1.34046199e4,1.58542980e3,1.86573324e3,2.30269937e0,-7.24474483,67584,3,0,0,0,0,0,6561169 ns,6326293,67584,67584,139264,151555,151555
2048,28,butterfly-check,detect-only,ntt,register-write,5,1381,24,1,PASS,FAIL,yes,no,1.34368881e4,1.60447608e3,1.90197831e3,2.34743325e0,-7.41186505,67584,3,0,0,0,0,0,6625126 ns,6367499,67584,67584,139264,151555,151555
2048,28,butterfly-check,detect-only,ntt,register-write,5,1381,26,1,PASS,FAIL,yes,no,1.29723887e4,1.55342213e3,1.82277945e3,2.24968553e0,-7.04243628,67584,3,0,0,0,0,0,6554791 ns,6311792,67584,67584,139264,151555,151555
2048,28,butterfly-check,detect-only,ntt,register-write,5,1411,0,1,PASS,FAIL,yes,no,1.21329977e4,1.61479673e3,1.87732244e3,2.31700283e0,-7.29853128,67584,3,0,0,0,0,0,6554667 ns,6324709,67584,67584,139264,151555,151555
2048,28,butterfly-check,detect-only,ntt,register-write,5,1411,4,1,PASS,FAIL,yes,no,1.26911003e4,1.57251619e3,1.85728522e3,2.29227277e0,-7.20532590,67584,3,0,0,0,0,0,6561750 ns,6322041,67584,67584,139264,151555,151555
2048,28,butterfly-check,detect-only,ntt,register-write,5,1411,8,1,PASS,FAIL,yes,no,1.05664606e4,1.58046264e3,1.84304171e3,2.27469334e0,-7.13845711,67584,3,0,0,0,0,0,6553626 ns,6324671,67584,67584,139264,151555,151555
2048,28,butterfly-check,detect-only,ntt,register-write,5,1411,16,1,PASS,FAIL,yes,no,1.26185874e4,1.55861417e3,1.83793247e3,2.26838748e0,-7.11434482,67584,3,0,0,0,0,0,6550125 ns,6318293,67584,67584,139264,151555,151555
2048,28,butterfly-check,detect-only,ntt,register-write,5,1411,24,1,PASS,FAIL,yes,no,1.32588574e4,1.59330818e3,1.86724623e3,2.30456671e0,-7.25178567,67584,3,0,0,0,0,0,6594124 ns,6362333,67584,67584,139264,151555,151555
2048,28,butterfly-check,detect-only,ntt,register-write,5,1411,26,1,PASS,FAIL,yes,no,1.17042248e4,1.57757241e3,1.84272364e3,2.27430077e0,-7.13695797,67584,3,0,0,0,0,0,6598959 ns,6353712,67584,67584,139264,151555,151555
2048,28,butterfly-check,detect-only,ntt,register-write,10,255,0,1,PASS,FAIL,yes,no,1.31285056e4,1.60030676e3,1.87936715e3,2.31952642e0,-7.30798648,67584,3,0,0,0,0,0,6618291 ns,6385246,67584,67584,139264,151555,151555
2048,28,butterfly-check,detect-only,ntt,register-write,10,255,4,1,PASS,FAIL,yes,no,1.31577952e4,1.59401263e3,1.87611679e3,2.31551481e0,-7.29295125,67584,3,0,0,0,0,0,6603625 ns,6367795,67584,67584,139264,151555,151555
2048,28,butterfly-check,detect-only,ntt,register-write,10,255,8,1,PASS,FAIL,yes,no,9.77568143e3,1.57286692e3,1.84836346e3,2.28126147e0,-7.16350130,67584,3,0,0,0,0,0,6521500 ns,6283328,67584,67584,139264,151555,151555
2048,28,butterfly-check,detect-only,ntt,register-write,10,255,16,1,PASS,FAIL,yes,no,1.05127736e4,1.56890960e3,1.83662728e3,2.26677660e0,-7.10817443,67584,3,0,0,0,0,0,6591251 ns,6333628,67584,67584,139264,151555,151555
2048,28,butterfly-check,detect-only,ntt,register-write,10,255,24,1,PASS,FAIL,yes,no,1.17842658e4,1.58675296e3,1.86785287e3,2.30531542e0,-7.25460711,67584,3,0,0,0,0,0,6555626 ns,6319667,67584,67584,139264,151555,151555
2048,28,butterfly-check,detect-only,ntt,register-write,10,255,26,1,PASS,FAIL,yes,no,1.07190014e4,1.57057656e3,1.82051538e3,2.24689120e0,-7.03164088,67584,3,0,0,0,0,0,6560791 ns,6318455,67584,67584,139264,151555,151555
2048,28,butterfly-check,detect-only,ntt,register-write,10,533,0,1,PASS,FAIL,yes,no,1.07280977e4,1.59053740e3,1.87364106e3,2.31245924e0,-7.28148174,67584,3,0,0,0,0,0,6603833 ns,6348963,67584,67584,139264,151555,151555
2048,28,butterfly-check,detect-only,ntt,register-write,10,533,4,1,PASS,FAIL,yes,no,1.02878912e4,1.60624845e3,1.87286467e3,2.31150102e0,-7.27788177,67584,3,0,0,0,0,0,6827333 ns,6591834,67584,67584,139264,151555,151555
2048,28,butterfly-check,detect-only,ntt,register-write,10,533,8,1,PASS,FAIL,yes,no,1.12914812e4,1.54930462e3,1.79290182e3,2.21281037e0,-6.89888397,67584,3,0,0,0,0,0,6581958 ns,6338915,67584,67584,139264,151555,151555
2048,28,butterfly-check,detect-only,ntt,register-write,10,533,16,1,PASS,FAIL,yes,no,1.10606299e4,1.61162915e3,1.88677726e3,2.32867202e0,-7.34216651,67584,3,0,0,0,0,0,6575874 ns,6327292,67584,67584,139264,151555,151555
2048,28,butterfly-check,detect-only,ntt,register-write,10,533,24,1,PASS,FAIL,yes,no,1.27062011e4,1.55571452e3,1.84726103e3,2.27990084e0,-7.15831919,67584,3,0,0,0,0,0,6537083 ns,6304284,67584,67584,139264,151555,151555
2048,28,butterfly-check,detect-only,ntt,register-write,10,533,26,1,PASS,FAIL,yes,no,1.18180211e4,1.59244794e3,1.86207385e3,2.29818292e0,-7.22769186,67584,3,0,0,0,0,0,6651625 ns,6408748,67584,67584,139264,151555,151555
2048,28,butterfly-check,detect-only,ntt,register-write,10,800,0,1,PASS,FAIL,yes,no,1.12133877e4,1.60783300e3,1.87685140e3,2.31642146e0,-7.29635160,67584,3,0,0,0,0,0,6550500 ns,6319038,67584,67584,139264,151555,151555
2048,28,butterfly-check,detect-only,ntt,register-write,10,800,4,1,PASS,FAIL,yes,no,1.22082746e4,1.56226251e3,1.83030113e3,2.25896883e0,-7.07820478,67584,3,0,0,0,0,0,6665415 ns,6424543,67584,67584,139264,151555,151555
2048,28,butterfly-check,detect-only,ntt,register-write,10,800,8,1,PASS,FAIL,yes,no,1.12779277e4,1.57322552e3,1.84076232e3,2.27188010e0,-7.12770815,67584,3,0,0,0,0,0,6587416 ns,6334122,67584,67584,139264,151555,151555
2048,28,butterfly-check,detect-only,ntt,register-write,10,800,16,1,PASS,FAIL,yes,no,1.38260434e4,1.57774801e3,1.86034857e3,2.29605357e0,-7.21964035,67584,3,0,0,0,0,0,6637748 ns,6402791,67584,67584,139264,151555,151555
2048,28,butterfly-check,detect-only,ntt,register-write,10,800,24,1,PASS,FAIL,yes,no,1.11063795e4,1.59074332e3,1.85676628e3,2.29163229e0,-7.20289866,67584,3,0,0,0,0,0,6752167 ns,6515499,67584,67584,139264,151555,151555
2048,28,butterfly-check,detect-only,ntt,register-write,10,800,26,1,PASS,FAIL,yes,no,1.03826059e4,1.61310700e3,1.88860457e3,2.33092730e0,-7.35057455,67584,3,0,0,0,0,0,6573084 ns,6320329,67584,67584,139264,151555,151555
2048,28,butterfly-check,detect-only,ntt,register-write,10,1209,0,1,PASS,FAIL,yes,no,1.11826062e4,1.58970195e3,1.86202805e3,2.29812639e0,-7.22747820,67584,3,0,0,0,0,0,6573125 ns,6335749,67584,67584,139264,151555,151555
2048,28,butterfly-check,detect-only,ntt,register-write,10,1209,4,1,PASS,FAIL,yes,no,1.16304758e4,1.56762083e3,1.84468298e3,2.27671901e0,-7.14618867,67584,3,0,0,0,0,0,6564000 ns,6318043,67584,67584,139264,151555,151555
2048,28,butterfly-check,detect-only,ntt,register-write,10,1209,8,1,PASS,FAIL,yes,no,1.18481568e4,1.59728481e3,1.84573380e3,2.27801593e0,-7.15113512,67584,3,0,0,0,0,0,6827249 ns,6591503,67584,67584,139264,151555,151555
2048,28,butterfly-check,detect-only,ntt,register-write,10,1209,16,1,PASS,FAIL,yes,no,1.18324222e4,1.57745740e3,1.84610593e3,2.27847522e0,-7.15288618,67584,3,0,0,0,0,0,7017083 ns,6744460,67584,67584,139264,151555,151555
2048,28,butterfly-check,detect-only,ntt,register-write,10,1209,24,1,PASS,FAIL,yes,no,1.20869875e4,1.62858665e3,1.88819020e3,2.33041588e0,-7.34866862,67584,3,0,0,0,0,0,6556042 ns,6321667,67584,67584,139264,151555,151555
2048,28,butterfly-check,detect-only,ntt,register-write,10,1209,26,1,PASS,FAIL,yes,no,1.15661159e4,1.60969256e3,1.88130805e3,2.32192189e0,-7.31695211,67584,3,0,0,0,0,0,6628915 ns,6392913,67584,67584,139264,151555,151555
2048,28,butterfly-check,detect-only,ntt,register-write,10,1213,0,1,PASS,FAIL,yes,no,1.11134576e4,1.60256537e3,1.87875458e3,2.31877039e0,-7.30515490,67584,3,0,0,0,0,0,6641124 ns,6386041,67584,67584,139264,151555,151555
2048,28,butterfly-check,detect-only,ntt,register-write,10,1213,4,1,PASS,FAIL,yes,no,1.25846845e4,1.55120593e3,1.80612750e3,2.22913359e0,-6.96272192,67584,3,0,0,0,0,0,6536001 ns,6296838,67584,67584,139264,151555,151555
2048,28,butterfly-check,detect-only,ntt,register-write,10,1213,8,1,PASS,FAIL,yes,no,1.15873159e4,1.56941408e3,1.83552194e3,2.26541240e0,-7.10294545,67584,3,0,0,0,0,0,6584375 ns,6334671,67584,67584,139264,151555,151555
2048,28,butterfly-check,detect-only,ntt,register-write,10,1213,16,1,PASS,FAIL,yes,no,1.14720271e4,1.60919863e3,1.89929190e3,2.34411767e0,-7.39958816,67584,3,0,0,0,0,0,6566292 ns,6323829,67584,67584,139264,151555,151555
2048,28,butterfly-check,detect-only,ntt,register-write,10,1213,24,1,PASS,FAIL,yes,no,1.23850617e4,1.58321443e3,1.85281862e3,2.28676006e0,-7.18441198,67584,3,0,0,0,0,0,6585748 ns,6331167,67584,67584,139264,151555,151555
2048,28,butterfly-check,detect-only,ntt,register-write,10,1213,26,1,PASS,FAIL,yes,no,1.26726423e4,1.56385026e3,1.84841167e3,2.28132097e0,-7.16372786,67584,3,0,0,0,0,0,6555541 ns,6314206,67584,67584,139264,151555,151555
2048,28,butterfly-check,detect-only,ntt,register-write,10,1230,0,1,PASS,FAIL,yes,no,1.05451968e4,1.58018601e3,1.83046080e3,2.25916590e0,-7.07896247,67584,3,0,0,0,0,0,6609834 ns,6362333,67584,67584,139264,151555,151555
2048,28,butterfly-check,detect-only,ntt,register-write,10,1230,4,1,PASS,FAIL,yes,no,1.11914686e4,1.59494458e3,1.87550314e3,2.31475743e0,-7.29010974,67584,3,0,0,0,0,0,6547500 ns,6311337,67584,67584,139264,151555,151555
2048,28,butterfly-check,detect-only,ntt,register-write,10,1230,8,1,PASS,FAIL,yes,no,1.19039366e4,1.57749834e3,1.85126306e3,2.28484018e0,-7.17711656,67584,3,0,0,0,0,0,6563751 ns,6313381,67584,67584,139264,151555,151555
2048,28,butterfly-check,detect-only,ntt,register-write,10,1230,16,1,PASS,FAIL,yes,no,1.27353697e4,1.57078207e3,1.84744674e3,2.28013005e0,-7.15919237,67584,3,0,0,0,0,0,6538499 ns,6300627,67584,67584,139264,151555,151555
2048,28,butterfly-check,detect-only,ntt,register-write,10,1230,24,1,PASS,FAIL,yes,no,1.17459549e4,1.61235224e3,1.88174397e3,2.32245991e0,-7.31896451,67584,3,0,0,0,0,0,6841209 ns,6601956,67584,67584,139264,151555,151555
2048,28,butterfly-check,detect-only,ntt,register-write,10,1230,26,1,PASS,FAIL,yes,no,1.14560810e4,1.59075933e3,1.88193463e3,2.32269521e0,-7.31984450,67584,3,0,0,0,0,0,6550875 ns,6297707,67584,67584,139264,151555,151555
2048,28,butterfly-check,detect-only,ntt,register-write,10,1361,0,1,PASS,FAIL,yes,no,1.41344236e4,1.56627186e3,1.84148217e3,2.27276854e0,-7.13110419,67584,3,0,0,0,0,0,6555667 ns,6317130,67584,67584,139264,151555,151555
2048,28,butterfly-check,detect-only,ntt,register-write,10,1361,4,1,PASS,FAIL,yes,no,1.12390018e4,1.59153610e3,1.86047272e3,2.29620679e0,-7.22021995,67584,3,0,0,0,0,0,6537833 ns,6299337,67584,67584,139264,151555,151555
2048,28,butterfly-check,detect-only,ntt,register-write,10,1361,8,1,PASS,FAIL,yes,no,1.13547542e4,1.59268476e3,1.86990921e3,2.30785337e0,-7.26416425,67584,3,0,0,0,0,0,6596750 ns,6333958,67584,67584,139264,151555,151555
2048,28,butterfly-check,detect-only,ntt,register-write,10,1361,16,1,PASS,FAIL,yes,no,1.32778911e4,1.59554750e3,1.86615652e3,2.30322177e0,-7.24671515,67584,3,0,0,0,0,0,6578124 ns,6330583,67584,67584,139264,151555,151555
2048,28,butterfly-check,detect-only,ntt,register-write,10,1361,24,1,PASS,FAIL,yes,no,1.18804994e4,1.58822268e3,1.84071296e3,2.27181917e0,-7.12747521,67584,3,0,0,0,0,0,6540542 ns,6300711,67584,67584,139264,151555,151555
2048,28,butterfly-check,detect-only,ntt,register-write,10,1361,26,1,PASS,FAIL,yes,no,1.04530099e4,1.58057557e3,1.85638109e3,2.29115688e0,-7.20109654,67584,3,0,0,0,0,0,6565790 ns,6306421,67584,67584,139264,151555,151555
2048,28,butterfly-check,detect-only,ntt,register-write,10,2016,0,1,PASS,FAIL,yes,no,1.10312448e4,1.59169187e3,1.86484184e3,2.30159919e0,-7.24059391,67584,3,0,0,0,0,0,6557960 ns,6302911,67584,67584,139264,151555,151555
2048,28,butterfly-check,detect-only,ntt,register-write,10,2016,4,1,PASS,FAIL,yes,no,1.19975822e4,1.60494743e3,1.89020823e3,2.33290654e0,-7.35794682,67584,3,0,0,0,0,0,6574292 ns,6327331,67584,67584,139264,151555,151555
2048,28,butterfly-check,detect-only,ntt,register-write,10,2016,8,1,PASS,FAIL,yes,no,1.14852620e4,1.58840220e3,1.84323707e3,2.27493446e0,-7.13937778,67584,3,0,0,0,0,0,6565084 ns,6318003,67584,67584,139264,151555,151555
2048,28,butterfly-check,detect-only,ntt,register-write,10,2016,16,1,PASS,FAIL,yes,no,1.27411552e4,1.59422779e3,1.85927060e3,2.29472313e0,-7.21460586,67584,3,0,0,0,0,0,6588877 ns,6332623,67584,67584,139264,151555,151555
2048,28,butterfly-check,detect-only,ntt,register-write,10,2016,24,1,PASS,FAIL,yes,no,1.42257577e4,1.55885085e3,1.84345291e3,2.27520085e0,-7.14039481,67584,3,0,0,0,0,0,6795083 ns,6549502,67584,67584,139264,151555,151555
2048,28,butterfly-check,detect-only,ntt,register-write,10,2016,26,1,PASS,FAIL,yes,no,1.15614824e4,1.58431874e3,1.84666617e3,2.27916666e0,-7.15552168,67584,3,0,0,0,0,0,6533751 ns,6295503,67584,67584,139264,151555,151555
4096,28,butterfly-check,detect-only,ntt,mul-output,0,1016,0,1,PASS,FAIL,no,no,4.06799955e4,2.30318384e3,2.88743853e3,1.74857516e0,-4.85368611,147456,0,0,0,0,0,0,14203334 ns,13714295,147456,147456,303104,327683,327683
4096,28,butterfly-check,detect-only,ntt,mul-output,0,1016,4,1,PASS,FAIL,no,no,4.20792288e4,2.29530545e3,2.88618274e3,1.74781468e0,-4.84990767,147456,0,0,0,0,0,0,14141375 ns,13656503,147456,147456,303104,327683,327683
4096,28,butterfly-check,detect-only,ntt,mul-output,0,1016,8,1,PASS,FAIL,no,no,4.06118675e4,2.31090805e3,2.88498018e3,1.74708644e0,-4.84628784,147456,0,0,0,0,0,0,14205791 ns,13720542,147456,147456,303104,327683,327683
4096,28,butterfly-check,detect-only,ntt,mul-output,0,1016,16,1,PASS,FAIL,no,no,4.50872989e4,2.29080764e3,2.90846976e3,1.76131126e0,-4.91672223,147456,0,0,0,0,0,0,14156625 ns,13685588,147456,147456,303104,327683,327683
4096,28,butterfly-check,detect-only,ntt,mul-output,0,1016,24,1,PASS,FAIL,no,no,4.01543700e4,2.28187942e3,2.84464354e3,1.72265937e0,-4.72398824,147456,0,0,0,0,0,0,14140707 ns,13664745,147456,147456,303104,327683,327683
4096,28,butterfly-check,detect-only,ntt,mul-output,0,1016,26,1,PASS,FAIL,no,no,4.40411403e4,2.29978842e3,2.90831130e3,1.76121530e0,-4.91624899,147456,0,0,0,0,0,0,14167540 ns,13683752,147456,147456,303104,327683,327683
4096,28,butterfly-check,detect-only,ntt,mul-output,0,1530,0,1,PASS,FAIL,no,no,4.21975201e4,2.27303834e3,2.87694107e3,1.74221811e0,-4.82205049,147456,0,0,0,0,0,0,14198457 ns,13682999,147456,147456,303104,327683,327683
4096,28,butterfly-check,detect-only,ntt,mul-output,0,1530,4,1,PASS,FAIL,no,no,4.22795281e4,2.28324328e3,2.88572641e3,1.74753834e0,-4.84853426,147456,0,0,0,0,0,0,14143958 ns,13637584,147456,147456,303104,327683,327683
4096,28,butterfly-check,detect-only,ntt,mul-output,0,1530,8,1,PASS,FAIL,no,no,4.32544910e4,2.28378682e3,2.88715325e3,1.74840240e0,-4.85282790,147456,0,0,0,0,0,0,14119333 ns,13642741,147456,147456,303104,327683,327683
4096,28,butterfly-check,detect-only,ntt,mul-output,0,1530,16,1,PASS,FAIL,no,no,4.32932564e4,2.30718736e3,2.90215059e3,1.75748450e0,-4.89783006,147456,0,0,0,0,0,0,14129541 ns,13660210,147456,147456,303104,327683,327683
4096,28,butterfly-check,detect-only,ntt,mul-output,0,1530,24,1,PASS,FAIL,no,no,4.13492839e4,2.32793322e3,2.94824182e3,1.78539643e0,-5.03469322,147456,0,0,0,0,0,0,14152084 ns,13678540,147456,147456,303104,327683,327683
4096,28,butterfly-check,detect-only,ntt,mul-output,0,1530,26,1,PASS,FAIL,no,no,4.20481378e4,2.27893153e3,2.87066651e3,1.73841837e0,-4.80308603,147456,0,0,0,0,0,0,14220500 ns,13741334,147456,147456,303104,327683,327683
4096,28,butterfly-check,detect-only,ntt,mul-output,0,1559,0,1,ERROR,ERROR,ERROR,ERROR,NA,NA,NA,NA,NA,NA,NA,NA,NA,NA,NA,NA,NA,NA,NA,NA,NA,NA,NA
4096,28,butterfly-check,detect-only,ntt,mul-output,0,1559,4,1,ERROR,ERROR,ERROR,ERROR,NA,NA,NA,NA,NA,NA,NA,NA,NA,NA,NA,NA,NA,NA,NA,NA,NA,NA,NA
4096,28,butterfly-check,detect-only,ntt,mul-output,0,1559,8,1,ERROR,ERROR,ERROR,ERROR,NA,NA,NA,NA,NA,NA,NA,NA,NA,NA,NA,NA,NA,NA,NA,NA,NA,NA,NA
4096,28,butterfly-check,detect-only,ntt,mul-output,0,1559,16,1,ERROR,ERROR,ERROR,ERROR,NA,NA,NA,NA,NA,NA,NA,NA,NA,NA,NA,NA,NA,NA,NA,NA,NA,NA,NA
4096,28,butterfly-check,detect-only,ntt,mul-output,0,1559,24,1,ERROR,ERROR,ERROR,ERROR,NA,NA,NA,NA,NA,NA,NA,NA,NA,NA,NA,NA,NA,NA,NA,NA,NA,NA,NA
4096,28,butterfly-check,detect-only,ntt,mul-output,0,1559,26,1,ERROR,ERROR,ERROR,ERROR,NA,NA,NA,NA,NA,NA,NA,NA,NA,NA,NA,NA,NA,NA,NA,NA,NA,NA,NA
4096,28,butterfly-check,detect-only,ntt,mul-output,0,1616,0,1,PASS,FAIL,no,no,4.08476139e4,2.28032866e3,2.87022254e3,1.73814950e0,-4.80174257,147456,0,0,0,0,0,0,14117542 ns,13634417,147456,147456,303104,327683,327683
4096,28,butterfly-check,detect-only,ntt,mul-output,0,1616,4,1,PASS,FAIL,no,no,3.89368783e4,2.29442537e3,2.85448075e3,1.72861659e0,-4.75397355,147456,0,0,0,0,0,0,14131500 ns,13654920,147456,147456,303104,327683,327683
4096,28,butterfly-check,detect-only,ntt,mul-output,0,1616,8,1,PASS,FAIL,no,no,4.28353472e4,2.30428565e3,2.89834004e3,1.75517690e0,-4.88641789,147456,0,0,0,0,0,0,14128333 ns,13657129,147456,147456,303104,327683,327683
4096,28,butterfly-check,detect-only,ntt,mul-output,0,1616,16,1,PASS,FAIL,no,no,4.39458589e4,2.29140389e3,2.89847528e3,1.75525880e0,-4.88682319,147456,0,0,0,0,0,0,14227125 ns,13746079,147456,147456,303104,327683,327683
4096,28,butterfly-check,detect-only,ntt,mul-output,0,1616,24,1,PASS,FAIL,no,no,4.14878761e4,2.30028651e3,2.88712069e3,1.74838269e0,-4.85272995,147456,0,0,0,0,0,0,14142209 ns,13663417,147456,147456,303104,327683,327683
4096,28,butterfly-check,detect-only,ntt,mul-output,0,1616,26,1,PASS,FAIL,no,no,4.28344086e4,2.28976924e3,2.89355723e3,1.75228053e0,-4.87207272,147456,0,0,0,0,0,0,14170624 ns,13694540,147456,147456,303104,327683,327683
4096,28,butterfly-check,detect-only,ntt,mul-output,0,1689,0,1,ERROR,ERROR,ERROR,ERROR,NA,NA,NA,NA,NA,NA,NA,NA,NA,NA,NA,NA,NA,NA,NA,NA,NA,NA,NA
4096,28,butterfly-check,detect-only,ntt,mul-output,0,1689,4,1,ERROR,ERROR,ERROR,ERROR,NA,NA,NA,NA,NA,NA,NA,NA,NA,NA,NA,NA,NA,NA,NA,NA,NA,NA,NA
4096,28,butterfly-check,detect-only,ntt,mul-output,0,1689,8,1,ERROR,ERROR,ERROR,ERROR,NA,NA,NA,NA,NA,NA,NA,NA,NA,NA,NA,NA,NA,NA,NA,NA,NA,NA,NA
4096,28,butterfly-check,detect-only,ntt,mul-output,0,1689,16,1,ERROR,ERROR,ERROR,ERROR,NA,NA,NA,NA,NA,NA,NA,NA,NA,NA,NA,NA,NA,NA,NA,NA,NA,NA,NA
4096,28,butterfly-check,detect-only,ntt,mul-output,0,1689,24,1,ERROR,ERROR,ERROR,ERROR,NA,NA,NA,NA,NA,NA,NA,NA,NA,NA,NA,NA,NA,NA,NA,NA,NA,NA,NA
4096,28,butterfly-check,detect-only,ntt,mul-output,0,1689,26,1,ERROR,ERROR,ERROR,ERROR,NA,NA,NA,NA,NA,NA,NA,NA,NA,NA,NA,NA,NA,NA,NA,NA,NA,NA,NA
4096,28,butterfly-check,detect-only,ntt,mul-output,0,3654,0,1,PASS,FAIL,no,no,4.06035795e4,2.27724815e3,2.87069957e3,1.73843839e0,-4.80318607,147456,0,0,0,0,0,0,14142332 ns,13660707,147456,147456,303104,327683,327683
4096,28,butterfly-check,detect-only,ntt,mul-output,0,3654,4,1,PASS,FAIL,no,no,4.38046093e4,2.27351221e3,2.88869925e3,1.74933863e0,-4.85747776,147456,0,0,0,0,0,0,14143458 ns,13664047,147456,147456,303104,327683,327683
4096,28,butterfly-check,detect-only,ntt,mul-output,0,3654,8,1,PASS,FAIL,no,no,4.09486851e4,2.29225840e3,2.88739977e3,1.74855169e0,-4.85356952,147456,0,0,0,0,0,0,14147250 ns,13690789,147456,147456,303104,327683,327683
4096,28,butterfly-check,detect-only,ntt,mul-output,0,3654,16,1,PASS,FAIL,no,no,4.30489078e4,2.28432024e3,2.87326584e3,1.73999247e0,-4.81094738,147456,0,0,0,0,0,0,14508333 ns,14030048,147456,147456,303104,327683,327683
4096,28,butterfly-check,detect-only,ntt,mul-output,0,3654,24,1,PASS,FAIL,no,no,4.09599890e4,2.26641474e3,2.83479554e3,1.71669562e0,-4.69386599,147456,0,0,0,0,0,0,14133332 ns,13640874,147456,147456,303104,327683,327683
4096,28,butterfly-check,detect-only,ntt,mul-output,0,3654,26,1,PASS,FAIL,no,no,4.23214111e4,2.28729075e3,2.88605496e3,1.74773730e0,-4.84952312,147456,0,0,0,0,0,0,14191624 ns,13733877,147456,147456,303104,327683,327683
4096,28,butterfly-check,detect-only,ntt,mul-output,0,3677,0,1,ERROR,ERROR,ERROR,ERROR,NA,NA,NA,NA,NA,NA,NA,NA,NA,NA,NA,NA,NA,NA,NA,NA,NA,NA,NA
4096,28,butterfly-check,detect-only,ntt,mul-output,0,3677,4,1,ERROR,ERROR,ERROR,ERROR,NA,NA,NA,NA,NA,NA,NA,NA,NA,NA,NA,NA,NA,NA,NA,NA,NA,NA,NA
4096,28,butterfly-check,detect-only,ntt,mul-output,0,3677,8,1,ERROR,ERROR,ERROR,ERROR,NA,NA,NA,NA,NA,NA,NA,NA,NA,NA,NA,NA,NA,NA,NA,NA,NA,NA,NA
4096,28,butterfly-check,detect-only,ntt,mul-output,0,3677,16,1,ERROR,ERROR,ERROR,ERROR,NA,NA,NA,NA,NA,NA,NA,NA,NA,NA,NA,NA,NA,NA,NA,NA,NA,NA,NA
4096,28,butterfly-check,detect-only,ntt,mul-output,0,3677,24,1,ERROR,ERROR,ERROR,ERROR,NA,NA,NA,NA,NA,NA,NA,NA,NA,NA,NA,NA,NA,NA,NA,NA,NA,NA,NA
4096,28,butterfly-check,detect-only,ntt,mul-output,0,3677,26,1,ERROR,ERROR,ERROR,ERROR,NA,NA,NA,NA,NA,NA,NA,NA,NA,NA,NA,NA,NA,NA,NA,NA,NA,NA,NA
4096,28,butterfly-check,detect-only,ntt,mul-output,0,4046,0,1,PASS,FAIL,no,no,4.28720934e4,2.29693247e3,2.90520809e3,1.75933605e0,-4.90697606,147456,0,0,0,0,0,0,14192251 ns,13710249,147456,147456,303104,327683,327683
4096,28,butterfly-check,detect-only,ntt,mul-output,0,4046,4,1,PASS,FAIL,no,no,4.35267967e4,2.24804706e3,2.83907261e3,1.71928573e0,-4.70696118,147456,0,0,0,0,0,0,14106292 ns,13636661,147456,147456,303104,327683,327683
4096,28,butterfly-check,detect-only,ntt,mul-output,0,4046,8,1,PASS,FAIL,no,no,4.20639936e4,2.29936280e3,2.89323707e3,1.75208665e0,-4.87111159,147456,0,0,0,0,0,0,14126374 ns,13647542,147456,147456,303104,327683,327683
4096,28,butterfly-check,detect-only,ntt,mul-output,0,4046,16,1,PASS,FAIL,no,no,4.33914646e4,2.27219373e3,2.86598601e3,1.73558395e0,-4.78891249,147456,0,0,0,0,0,0,14156208 ns,13699293,147456,147456,303104,327683,327683
4096,28,butterfly-check,detect-only,ntt,mul-output,0,4046,24,1,PASS,FAIL,no,no,4.17961383e4,2.27076119e3,2.86615132e3,1.73568405e0,-4.78941347,147456,0,0,0,0,0,0,14339249 ns,13833713,147456,147456,303104,327683,327683
4096,28,butterfly-check,detect-only,ntt,mul-output,0,4046,26,1,PASS,FAIL,no,no,4.32947700e4,2.31108808e3,2.90344192e3,1.75826650e0,-4.90169404,147456,0,0,0,0,0,0,14138666 ns,13656581,147456,147456,303104,327683,327683
4096,28,butterfly-check,detect-only,ntt,mul-output,6,51,0,1,PASS,FAIL,no,no,4.15055564e4,2.28549831e3,2.88655884e3,1.74804245e0,-4.85103948,147456,0,0,0,0,0,0,14226417 ns,13765414,147456,147456,303104,327683,327683
4096,28,butterfly-check,detect-only,ntt,mul-output,6,51,4,1,PASS,FAIL,no,no,3.98416136e4,2.29080168e3,2.86164712e3,1.73295640e0,-4.77575272,147456,0,0,0,0,0,0,14086042 ns,13629833,147456,147456,303104,327683,327683
4096,28,butterfly-check,detect-only,ntt,mul-output,6,51,8,1,PASS,FAIL,no,no,4.26916457e4,2.26412762e3,2.87038952e3,1.73825063e0,-4.80224789,147456,0,0,0,0,0,0,14251334 ns,13789667,147456,147456,303104,327683,327683
4096,28,butterfly-check,detect-only,ntt,mul-output,6,51,16,1,PASS,FAIL,no,no,4.17245510e4,2.29194002e3,2.87030848e3,1.73820155e0,-4.80200265,147456,0,0,0,0,0,0,14384458 ns,13874628,147456,147456,303104,327683,327683
4096,28,butterfly-check,detect-only,ntt,mul-output,6,51,24,1,PASS,FAIL,no,no,3.73633918e4,2.28591688e3,2.87853235e3,1.74318176e0,-4.82685345,147456,0,0,0,0,0,0,14115501 ns,13659747,147456,147456,303104,327683,327683
4096,28,butterfly-check,detect-only,ntt,mul-output,6,51,26,1,PASS,FAIL,no,no,4.66692598e4,2.29605357e3,2.91082404e3,1.76273697e0,-4.92375024,147456,0,0,0,0,0,0,14281168 ns,13786831,147456,147456,303104,327683,327683
4096,28,butterfly-check,detect-only,ntt,mul-output,6,709,0,1,PASS,FAIL,yes,no,4.58672640e4,2.31946517e3,2.95649787e3,1.79039612e0,-5.05898257,147456,3,0,0,0,0,0,14137625 ns,13664748,147456,147456,303104,327683,327683
4096,28,butterfly-check,detect-only,ntt,mul-output,6,709,4,1,PASS,FAIL,yes,no,3.97207113e4,2.31316389e3,2.91928693e3,1.76786192e0,-4.94896684,147456,3,0,0,0,0,0,14170209 ns,13708797,147456,147456,303104,327683,327683
4096,28,butterfly-check,detect-only,ntt,mul-output,6,709,8,1,PASS,FAIL,yes,no,4.03389513e4,2.31828073e3,2.89703443e3,1.75438625e0,-4.88250431,147456,3,0,0,0,0,0,14321041 ns,13817080,147456,147456,303104,327683,327683
4096,28,butterfly-check,detect-only,ntt,mul-output,6,709,16,1,PASS,FAIL,yes,no,3.98817884e4,2.26462637e3,2.83105406e3,1.71442986e0,-4.68239443,147456,3,0,0,0,0,0,14149833 ns,13695375,147456,147456,303104,327683,327683
4096,28,butterfly-check,detect-only,ntt,mul-output,6,709,24,1,PASS,FAIL,yes,no,3.88268409e4,2.28303269e3,2.87158632e3,1.73897538e0,-4.80586869,147456,3,0,0,0,0,0,14203834 ns,13717875,147456,147456,303104,327683,327683
4096,28,butterfly-check,detect-only,ntt,mul-output,6,709,26,1,PASS,FAIL,yes,no,4.16372334e4,2.31142885e3,2.90060593e3,1.75654908e0,-4.89320579,147456,3,0,0,0,0,0,14167042 ns,13707208,147456,147456,303104,327683,327683
4096,28,butterfly-check,detect-only,ntt,mul-output,6,1744,0,1,PASS,FAIL,yes,no,4.09667278e4,2.29845385e3,2.86668395e3,1.73600660e0,-4.79102746,147456,3,0,0,0,0,0,14140209 ns,13652711,147456,147456,303104,327683,327683
4096,28,butterfly-check,detect-only,ntt,mul-output,6,1744,4,1,PASS,FAIL,yes,no,4.36844614e4,2.30533702e3,2.89795092e3,1.75494126e0,-4.88525168,147456,3,0,0,0,0,0,14133209 ns,13655123,147456,147456,303104,327683,327683
4096,28,butterfly-check,detect-only,ntt,mul-output,6,1744,8,1,PASS,FAIL,yes,no,4.33160721e4,2.25689645e3,2.84933969e3,1.72550327e0,-4.73831573,147456,3,0,0,0,0,0,14639333 ns,14100791,147456,147456,303104,327683,327683
4096,28,butterfly-check,detect-only,ntt,mul-output,6,1744,16,1,PASS,FAIL,yes,no,4.27893442e4,2.29629460e3,2.88095409e3,1.74464832e0,-4.83415791,147456,3,0,0,0,0,0,14189500 ns,13741629,147456,147456,303104,327683,327683
4096,28,butterfly-check,detect-only,ntt,mul-output,6,1744,24,1,PASS,FAIL,yes,no,4.09818734e4,2.31106472e3,2.90931796e3,1.76182491e0,-4.91925493,147456,3,0,0,0,0,0,14343417 ns,13855793,147456,147456,303104,327683,327683
4096,28,butterfly-check,detect-only,ntt,mul-output,6,1744,26,1,PASS,FAIL,yes,no,4.01315993e4,2.24991926e3,2.83126593e3,1.71455816e0,-4.68304442,147456,3,0,0,0,0,0,14353458 ns,13889335,147456,147456,303104,327683,327683
4096,28,butterfly-check,detect-only,ntt,mul-output,6,2089,0,1,PASS,FAIL,no,no,4.01287415e4,2.29586609e3,2.85826201e3,1.73090645e0,-4.76547191,147456,0,0,0,0,0,0,14184666 ns,13723874,147456,147456,303104,327683,327683
4096,28,butterfly-check,detect-only,ntt,mul-output,6,2089,4,1,PASS,FAIL,no,no,4.34371498e4,2.29169760e3,2.89117673e3,1.75083895e0,-4.86492397,147456,0,0,0,0,0,0,14292877 ns,13824578,147456,147456,303104,327683,327683
4096,28,butterfly-check,detect-only,ntt,mul-output,6,2089,8,1,PASS,FAIL,no,no,4.10506639e4,2.26797832e3,2.84719482e3,1.72420438e0,-4.73177487,147456,0,0,0,0,0,0,14107250 ns,13642167,147456,147456,303104,327683,327683
4096,28,butterfly-check,detect-only,ntt,mul-output,6,2089,16,1,PASS,FAIL,no,no,4.26906070e4,2.27348614e3,2.86459640e3,1.73474243e0,-4.78470002,147456,0,0,0,0,0,0,14287791 ns,13816417,147456,147456,303104,327683,327683
4096,28,butterfly-check,detect-only,ntt,mul-output,6,2089,24,1,PASS,FAIL,no,no,3.90690736e4,2.28391761e3,2.83967040e3,1.71964774e0,-4.70878986,147456,0,0,0,0,0,0,14277041 ns,13810916,147456,147456,303104,327683,327683
4096,28,butterfly-check,detect-only,ntt,mul-output,6,2089,26,1,PASS,FAIL,no,no,4.46135109e4,2.29364953e3,2.89024125e3,1.75027244e0,-4.86211307,147456,0,0,0,0,0,0,14156581 ns,13685329,147456,147456,303104,327683,327683
4096,28,butterfly-check,detect-only,ntt,mul-output,6,3296,0,1,PASS,FAIL,yes,no,4.48390771e4,2.30463825e3,2.93501146e3,1.77738438e0,-4.99562721,147456,3,0,0,0,0,0,14249084 ns,13791789,147456,147456,303104,327683,327683
4096,28,butterfly-check,detect-only,ntt,mul-output,6,3296,4,1,PASS,FAIL,yes,no,4.16382308e4,2.29523234e3,2.87926772e3,1.74362708e0,-4.82907213,147456,3,0,0,0,0,0,39838957 ns,38553039,147456,147456,303104,327683,327683
4096,28,butterfly-check,detect-only,ntt,mul-output,6,3296,8,1,PASS,FAIL,yes,no,4.37580633e4,2.31913332e3,2.90870192e3,1.76145185e0,-4.91741552,147456,3,0,0,0,0,0,14336833 ns,13860748,147456,147456,303104,327683,327683
4096,28,butterfly-check,detect-only,ntt,mul-output,6,3296,16,1,PASS,FAIL,yes,no,4.14669762e4,2.24442988e3,2.85271106e3,1.72754490e0,-4.74858689,147456,3,0,0,0,0,0,14144415 ns,13672000,147456,147456,303104,327683,327683
4096,28,butterfly-check,detect-only,ntt,mul-output,6,3296,24,1,PASS,FAIL,yes,no,4.38960068e4,2.26444886e3,2.88650114e3,1.74800750e0,-4.85086585,147456,3,0,0,0,0,0,14223543 ns,13728080,147456,147456,303104,327683,327683
4096,28,butterfly-check,detect-only,ntt,mul-output,6,3296,26,1,PASS,FAIL,yes,no,4.25484314e4,2.28284518e3,2.88085942e3,1.74459099e0,-4.83387249,147456,3,0,0,0,0,0,14089457 ns,13628834,147456,147456,303104,327683,327683
4096,28,butterfly-check,detect-only,ntt,mul-output,6,3698,0,1,PASS,FAIL,yes,no,4.18947440e4,2.33617614e3,2.95611361e3,1.79016342e0,-5.05785358,147456,3,0,0,0,0,0,14125126 ns,13648293,147456,147456,303104,327683,327683
4096,28,butterfly-check,detect-only,ntt,mul-output,6,3698,4,1,PASS,FAIL,yes,no,4.28461783e4,2.28180477e3,2.89115601e3,1.75082640e0,-4.86486173,147456,3,0,0,0,0,0,14107458 ns,13660917,147456,147456,303104,327683,327683
4096,28,butterfly-check,detect-only,ntt,mul-output,6,3698,8,1,PASS,FAIL,yes,no,4.32163200e4,2.29583376e3,2.90132044e3,1.75698177e0,-4.89534511,147456,3,0,0,0,0,0,14126626 ns,13664333,147456,147456,303104,327683,327683
4096,28,butterfly-check,detect-only,ntt,mul-output,6,3698,16,1,PASS,FAIL,yes,no,3.85301867e4,2.27471046e3,2.84024244e3,1.71999416e0,-4.71053943,147456,3,0,0,0,0,0,14108707 ns,13634499,147456,147456,303104,327683,327683
4096,28,butterfly-check,detect-only,ntt,mul-output,6,3698,24,1,PASS,FAIL,yes,no,3.76731999e4,2.28033943e3,2.83929255e3,1.71941892e0,-4.70763404,147456,3,0,0,0,0,0,14245541 ns,13746292,147456,147456,303104,327683,327683
4096,28,butterfly-check,detect-only,ntt,mul-output,6,3698,26,1,PASS,FAIL,yes,no,4.19616753e4,2.29303964e3,2.87659835e3,1.74201057e0,-4.82101572,147456,3,0,0,0,0,0,14129250 ns,13648790,147456,147456,303104,327683,327683
4096,28,butterfly-check,detect-only,ntt,mul-output,6,3954,0,1,PASS,FAIL,yes,no,4.25316819e4,2.32572177e3,2.91670952e3,1.76630109e0,-4.94129475,147456,3,0,0,0,0,0,14127042 ns,13653583,147456,147456,303104,327683,327683
4096,28,butterfly-check,detect-only,ntt,mul-output,6,3954,4,1,PASS,FAIL,yes,no,3.93968708e4,2.31859383e3,2.88947521e3,1.74980854e0,-4.85981063,147456,3,0,0,0,0,0,14120917 ns,13648876,147456,147456,303104,327683,327683
4096,28,butterfly-check,detect-only,ntt,mul-output,6,3954,8,1,PASS,FAIL,yes,no,4.12840214e4,2.29604351e3,2.88146297e3,1.74495648e0,-4.83569201,147456,3,0,0,0,0,0,14100083 ns,13632623,147456,147456,303104,327683,327683
4096,28,butterfly-check,detect-only,ntt,mul-output,6,3954,16,1,PASS,FAIL,yes,no,4.17951486e4,2.29213150e3,2.88629379e3,1.74788194e0,-4.85024188,147456,3,0,0,0,0,0,14128291 ns,13654710,147456,147456,303104,327683,327683
4096,28,butterfly-check,detect-only,ntt,mul-output,6,3954,24,1,PASS,FAIL,yes,no,4.22716031e4,2.29075456e3,2.89554352e3,1.75348338e0,-4.87803309,147456,3,0,0,0,0,0,14139332 ns,13635418,147456,147456,303104,327683,327683
4096,28,butterfly-check,detect-only,ntt,mul-output,6,3954,26,1,PASS,FAIL,yes,no,4.37405432e4,2.28722537e3,2.89741398e3,1.75461610e0,-4.88364220,147456,3,0,0,0,0,0,14103749 ns,13626793,147456,147456,303104,327683,327683
4096,28,butterfly-check,detect-only,ntt,mul-output,6,4079,0,1,PASS,FAIL,yes,no,4.28198026e4,2.27398678e3,2.87543080e3,1.74130352e0,-4.81748957,147456,3,0,0,0,0,0,14120250 ns,13647793,147456,147456,303104,327683,327683
4096,28,butterfly-check,detect-only,ntt,mul-output,6,4079,4,1,PASS,FAIL,yes,no,3.93791785e4,2.29843610e3,2.87420432e3,1.74056079e0,-4.81378393,147456,3,0,0,0,0,0,14145375 ns,13659417,147456,147456,303104,327683,327683
4096,28,butterfly-check,detect-only,ntt,mul-output,6,4079,8,1,PASS,FAIL,yes,no,4.13696588e4,2.25301886e3,2.83820956e3,1.71876308e0,-4.70432033,147456,3,0,0,0,0,0,14142166 ns,13656793,147456,147456,303104,327683,327683
4096,28,butterfly-check,detect-only,ntt,mul-output,6,4079,16,1,PASS,FAIL,yes,no,4.11004440e4,2.30461886e3,2.88576481e3,1.74756159e0,-4.84864982,147456,3,0,0,0,0,0,14121000 ns,13649125,147456,147456,303104,327683,327683
4096,28,butterfly-check,detect-only,ntt,mul-output,6,4079,24,1,PASS,FAIL,yes,no,4.25026182e4,2.28257314e3,2.89360343e3,1.75230851e0,-4.87221138,147456,3,0,0,0,0,0,14123709 ns,13657206,147456,147456,303104,327683,327683
4096,28,butterfly-check,detect-only,ntt,mul-output,6,4079,26,1,PASS,FAIL,yes,no,4.34178831e4,2.30319392e3,2.90361249e3,1.75836979e0,-4.90220429,147456,3,0,0,0,0,0,14237292 ns,13772499,147456,147456,303104,327683,327683
4096,28,butterfly-check,detect-only,ntt,mul-output,11,572,0,1,PASS,FAIL,no,no,4.56241167e4,2.27287560e3,2.89558648e3,1.75350940e0,-4.87816198,147456,0,0,0,0,0,0,14716708 ns,14205456,147456,147456,303104,327683,327683
4096,28,butterfly-check,detect-only,ntt,mul-output,11,572,4,1,PASS,FAIL,no,no,4.37403669e4,2.30629296e3,2.90244854e3,1.75766493e0,-4.89872175,147456,0,0,0,0,0,0,14225166 ns,13759038,147456,147456,303104,327683,327683
4096,28,butterfly-check,detect-only,ntt,mul-output,11,572,8,1,PASS,FAIL,no,no,4.12492071e4,2.28539083e3,2.89606744e3,1.75380066e0,-4.87960458,147456,0,0,0,0,0,0,14106167 ns,13647248,147456,147456,303104,327683,327683
4096,28,butterfly-check,detect-only,ntt,mul-output,11,572,16,1,PASS,FAIL,no,no,4.13856628e4,2.26747672e3,2.84197159e3,1.72104129e0,-4.71582582,147456,0,0,0,0,0,0,14098543 ns,13628129,147456,147456,303104,327683,327683
4096,28,butterfly-check,detect-only,ntt,mul-output,11,572,24,1,PASS,FAIL,no,no,3.99090953e4,2.30556190e3,2.90126585e3,1.75694872e0,-4.89518171,147456,0,0,0,0,0,0,14248707 ns,13769462,147456,147456,303104,327683,327683
4096,28,butterfly-check,detect-only,ntt,mul-output,11,572,26,1,PASS,FAIL,no,no,4.22584593e4,2.28765771e3,2.86697815e3,1.73618477e0,-4.79191883,147456,0,0,0,0,0,0,14168250 ns,13685001,147456,147456,303104,327683,327683
4096,28,butterfly-check,detect-only,ntt,mul-output,11,600,0,1,PASS,FAIL,no,no,4.13172651e4,2.31961486e3,2.92003201e3,1.76831313e0,-4.95118343,147456,0,0,0,0,0,0,14086543 ns,13633372,147456,147456,303104,327683,327683
4096,28,butterfly-check,detect-only,ntt,mul-output,11,600,4,1,PASS,FAIL,no,no,3.98454582e4,2.29848275e3,2.87249324e3,1.73952460e0,-4.80861148,147456,0,0,0,0,0,0,14148042 ns,13651664,147456,147456,303104,327683,327683
4096,28,butterfly-check,detect-only,ntt,mul-output,11,600,8,1,PASS,FAIL,no,no,4.26630437e4,2.28629813e3,2.86600152e3,1.73559334e0,-4.78895950,147456,0,0,0,0,0,0,14130042 ns,13659874,147456,147456,303104,327683,327683
4096,28,butterfly-check,detect-only,ntt,mul-output,11,600,16,1,PASS,FAIL,no,no,4.40430307e4,2.28242381e3,2.88347451e3,1.74617464e0,-4.84175352,147456,0,0,0,0,0,0,14126041 ns,13649462,147456,147456,303104,327683,327683
4096,28,butterfly-check,detect-only,ntt,mul-output,11,600,24,1,PASS,FAIL,no,no,4.37356993e4,2.28207369e3,2.89809122e3,1.75502622e0,-4.88567220,147456,0,0,0,0,0,0,14104835 ns,13636457,147456,147456,303104,327683,327683
4096,28,butterfly-check,detect-only,ntt,mul-output,11,600,26,1,PASS,FAIL,no,no,4.39134095e4,2.32980409e3,2.95809331e3,1.79136229e0,-5.06366856,147456,0,0,0,0,0,0,14106792 ns,13631332,147456,147456,303104,327683,327683
4096,28,butterfly-check,detect-only,ntt,mul-output,11,814,0,1,PASS,FAIL,no,no,4.29220325e4,2.30752284e3,2.90328443e3,1.75817113e0,-4.90122288,147456,0,0,0,0,0,0,14165209 ns,13701584,147456,147456,303104,327683,327683
4096,28,butterfly-check,detect-only,ntt,mul-output,11,814,4,1,PASS,FAIL,no,no,4.55641315e4,2.28231880e3,2.90941122e3,1.76188139e0,-4.91953335,147456,0,0,0,0,0,0,14225541 ns,13749994,147456,147456,303104,327683,327683
4096,28,butterfly-check,detect-only,ntt,mul-output,11,814,8,1,PASS,FAIL,no,no,3.95050013e4,2.27571735e3,2.83019697e3,1.71391082e0,-4.67976442,147456,0,0,0,0,0,0,14123083 ns,13641672,147456,147456,303104,327683,327683
4096,28,butterfly-check,detect-only,ntt,mul-output,11,814,16,1,PASS,FAIL,no,no,4.16625609e4,2.29309073e3,2.90400369e3,1.75860670e0,-4.90337445,147456,0,0,0,0,0,0,14151916 ns,13683500,147456,147456,303104,327683,327683
4096,28,butterfly-check,detect-only,ntt,mul-output,11,814,24,1,PASS,FAIL,no,no,4.27974716e4,2.29449366e3,2.91019082e3,1.76235350e0,-4.92186049,147456,0,0,0,0,0,0,14118209 ns,13643454,147456,147456,303104,327683,327683
4096,28,butterfly-check,detect-only,ntt,mul-output,11,814,26,1,PASS,FAIL,no,no,4.17940517e4,2.24149794e3,2.80798575e3,1.70046015e0,-4.61132917,147456,0,0,0,0,0,0,14209376 ns,13720749,147456,147456,303104,327683,327683
4096,28,butterfly-check,detect-only,ntt,mul-output,11,1503,0,1,PASS,FAIL,no,no,4.09247823e4,2.27663522e3,2.86196348e3,1.73314798e0,-4.77671291,147456,0,0,0,0,0,0,14142376 ns,13662624,147456,147456,303104,327683,327683
4096,28,butterfly-check,detect-only,ntt,mul-output,11,1503,4,1,PASS,FAIL,no,no,4.34225103e4,2.30520074e3,2.90973015e3,1.76207453e0,-4.92048546,147456,0,0,0,0,0,0,14142416 ns,13676626,147456,147456,303104,327683,327683
4096,28,butterfly-check,detect-only,ntt,mul-output,11,1503,8,1,PASS,FAIL,no,no,4.41442467e4,2.28284386e3,2.90870660e3,1.76145468e0,-4.91742949,147456,0,0,0,0,0,0,14091293 ns,13621040,147456,147456,303104,327683,327683
4096,28,butterfly-check,detect-only,ntt,mul-output,11,1503,16,1,PASS,FAIL,no,no,4.26362958e4,2.30545515e3,2.90054239e3,1.75651060e0,-4.89301550,147456,0,0,0,0,0,0,14121292 ns,13644083,147456,147456,303104,327683,327683
4096,28,butterfly-check,detect-only,ntt,mul-output,11,1503,24,1,PASS,FAIL,no,no,4.10193979e4,2.28091418e3,2.88166736e3,1.74508026e0,-4.83630813,147456,0,0,0,0,0,0,14124625 ns,13647171,147456,147456,303104,327683,327683
4096,28,butterfly-check,detect-only,ntt,mul-output,11,1503,26,1,PASS,FAIL,no,no,4.48781334e4,2.28757007e3,2.89168101e3,1.75114433e0,-4.86643882,147456,0,0,0,0,0,0,14106752 ns,13645418,147456,147456,303104,327683,327683
4096,28,butterfly-check,detect-only,ntt,mul-output,11,2904,0,1,PASS,FAIL,yes,no,4.10599859e4,2.31456260e3,2.90676816e3,1.76028080e0,-4.91163906,147456,3,0,0,0,0,0,14145375 ns,13682414,147456,147456,303104,327683,327683
4096,28,butterfly-check,detect-only,ntt,mul-output,11,2904,4,1,PASS,FAIL,yes,no,4.47797718e4,2.30445419e3,2.91707862e3,1.76652461e0,-4.94239385,147456,3,0,0,0,0,0,14118792 ns,13634419,147456,147456,303104,327683,327683
4096,28,butterfly-check,detect-only,ntt,mul-output,11,2904,8,1,PASS,FAIL,yes,no,4.16949712e4,2.32584284e3,2.90252134e3,1.75770901e0,-4.89893959,147456,3,0,0,0,0,0,14140667 ns,13649374,147456,147456,303104,327683,327683
4096,28,butterfly-check,detect-only,ntt,mul-output,11,2904,16,1,PASS,FAIL,yes,no,4.18667403e4,2.30601495e3,2.90142855e3,1.75704724e0,-4.89566879,147456,3,0,0,0,0,0,14135750 ns,13663916,147456,147456,303104,327683,327683
4096,28,butterfly-check,detect-only,ntt,mul-output,11,2904,24,1,PASS,FAIL,yes,no,4.17502359e4,2.32983988e3,2.92740286e3,1.77277676e0,-4.97308102,147456,3,0,0,0,0,0,14133292 ns,13663587,147456,147456,303104,327683,327683
4096,28,butterfly-check,detect-only,ntt,mul-output,11,2904,26,1,PASS,FAIL,yes,no,4.41641657e4,2.32222963e3,2.95167702e3,1.78747671e0,-5.04480785,147456,3,0,0,0,0,0,14886624 ns,14388628,147456,147456,303104,327683,327683
4096,28,butterfly-check,detect-only,ntt,mul-output,11,3317,0,1,PASS,FAIL,yes,no,4.39533911e4,2.28116196e3,2.88714577e3,1.74839788e0,-4.85280540,147456,3,0,0,0,0,0,14102542 ns,13630375,147456,147456,303104,327683,327683
4096,28,butterfly-check,detect-only,ntt,mul-output,11,3317,4,1,PASS,FAIL,yes,no,4.08734046e4,2.25890819e3,2.85155264e3,1.72684339e0,-4.74505904,147456,3,0,0,0,0,0,14093375 ns,13630292,147456,147456,303104,327683,327683
4096,28,butterfly-check,detect-only,ntt,mul-output,11,3317,8,1,PASS,FAIL,yes,no,4.27453996e4,2.28690735e3,2.89472724e3,1.75298906e0,-4.87558412,147456,3,0,0,0,0,0,14106500 ns,13633167,147456,147456,303104,327683,327683
4096,28,butterfly-check,detect-only,ntt,mul-output,11,3317,16,1,PASS,FAIL,yes,no,4.37521212e4,2.29275505e3,2.91634756e3,1.76608190e0,-4.94021677,147456,3,0,0,0,0,0,14132125 ns,13637838,147456,147456,303104,327683,327683
4096,28,butterfly-check,detect-only,ntt,mul-output,11,3317,24,1,PASS,FAIL,yes,no,4.18220784e4,2.29752072e3,2.89299231e3,1.75193842e0,-4.87037674,147456,3,0,0,0,0,0,14334792 ns,13876376,147456,147456,303104,327683,327683
4096,28,butterfly-check,detect-only,ntt,mul-output,11,3317,26,1,PASS,FAIL,yes,no,4.45266496e4,2.27188589e3,2.88018090e3,1.74418009e0,-4.83182648,147456,3,0,0,0,0,0,14152417 ns,13665333,147456,147456,303104,327683,327683
4096,28,butterfly-check,detect-only,ntt,mul-output,11,3557,0,1,PASS,FAIL,yes,no,3.98654640e4,2.28402639e3,2.85487443e3,1.72885500e0,-4.75517140,147456,3,0,0,0,0,0,14132500 ns,13661503,147456,147456,303104,327683,327683
4096,28,butterfly-check,detect-only,ntt,mul-output,11,3557,4,1,PASS,FAIL,yes,no,4.22743816e4,2.27636923e3,2.88168683e3,1.74509205e0,-4.83636679,147456,3,0,0,0,0,0,14130001 ns,13653002,147456,147456,303104,327683,327683
4096,28,butterfly-check,detect-only,ntt,mul-output,11,3557,8,1,PASS,FAIL,yes,no,4.12591784e4,2.30535705e3,2.87678051e3,1.74212088e0,-4.82156574,147456,3,0,0,0,0,0,14095876 ns,13632454,147456,147456,303104,327683,327683
4096,28,butterfly-check,detect-only,ntt,mul-output,11,3557,16,1,PASS,FAIL,yes,no,3.98311907e4,2.30971381e3,2.88601004e3,1.74771010e0,-4.84938792,147456,3,0,0,0,0,0,14101375 ns,13630871,147456,147456,303104,327683,327683
4096,28,butterfly-check,detect-only,ntt,mul-output,11,3557,24,1,PASS,FAIL,yes,no,4.20108061e4,2.27932835e3,2.87523683e3,1.74118606e0,-4.81690362,147456,3,0,0,0,0,0,14124333 ns,13641041,147456,147456,303104,327683,327683
4096,28,butterfly-check,detect-only,ntt,mul-output,11,3557,26,1,PASS,FAIL,yes,no,4.27800418e4,2.28063991e3,2.87211214e3,1.73929381e0,-4.80745904,147456,3,0,0,0,0,0,14111335 ns,13644004,147456,147456,303104,327683,327683
4096,28,butterfly-check,detect-only,ntt,mul-output,11,3688,0,1,PASS,FAIL,yes,no,3.97163347e4,2.27779144e3,2.86610014e3,1.73565306e0,-4.78925839,147456,3,0,0,0,0,0,14156416 ns,13687543,147456,147456,303104,327683,327683
4096,28,butterfly-check,detect-only,ntt,mul-output,11,3688,4,1,PASS,FAIL,yes,no,4.15881578e4,2.29529094e3,2.88943493e3,1.74978415e0,-4.85968955,147456,3,0,0,0,0,0,14127791 ns,13648375,147456,147456,303104,327683,327683
4096,28,butterfly-check,detect-only,ntt,mul-output,11,3688,8,1,PASS,FAIL,yes,no,4.30472492e4,2.29502110e3,2.91696902e3,1.76645824e0,-4.94206750,147456,3,0,0,0,0,0,14118084 ns,13651165,147456,147456,303104,327683,327683
4096,28,butterfly-check,detect-only,ntt,mul-output,11,3688,16,1,PASS,FAIL,yes,no,4.21595752e4,2.28463614e3,2.87197089e3,1.73920827e0,-4.80703185,147456,3,0,0,0,0,0,14161499 ns,13674711,147456,147456,303104,327683,327683
4096,28,butterfly-check,detect-only,ntt,mul-output,11,3688,24,1,PASS,FAIL,yes,no,4.10484265e4,2.31422718e3,2.89804929e3,1.75500083e0,-4.88554651,147456,3,0,0,0,0,0,14105751 ns,13628376,147456,147456,303104,327683,327683
4096,28,butterfly-check,detect-only,ntt,mul-output,11,3688,26,1,PASS,FAIL,yes,no,4.25576313e4,2.26757345e3,2.85359799e3,1.72808201e0,-4.75128697,147456,3,0,0,0,0,0,14121665 ns,13648915,147456,147456,303104,327683,327683
4096,28,butterfly-check,detect-only,ntt,add-output,0,1016,0,1,PASS,FAIL,yes,no,3.72335628e4,2.15529190e3,2.85251551e3,1.72742648e0,-4.74799147,147456,3,0,0,0,0,0,14116544 ns,13648619,147456,147456,303104,327683,327683
4096,28,butterfly-check,detect-only,ntt,add-output,0,1016,4,1,PASS,FAIL,yes,no,3.75608753e4,2.21511272e3,2.80628878e3,1.69943250e0,-4.60607837,147456,3,0,0,0,0,0,14162627 ns,13680703,147456,147456,303104,327683,327683
4096,28,butterfly-check,detect-only,ntt,add-output,0,1016,8,1,PASS,FAIL,yes,no,4.22447819e4,2.28202216e3,2.87049827e3,1.73831649e0,-4.80257698,147456,3,0,0,0,0,0,14179543 ns,13702709,147456,147456,303104,327683,327683
4096,28,butterfly-check,detect-only,ntt,add-output,0,1016,16,1,PASS,FAIL,yes,no,3.87213552e4,2.29230494e3,2.85156559e3,1.72685123e0,-4.74509849,147456,3,0,0,0,0,0,14124708 ns,13656126,147456,147456,303104,327683,327683
4096,28,butterfly-check,detect-only,ntt,add-output,0,1016,24,1,PASS,FAIL,yes,no,4.32005364e4,2.29845371e3,2.88469635e3,1.74691456e0,-4.84543327,147456,3,0,0,0,0,0,14112292 ns,13634793,147456,147456,303104,327683,327683
4096,28,butterfly-check,detect-only,ntt,add-output,0,1016,26,1,PASS,FAIL,yes,no,3.99942227e4,2.23817849e3,2.82052921e3,1.70805621e0,-4.65004320,147456,3,0,0,0,0,0,14124082 ns,13651832,147456,147456,303104,327683,327683
4096,28,butterfly-check,detect-only,ntt,add-output,0,1530,0,1,PASS,FAIL,yes,no,4.11961591e4,2.25162806e3,2.91982418e3,1.76818727e0,-4.95056518,147456,3,0,0,0,0,0,14125876 ns,13648793,147456,147456,303104,327683,327683
4096,28,butterfly-check,detect-only,ntt,add-output,0,1530,4,1,PASS,FAIL,yes,no,4.08003045e4,2.20682365e3,2.87322094e3,1.73996528e0,-4.81081164,147456,3,0,0,0,0,0,14197249 ns,13711957,147456,147456,303104,327683,327683
4096,28,butterfly-check,detect-only,ntt,add-output,0,1530,8,1,PASS,FAIL,yes,no,3.96626538e4,2.22440106e3,2.85204576e3,1.72714201e0,-4.74656097,147456,3,0,0,0,0,0,14110624 ns,13640422,147456,147456,303104,327683,327683
4096,28,butterfly-check,detect-only,ntt,add-output,0,1530,16,1,PASS,FAIL,yes,no,4.39284375e4,2.30245859e3,2.90917295e3,1.76173710e0,-4.91882199,147456,3,0,0,0,0,0,14127667 ns,13657873,147456,147456,303104,327683,327683
4096,28,butterfly-check,detect-only,ntt,add-output,0,1530,24,1,PASS,FAIL,yes,no,4.26300659e4,2.28871304e3,2.87972417e3,1.74390350e0,-4.83044899,147456,3,0,0,0,0,0,14146835 ns,13677502,147456,147456,303104,327683,327683
4096,28,butterfly-check,detect-only,ntt,add-output,0,1530,26,1,PASS,FAIL,yes,no,3.88991362e4,2.24652741e3,2.85524457e3,1.72907915e0,-4.75629746,147456,3,0,0,0,0,0,14128126 ns,13657045,147456,147456,303104,327683,327683
4096,28,butterfly-check,detect-only,ntt,add-output,0,1559,0,1,PASS,FAIL,no,no,4.19172469e4,2.30107692e3,2.89281623e3,1.75183179e0,-4.86984806,147456,0,0,0,0,0,0,14153416 ns,13695210,147456,147456,303104,327683,327683
4096,28,butterfly-check,detect-only,ntt,add-output,0,1559,4,1,PASS,FAIL,no,no,4.12547781e4,2.28382335e3,2.89213514e3,1.75141934e0,-4.86780280,147456,0,0,0,0,0,0,14124459 ns,13653335,147456,147456,303104,327683,327683
4096,28,butterfly-check,detect-only,ntt,add-output,0,1559,8,1,PASS,FAIL,no,no,4.04481684e4,2.28257448e3,2.84912316e3,1.72537214e0,-4.73765562,147456,0,0,0,0,0,0,14090584 ns,13627123,147456,147456,303104,327683,327683
4096,28,butterfly-check,detect-only,ntt,add-output,0,1559,16,1,PASS,FAIL,no,no,4.39576149e4,2.31171106e3,2.91214670e3,1.76353794e0,-4.92769615,147456,0,0,0,0,0,0,14058541 ns,13588044,147456,147456,303104,327683,327683
4096,28,butterfly-check,detect-only,ntt,add-output,0,1559,24,1,PASS,FAIL,no,no,4.43851961e4,2.29553925e3,2.92832164e3,1.77333316e0,-4.97580671,147456,0,0,0,0,0,0,14117417 ns,13633288,147456,147456,303104,327683,327683
4096,28,butterfly-check,detect-only,ntt,add-output,0,1559,26,1,PASS,FAIL,no,no,4.00034604e4,2.30253850e3,2.87289482e3,1.73976779e0,-4.80982570,147456,0,0,0,0,0,0,14166002 ns,13684124,147456,147456,303104,327683,327683
4096,28,butterfly-check,detect-only,ntt,add-output,0,1616,0,1,PASS,FAIL,yes,no,4.34798092e4,2.33563558e3,2.93919917e3,1.77992038e0,-5.00801151,147456,3,0,0,0,0,0,14105084 ns,13637419,147456,147456,303104,327683,327683
4096,28,butterfly-check,detect-only,ntt,add-output,0,1616,4,1,PASS,FAIL,yes,no,4.46619168e4,2.27428004e3,2.86932220e3,1.73760428e0,-4.79901754,147456,3,0,0,0,0,0,14132624 ns,13654248,147456,147456,303104,327683,327683
4096,28,butterfly-check,detect-only,ntt,add-output,0,1616,8,1,PASS,FAIL,yes,no,4.12978801e4,2.20835019e3,2.86800762e3,1.73680820e0,-4.79503719,147456,3,0,0,0,0,0,14124458 ns,13645081,147456,147456,303104,327683,327683
4096,28,butterfly-check,detect-only,ntt,add-output,0,1616,16,1,PASS,FAIL,yes,no,4.17962630e4,2.28189542e3,2.86719596e3,1.73631667e0,-4.79257871,147456,3,0,0,0,0,0,14132792 ns,13655333,147456,147456,303104,327683,327683
4096,28,butterfly-check,detect-only,ntt,add-output,0,1616,24,1,PASS,FAIL,yes,no,4.30414394e4,2.28951691e3,2.87875898e3,1.74331900e0,-4.82753728,147456,3,0,0,0,0,0,14112791 ns,13640206,147456,147456,303104,327683,327683
4096,28,butterfly-check,detect-only,ntt,add-output,0,1616,26,1,PASS,FAIL,yes,no,4.43422773e4,2.26051636e3,3.00200310e3,1.81795318e0,-5.19165389,147456,3,0,0,0,0,0,14112708 ns,13642628,147456,147456,303104,327683,327683
4096,28,butterfly-check,detect-only,ntt,add-output,0,1689,0,1,PASS,FAIL,no,no,4.08386662e4,2.30276132e3,2.86799016e3,1.73679762e0,-4.79498431,147456,0,0,0,0,0,0,14133917 ns,13664331,147456,147456,303104,327683,327683
4096,28,butterfly-check,detect-only,ntt,add-output,0,1689,4,1,PASS,FAIL,no,no,4.27099265e4,2.28470259e3,2.86391860e3,1.73433197e0,-4.78264458,147456,0,0,0,0,0,0,14121833 ns,13655875,147456,147456,303104,327683,327683
4096,28,butterfly-check,detect-only,ntt,add-output,0,1689,8,1,PASS,FAIL,no,no,4.23149094e4,2.29110973e3,2.89311233e3,1.75201111e0,-4.87073710,147456,0,0,0,0,0,0,14145124 ns,13661421,147456,147456,303104,327683,327683
4096,28,butterfly-check,detect-only,ntt,add-output,0,1689,16,1,PASS,FAIL,no,no,4.03473397e4,2.28001087e3,2.87452164e3,1.74075296e0,-4.81474283,147456,0,0,0,0,0,0,14089166 ns,13626578,147456,147456,303104,327683,327683
4096,28,butterfly-check,detect-only,ntt,add-output,0,1689,24,1,PASS,FAIL,no,no,4.11418837e4,2.28136882e3,2.85323380e3,1.72786146e0,-4.75017837,147456,0,0,0,0,0,0,14115709 ns,13648544,147456,147456,303104,327683,327683
4096,28,butterfly-check,detect-only,ntt,add-output,0,1689,26,1,PASS,FAIL,no,no,4.27868713e4,2.27369487e3,2.86048578e3,1.73225312e0,-4.77222702,147456,0,0,0,0,0,0,14475999 ns,13997749,147456,147456,303104,327683,327683
4096,28,butterfly-check,detect-only,ntt,add-output,0,3654,0,1,PASS,FAIL,yes,no,4.33824876e4,2.22058019e3,2.88934445e3,1.74972936e0,-4.85941756,147456,3,0,0,0,0,0,14076791 ns,13601618,147456,147456,303104,327683,327683
4096,28,butterfly-check,detect-only,ntt,add-output,0,3654,4,1,PASS,FAIL,yes,no,4.45254990e4,2.20967746e3,2.85302038e3,1.72773222e0,-4.74952865,147456,3,0,0,0,0,0,14191333 ns,13726092,147456,147456,303104,327683,327683
4096,28,butterfly-check,detect-only,ntt,add-output,0,3654,8,1,PASS,FAIL,yes,no,4.30998505e4,2.28421311e3,2.88441145e3,1.74674202e0,-4.84457538,147456,3,0,0,0,0,0,14148790 ns,13675827,147456,147456,303104,327683,327683
4096,28,butterfly-check,detect-only,ntt,add-output,0,3654,16,1,PASS,FAIL,yes,no,4.24135127e4,2.28940299e3,2.87838537e3,1.74309275e0,-4.82640995,147456,3,0,0,0,0,0,14109125 ns,13635295,147456,147456,303104,327683,327683
4096,28,butterfly-check,detect-only,ntt,add-output,0,3654,24,1,PASS,FAIL,yes,no,4.03626212e4,2.28975615e3,2.84480171e3,1.72275516e0,-4.72447118,147456,3,0,0,0,0,0,14197749 ns,13749004,147456,147456,303104,327683,327683
4096,28,butterfly-check,detect-only,ntt,add-output,0,3654,26,1,PASS,FAIL,yes,no,4.48892414e4,2.25268304e3,2.91716239e3,1.76657534e0,-4.94264328,147456,3,0,0,0,0,0,14163706 ns,13699375,147456,147456,303104,327683,327683
4096,28,butterfly-check,detect-only,ntt,add-output,0,3677,0,1,PASS,FAIL,no,no,4.15404651e4,2.29859153e3,2.89984919e3,1.75609082e0,-4.89093943,147456,0,0,0,0,0,0,14097791 ns,13632416,147456,147456,303104,327683,327683
4096,28,butterfly-check,detect-only,ntt,add-output,0,3677,4,1,PASS,FAIL,no,no,4.05571084e4,2.30622391e3,2.88911250e3,1.74958889e0,-4.85872025,147456,0,0,0,0,0,0,14094416 ns,13619208,147456,147456,303104,327683,327683
4096,28,butterfly-check,detect-only,ntt,add-output,0,3677,8,1,PASS,FAIL,no,no,4.18866986e4,2.30559674e3,2.90513022e3,1.75928890e0,-4.90674324,147456,0,0,0,0,0,0,14090584 ns,13622128,147456,147456,303104,327683,327683
4096,28,butterfly-check,detect-only,ntt,add-output,0,3677,16,1,PASS,FAIL,no,no,4.22490949e4,2.26122536e3,2.86444584e3,1.73465125e0,-4.78424348,147456,0,0,0,0,0,0,14115001 ns,13651754,147456,147456,303104,327683,327683
4096,28,butterfly-check,detect-only,ntt,add-output,0,3677,24,1,PASS,FAIL,no,no,4.35451937e4,2.32355822e3,2.91638274e3,1.76610320e0,-4.94032156,147456,0,0,0,0,0,0,14107876 ns,13638338,147456,147456,303104,327683,327683
4096,28,butterfly-check,detect-only,ntt,add-output,0,3677,26,1,PASS,FAIL,no,no,4.02395052e4,2.33141412e3,2.90621184e3,1.75994391e0,-4.90997653,147456,0,0,0,0,0,0,14075583 ns,13608669,147456,147456,303104,327683,327683
4096,28,butterfly-check,detect-only,ntt,add-output,0,4046,0,1,PASS,FAIL,yes,no,4.43360368e4,2.28519423e3,2.96976720e3,1.79843177e0,-5.09787930,147456,3,0,0,0,0,0,14127666 ns,13659168,147456,147456,303104,327683,327683
4096,28,butterfly-check,detect-only,ntt,add-output,0,4046,4,1,PASS,FAIL,yes,no,4.16172985e4,2.23991699e3,2.92002603e3,1.76830951e0,-4.95116563,147456,3,0,0,0,0,0,14067918 ns,13581048,147456,147456,303104,327683,327683
4096,28,butterfly-check,detect-only,ntt,add-output,0,4046,8,1,PASS,FAIL,yes,no,3.86906842e4,2.26910675e3,2.83120076e3,1.71451870e0,-4.68284451,147456,3,0,0,0,0,0,14153125 ns,13681453,147456,147456,303104,327683,327683
4096,28,butterfly-check,detect-only,ntt,add-output,0,4046,16,1,PASS,FAIL,yes,no,4.44873816e4,2.25569337e3,2.90185751e3,1.75730701e0,-4.89695285,147456,3,0,0,0,0,0,14119709 ns,13650003,147456,147456,303104,327683,327683
4096,28,butterfly-check,detect-only,ntt,add-output,0,4046,24,1,PASS,FAIL,yes,no,4.49839979e4,2.25453717e3,2.89802279e3,1.75498478e0,-4.88546709,147456,3,0,0,0,0,0,14085210 ns,13626334,147456,147456,303104,327683,327683
4096,28,butterfly-check,detect-only,ntt,add-output,0,4046,26,1,PASS,FAIL,yes,no,4.58635722e4,2.24604793e3,2.93493159e3,1.77733601e0,-4.99539082,147456,3,0,0,0,0,0,14122542 ns,13653170,147456,147456,303104,327683,327683
4096,28,butterfly-check,detect-only,ntt,add-output,6,51,0,1,PASS,FAIL,yes,no,4.36057946e4,2.30361392e3,2.89211399e3,1.75140653e0,-4.86773930,147456,3,0,0,0,0,0,14179541 ns,13686671,147456,147456,303104,327683,327683
4096,28,butterfly-check,detect-only,ntt,add-output,6,51,4,1,PASS,FAIL,yes,no,4.24783221e4,2.24945320e3,2.84321546e3,1.72179456e0,-4.71962661,147456,3,0,0,0,0,0,14153083 ns,13677293,147456,147456,303104,327683,327683
4096,28,butterfly-check,detect-only,ntt,add-output,6,51,8,1,PASS,FAIL,yes,no,4.15004634e4,2.32479846e3,2.90960450e3,1.76199844e0,-4.92011037,147456,3,0,0,0,0,0,14182332 ns,13707793,147456,147456,303104,327683,327683
4096,28,butterfly-check,detect-only,ntt,add-output,6,51,16,1,PASS,FAIL,yes,no,4.12114760e4,2.26592771e3,2.86987740e3,1.73794049e0,-4.80069805,147456,3,0,0,0,0,0,14105084 ns,13637415,147456,147456,303104,327683,327683
4096,28,butterfly-check,detect-only,ntt,add-output,6,51,24,1,PASS,FAIL,yes,no,4.28348840e4,2.26363903e3,2.85712391e3,1.73021724e0,-4.76201268,147456,3,0,0,0,0,0,14145375 ns,13663123,147456,147456,303104,327683,327683
4096,28,butterfly-check,detect-only,ntt,add-output,6,51,26,1,PASS,FAIL,yes,no,4.23822782e4,2.30131197e3,2.89888381e3,1.75550620e0,-4.88804735,147456,3,0,0,0,0,0,14247543 ns,13772949,147456,147456,303104,327683,327683
4096,28,butterfly-check,detect-only,ntt,add-output,6,709,0,1,PASS,FAIL,no,no,4.35094801e4,2.28548111e3,2.87695310e3,1.74222540e0,-4.82208683,147456,0,0,0,0,0,0,14312208 ns,13850167,147456,147456,303104,327683,327683
4096,28,butterfly-check,detect-only,ntt,add-output,6,709,4,1,PASS,FAIL,no,no,4.01699790e4,2.30996752e3,2.91124428e3,1.76299145e0,-4.92500413,147456,0,0,0,0,0,0,14119584 ns,13666999,147456,147456,303104,327683,327683
4096,28,butterfly-check,detect-only,ntt,add-output,6,709,8,1,PASS,FAIL,no,no,4.21831278e4,2.29486768e3,2.90410429e3,1.75866762e0,-4.90367534,147456,0,0,0,0,0,0,14307333 ns,13836542,147456,147456,303104,327683,327683
4096,28,butterfly-check,detect-only,ntt,add-output,6,709,16,1,PASS,FAIL,no,no,4.04733501e4,2.26369744e3,2.84214984e3,1.72114924e0,-4.71637058,147456,0,0,0,0,0,0,14103999 ns,13649166,147456,147456,303104,327683,327683
4096,28,butterfly-check,detect-only,ntt,add-output,6,709,24,1,PASS,FAIL,no,no,4.69963985e4,2.29060603e3,2.93696105e3,1.77856501e0,-5.00139490,147456,0,0,0,0,0,0,14209331 ns,13747623,147456,147456,303104,327683,327683
4096,28,butterfly-check,detect-only,ntt,add-output,6,709,26,1,PASS,FAIL,no,no,4.28816852e4,2.30970131e3,2.91003763e3,1.76226073e0,-4.92140328,147456,0,0,0,0,0,0,14204792 ns,13745419,147456,147456,303104,327683,327683
4096,28,butterfly-check,detect-only,ntt,add-output,6,1744,0,1,PASS,FAIL,no,no,4.33116179e4,2.27353465e3,2.85978630e3,1.73182953e0,-4.77010280,147456,0,0,0,0,0,0,14152627 ns,13675210,147456,147456,303104,327683,327683
4096,28,butterfly-check,detect-only,ntt,add-output,6,1744,4,1,PASS,FAIL,no,no,4.18476331e4,2.31281309e3,2.90144550e3,1.75705750e0,-4.89571951,147456,0,0,0,0,0,0,14486626 ns,14015499,147456,147456,303104,327683,327683
4096,28,butterfly-check,detect-only,ntt,add-output,6,1744,8,1,PASS,FAIL,no,no,4.42494174e4,2.26787615e3,2.88601187e3,1.74771121e0,-4.84939344,147456,0,0,0,0,0,0,14258832 ns,13789620,147456,147456,303104,327683,327683
4096,28,butterfly-check,detect-only,ntt,add-output,6,1744,16,1,PASS,FAIL,no,no,4.20754508e4,2.28717656e3,2.87470245e3,1.74086245e0,-4.81528915,147456,0,0,0,0,0,0,14274499 ns,13818042,147456,147456,303104,327683,327683
4096,28,butterfly-check,detect-only,ntt,add-output,6,1744,24,1,PASS,FAIL,no,no,4.06319215e4,2.28271105e3,2.86471914e3,1.73481675e0,-4.78507216,147456,0,0,0,0,0,0,14171958 ns,13709955,147456,147456,303104,327683,327683
4096,28,butterfly-check,detect-only,ntt,add-output,6,1744,26,1,PASS,FAIL,no,no,4.09138343e4,2.29515503e3,2.88096183e3,1.74465300e0,-4.83418125,147456,0,0,0,0,0,0,14118125 ns,13650998,147456,147456,303104,327683,327683
4096,28,butterfly-check,detect-only,ntt,add-output,6,2089,0,1,PASS,FAIL,yes,no,4.05880180e4,2.28327394e3,2.86102754e3,1.73258120e0,-4.77387193,147456,3,0,0,0,0,0,14101790 ns,13648748,147456,147456,303104,327683,327683
4096,28,butterfly-check,detect-only,ntt,add-output,6,2089,4,1,PASS,FAIL,yes,no,3.75465554e4,2.26377387e3,2.81397853e3,1.70408926e0,-4.62984676,147456,3,0,0,0,0,0,14242834 ns,13780373,147456,147456,303104,327683,327683
4096,28,butterfly-check,detect-only,ntt,add-output,6,2089,8,1,PASS,FAIL,yes,no,4.13489261e4,2.23932201e3,2.84501590e3,1.72288487e0,-4.72512514,147456,3,0,0,0,0,0,14507500 ns,14027706,147456,147456,303104,327683,327683
4096,28,butterfly-check,detect-only,ntt,add-output,6,2089,16,1,PASS,FAIL,yes,no,3.94281613e4,2.30532997e3,2.89888089e3,1.75550443e0,-4.88803861,147456,3,0,0,0,0,0,14118207 ns,13663500,147456,147456,303104,327683,327683
4096,28,butterfly-check,detect-only,ntt,add-output,6,2089,24,1,PASS,FAIL,yes,no,4.01720523e4,2.29439373e3,2.88011802e3,1.74414201e0,-4.83163686,147456,3,0,0,0,0,0,14279416 ns,13825794,147456,147456,303104,327683,327683
4096,28,butterfly-check,detect-only,ntt,add-output,6,2089,26,1,PASS,FAIL,yes,no,4.31662074e4,2.29298031e3,2.87944541e3,1.74373469e0,-4.82960815,147456,3,0,0,0,0,0,14233626 ns,13780877,147456,147456,303104,327683,327683
4096,28,butterfly-check,detect-only,ntt,add-output,6,3296,0,1,PASS,FAIL,no,no,4.18425275e4,2.28651375e3,2.86478528e3,1.73485681e0,-4.78527271,147456,0,0,0,0,0,0,14192583 ns,13719706,147456,147456,303104,327683,327683
4096,28,butterfly-check,detect-only,ntt,add-output,6,3296,4,1,PASS,FAIL,no,no,4.14922864e4,2.34753480e3,2.91524665e3,1.76541521e0,-4.93693726,147456,0,0,0,0,0,0,14110957 ns,13643081,147456,147456,303104,327683,327683
4096,28,butterfly-check,detect-only,ntt,add-output,6,3296,8,1,PASS,FAIL,no,no,4.31733585e4,2.29497134e3,2.90533438e3,1.75941254e0,-4.90735364,147456,0,0,0,0,0,0,14107791 ns,13635627,147456,147456,303104,327683,327683
4096,28,butterfly-check,detect-only,ntt,add-output,6,3296,16,1,PASS,FAIL,no,no,4.09560931e4,2.30133533e3,2.88715934e3,1.74840609e0,-4.85284623,147456,0,0,0,0,0,0,14154292 ns,13677958,147456,147456,303104,327683,327683
4096,28,butterfly-check,detect-only,ntt,add-output,6,3296,24,1,PASS,FAIL,no,no,4.09722104e4,2.31923324e3,2.89937278e3,1.75580231e0,-4.88951230,147456,0,0,0,0,0,0,14108292 ns,13640122,147456,147456,303104,327683,327683
4096,28,butterfly-check,detect-only,ntt,add-output,6,3296,26,1,PASS,FAIL,no,no,4.31019427e4,2.25720325e3,2.85987318e3,1.73188214e0,-4.77036666,147456,0,0,0,0,0,0,14091168 ns,13617043,147456,147456,303104,327683,327683
4096,28,butterfly-check,detect-only,ntt,add-output,6,3698,0,1,PASS,FAIL,no,no,4.14907357e4,2.28788365e3,2.86054798e3,1.73229079e0,-4.77241592,147456,0,0,0,0,0,0,14103627 ns,13633373,147456,147456,303104,327683,327683
4096,28,butterfly-check,detect-only,ntt,add-output,6,3698,4,1,PASS,FAIL,no,no,4.20175068e4,2.28208599e3,2.85692911e3,1.73009927e0,-4.76142046,147456,0,0,0,0,0,0,14142498 ns,13651417,147456,147456,303104,327683,327683
4096,28,butterfly-check,detect-only,ntt,add-output,6,3698,8,1,PASS,FAIL,no,no,3.87196469e4,2.31936903e3,2.88001255e3,1.74407814e0,-4.83131879,147456,0,0,0,0,0,0,14136542 ns,13653668,147456,147456,303104,327683,327683
4096,28,butterfly-check,detect-only,ntt,add-output,6,3698,16,1,PASS,FAIL,no,no,4.08361119e4,2.29559902e3,2.88150292e3,1.74498068e0,-4.83581246,147456,0,0,0,0,0,0,14138167 ns,13670710,147456,147456,303104,327683,327683
4096,28,butterfly-check,detect-only,ntt,add-output,6,3698,24,1,PASS,FAIL,no,no,4.26455680e4,2.32438381e3,2.89945527e3,1.75585227e0,-4.88975945,147456,0,0,0,0,0,0,14122415 ns,13656084,147456,147456,303104,327683,327683
4096,28,butterfly-check,detect-only,ntt,add-output,6,3698,26,1,PASS,FAIL,no,no,4.19358755e4,2.30531099e3,2.93403081e3,1.77679052e0,-4.99272457,147456,0,0,0,0,0,0,14157918 ns,13683000,147456,147456,303104,327683,327683
4096,28,butterfly-check,detect-only,ntt,add-output,6,3954,0,1,PASS,FAIL,no,no,4.44837608e4,2.30584551e3,2.91369158e3,1.76447349e0,-4.93230274,147456,0,0,0,0,0,0,14136918 ns,13663667,147456,147456,303104,327683,327683
4096,28,butterfly-check,detect-only,ntt,add-output,6,3954,4,1,PASS,FAIL,no,no,4.24285143e4,2.26084388e3,2.86086146e3,1.73248062e0,-4.77336770,147456,0,0,0,0,0,0,14177750 ns,13694376,147456,147456,303104,327683,327683
4096,28,butterfly-check,detect-only,ntt,add-output,6,3954,8,1,PASS,FAIL,no,no,4.22702968e4,2.30689873e3,2.89641351e3,1.75401023e0,-4.88064245,147456,0,0,0,0,0,0,14175333 ns,13694378,147456,147456,303104,327683,327683
4096,28,butterfly-check,detect-only,ntt,add-output,6,3954,16,1,PASS,FAIL,no,no,4.37509173e4,2.30098791e3,2.90460713e3,1.75897213e0,-4.90517916,147456,0,0,0,0,0,0,14149251 ns,13668628,147456,147456,303104,327683,327683
4096,28,butterfly-check,detect-only,ntt,add-output,6,3954,24,1,PASS,FAIL,no,no,4.14912384e4,2.27107277e3,2.85231614e3,1.72730574e0,-4.74738435,147456,0,0,0,0,0,0,14145960 ns,13666410,147456,147456,303104,327683,327683
4096,28,butterfly-check,detect-only,ntt,add-output,6,3954,26,1,PASS,FAIL,no,no,4.17338119e4,2.29162296e3,2.87313428e3,1.73991280e0,-4.81054965,147456,0,0,0,0,0,0,14101542 ns,13627082,147456,147456,303104,327683,327683
4096,28,butterfly-check,detect-only,ntt,add-output,6,4079,0,1,PASS,FAIL,no,no,4.16262581e4,2.27195351e3,2.84814061e3,1.72477713e0,-4.73465971,147456,0,0,0,0,0,0,14176916 ns,13701000,147456,147456,303104,327683,327683
4096,28,butterfly-check,detect-only,ntt,add-output,6,4079,4,1,PASS,FAIL,no,no,4.12502825e4,2.25753141e3,2.84149368e3,1.72075188e0,-4.71436507,147456,0,0,0,0,0,0,14131250 ns,13657456,147456,147456,303104,327683,327683
4096,28,butterfly-check,detect-only,ntt,add-output,6,4079,8,1,PASS,FAIL,no,no,4.45260677e4,2.27365033e3,2.89747069e3,1.75465044e0,-4.88381221,147456,0,0,0,0,0,0,14144543 ns,13671623,147456,147456,303104,327683,327683
4096,28,butterfly-check,detect-only,ntt,add-output,6,4079,16,1,PASS,FAIL,no,no,4.48664883e4,2.29532094e3,2.90245601e3,1.75766945e0,-4.89874409,147456,0,0,0,0,0,0,14133124 ns,13664081,147456,147456,303104,327683,327683
4096,28,butterfly-check,detect-only,ntt,add-output,6,4079,24,1,PASS,FAIL,no,no,4.07245724e4,2.30411383e3,2.88237965e3,1.74551161e0,-4.83845482,147456,0,0,0,0,0,0,14103417 ns,13632076,147456,147456,303104,327683,327683
4096,28,butterfly-check,detect-only,ntt,add-output,6,4079,26,1,PASS,FAIL,no,no,4.13379911e4,2.30888581e3,2.89868743e3,1.75538727e0,-4.88745891,147456,0,0,0,0,0,0,14542583 ns,14064877,147456,147456,303104,327683,327683
4096,28,butterfly-check,detect-only,ntt,add-output,11,572,0,1,PASS,FAIL,yes,no,4.53758797e4,2.29684373e3,2.91249469e3,1.76374868e0,-4.92873402,147456,3,0,0,0,0,0,14089792 ns,13618002,147456,147456,303104,327683,327683
4096,28,butterfly-check,detect-only,ntt,add-output,11,572,4,1,PASS,FAIL,yes,no,4.07311242e4,2.30737537e3,2.88595238e3,1.74767518e0,-4.84921439,147456,3,0,0,0,0,0,14120792 ns,13629254,147456,147456,303104,327683,327683
4096,28,butterfly-check,detect-only,ntt,add-output,11,572,8,1,PASS,FAIL,yes,no,4.11878666e4,2.30098348e3,2.91211965e3,1.76352156e0,-4.92761548,147456,3,0,0,0,0,0,14182372 ns,13709958,147456,147456,303104,327683,327683
4096,28,butterfly-check,detect-only,ntt,add-output,11,572,16,1,PASS,FAIL,yes,no,4.04642485e4,2.28516003e3,2.86871744e3,1.73723805e0,-4.79718665,147456,3,0,0,0,0,0,14170292 ns,13697875,147456,147456,303104,327683,327683
4096,28,butterfly-check,detect-only,ntt,add-output,11,572,24,1,PASS,FAIL,yes,no,4.16991460e4,2.29315433e3,2.85983414e3,1.73185850e0,-4.77024810,147456,3,0,0,0,0,0,14091334 ns,13633538,147456,147456,303104,327683,327683
4096,28,butterfly-check,detect-only,ntt,add-output,11,572,26,1,PASS,FAIL,yes,no,4.15033489e4,2.28383826e3,2.86304763e3,1.73380452e0,-4.78000262,147456,3,0,0,0,0,0,14124542 ns,13648377,147456,147456,303104,327683,327683
4096,28,butterfly-check,detect-only,ntt,add-output,11,600,0,1,PASS,FAIL,yes,no,4.34881274e4,2.29041059e3,2.87847979e3,1.74314993e0,-4.82669487,147456,3,0,0,0,0,0,14108249 ns,13636254,147456,147456,303104,327683,327683
4096,28,butterfly-check,detect-only,ntt,add-output,11,600,4,1,PASS,FAIL,yes,no,4.27278702e4,2.26420903e3,2.86565832e3,1.73538551e0,-4.78791932,147456,3,0,0,0,0,0,14198333 ns,13738754,147456,147456,303104,327683,327683
4096,28,butterfly-check,detect-only,ntt,add-output,11,600,8,1,PASS,FAIL,yes,no,3.92165439e4,2.32497584e3,2.90103812e3,1.75681081e0,-4.89449989,147456,3,0,0,0,0,0,14149750 ns,13675543,147456,147456,303104,327683,327683
4096,28,butterfly-check,detect-only,ntt,add-output,11,600,16,1,PASS,FAIL,yes,no,4.08651396e4,2.29543084e3,2.86925495e3,1.73756355e0,-4.79881396,147456,3,0,0,0,0,0,14115332 ns,13643618,147456,147456,303104,327683,327683
4096,28,butterfly-check,detect-only,ntt,add-output,11,600,24,1,PASS,FAIL,yes,no,4.26461026e4,2.29217407e3,2.90530156e3,1.75939266e0,-4.90725551,147456,3,0,0,0,0,0,14111540 ns,13636292,147456,147456,303104,327683,327683
4096,28,butterfly-check,detect-only,ntt,add-output,11,600,26,1,PASS,FAIL,yes,no,3.99842539e4,2.29255491e3,2.87236747e3,1.73944843e0,-4.80823117,147456,3,0,0,0,0,0,14125876 ns,13648752,147456,147456,303104,327683,327683
4096,28,butterfly-check,detect-only,ntt,add-output,11,814,0,1,PASS,FAIL,yes,no,4.26191388e4,2.27288538e3,2.88306929e3,1.74592924e0,-4.84053277,147456,3,0,0,0,0,0,14172416 ns,13698127,147456,147456,303104,327683,327683
4096,28,butterfly-check,detect-only,ntt,add-output,11,814,4,1,PASS,FAIL,yes,no,4.40091230e4,2.29343715e3,2.89455479e3,1.75288463e0,-4.87506666,147456,3,0,0,0,0,0,14112625 ns,13643337,147456,147456,303104,327683,327683
4096,28,butterfly-check,detect-only,ntt,add-output,11,814,8,1,PASS,FAIL,yes,no,3.93645930e4,2.30421075e3,2.88739231e3,1.74854718e0,-4.85354708,147456,3,0,0,0,0,0,14253376 ns,13766165,147456,147456,303104,327683,327683
4096,28,butterfly-check,detect-only,ntt,add-output,11,814,16,1,PASS,FAIL,yes,no,3.89042780e4,2.31024634e3,2.87422539e3,1.74057355e0,-4.81384760,147456,3,0,0,0,0,0,14171084 ns,13689418,147456,147456,303104,327683,327683
4096,28,butterfly-check,detect-only,ntt,add-output,11,814,24,1,PASS,FAIL,yes,no,4.50201822e4,2.30797555e3,2.91460070e3,1.76502403e0,-4.93501246,147456,3,0,0,0,0,0,14138081 ns,13660709,147456,147456,303104,327683,327683
4096,28,butterfly-check,detect-only,ntt,add-output,11,814,26,1,PASS,FAIL,yes,no,4.37174058e4,2.29353756e3,2.87079379e3,1.73849544e0,-4.80347114,147456,3,0,0,0,0,0,14183333 ns,13703958,147456,147456,303104,327683,327683
4096,28,butterfly-check,detect-only,ntt,add-output,11,1503,0,1,PASS,FAIL,yes,no,4.49086164e4,2.30896959e3,2.92023398e3,1.76843544e0,-4.95178419,147456,3,0,0,0,0,0,14126708 ns,13663335,147456,147456,303104,327683,327683
4096,28,butterfly-check,detect-only,ntt,add-output,11,1503,4,1,PASS,FAIL,yes,no,4.22995395e4,2.28480261e3,2.91590892e3,1.76581627e0,-4.93891027,147456,3,0,0,0,0,0,14116250 ns,13645750,147456,147456,303104,327683,327683
4096,28,butterfly-check,detect-only,ntt,add-output,11,1503,8,1,PASS,FAIL,yes,no,4.30009119e4,2.33072158e3,2.92355134e3,1.77044436e0,-4.96164565,147456,3,0,0,0,0,0,14134333 ns,13660496,147456,147456,303104,327683,327683
4096,28,butterfly-check,detect-only,ntt,add-output,11,1503,16,1,PASS,FAIL,yes,no,4.49564488e4,2.25147367e3,2.84305759e3,1.72169895e0,-4.71914431,147456,3,0,0,0,0,0,14100292 ns,13626752,147456,147456,303104,327683,327683
4096,28,butterfly-check,detect-only,ntt,add-output,11,1503,24,1,PASS,FAIL,yes,no,4.30772518e4,2.28899484e3,2.90353347e3,1.75832194e0,-4.90196791,147456,3,0,0,0,0,0,14112876 ns,13665542,147456,147456,303104,327683,327683
4096,28,butterfly-check,detect-only,ntt,add-output,11,1503,26,1,PASS,FAIL,yes,no,4.44268369e4,2.28209066e3,2.89360430e3,1.75230904e0,-4.87221401,147456,3,0,0,0,0,0,14130168 ns,13656749,147456,147456,303104,327683,327683
4096,28,butterfly-check,detect-only,ntt,add-output,11,2904,0,1,PASS,FAIL,no,no,4.13666906e4,2.32112356e3,2.92392459e3,1.77067039e0,-4.96275452,147456,0,0,0,0,0,0,14140668 ns,13670208,147456,147456,303104,327683,327683
4096,28,butterfly-check,detect-only,ntt,add-output,11,2904,4,1,PASS,FAIL,no,no,4.18062543e4,2.25652194e3,2.83806583e3,1.71867604e0,-4.70388046,147456,0,0,0,0,0,0,14098249 ns,13626920,147456,147456,303104,327683,327683
4096,28,butterfly-check,detect-only,ntt,add-output,11,2904,8,1,PASS,FAIL,no,no,4.13074948e4,2.26784935e3,2.85602175e3,1.72954979e0,-4.75866139,147456,0,0,0,0,0,0,14138917 ns,13661958,147456,147456,303104,327683,327683
4096,28,butterfly-check,detect-only,ntt,add-output,11,2904,16,1,PASS,FAIL,no,no,4.03500123e4,2.29112630e3,2.87429674e3,1.74061676e0,-4.81406321,147456,0,0,0,0,0,0,14110833 ns,13635165,147456,147456,303104,327683,327683
4096,28,butterfly-check,detect-only,ntt,add-output,11,2904,24,1,PASS,FAIL,no,no,4.38865353e4,2.27811543e3,2.87638355e3,1.74188049e0,-4.82036710,147456,0,0,0,0,0,0,14100208 ns,13624750,147456,147456,303104,327683,327683
4096,28,butterfly-check,detect-only,ntt,add-output,11,2904,26,1,PASS,FAIL,no,no,4.17865240e4,2.29811374e3,2.89702115e3,1.75437821e0,-4.88246450,147456,0,0,0,0,0,0,14137542 ns,13661751,147456,147456,303104,327683,327683
4096,28,butterfly-check,detect-only,ntt,add-output,11,3317,0,1,PASS,FAIL,no,no,4.43036086e4,2.31306061e3,2.89748975e3,1.75466198e0,-4.88386933,147456,0,0,0,0,0,0,14158458 ns,13680460,147456,147456,303104,327683,327683
4096,28,butterfly-check,detect-only,ntt,add-output,11,3317,4,1,PASS,FAIL,no,no,4.12767622e4,2.29967771e3,2.87392509e3,1.74039169e0,-4.81294004,147456,0,0,0,0,0,0,14138294 ns,13661914,147456,147456,303104,327683,327683
4096,28,butterfly-check,detect-only,ntt,add-output,11,3317,8,1,PASS,FAIL,no,no,3.91202578e4,2.27283201e3,2.86469734e3,1.73480356e0,-4.78500607,147456,0,0,0,0,0,0,14111000 ns,13639916,147456,147456,303104,327683,327683
4096,28,butterfly-check,detect-only,ntt,add-output,11,3317,16,1,PASS,FAIL,no,no,4.03842519e4,2.31758246e3,2.88545796e3,1.74737577e0,-4.84772620,147456,0,0,0,0,0,0,14145042 ns,13653420,147456,147456,303104,327683,327683
4096,28,butterfly-check,detect-only,ntt,add-output,11,3317,24,1,PASS,FAIL,no,no,4.30375654e4,2.27363678e3,2.86283639e3,1.73367660e0,-4.77936175,147456,0,0,0,0,0,0,14182792 ns,13709085,147456,147456,303104,327683,327683
4096,28,butterfly-check,detect-only,ntt,add-output,11,3317,26,1,PASS,FAIL,no,no,3.98373606e4,2.31146402e3,2.89990579e3,1.75612509e0,-4.89110895,147456,0,0,0,0,0,0,14134208 ns,13679500,147456,147456,303104,327683,327683
4096,28,butterfly-check,detect-only,ntt,add-output,11,3557,0,1,PASS,FAIL,no,no,4.11042466e4,2.29218501e3,2.89850164e3,1.75527476e0,-4.88690218,147456,0,0,0,0,0,0,14128876 ns,13665750,147456,147456,303104,327683,327683
4096,28,butterfly-check,detect-only,ntt,add-output,11,3557,4,1,PASS,FAIL,no,no,4.31586573e4,2.25787264e3,2.86402554e3,1.73439673e0,-4.78296891,147456,0,0,0,0,0,0,14123458 ns,13663868,147456,147456,303104,327683,327683
4096,28,butterfly-check,detect-only,ntt,add-output,11,3557,8,1,PASS,FAIL,no,no,4.53726479e4,2.28259231e3,2.88830417e3,1.74909938e0,-4.85628971,147456,0,0,0,0,0,0,14124874 ns,13645876,147456,147456,303104,327683,327683
4096,28,butterfly-check,detect-only,ntt,add-output,11,3557,16,1,PASS,FAIL,no,no,4.36424284e4,2.27401010e3,2.86248844e3,1.73346589e0,-4.77830601,147456,0,0,0,0,0,0,14126916 ns,13665630,147456,147456,303104,327683,327683
4096,28,butterfly-check,detect-only,ntt,add-output,11,3557,24,1,PASS,FAIL,no,no,4.49270182e4,2.28296431e3,2.87315303e3,1.73992415e0,-4.81060633,147456,0,0,0,0,0,0,14196127 ns,13714955,147456,147456,303104,327683,327683
4096,28,butterfly-check,detect-only,ntt,add-output,11,3557,26,1,PASS,FAIL,no,no,4.22619961e4,2.33398394e3,2.92885175e3,1.77365418e0,-4.97737896,147456,0,0,0,0,0,0,14146666 ns,13682626,147456,147456,303104,327683,327683
4096,28,butterfly-check,detect-only,ntt,add-output,11,3688,0,1,PASS,FAIL,no,no,4.45592879e4,2.29932262e3,2.91711002e3,1.76654363e0,-4.94248736,147456,0,0,0,0,0,0,14190042 ns,13732665,147456,147456,303104,327683,327683
4096,28,butterfly-check,detect-only,ntt,add-output,11,3688,4,1,PASS,FAIL,no,no,4.24083962e4,2.29756232e3,2.88295079e3,1.74585748e0,-4.84017575,147456,0,0,0,0,0,0,14116666 ns,13656545,147456,147456,303104,327683,327683
4096,28,butterfly-check,detect-only,ntt,add-output,11,3688,8,1,PASS,FAIL,no,no,4.32695792e4,2.26195375e3,2.87744241e3,1.74252171e0,-4.82356396,147456,0,0,0,0,0,0,14137335 ns,13672665,147456,147456,303104,327683,327683
4096,28,butterfly-check,detect-only,ntt,add-output,11,3688,16,1,PASS,FAIL,no,no,4.13599873e4,2.28378480e3,2.89739830e3,1.75460660e0,-4.88359519,147456,0,0,0,0,0,0,14078376 ns,13612748,147456,147456,303104,327683,327683
4096,28,butterfly-check,detect-only,ntt,add-output,11,3688,24,1,PASS,FAIL,no,no,3.80010986e4,2.26445063e3,2.82796876e3,1.71256146e0,-4.67292332,147456,0,0,0,0,0,0,14128541 ns,13665045,147456,147456,303104,327683,327683
4096,28,butterfly-check,detect-only,ntt,add-output,11,3688,26,1,PASS,FAIL,no,no,4.17627552e4,2.30607229e3,2.88607958e3,1.74775221e0,-4.84959721,147456,0,0,0,0,0,0,14116999 ns,13650459,147456,147456,303104,327683,327683
4096,28,butterfly-check,detect-only,ntt,sub-output,0,1016,0,1,PASS,FAIL,no,no,4.06799955e4,2.30318384e3,2.88743853e3,1.74857516e0,-4.85368611,147456,0,0,0,0,0,0,14161416 ns,13702038,147456,147456,303104,327683,327683
4096,28,butterfly-check,detect-only,ntt,sub-output,0,1016,4,1,PASS,FAIL,no,no,4.20792288e4,2.29530545e3,2.88618274e3,1.74781468e0,-4.84990767,147456,0,0,0,0,0,0,14190833 ns,13706747,147456,147456,303104,327683,327683
4096,28,butterfly-check,detect-only,ntt,sub-output,0,1016,8,1,PASS,FAIL,no,no,4.06118675e4,2.31090805e3,2.88498018e3,1.74708644e0,-4.84628784,147456,0,0,0,0,0,0,14156373 ns,13693541,147456,147456,303104,327683,327683
4096,28,butterfly-check,detect-only,ntt,sub-output,0,1016,16,1,PASS,FAIL,no,no,4.50872989e4,2.29080764e3,2.90846976e3,1.76131126e0,-4.91672223,147456,0,0,0,0,0,0,14180167 ns,13720796,147456,147456,303104,327683,327683
4096,28,butterfly-check,detect-only,ntt,sub-output,0,1016,24,1,PASS,FAIL,no,no,4.01543700e4,2.28187942e3,2.84464354e3,1.72265937e0,-4.72398824,147456,0,0,0,0,0,0,14213332 ns,13741083,147456,147456,303104,327683,327683
4096,28,butterfly-check,detect-only,ntt,sub-output,0,1016,26,1,PASS,FAIL,no,no,4.40411403e4,2.29978842e3,2.90831130e3,1.76121530e0,-4.91624899,147456,0,0,0,0,0,0,14135333 ns,13664747,147456,147456,303104,327683,327683
4096,28,butterfly-check,detect-only,ntt,sub-output,0,1530,0,1,PASS,FAIL,no,no,4.21975201e4,2.27303834e3,2.87694107e3,1.74221811e0,-4.82205049,147456,0,0,0,0,0,0,14159376 ns,13693581,147456,147456,303104,327683,327683
4096,28,butterfly-check,detect-only,ntt,sub-output,0,1530,4,1,PASS,FAIL,no,no,4.22795281e4,2.28324328e3,2.88572641e3,1.74753834e0,-4.84853426,147456,0,0,0,0,0,0,14153917 ns,13689956,147456,147456,303104,327683,327683
4096,28,butterfly-check,detect-only,ntt,sub-output,0,1530,8,1,PASS,FAIL,no,no,4.32544910e4,2.28378682e3,2.88715325e3,1.74840240e0,-4.85282790,147456,0,0,0,0,0,0,14182292 ns,13713671,147456,147456,303104,327683,327683
4096,28,butterfly-check,detect-only,ntt,sub-output,0,1530,16,1,PASS,FAIL,no,no,4.32932564e4,2.30718736e3,2.90215059e3,1.75748450e0,-4.89783006,147456,0,0,0,0,0,0,14182208 ns,13708502,147456,147456,303104,327683,327683
4096,28,butterfly-check,detect-only,ntt,sub-output,0,1530,24,1,PASS,FAIL,no,no,4.13492839e4,2.32793322e3,2.94824182e3,1.78539643e0,-5.03469322,147456,0,0,0,0,0,0,14192249 ns,13722244,147456,147456,303104,327683,327683
4096,28,butterfly-check,detect-only,ntt,sub-output,0,1530,26,1,PASS,FAIL,no,no,4.20481378e4,2.27893153e3,2.87066651e3,1.73841837e0,-4.80308603,147456,0,0,0,0,0,0,14157083 ns,13688875,147456,147456,303104,327683,327683
4096,28,butterfly-check,detect-only,ntt,sub-output,0,1559,0,1,PASS,FAIL,yes,no,4.13518554e4,2.28861379e3,2.88070728e3,1.74449886e0,-4.83341378,147456,3,0,0,0,0,0,14155959 ns,13691752,147456,147456,303104,327683,327683
4096,28,butterfly-check,detect-only,ntt,sub-output,0,1559,4,1,PASS,FAIL,yes,no,4.28469176e4,2.27277412e3,2.87673234e3,1.74209171e0,-4.82142028,147456,3,0,0,0,0,0,15047750 ns,14577672,147456,147456,303104,327683,327683
4096,28,butterfly-check,detect-only,ntt,sub-output,0,1559,8,1,PASS,FAIL,yes,no,4.23273104e4,2.23321700e3,2.88327336e3,1.74605282e0,-4.84114757,147456,3,0,0,0,0,0,14173959 ns,13706337,147456,147456,303104,327683,327683
4096,28,butterfly-check,detect-only,ntt,sub-output,0,1559,16,1,PASS,FAIL,yes,no,4.08399398e4,2.33262788e3,2.89759162e3,1.75472368e0,-4.88417472,147456,3,0,0,0,0,0,14165876 ns,13673163,147456,147456,303104,327683,327683
4096,28,butterfly-check,detect-only,ntt,sub-output,0,1559,24,1,PASS,FAIL,yes,no,4.20711438e4,2.29621098e3,2.93498401e3,1.77736776e0,-4.99554597,147456,3,0,0,0,0,0,14131791 ns,13660793,147456,147456,303104,327683,327683
4096,28,butterfly-check,detect-only,ntt,sub-output,0,1559,26,1,PASS,FAIL,yes,no,5.19083942e4,2.10109801e3,2.94247978e3,1.78190705e0,-5.01770090,147456,3,0,0,0,0,0,14177208 ns,13704789,147456,147456,303104,327683,327683
4096,28,butterfly-check,detect-only,ntt,sub-output,0,1616,0,1,PASS,FAIL,no,no,4.08476139e4,2.28032866e3,2.87022254e3,1.73814950e0,-4.80174257,147456,0,0,0,0,0,0,14130791 ns,13661922,147456,147456,303104,327683,327683
4096,28,butterfly-check,detect-only,ntt,sub-output,0,1616,4,1,PASS,FAIL,no,no,3.89368783e4,2.29442537e3,2.85448075e3,1.72861659e0,-4.75397355,147456,0,0,0,0,0,0,14184791 ns,13699710,147456,147456,303104,327683,327683
4096,28,butterfly-check,detect-only,ntt,sub-output,0,1616,8,1,PASS,FAIL,no,no,4.28353472e4,2.30428565e3,2.89834004e3,1.75517690e0,-4.88641789,147456,0,0,0,0,0,0,14144751 ns,13681420,147456,147456,303104,327683,327683
4096,28,butterfly-check,detect-only,ntt,sub-output,0,1616,16,1,PASS,FAIL,no,no,4.39458589e4,2.29140389e3,2.89847528e3,1.75525880e0,-4.88682319,147456,0,0,0,0,0,0,14188376 ns,13713414,147456,147456,303104,327683,327683
4096,28,butterfly-check,detect-only,ntt,sub-output,0,1616,24,1,PASS,FAIL,no,no,4.14878761e4,2.30028651e3,2.88712069e3,1.74838269e0,-4.85272995,147456,0,0,0,0,0,0,14172833 ns,13668580,147456,147456,303104,327683,327683
4096,28,butterfly-check,detect-only,ntt,sub-output,0,1616,26,1,PASS,FAIL,no,no,4.28344086e4,2.28976924e3,2.89355723e3,1.75228053e0,-4.87207272,147456,0,0,0,0,0,0,14134459 ns,13662665,147456,147456,303104,327683,327683
4096,28,butterfly-check,detect-only,ntt,sub-output,0,1689,0,1,PASS,FAIL,yes,no,4.16464689e4,2.26968815e3,2.86869903e3,1.73722690e0,-4.79713089,147456,3,0,0,0,0,0,14156459 ns,13686749,147456,147456,303104,327683,327683
4096,28,butterfly-check,detect-only,ntt,sub-output,0,1689,4,1,PASS,FAIL,yes,no,3.91846422e4,2.27578743e3,2.84785259e3,1.72460271e0,-4.73378127,147456,3,0,0,0,0,0,14133875 ns,13659963,147456,147456,303104,327683,327683
4096,28,butterfly-check,detect-only,ntt,sub-output,0,1689,8,1,PASS,FAIL,yes,no,3.93696731e4,2.19314521e3,2.89967893e3,1.75598771e0,-4.89042944,147456,3,0,0,0,0,0,14190543 ns,13715207,147456,147456,303104,327683,327683
4096,28,butterfly-check,detect-only,ntt,sub-output,0,1689,16,1,PASS,FAIL,yes,no,4.25866141e4,2.26304884e3,2.85459819e3,1.72868771e0,-4.75433088,147456,3,0,0,0,0,0,14178958 ns,13704502,147456,147456,303104,327683,327683
4096,28,butterfly-check,detect-only,ntt,sub-output,0,1689,24,1,PASS,FAIL,yes,no,4.30006304e4,2.29053827e3,2.88029831e3,1.74425119e0,-4.83218056,147456,3,0,0,0,0,0,14269876 ns,13793961,147456,147456,303104,327683,327683
4096,28,butterfly-check,detect-only,ntt,sub-output,0,1689,26,1,PASS,FAIL,yes,no,4.50077493e4,2.23734494e3,2.90252470e3,1.75771105e0,-4.89894965,147456,3,0,0,0,0,0,14142042 ns,13679248,147456,147456,303104,327683,327683
4096,28,butterfly-check,detect-only,ntt,sub-output,0,3654,0,1,PASS,FAIL,no,no,4.06035795e4,2.27724815e3,2.87069957e3,1.73843839e0,-4.80318607,147456,0,0,0,0,0,0,14153001 ns,13678377,147456,147456,303104,327683,327683
4096,28,butterfly-check,detect-only,ntt,sub-output,0,3654,4,1,PASS,FAIL,no,no,4.38046093e4,2.27351221e3,2.88869925e3,1.74933863e0,-4.85747776,147456,0,0,0,0,0,0,14181123 ns,13706958,147456,147456,303104,327683,327683
4096,28,butterfly-check,detect-only,ntt,sub-output,0,3654,8,1,PASS,FAIL,no,no,4.09486851e4,2.29225840e3,2.88739977e3,1.74855169e0,-4.85356952,147456,0,0,0,0,0,0,14195291 ns,13726495,147456,147456,303104,327683,327683
4096,28,butterfly-check,detect-only,ntt,sub-output,0,3654,16,1,PASS,FAIL,no,no,4.30489078e4,2.28432024e3,2.87326584e3,1.73999247e0,-4.81094738,147456,0,0,0,0,0,0,14186126 ns,13718249,147456,147456,303104,327683,327683
4096,28,butterfly-check,detect-only,ntt,sub-output,0,3654,24,1,PASS,FAIL,no,no,4.09599890e4,2.26641474e3,2.83479554e3,1.71669562e0,-4.69386599,147456,0,0,0,0,0,0,14166541 ns,13694209,147456,147456,303104,327683,327683
4096,28,butterfly-check,detect-only,ntt,sub-output,0,3654,26,1,PASS,FAIL,no,no,4.23214111e4,2.28729075e3,2.88605496e3,1.74773730e0,-4.84952312,147456,0,0,0,0,0,0,14188543 ns,13716333,147456,147456,303104,327683,327683
4096,28,butterfly-check,detect-only,ntt,sub-output,0,3677,0,1,PASS,FAIL,yes,no,4.09559614e4,2.27427523e3,2.93319992e3,1.77628735e0,-4.99026447,147456,3,0,0,0,0,0,14175251 ns,13690542,147456,147456,303104,327683,327683
4096,28,butterfly-check,detect-only,ntt,sub-output,0,3677,4,1,PASS,FAIL,yes,no,4.58295568e4,2.24200058e3,2.94481693e3,1.78332238e0,-5.02459719,147456,3,0,0,0,0,0,14205457 ns,13700373,147456,147456,303104,327683,327683
4096,28,butterfly-check,detect-only,ntt,sub-output,0,3677,8,1,PASS,FAIL,yes,no,3.90061859e4,2.23461458e3,2.81742401e3,1.70617577e0,-4.64047539,147456,3,0,0,0,0,0,14116667 ns,13648914,147456,147456,303104,327683,327683
4096,28,butterfly-check,detect-only,ntt,sub-output,0,3677,16,1,PASS,FAIL,yes,no,4.07580301e4,2.29689759e3,2.89690870e3,1.75431011e0,-4.88212732,147456,3,0,0,0,0,0,14196833 ns,13725418,147456,147456,303104,327683,327683
4096,28,butterfly-check,detect-only,ntt,sub-output,0,3677,24,1,PASS,FAIL,yes,no,4.13090039e4,2.28842546e3,2.87861809e3,1.74323368e0,-4.82711217,147456,3,0,0,0,0,0,14200208 ns,13713169,147456,147456,303104,327683,327683
4096,28,butterfly-check,detect-only,ntt,sub-output,0,3677,26,1,PASS,FAIL,yes,no,4.43727357e4,2.18867479e3,2.87201601e3,1.73923559e0,-4.80716829,147456,3,0,0,0,0,0,14166042 ns,13695756,147456,147456,303104,327683,327683
4096,28,butterfly-check,detect-only,ntt,sub-output,0,4046,0,1,PASS,FAIL,no,no,4.28720934e4,2.29693247e3,2.90520809e3,1.75933605e0,-4.90697606,147456,0,0,0,0,0,0,14148791 ns,13675875,147456,147456,303104,327683,327683
4096,28,butterfly-check,detect-only,ntt,sub-output,0,4046,4,1,PASS,FAIL,no,no,4.35267967e4,2.24804706e3,2.83907261e3,1.71928573e0,-4.70696118,147456,0,0,0,0,0,0,14153250 ns,13689999,147456,147456,303104,327683,327683
4096,28,butterfly-check,detect-only,ntt,sub-output,0,4046,8,1,PASS,FAIL,no,no,4.20639936e4,2.29936280e3,2.89323707e3,1.75208665e0,-4.87111159,147456,0,0,0,0,0,0,14162667 ns,13698833,147456,147456,303104,327683,327683
4096,28,butterfly-check,detect-only,ntt,sub-output,0,4046,16,1,PASS,FAIL,no,no,4.33914646e4,2.27219373e3,2.86598601e3,1.73558395e0,-4.78891249,147456,0,0,0,0,0,0,14187875 ns,13709080,147456,147456,303104,327683,327683
4096,28,butterfly-check,detect-only,ntt,sub-output,0,4046,24,1,PASS,FAIL,no,no,4.17961383e4,2.27076119e3,2.86615132e3,1.73568405e0,-4.78941347,147456,0,0,0,0,0,0,14189082 ns,13729503,147456,147456,303104,327683,327683
4096,28,butterfly-check,detect-only,ntt,sub-output,0,4046,26,1,PASS,FAIL,no,no,4.32947700e4,2.31108808e3,2.90344192e3,1.75826650e0,-4.90169404,147456,0,0,0,0,0,0,14126875 ns,13666251,147456,147456,303104,327683,327683
4096,28,butterfly-check,detect-only,ntt,sub-output,6,51,0,1,PASS,FAIL,no,no,4.15055564e4,2.28549831e3,2.88655884e3,1.74804245e0,-4.85103948,147456,0,0,0,0,0,0,14124083 ns,13655454,147456,147456,303104,327683,327683
4096,28,butterfly-check,detect-only,ntt,sub-output,6,51,4,1,PASS,FAIL,no,no,3.98416136e4,2.29080168e3,2.86164712e3,1.73295640e0,-4.77575272,147456,0,0,0,0,0,0,14136000 ns,13666874,147456,147456,303104,327683,327683
4096,28,butterfly-check,detect-only,ntt,sub-output,6,51,8,1,PASS,FAIL,no,no,4.26916457e4,2.26412762e3,2.87038952e3,1.73825063e0,-4.80224789,147456,0,0,0,0,0,0,14145124 ns,13671676,147456,147456,303104,327683,327683
4096,28,butterfly-check,detect-only,ntt,sub-output,6,51,16,1,PASS,FAIL,no,no,4.17245510e4,2.29194002e3,2.87030848e3,1.73820155e0,-4.80200265,147456,0,0,0,0,0,0,14200250 ns,13735870,147456,147456,303104,327683,327683
4096,28,butterfly-check,detect-only,ntt,sub-output,6,51,24,1,PASS,FAIL,no,no,3.73633918e4,2.28591688e3,2.87853235e3,1.74318176e0,-4.82685345,147456,0,0,0,0,0,0,14141916 ns,13678923,147456,147456,303104,327683,327683
4096,28,butterfly-check,detect-only,ntt,sub-output,6,51,26,1,PASS,FAIL,no,no,4.66692598e4,2.29605357e3,2.91082404e3,1.76273697e0,-4.92375024,147456,0,0,0,0,0,0,14198375 ns,13716583,147456,147456,303104,327683,327683
4096,28,butterfly-check,detect-only,ntt,sub-output,6,709,0,1,PASS,FAIL,yes,no,4.07144404e4,2.26416875e3,2.83886383e3,1.71915930e0,-4.70632241,147456,3,0,0,0,0,0,14176790 ns,13702080,147456,147456,303104,327683,327683
4096,28,butterfly-check,detect-only,ntt,sub-output,6,709,4,1,PASS,FAIL,yes,no,4.41816509e4,2.29387155e3,2.89335421e3,1.75215758e0,-4.87146324,147456,3,0,0,0,0,0,14190625 ns,13714079,147456,147456,303104,327683,327683
4096,28,butterfly-check,detect-only,ntt,sub-output,6,709,8,1,PASS,FAIL,yes,no,3.95995396e4,2.30239400e3,2.89122413e3,1.75086765e0,-4.86506635,147456,3,0,0,0,0,0,14134707 ns,13668209,147456,147456,303104,327683,327683
4096,28,butterfly-check,detect-only,ntt,sub-output,6,709,16,1,PASS,FAIL,yes,no,4.12448813e4,2.30672686e3,2.91953372e3,1.76801137e0,-4.94970110,147456,3,0,0,0,0,0,14123583 ns,13655748,147456,147456,303104,327683,327683
4096,28,butterfly-check,detect-only,ntt,sub-output,6,709,24,1,PASS,FAIL,yes,no,4.30712485e4,2.31730959e3,2.91943370e3,1.76795080e0,-4.94940351,147456,3,0,0,0,0,0,14149542 ns,13680466,147456,147456,303104,327683,327683
4096,28,butterfly-check,detect-only,ntt,sub-output,6,709,26,1,PASS,FAIL,yes,no,4.22907517e4,2.28997246e3,2.87300470e3,1.73983433e0,-4.81015791,147456,3,0,0,0,0,0,14172250 ns,13714584,147456,147456,303104,327683,327683
4096,28,butterfly-check,detect-only,ntt,sub-output,6,1744,0,1,PASS,FAIL,yes,no,3.97661658e4,2.28034920e3,2.86407804e3,1.73442852e0,-4.78312811,147456,3,0,0,0,0,0,14150417 ns,13679253,147456,147456,303104,327683,327683
4096,28,butterfly-check,detect-only,ntt,sub-output,6,1744,4,1,PASS,FAIL,yes,no,4.01053273e4,2.28599488e3,2.86122225e3,1.73269911e0,-4.77446303,147456,3,0,0,0,0,0,14189125 ns,13712833,147456,147456,303104,327683,327683
4096,28,butterfly-check,detect-only,ntt,sub-output,6,1744,8,1,PASS,FAIL,yes,no,4.04347377e4,2.27732790e3,2.85233418e3,1.72731667e0,-4.74743931,147456,3,0,0,0,0,0,14191292 ns,13703830,147456,147456,303104,327683,327683
4096,28,butterfly-check,detect-only,ntt,sub-output,6,1744,16,1,PASS,FAIL,yes,no,4.41993490e4,2.25639904e3,2.86219786e3,1.73328992e0,-4.77742422,147456,3,0,0,0,0,0,14149541 ns,13664131,147456,147456,303104,327683,327683
4096,28,butterfly-check,detect-only,ntt,sub-output,6,1744,24,1,PASS,FAIL,yes,no,4.20891083e4,2.29473087e3,2.89000389e3,1.75012870e0,-4.86139972,147456,3,0,0,0,0,0,14263166 ns,13803543,147456,147456,303104,327683,327683
4096,28,butterfly-check,detect-only,ntt,sub-output,6,1744,26,1,PASS,FAIL,yes,no,4.45092054e4,2.30179416e3,2.91540105e3,1.76550871e0,-4.93739728,147456,3,0,0,0,0,0,15282666 ns,14758877,147456,147456,303104,327683,327683
4096,28,butterfly-check,detect-only,ntt,sub-output,6,2089,0,1,PASS,FAIL,no,no,4.01287415e4,2.29586609e3,2.85826201e3,1.73090645e0,-4.76547191,147456,0,0,0,0,0,0,14325333 ns,13870920,147456,147456,303104,327683,327683
4096,28,butterfly-check,detect-only,ntt,sub-output,6,2089,4,1,PASS,FAIL,no,no,4.34371498e4,2.29169760e3,2.89117673e3,1.75083895e0,-4.86492397,147456,0,0,0,0,0,0,14186874 ns,13697039,147456,147456,303104,327683,327683
4096,28,butterfly-check,detect-only,ntt,sub-output,6,2089,8,1,PASS,FAIL,no,no,4.10506639e4,2.26797832e3,2.84719482e3,1.72420438e0,-4.73177487,147456,0,0,0,0,0,0,14168916 ns,13701958,147456,147456,303104,327683,327683
4096,28,butterfly-check,detect-only,ntt,sub-output,6,2089,16,1,PASS,FAIL,no,no,4.26906070e4,2.27348614e3,2.86459640e3,1.73474243e0,-4.78470002,147456,0,0,0,0,0,0,14184751 ns,13708209,147456,147456,303104,327683,327683
4096,28,butterfly-check,detect-only,ntt,sub-output,6,2089,24,1,PASS,FAIL,no,no,3.90690736e4,2.28391761e3,2.83967040e3,1.71964774e0,-4.70878986,147456,0,0,0,0,0,0,14207166 ns,13737583,147456,147456,303104,327683,327683
4096,28,butterfly-check,detect-only,ntt,sub-output,6,2089,26,1,PASS,FAIL,no,no,4.46135109e4,2.29364953e3,2.89024125e3,1.75027244e0,-4.86211307,147456,0,0,0,0,0,0,14244457 ns,13788505,147456,147456,303104,327683,327683
4096,28,butterfly-check,detect-only,ntt,sub-output,6,3296,0,1,PASS,FAIL,yes,no,4.02167774e4,2.28238576e3,2.87510881e3,1.74110853e0,-4.81651687,147456,3,0,0,0,0,0,14205457 ns,13702417,147456,147456,303104,327683,327683
4096,28,butterfly-check,detect-only,ntt,sub-output,6,3296,4,1,PASS,FAIL,yes,no,4.08969384e4,2.28834529e3,2.89409211e3,1.75260444e0,-4.87367815,147456,3,0,0,0,0,0,14142959 ns,13676876,147456,147456,303104,327683,327683
4096,28,butterfly-check,detect-only,ntt,sub-output,6,3296,8,1,PASS,FAIL,yes,no,4.26522418e4,2.30678834e3,2.89013857e3,1.75021026e0,-4.86180449,147456,3,0,0,0,0,0,14131625 ns,13668207,147456,147456,303104,327683,327683
4096,28,butterfly-check,detect-only,ntt,sub-output,6,3296,16,1,PASS,FAIL,yes,no,4.03315549e4,2.27976971e3,2.88746031e3,1.74858836e0,-4.85375164,147456,3,0,0,0,0,0,14223750 ns,13739914,147456,147456,303104,327683,327683
4096,28,butterfly-check,detect-only,ntt,sub-output,6,3296,24,1,PASS,FAIL,yes,no,4.02387868e4,2.28832856e3,2.86825987e3,1.73696095e0,-4.79580111,147456,3,0,0,0,0,0,14191709 ns,13725048,147456,147456,303104,327683,327683
4096,28,butterfly-check,detect-only,ntt,sub-output,6,3296,26,1,PASS,FAIL,yes,no,4.38180928e4,2.29843376e3,2.89484573e3,1.75306082e0,-4.87593967,147456,3,0,0,0,0,0,14156168 ns,13670206,147456,147456,303104,327683,327683
4096,28,butterfly-check,detect-only,ntt,sub-output,6,3698,0,1,PASS,FAIL,yes,no,3.95647247e4,2.29276743e3,2.86302053e3,1.73378811e0,-4.77992042,147456,3,0,0,0,0,0,14110250 ns,13651290,147456,147456,303104,327683,327683
4096,28,butterfly-check,detect-only,ntt,sub-output,6,3698,4,1,PASS,FAIL,yes,no,4.36390026e4,2.27018650e3,2.87674098e3,1.74209695e0,-4.82144638,147456,3,0,0,0,0,0,14155083 ns,13681456,147456,147456,303104,327683,327683
4096,28,butterfly-check,detect-only,ntt,sub-output,6,3698,8,1,PASS,FAIL,yes,no,4.28983860e4,2.27335632e3,2.89131397e3,1.75092206e0,-4.86533627,147456,3,0,0,0,0,0,14179749 ns,13691003,147456,147456,303104,327683,327683
4096,28,butterfly-check,detect-only,ntt,sub-output,6,3698,16,1,PASS,FAIL,yes,no,4.35811973e4,2.32065827e3,2.90894834e3,1.76160108e0,-4.91815134,147456,3,0,0,0,0,0,14177418 ns,13704207,147456,147456,303104,327683,327683
4096,28,butterfly-check,detect-only,ntt,sub-output,6,3698,24,1,PASS,FAIL,yes,no,4.33103295e4,2.27240411e3,2.88712629e3,1.74838608e0,-4.85274680,147456,3,0,0,0,0,0,14177583 ns,13692414,147456,147456,303104,327683,327683
4096,28,butterfly-check,detect-only,ntt,sub-output,6,3698,26,1,PASS,FAIL,yes,no,4.30621875e4,2.28853905e3,2.93168168e3,1.77536794e0,-4.98576744,147456,3,0,0,0,0,0,14461543 ns,13982921,147456,147456,303104,327683,327683
4096,28,butterfly-check,detect-only,ntt,sub-output,6,3954,0,1,PASS,FAIL,yes,no,4.13325188e4,2.29708128e3,2.89598337e3,1.75374975e0,-4.87935246,147456,3,0,0,0,0,0,14164793 ns,13686998,147456,147456,303104,327683,327683
4096,28,butterfly-check,detect-only,ntt,sub-output,6,3954,4,1,PASS,FAIL,yes,no,4.06506553e4,2.30460295e3,2.87225444e3,1.73937999e0,-4.80788937,147456,3,0,0,0,0,0,14203291 ns,13718210,147456,147456,303104,327683,327683
4096,28,butterfly-check,detect-only,ntt,sub-output,6,3954,8,1,PASS,FAIL,yes,no,4.29627656e4,2.27266440e3,2.87857950e3,1.74321031e0,-4.82699572,147456,3,0,0,0,0,0,14140084 ns,13667292,147456,147456,303104,327683,327683
4096,28,butterfly-check,detect-only,ntt,sub-output,6,3954,16,1,PASS,FAIL,yes,no,4.31308331e4,2.29435269e3,2.88553892e3,1.74742480e0,-4.84796990,147456,3,0,0,0,0,0,14142333 ns,13674835,147456,147456,303104,327683,327683
4096,28,butterfly-check,detect-only,ntt,sub-output,6,3954,24,1,PASS,FAIL,yes,no,4.43219424e4,2.30686739e3,2.92869910e3,1.77356174e0,-4.97692624,147456,3,0,0,0,0,0,14126375 ns,13660377,147456,147456,303104,327683,327683
4096,28,butterfly-check,detect-only,ntt,sub-output,6,3954,26,1,PASS,FAIL,yes,no,4.20525836e4,2.27712424e3,2.88553309e3,1.74742127e0,-4.84795234,147456,3,0,0,0,0,0,14125374 ns,13654915,147456,147456,303104,327683,327683
4096,28,butterfly-check,detect-only,ntt,sub-output,6,4079,0,1,PASS,FAIL,yes,no,3.93005653e4,2.30005770e3,2.86440116e3,1.73462419e0,-4.78410798,147456,3,0,0,0,0,0,14189416 ns,13723001,147456,147456,303104,327683,327683
4096,28,butterfly-check,detect-only,ntt,sub-output,6,4079,4,1,PASS,FAIL,yes,no,4.31833703e4,2.27867546e3,2.86868125e3,1.73721613e0,-4.79707708,147456,3,0,0,0,0,0,14140791 ns,13667213,147456,147456,303104,327683,327683
4096,28,butterfly-check,detect-only,ntt,sub-output,6,4079,8,1,PASS,FAIL,yes,no,4.24369051e4,2.30016034e3,2.90099455e3,1.75678442e0,-4.89436944,147456,3,0,0,0,0,0,14393166 ns,13906712,147456,147456,303104,327683,327683
4096,28,butterfly-check,detect-only,ntt,sub-output,6,4079,16,1,PASS,FAIL,yes,no,3.85969749e4,2.27152497e3,2.84750765e3,1.72439382e0,-4.73272916,147456,3,0,0,0,0,0,14418624 ns,13945128,147456,147456,303104,327683,327683
4096,28,butterfly-check,detect-only,ntt,sub-output,6,4079,24,1,PASS,FAIL,yes,no,4.09371278e4,2.26886486e3,2.86120112e3,1.73268631e0,-4.77439889,147456,3,0,0,0,0,0,14182917 ns,13714205,147456,147456,303104,327683,327683
4096,28,butterfly-check,detect-only,ntt,sub-output,6,4079,26,1,PASS,FAIL,yes,no,4.10208367e4,2.28331893e3,2.87357761e3,1.74018127e0,-4.81188978,147456,3,0,0,0,0,0,14159332 ns,13689376,147456,147456,303104,327683,327683
4096,28,butterfly-check,detect-only,ntt,sub-output,11,572,0,1,PASS,FAIL,no,no,4.56241167e4,2.27287560e3,2.89558648e3,1.75350940e0,-4.87816198,147456,0,0,0,0,0,0,14239251 ns,13751998,147456,147456,303104,327683,327683
4096,28,butterfly-check,detect-only,ntt,sub-output,11,572,4,1,PASS,FAIL,no,no,4.37403669e4,2.30629296e3,2.90244854e3,1.75766493e0,-4.89872175,147456,0,0,0,0,0,0,14140875 ns,13662794,147456,147456,303104,327683,327683
4096,28,butterfly-check,detect-only,ntt,sub-output,11,572,8,1,PASS,FAIL,no,no,4.12492071e4,2.28539083e3,2.89606744e3,1.75380066e0,-4.87960458,147456,0,0,0,0,0,0,14162332 ns,13710123,147456,147456,303104,327683,327683
4096,28,butterfly-check,detect-only,ntt,sub-output,11,572,16,1,PASS,FAIL,no,no,4.13856628e4,2.26747672e3,2.84197159e3,1.72104129e0,-4.71582582,147456,0,0,0,0,0,0,14252334 ns,13767832,147456,147456,303104,327683,327683
4096,28,butterfly-check,detect-only,ntt,sub-output,11,572,24,1,PASS,FAIL,no,no,3.99090953e4,2.30556190e3,2.90126585e3,1.75694872e0,-4.89518171,147456,0,0,0,0,0,0,14178042 ns,13706127,147456,147456,303104,327683,327683
4096,28,butterfly-check,detect-only,ntt,sub-output,11,572,26,1,PASS,FAIL,no,no,4.22584593e4,2.28765771e3,2.86697815e3,1.73618477e0,-4.79191883,147456,0,0,0,0,0,0,14151375 ns,13675749,147456,147456,303104,327683,327683
4096,28,butterfly-check,detect-only,ntt,sub-output,11,600,0,1,PASS,FAIL,no,no,4.13172651e4,2.31961486e3,2.92003201e3,1.76831313e0,-4.95118343,147456,0,0,0,0,0,0,14191458 ns,13718371,147456,147456,303104,327683,327683
4096,28,butterfly-check,detect-only,ntt,sub-output,11,600,4,1,PASS,FAIL,no,no,3.98454582e4,2.29848275e3,2.87249324e3,1.73952460e0,-4.80861148,147456,0,0,0,0,0,0,14172749 ns,13695128,147456,147456,303104,327683,327683
4096,28,butterfly-check,detect-only,ntt,sub-output,11,600,8,1,PASS,FAIL,no,no,4.26630437e4,2.28629813e3,2.86600152e3,1.73559334e0,-4.78895950,147456,0,0,0,0,0,0,14357751 ns,13900538,147456,147456,303104,327683,327683
4096,28,butterfly-check,detect-only,ntt,sub-output,11,600,16,1,PASS,FAIL,no,no,4.40430307e4,2.28242381e3,2.88347451e3,1.74617464e0,-4.84175352,147456,0,0,0,0,0,0,14289501 ns,13798831,147456,147456,303104,327683,327683
4096,28,butterfly-check,detect-only,ntt,sub-output,11,600,24,1,PASS,FAIL,no,no,4.37356993e4,2.28207369e3,2.89809122e3,1.75502622e0,-4.88567220,147456,0,0,0,0,0,0,14247040 ns,13769919,147456,147456,303104,327683,327683
4096,28,butterfly-check,detect-only,ntt,sub-output,11,600,26,1,PASS,FAIL,no,no,4.39134095e4,2.32980409e3,2.95809331e3,1.79136229e0,-5.06366856,147456,0,0,0,0,0,0,14178208 ns,13702415,147456,147456,303104,327683,327683
4096,28,butterfly-check,detect-only,ntt,sub-output,11,814,0,1,PASS,FAIL,no,no,4.29220325e4,2.30752284e3,2.90328443e3,1.75817113e0,-4.90122288,147456,0,0,0,0,0,0,14139042 ns,13671126,147456,147456,303104,327683,327683
4096,28,butterfly-check,detect-only,ntt,sub-output,11,814,4,1,PASS,FAIL,no,no,4.55641315e4,2.28231880e3,2.90941122e3,1.76188139e0,-4.91953335,147456,0,0,0,0,0,0,14257001 ns,13796876,147456,147456,303104,327683,327683
4096,28,butterfly-check,detect-only,ntt,sub-output,11,814,8,1,PASS,FAIL,no,no,3.95050013e4,2.27571735e3,2.83019697e3,1.71391082e0,-4.67976442,147456,0,0,0,0,0,0,14302876 ns,13842371,147456,147456,303104,327683,327683
4096,28,butterfly-check,detect-only,ntt,sub-output,11,814,16,1,PASS,FAIL,no,no,4.16625609e4,2.29309073e3,2.90400369e3,1.75860670e0,-4.90337445,147456,0,0,0,0,0,0,14142917 ns,13697005,147456,147456,303104,327683,327683
4096,28,butterfly-check,detect-only,ntt,sub-output,11,814,24,1,PASS,FAIL,no,no,4.27974716e4,2.29449366e3,2.91019082e3,1.76235350e0,-4.92186049,147456,0,0,0,0,0,0,14182002 ns,13697460,147456,147456,303104,327683,327683
4096,28,butterfly-check,detect-only,ntt,sub-output,11,814,26,1,PASS,FAIL,no,no,4.17940517e4,2.24149794e3,2.80798575e3,1.70046015e0,-4.61132917,147456,0,0,0,0,0,0,14326918 ns,13864169,147456,147456,303104,327683,327683
4096,28,butterfly-check,detect-only,ntt,sub-output,11,1503,0,1,PASS,FAIL,no,no,4.09247823e4,2.27663522e3,2.86196348e3,1.73314798e0,-4.77671291,147456,0,0,0,0,0,0,14573624 ns,14083170,147456,147456,303104,327683,327683
4096,28,butterfly-check,detect-only,ntt,sub-output,11,1503,4,1,PASS,FAIL,no,no,4.34225103e4,2.30520074e3,2.90973015e3,1.76207453e0,-4.92048546,147456,0,0,0,0,0,0,15290832 ns,14795957,147456,147456,303104,327683,327683
4096,28,butterfly-check,detect-only,ntt,sub-output,11,1503,8,1,PASS,FAIL,no,no,4.41442467e4,2.28284386e3,2.90870660e3,1.76145468e0,-4.91742949,147456,0,0,0,0,0,0,14444710 ns,13974708,147456,147456,303104,327683,327683
4096,28,butterfly-check,detect-only,ntt,sub-output,11,1503,16,1,PASS,FAIL,no,no,4.26362958e4,2.30545515e3,2.90054239e3,1.75651060e0,-4.89301550,147456,0,0,0,0,0,0,14275498 ns,13784751,147456,147456,303104,327683,327683
4096,28,butterfly-check,detect-only,ntt,sub-output,11,1503,24,1,PASS,FAIL,no,no,4.10193979e4,2.28091418e3,2.88166736e3,1.74508026e0,-4.83630813,147456,0,0,0,0,0,0,14268750 ns,13803201,147456,147456,303104,327683,327683
4096,28,butterfly-check,detect-only,ntt,sub-output,11,1503,26,1,PASS,FAIL,no,no,4.48781334e4,2.28757007e3,2.89168101e3,1.75114433e0,-4.86643882,147456,0,0,0,0,0,0,14243208 ns,13743792,147456,147456,303104,327683,327683
4096,28,butterfly-check,detect-only,ntt,sub-output,11,2904,0,1,PASS,FAIL,yes,no,4.36329038e4,2.26051011e3,2.85897058e3,1.73133554e0,-4.76762489,147456,3,0,0,0,0,0,14699332 ns,14191795,147456,147456,303104,327683,327683
4096,28,butterfly-check,detect-only,ntt,sub-output,11,2904,4,1,PASS,FAIL,yes,no,4.23184636e4,2.32481012e3,2.90483359e3,1.75910927e0,-4.90585633,147456,3,0,0,0,0,0,14171251 ns,13682706,147456,147456,303104,327683,327683
4096,28,butterfly-check,detect-only,ntt,sub-output,11,2904,8,1,PASS,FAIL,yes,no,4.34199781e4,2.27553314e3,2.87867116e3,1.74326582e0,-4.82727232,147456,3,0,0,0,0,0,14240417 ns,13787668,147456,147456,303104,327683,327683
4096,28,butterfly-check,detect-only,ntt,sub-output,11,2904,16,1,PASS,FAIL,yes,no,4.26938259e4,2.30734799e3,2.92556414e3,1.77166328e0,-4.96762366,147456,3,0,0,0,0,0,14147167 ns,13684664,147456,147456,303104,327683,327683
4096,28,butterfly-check,detect-only,ntt,sub-output,11,2904,24,1,PASS,FAIL,yes,no,3.99501639e4,2.31017385e3,2.88748418e3,1.74860281e0,-4.85382344,147456,3,0,0,0,0,0,14153583 ns,13689626,147456,147456,303104,327683,327683
4096,28,butterfly-check,detect-only,ntt,sub-output,11,2904,26,1,PASS,FAIL,yes,no,4.02933685e4,2.26655135e3,2.84454158e3,1.72259763e0,-4.72367691,147456,3,0,0,0,0,0,14165456 ns,13682374,147456,147456,303104,327683,327683
4096,28,butterfly-check,detect-only,ntt,sub-output,11,3317,0,1,PASS,FAIL,yes,no,4.21487021e4,2.31675325e3,2.90922793e3,1.76177039e0,-4.91898614,147456,3,0,0,0,0,0,14165876 ns,13697539,147456,147456,303104,327683,327683
4096,28,butterfly-check,detect-only,ntt,sub-output,11,3317,4,1,PASS,FAIL,yes,no,4.05478646e4,2.30290343e3,2.88658556e3,1.74805862e0,-4.85111985,147456,3,0,0,0,0,0,14157166 ns,13706210,147456,147456,303104,327683,327683
4096,28,butterfly-check,detect-only,ntt,sub-output,11,3317,8,1,PASS,FAIL,yes,no,4.07438811e4,2.28865924e3,2.88914110e3,1.74960621e0,-4.85880621,147456,3,0,0,0,0,0,14180040 ns,13719211,147456,147456,303104,327683,327683
4096,28,butterfly-check,detect-only,ntt,sub-output,11,3317,16,1,PASS,FAIL,yes,no,4.27311619e4,2.30261677e3,2.92563301e3,1.77170498e0,-4.96782814,147456,3,0,0,0,0,0,14133709 ns,13669207,147456,147456,303104,327683,327683
4096,28,butterfly-check,detect-only,ntt,sub-output,11,3317,24,1,PASS,FAIL,yes,no,4.21231391e4,2.30595980e3,2.88132230e3,1.74487130e0,-4.83526797,147456,3,0,0,0,0,0,14154958 ns,13683965,147456,147456,303104,327683,327683
4096,28,butterfly-check,detect-only,ntt,sub-output,11,3317,26,1,PASS,FAIL,yes,no,4.00421596e4,2.31034713e3,2.90640505e3,1.76006091e0,-4.91055397,147456,3,0,0,0,0,0,14199125 ns,13727500,147456,147456,303104,327683,327683
4096,28,butterfly-check,detect-only,ntt,sub-output,11,3557,0,1,PASS,FAIL,yes,no,4.08458891e4,2.33371769e3,2.92293681e3,1.77007221e0,-4.95981969,147456,3,0,0,0,0,0,14172499 ns,13707126,147456,147456,303104,327683,327683
4096,28,butterfly-check,detect-only,ntt,sub-output,11,3557,4,1,PASS,FAIL,yes,no,4.28721945e4,2.30878932e3,2.89133386e3,1.75093410e0,-4.86539601,147456,3,0,0,0,0,0,14107666 ns,13646498,147456,147456,303104,327683,327683
4096,28,butterfly-check,detect-only,ntt,sub-output,11,3557,8,1,PASS,FAIL,yes,no,4.27530001e4,2.28538331e3,2.87763649e3,1.74263925e0,-4.82414982,147456,3,0,0,0,0,0,14163041 ns,13702044,147456,147456,303104,327683,327683
4096,28,butterfly-check,detect-only,ntt,sub-output,11,3557,16,1,PASS,FAIL,yes,no,4.05406247e4,2.26207553e3,2.84770839e3,1.72451538e0,-4.73334146,147456,3,0,0,0,0,0,14173082 ns,13716912,147456,147456,303104,327683,327683
4096,28,butterfly-check,detect-only,ntt,sub-output,11,3557,24,1,PASS,FAIL,yes,no,4.19497037e4,2.29624160e3,2.89456392e3,1.75289016e0,-4.87509407,147456,3,0,0,0,0,0,14207417 ns,13729294,147456,147456,303104,327683,327683
4096,28,butterfly-check,detect-only,ntt,sub-output,11,3557,26,1,PASS,FAIL,yes,no,4.11106141e4,2.28661781e3,2.88827459e3,1.74908147e0,-4.85620077,147456,3,0,0,0,0,0,14170125 ns,13677667,147456,147456,303104,327683,327683
4096,28,butterfly-check,detect-only,ntt,sub-output,11,3688,0,1,PASS,FAIL,yes,no,4.59551839e4,2.30987720e3,2.95463789e3,1.78926976e0,-5.05351643,147456,3,0,0,0,0,0,14178459 ns,13713539,147456,147456,303104,327683,327683
4096,28,butterfly-check,detect-only,ntt,sub-output,11,3688,4,1,PASS,FAIL,yes,no,4.31674251e4,2.28832303e3,2.90430255e3,1.75878768e0,-4.90426830,147456,3,0,0,0,0,0,14152791 ns,13684708,147456,147456,303104,327683,327683
4096,28,butterfly-check,detect-only,ntt,sub-output,11,3688,8,1,PASS,FAIL,yes,no,4.12279045e4,2.28662598e3,2.86904554e3,1.73743674e0,-4.79818001,147456,3,0,0,0,0,0,14193625 ns,13734708,147456,147456,303104,327683,327683
4096,28,butterfly-check,detect-only,ntt,sub-output,11,3688,16,1,PASS,FAIL,yes,no,4.35318141e4,2.28728885e3,2.89223399e3,1.75147920e0,-4.86809969,147456,3,0,0,0,0,0,14151250 ns,13687664,147456,147456,303104,327683,327683
4096,28,butterfly-check,detect-only,ntt,sub-output,11,3688,24,1,PASS,FAIL,yes,no,4.36488222e4,2.27313579e3,2.88670064e3,1.74812831e0,-4.85146614,147456,3,0,0,0,0,0,14142458 ns,13680208,147456,147456,303104,327683,327683
4096,28,butterfly-check,detect-only,ntt,sub-output,11,3688,26,1,PASS,FAIL,yes,no,4.14829624e4,2.30198233e3,2.91620508e3,1.76599561e0,-4.93979242,147456,3,0,0,0,0,0,14148335 ns,13699795,147456,147456,303104,327683,327683
4096,28,butterfly-check,detect-only,ntt,butterfly-output,0,1016,0,1,PASS,FAIL,yes,no,3.72335628e4,2.15529190e3,2.85251551e3,1.72742648e0,-4.74799147,147456,3,0,0,0,0,0,14186792 ns,13717294,147456,147456,303104,327683,327683
4096,28,butterfly-check,detect-only,ntt,butterfly-output,0,1016,4,1,PASS,FAIL,yes,no,3.75608753e4,2.21511272e3,2.80628878e3,1.69943250e0,-4.60607837,147456,3,0,0,0,0,0,14550502 ns,14087170,147456,147456,303104,327683,327683
4096,28,butterfly-check,detect-only,ntt,butterfly-output,0,1016,8,1,PASS,FAIL,yes,no,4.22447819e4,2.28202216e3,2.87049827e3,1.73831649e0,-4.80257698,147456,3,0,0,0,0,0,14175833 ns,13696086,147456,147456,303104,327683,327683
4096,28,butterfly-check,detect-only,ntt,butterfly-output,0,1016,16,1,PASS,FAIL,yes,no,3.87213552e4,2.29230494e3,2.85156559e3,1.72685123e0,-4.74509849,147456,3,0,0,0,0,0,14384293 ns,13923116,147456,147456,303104,327683,327683
4096,28,butterfly-check,detect-only,ntt,butterfly-output,0,1016,24,1,PASS,FAIL,yes,no,4.32005364e4,2.29845371e3,2.88469635e3,1.74691456e0,-4.84543327,147456,3,0,0,0,0,0,14153918 ns,13657123,147456,147456,303104,327683,327683
4096,28,butterfly-check,detect-only,ntt,butterfly-output,0,1016,26,1,PASS,FAIL,yes,no,3.99942227e4,2.23817849e3,2.82052921e3,1.70805621e0,-4.65004320,147456,3,0,0,0,0,0,14320501 ns,13837704,147456,147456,303104,327683,327683
4096,28,butterfly-check,detect-only,ntt,butterfly-output,0,1530,0,1,PASS,FAIL,yes,no,4.11961591e4,2.25162806e3,2.91982418e3,1.76818727e0,-4.95056518,147456,3,0,0,0,0,0,14320416 ns,13856158,147456,147456,303104,327683,327683
4096,28,butterfly-check,detect-only,ntt,butterfly-output,0,1530,4,1,PASS,FAIL,yes,no,4.08003045e4,2.20682365e3,2.87322094e3,1.73996528e0,-4.81081164,147456,3,0,0,0,0,0,14136750 ns,13685833,147456,147456,303104,327683,327683
4096,28,butterfly-check,detect-only,ntt,butterfly-output,0,1530,8,1,PASS,FAIL,yes,no,3.96626538e4,2.22440106e3,2.85204576e3,1.72714201e0,-4.74656097,147456,3,0,0,0,0,0,14128001 ns,13671664,147456,147456,303104,327683,327683
4096,28,butterfly-check,detect-only,ntt,butterfly-output,0,1530,16,1,PASS,FAIL,yes,no,4.39284375e4,2.30245859e3,2.90917295e3,1.76173710e0,-4.91882199,147456,3,0,0,0,0,0,14144042 ns,13666709,147456,147456,303104,327683,327683
4096,28,butterfly-check,detect-only,ntt,butterfly-output,0,1530,24,1,PASS,FAIL,yes,no,4.26300659e4,2.28871304e3,2.87972417e3,1.74390350e0,-4.83044899,147456,3,0,0,0,0,0,14160958 ns,13694458,147456,147456,303104,327683,327683
4096,28,butterfly-check,detect-only,ntt,butterfly-output,0,1530,26,1,PASS,FAIL,yes,no,3.88991362e4,2.24652741e3,2.85524457e3,1.72907915e0,-4.75629746,147456,3,0,0,0,0,0,14175500 ns,13697672,147456,147456,303104,327683,327683
4096,28,butterfly-check,detect-only,ntt,butterfly-output,0,1559,0,1,PASS,FAIL,yes,no,4.13518554e4,2.28861379e3,2.88070728e3,1.74449886e0,-4.83341378,147456,3,0,0,0,0,0,14153917 ns,13688335,147456,147456,303104,327683,327683
4096,28,butterfly-check,detect-only,ntt,butterfly-output,0,1559,4,1,PASS,FAIL,yes,no,4.28469176e4,2.27277412e3,2.87673234e3,1.74209171e0,-4.82142028,147456,3,0,0,0,0,0,14259626 ns,13775080,147456,147456,303104,327683,327683
4096,28,butterfly-check,detect-only,ntt,butterfly-output,0,1559,8,1,PASS,FAIL,yes,no,4.23273104e4,2.23321700e3,2.88327336e3,1.74605282e0,-4.84114757,147456,3,0,0,0,0,0,14180459 ns,13692168,147456,147456,303104,327683,327683
4096,28,butterfly-check,detect-only,ntt,butterfly-output,0,1559,16,1,PASS,FAIL,yes,no,4.08399398e4,2.33262788e3,2.89759162e3,1.75472368e0,-4.88417472,147456,3,0,0,0,0,0,14198584 ns,13706664,147456,147456,303104,327683,327683
4096,28,butterfly-check,detect-only,ntt,butterfly-output,0,1559,24,1,PASS,FAIL,yes,no,4.20711438e4,2.29621098e3,2.93498401e3,1.77736776e0,-4.99554597,147456,3,0,0,0,0,0,14215751 ns,13715960,147456,147456,303104,327683,327683
4096,28,butterfly-check,detect-only,ntt,butterfly-output,0,1559,26,1,PASS,FAIL,yes,no,5.19083942e4,2.10109801e3,2.94247978e3,1.78190705e0,-5.01770090,147456,3,0,0,0,0,0,14195833 ns,13716083,147456,147456,303104,327683,327683
4096,28,butterfly-check,detect-only,ntt,butterfly-output,0,1616,0,1,PASS,FAIL,yes,no,4.34798092e4,2.33563558e3,2.93919917e3,1.77992038e0,-5.00801151,147456,3,0,0,0,0,0,14183209 ns,13704460,147456,147456,303104,327683,327683
4096,28,butterfly-check,detect-only,ntt,butterfly-output,0,1616,4,1,PASS,FAIL,yes,no,4.46619168e4,2.27428004e3,2.86932220e3,1.73760428e0,-4.79901754,147456,3,0,0,0,0,0,14222417 ns,13739079,147456,147456,303104,327683,327683
4096,28,butterfly-check,detect-only,ntt,butterfly-output,0,1616,8,1,PASS,FAIL,yes,no,4.12978801e4,2.20835019e3,2.86800762e3,1.73680820e0,-4.79503719,147456,3,0,0,0,0,0,14159542 ns,13686083,147456,147456,303104,327683,327683
4096,28,butterfly-check,detect-only,ntt,butterfly-output,0,1616,16,1,PASS,FAIL,yes,no,4.17962630e4,2.28189542e3,2.86719596e3,1.73631667e0,-4.79257871,147456,3,0,0,0,0,0,14153082 ns,13677712,147456,147456,303104,327683,327683
4096,28,butterfly-check,detect-only,ntt,butterfly-output,0,1616,24,1,PASS,FAIL,yes,no,4.30414394e4,2.28951691e3,2.87875898e3,1.74331900e0,-4.82753728,147456,3,0,0,0,0,0,14530000 ns,14067958,147456,147456,303104,327683,327683
4096,28,butterfly-check,detect-only,ntt,butterfly-output,0,1616,26,1,PASS,FAIL,yes,no,4.43422773e4,2.26051636e3,3.00200310e3,1.81795318e0,-5.19165389,147456,3,0,0,0,0,0,14188374 ns,13718081,147456,147456,303104,327683,327683
4096,28,butterfly-check,detect-only,ntt,butterfly-output,0,1689,0,1,PASS,FAIL,yes,no,4.16464689e4,2.26968815e3,2.86869903e3,1.73722690e0,-4.79713089,147456,3,0,0,0,0,0,14167000 ns,13695667,147456,147456,303104,327683,327683
4096,28,butterfly-check,detect-only,ntt,butterfly-output,0,1689,4,1,PASS,FAIL,yes,no,3.91846422e4,2.27578743e3,2.84785259e3,1.72460271e0,-4.73378127,147456,3,0,0,0,0,0,14137584 ns,13656668,147456,147456,303104,327683,327683
4096,28,butterfly-check,detect-only,ntt,butterfly-output,0,1689,8,1,PASS,FAIL,yes,no,3.93696731e4,2.19314521e3,2.89967893e3,1.75598771e0,-4.89042944,147456,3,0,0,0,0,0,14121251 ns,13640835,147456,147456,303104,327683,327683
4096,28,butterfly-check,detect-only,ntt,butterfly-output,0,1689,16,1,PASS,FAIL,yes,no,4.25866141e4,2.26304884e3,2.85459819e3,1.72868771e0,-4.75433088,147456,3,0,0,0,0,0,14246127 ns,13760748,147456,147456,303104,327683,327683
4096,28,butterfly-check,detect-only,ntt,butterfly-output,0,1689,24,1,PASS,FAIL,yes,no,4.30006304e4,2.29053827e3,2.88029831e3,1.74425119e0,-4.83218056,147456,3,0,0,0,0,0,14611500 ns,14149002,147456,147456,303104,327683,327683
4096,28,butterfly-check,detect-only,ntt,butterfly-output,0,1689,26,1,PASS,FAIL,yes,no,4.50077493e4,2.23734494e3,2.90252470e3,1.75771105e0,-4.89894965,147456,3,0,0,0,0,0,14204625 ns,13709540,147456,147456,303104,327683,327683
4096,28,butterfly-check,detect-only,ntt,butterfly-output,0,3654,0,1,PASS,FAIL,yes,no,4.33824876e4,2.22058019e3,2.88934445e3,1.74972936e0,-4.85941756,147456,3,0,0,0,0,0,14160208 ns,13689750,147456,147456,303104,327683,327683
4096,28,butterfly-check,detect-only,ntt,butterfly-output,0,3654,4,1,PASS,FAIL,yes,no,4.45254990e4,2.20967746e3,2.85302038e3,1.72773222e0,-4.74952865,147456,3,0,0,0,0,0,14114041 ns,13651706,147456,147456,303104,327683,327683
4096,28,butterfly-check,detect-only,ntt,butterfly-output,0,3654,8,1,PASS,FAIL,yes,no,4.30998505e4,2.28421311e3,2.88441145e3,1.74674202e0,-4.84457538,147456,3,0,0,0,0,0,14173416 ns,13695873,147456,147456,303104,327683,327683
4096,28,butterfly-check,detect-only,ntt,butterfly-output,0,3654,16,1,PASS,FAIL,yes,no,4.24135127e4,2.28940299e3,2.87838537e3,1.74309275e0,-4.82640995,147456,3,0,0,0,0,0,14156043 ns,13686251,147456,147456,303104,327683,327683
4096,28,butterfly-check,detect-only,ntt,butterfly-output,0,3654,24,1,PASS,FAIL,yes,no,4.03626212e4,2.28975615e3,2.84480171e3,1.72275516e0,-4.72447118,147456,3,0,0,0,0,0,14151540 ns,13676206,147456,147456,303104,327683,327683
4096,28,butterfly-check,detect-only,ntt,butterfly-output,0,3654,26,1,PASS,FAIL,yes,no,4.48892414e4,2.25268304e3,2.91716239e3,1.76657534e0,-4.94264328,147456,3,0,0,0,0,0,14187585 ns,13709502,147456,147456,303104,327683,327683
4096,28,butterfly-check,detect-only,ntt,butterfly-output,0,3677,0,1,PASS,FAIL,yes,no,4.09559614e4,2.27427523e3,2.93319992e3,1.77628735e0,-4.99026447,147456,3,0,0,0,0,0,14185333 ns,13694919,147456,147456,303104,327683,327683
4096,28,butterfly-check,detect-only,ntt,butterfly-output,0,3677,4,1,PASS,FAIL,yes,no,4.58295568e4,2.24200058e3,2.94481693e3,1.78332238e0,-5.02459719,147456,3,0,0,0,0,0,14163585 ns,13684163,147456,147456,303104,327683,327683
4096,28,butterfly-check,detect-only,ntt,butterfly-output,0,3677,8,1,PASS,FAIL,yes,no,3.90061859e4,2.23461458e3,2.81742401e3,1.70617577e0,-4.64047539,147456,3,0,0,0,0,0,14164500 ns,13686041,147456,147456,303104,327683,327683
4096,28,butterfly-check,detect-only,ntt,butterfly-output,0,3677,16,1,PASS,FAIL,yes,no,4.07580301e4,2.29689759e3,2.89690870e3,1.75431011e0,-4.88212732,147456,3,0,0,0,0,0,14133958 ns,13653875,147456,147456,303104,327683,327683
4096,28,butterfly-check,detect-only,ntt,butterfly-output,0,3677,24,1,PASS,FAIL,yes,no,4.13090039e4,2.28842546e3,2.87861809e3,1.74323368e0,-4.82711217,147456,3,0,0,0,0,0,14134042 ns,13658208,147456,147456,303104,327683,327683
4096,28,butterfly-check,detect-only,ntt,butterfly-output,0,3677,26,1,PASS,FAIL,yes,no,4.43727357e4,2.18867479e3,2.87201601e3,1.73923559e0,-4.80716829,147456,3,0,0,0,0,0,14149084 ns,13671664,147456,147456,303104,327683,327683
4096,28,butterfly-check,detect-only,ntt,butterfly-output,0,4046,0,1,PASS,FAIL,yes,no,4.43360368e4,2.28519423e3,2.96976720e3,1.79843177e0,-5.09787930,147456,3,0,0,0,0,0,14147251 ns,13674585,147456,147456,303104,327683,327683
4096,28,butterfly-check,detect-only,ntt,butterfly-output,0,4046,4,1,PASS,FAIL,yes,no,4.16172985e4,2.23991699e3,2.92002603e3,1.76830951e0,-4.95116563,147456,3,0,0,0,0,0,14203958 ns,13727794,147456,147456,303104,327683,327683
4096,28,butterfly-check,detect-only,ntt,butterfly-output,0,4046,8,1,PASS,FAIL,yes,no,3.86906842e4,2.26910675e3,2.83120076e3,1.71451870e0,-4.68284451,147456,3,0,0,0,0,0,14161334 ns,13684874,147456,147456,303104,327683,327683
4096,28,butterfly-check,detect-only,ntt,butterfly-output,0,4046,16,1,PASS,FAIL,yes,no,4.44873816e4,2.25569337e3,2.90185751e3,1.75730701e0,-4.89695285,147456,3,0,0,0,0,0,14161666 ns,13684875,147456,147456,303104,327683,327683
4096,28,butterfly-check,detect-only,ntt,butterfly-output,0,4046,24,1,PASS,FAIL,yes,no,4.49839979e4,2.25453717e3,2.89802279e3,1.75498478e0,-4.88546709,147456,3,0,0,0,0,0,14163542 ns,13687458,147456,147456,303104,327683,327683
4096,28,butterfly-check,detect-only,ntt,butterfly-output,0,4046,26,1,PASS,FAIL,yes,no,4.58635722e4,2.24604793e3,2.93493159e3,1.77733601e0,-4.99539082,147456,3,0,0,0,0,0,14191252 ns,13715792,147456,147456,303104,327683,327683
4096,28,butterfly-check,detect-only,ntt,butterfly-output,6,51,0,1,PASS,FAIL,yes,no,4.36057946e4,2.30361392e3,2.89211399e3,1.75140653e0,-4.86773930,147456,3,0,0,0,0,0,14198000 ns,13725960,147456,147456,303104,327683,327683
4096,28,butterfly-check,detect-only,ntt,butterfly-output,6,51,4,1,PASS,FAIL,yes,no,4.24783221e4,2.24945320e3,2.84321546e3,1.72179456e0,-4.71962661,147456,3,0,0,0,0,0,14177375 ns,13682789,147456,147456,303104,327683,327683
4096,28,butterfly-check,detect-only,ntt,butterfly-output,6,51,8,1,PASS,FAIL,yes,no,4.15004634e4,2.32479846e3,2.90960450e3,1.76199844e0,-4.92011037,147456,3,0,0,0,0,0,14236875 ns,13721917,147456,147456,303104,327683,327683
4096,28,butterfly-check,detect-only,ntt,butterfly-output,6,51,16,1,PASS,FAIL,yes,no,4.12114760e4,2.26592771e3,2.86987740e3,1.73794049e0,-4.80069805,147456,3,0,0,0,0,0,14186041 ns,13688585,147456,147456,303104,327683,327683
4096,28,butterfly-check,detect-only,ntt,butterfly-output,6,51,24,1,PASS,FAIL,yes,no,4.28348840e4,2.26363903e3,2.85712391e3,1.73021724e0,-4.76201268,147456,3,0,0,0,0,0,14137583 ns,13666870,147456,147456,303104,327683,327683
4096,28,butterfly-check,detect-only,ntt,butterfly-output,6,51,26,1,PASS,FAIL,yes,no,4.23822782e4,2.30131197e3,2.89888381e3,1.75550620e0,-4.88804735,147456,3,0,0,0,0,0,14152500 ns,13665418,147456,147456,303104,327683,327683
4096,28,butterfly-check,detect-only,ntt,butterfly-output,6,709,0,1,PASS,FAIL,yes,no,4.07144404e4,2.26416875e3,2.83886383e3,1.71915930e0,-4.70632241,147456,3,0,0,0,0,0,14142709 ns,13664417,147456,147456,303104,327683,327683
4096,28,butterfly-check,detect-only,ntt,butterfly-output,6,709,4,1,PASS,FAIL,yes,no,4.41816509e4,2.29387155e3,2.89335421e3,1.75215758e0,-4.87146324,147456,3,0,0,0,0,0,14503123 ns,14023791,147456,147456,303104,327683,327683
4096,28,butterfly-check,detect-only,ntt,butterfly-output,6,709,8,1,PASS,FAIL,yes,no,3.95995396e4,2.30239400e3,2.89122413e3,1.75086765e0,-4.86506635,147456,3,0,0,0,0,0,14145208 ns,13675167,147456,147456,303104,327683,327683
4096,28,butterfly-check,detect-only,ntt,butterfly-output,6,709,16,1,PASS,FAIL,yes,no,4.12448813e4,2.30672686e3,2.91953372e3,1.76801137e0,-4.94970110,147456,3,0,0,0,0,0,14141168 ns,13673377,147456,147456,303104,327683,327683
4096,28,butterfly-check,detect-only,ntt,butterfly-output,6,709,24,1,PASS,FAIL,yes,no,4.30712485e4,2.31730959e3,2.91943370e3,1.76795080e0,-4.94940351,147456,3,0,0,0,0,0,14394707 ns,13890461,147456,147456,303104,327683,327683
4096,28,butterfly-check,detect-only,ntt,butterfly-output,6,709,26,1,PASS,FAIL,yes,no,4.22907517e4,2.28997246e3,2.87300470e3,1.73983433e0,-4.81015791,147456,3,0,0,0,0,0,14168710 ns,13660416,147456,147456,303104,327683,327683
4096,28,butterfly-check,detect-only,ntt,butterfly-output,6,1744,0,1,PASS,FAIL,yes,no,3.97661658e4,2.28034920e3,2.86407804e3,1.73442852e0,-4.78312811,147456,3,0,0,0,0,0,14374500 ns,13917915,147456,147456,303104,327683,327683
4096,28,butterfly-check,detect-only,ntt,butterfly-output,6,1744,4,1,PASS,FAIL,yes,no,4.01053273e4,2.28599488e3,2.86122225e3,1.73269911e0,-4.77446303,147456,3,0,0,0,0,0,14159001 ns,13688084,147456,147456,303104,327683,327683
4096,28,butterfly-check,detect-only,ntt,butterfly-output,6,1744,8,1,PASS,FAIL,yes,no,4.04347377e4,2.27732790e3,2.85233418e3,1.72731667e0,-4.74743931,147456,3,0,0,0,0,0,14155667 ns,13675960,147456,147456,303104,327683,327683
4096,28,butterfly-check,detect-only,ntt,butterfly-output,6,1744,16,1,PASS,FAIL,yes,no,4.41993490e4,2.25639904e3,2.86219786e3,1.73328992e0,-4.77742422,147456,3,0,0,0,0,0,14164792 ns,13685625,147456,147456,303104,327683,327683
4096,28,butterfly-check,detect-only,ntt,butterfly-output,6,1744,24,1,PASS,FAIL,yes,no,4.20891083e4,2.29473087e3,2.89000389e3,1.75012870e0,-4.86139972,147456,3,0,0,0,0,0,14157251 ns,13674790,147456,147456,303104,327683,327683
4096,28,butterfly-check,detect-only,ntt,butterfly-output,6,1744,26,1,PASS,FAIL,yes,no,4.45092054e4,2.30179416e3,2.91540105e3,1.76550871e0,-4.93739728,147456,3,0,0,0,0,0,14144624 ns,13660963,147456,147456,303104,327683,327683
4096,28,butterfly-check,detect-only,ntt,butterfly-output,6,2089,0,1,PASS,FAIL,yes,no,4.05880180e4,2.28327394e3,2.86102754e3,1.73258120e0,-4.77387193,147456,3,0,0,0,0,0,14150334 ns,13662755,147456,147456,303104,327683,327683
4096,28,butterfly-check,detect-only,ntt,butterfly-output,6,2089,4,1,PASS,FAIL,yes,no,3.75465554e4,2.26377387e3,2.81397853e3,1.70408926e0,-4.62984676,147456,3,0,0,0,0,0,14240584 ns,13769792,147456,147456,303104,327683,327683
4096,28,butterfly-check,detect-only,ntt,butterfly-output,6,2089,8,1,PASS,FAIL,yes,no,4.13489261e4,2.23932201e3,2.84501590e3,1.72288487e0,-4.72512514,147456,3,0,0,0,0,0,14863958 ns,14349295,147456,147456,303104,327683,327683
4096,28,butterfly-check,detect-only,ntt,butterfly-output,6,2089,16,1,PASS,FAIL,yes,no,3.94281613e4,2.30532997e3,2.89888089e3,1.75550443e0,-4.88803861,147456,3,0,0,0,0,0,14205583 ns,13720454,147456,147456,303104,327683,327683
4096,28,butterfly-check,detect-only,ntt,butterfly-output,6,2089,24,1,PASS,FAIL,yes,no,4.01720523e4,2.29439373e3,2.88011802e3,1.74414201e0,-4.83163686,147456,3,0,0,0,0,0,14249042 ns,13764079,147456,147456,303104,327683,327683
4096,28,butterfly-check,detect-only,ntt,butterfly-output,6,2089,26,1,PASS,FAIL,yes,no,4.31662074e4,2.29298031e3,2.87944541e3,1.74373469e0,-4.82960815,147456,3,0,0,0,0,0,14216751 ns,13745543,147456,147456,303104,327683,327683
4096,28,butterfly-check,detect-only,ntt,butterfly-output,6,3296,0,1,PASS,FAIL,yes,no,4.02167774e4,2.28238576e3,2.87510881e3,1.74110853e0,-4.81651687,147456,3,0,0,0,0,0,14190915 ns,13712583,147456,147456,303104,327683,327683
4096,28,butterfly-check,detect-only,ntt,butterfly-output,6,3296,4,1,PASS,FAIL,yes,no,4.08969384e4,2.28834529e3,2.89409211e3,1.75260444e0,-4.87367815,147456,3,0,0,0,0,0,14154917 ns,13703083,147456,147456,303104,327683,327683
4096,28,butterfly-check,detect-only,ntt,butterfly-output,6,3296,8,1,PASS,FAIL,yes,no,4.26522418e4,2.30678834e3,2.89013857e3,1.75021026e0,-4.86180449,147456,3,0,0,0,0,0,14192916 ns,13719499,147456,147456,303104,327683,327683
4096,28,butterfly-check,detect-only,ntt,butterfly-output,6,3296,16,1,PASS,FAIL,yes,no,4.03315549e4,2.27976971e3,2.88746031e3,1.74858836e0,-4.85375164,147456,3,0,0,0,0,0,14115459 ns,13654837,147456,147456,303104,327683,327683
4096,28,butterfly-check,detect-only,ntt,butterfly-output,6,3296,24,1,PASS,FAIL,yes,no,4.02387868e4,2.28832856e3,2.86825987e3,1.73696095e0,-4.79580111,147456,3,0,0,0,0,0,14161168 ns,13670415,147456,147456,303104,327683,327683
4096,28,butterfly-check,detect-only,ntt,butterfly-output,6,3296,26,1,PASS,FAIL,yes,no,4.38180928e4,2.29843376e3,2.89484573e3,1.75306082e0,-4.87593967,147456,3,0,0,0,0,0,14186291 ns,13699791,147456,147456,303104,327683,327683
4096,28,butterfly-check,detect-only,ntt,butterfly-output,6,3698,0,1,PASS,FAIL,yes,no,3.95647247e4,2.29276743e3,2.86302053e3,1.73378811e0,-4.77992042,147456,3,0,0,0,0,0,14115707 ns,13638209,147456,147456,303104,327683,327683
4096,28,butterfly-check,detect-only,ntt,butterfly-output,6,3698,4,1,PASS,FAIL,yes,no,4.36390026e4,2.27018650e3,2.87674098e3,1.74209695e0,-4.82144638,147456,3,0,0,0,0,0,14152791 ns,13669040,147456,147456,303104,327683,327683
4096,28,butterfly-check,detect-only,ntt,butterfly-output,6,3698,8,1,PASS,FAIL,yes,no,4.28983860e4,2.27335632e3,2.89131397e3,1.75092206e0,-4.86533627,147456,3,0,0,0,0,0,14157166 ns,13689085,147456,147456,303104,327683,327683
4096,28,butterfly-check,detect-only,ntt,butterfly-output,6,3698,16,1,PASS,FAIL,yes,no,4.35811973e4,2.32065827e3,2.90894834e3,1.76160108e0,-4.91815134,147456,3,0,0,0,0,0,14124541 ns,13648462,147456,147456,303104,327683,327683
4096,28,butterfly-check,detect-only,ntt,butterfly-output,6,3698,24,1,PASS,FAIL,yes,no,4.33103295e4,2.27240411e3,2.88712629e3,1.74838608e0,-4.85274680,147456,3,0,0,0,0,0,14189417 ns,13711545,147456,147456,303104,327683,327683
4096,28,butterfly-check,detect-only,ntt,butterfly-output,6,3698,26,1,PASS,FAIL,yes,no,4.30621875e4,2.28853905e3,2.93168168e3,1.77536794e0,-4.98576744,147456,3,0,0,0,0,0,14114000 ns,13650540,147456,147456,303104,327683,327683
4096,28,butterfly-check,detect-only,ntt,butterfly-output,6,3954,0,1,PASS,FAIL,yes,no,4.13325188e4,2.29708128e3,2.89598337e3,1.75374975e0,-4.87935246,147456,3,0,0,0,0,0,14188292 ns,13725456,147456,147456,303104,327683,327683
4096,28,butterfly-check,detect-only,ntt,butterfly-output,6,3954,4,1,PASS,FAIL,yes,no,4.06506553e4,2.30460295e3,2.87225444e3,1.73937999e0,-4.80788937,147456,3,0,0,0,0,0,14150876 ns,13686749,147456,147456,303104,327683,327683
4096,28,butterfly-check,detect-only,ntt,butterfly-output,6,3954,8,1,PASS,FAIL,yes,no,4.29627656e4,2.27266440e3,2.87857950e3,1.74321031e0,-4.82699572,147456,3,0,0,0,0,0,14161291 ns,13703128,147456,147456,303104,327683,327683
4096,28,butterfly-check,detect-only,ntt,butterfly-output,6,3954,16,1,PASS,FAIL,yes,no,4.31308331e4,2.29435269e3,2.88553892e3,1.74742480e0,-4.84796990,147456,3,0,0,0,0,0,14175832 ns,13699670,147456,147456,303104,327683,327683
4096,28,butterfly-check,detect-only,ntt,butterfly-output,6,3954,24,1,PASS,FAIL,yes,no,4.43219424e4,2.30686739e3,2.92869910e3,1.77356174e0,-4.97692624,147456,3,0,0,0,0,0,14154834 ns,13701494,147456,147456,303104,327683,327683
4096,28,butterfly-check,detect-only,ntt,butterfly-output,6,3954,26,1,PASS,FAIL,yes,no,4.20525836e4,2.27712424e3,2.88553309e3,1.74742127e0,-4.84795234,147456,3,0,0,0,0,0,14220248 ns,13761501,147456,147456,303104,327683,327683
4096,28,butterfly-check,detect-only,ntt,butterfly-output,6,4079,0,1,PASS,FAIL,yes,no,3.93005653e4,2.30005770e3,2.86440116e3,1.73462419e0,-4.78410798,147456,3,0,0,0,0,0,14215875 ns,13739794,147456,147456,303104,327683,327683
4096,28,butterfly-check,detect-only,ntt,butterfly-output,6,4079,4,1,PASS,FAIL,yes,no,4.31833703e4,2.27867546e3,2.86868125e3,1.73721613e0,-4.79707708,147456,3,0,0,0,0,0,14707333 ns,14226916,147456,147456,303104,327683,327683
4096,28,butterfly-check,detect-only,ntt,butterfly-output,6,4079,8,1,PASS,FAIL,yes,no,4.24369051e4,2.30016034e3,2.90099455e3,1.75678442e0,-4.89436944,147456,3,0,0,0,0,0,14139833 ns,13656459,147456,147456,303104,327683,327683
4096,28,butterfly-check,detect-only,ntt,butterfly-output,6,4079,16,1,PASS,FAIL,yes,no,3.85969749e4,2.27152497e3,2.84750765e3,1.72439382e0,-4.73272916,147456,3,0,0,0,0,0,14174540 ns,13696253,147456,147456,303104,327683,327683
4096,28,butterfly-check,detect-only,ntt,butterfly-output,6,4079,24,1,PASS,FAIL,yes,no,4.09371278e4,2.26886486e3,2.86120112e3,1.73268631e0,-4.77439889,147456,3,0,0,0,0,0,14146208 ns,13662753,147456,147456,303104,327683,327683
4096,28,butterfly-check,detect-only,ntt,butterfly-output,6,4079,26,1,PASS,FAIL,yes,no,4.10208367e4,2.28331893e3,2.87357761e3,1.74018127e0,-4.81188978,147456,3,0,0,0,0,0,14172459 ns,13692999,147456,147456,303104,327683,327683
4096,28,butterfly-check,detect-only,ntt,butterfly-output,11,572,0,1,PASS,FAIL,yes,no,4.53758797e4,2.29684373e3,2.91249469e3,1.76374868e0,-4.92873402,147456,3,0,0,0,0,0,14657376 ns,14168459,147456,147456,303104,327683,327683
4096,28,butterfly-check,detect-only,ntt,butterfly-output,11,572,4,1,PASS,FAIL,yes,no,4.07311242e4,2.30737537e3,2.88595238e3,1.74767518e0,-4.84921439,147456,3,0,0,0,0,0,14197542 ns,13703163,147456,147456,303104,327683,327683
4096,28,butterfly-check,detect-only,ntt,butterfly-output,11,572,8,1,PASS,FAIL,yes,no,4.11878666e4,2.30098348e3,2.91211965e3,1.76352156e0,-4.92761548,147456,3,0,0,0,0,0,14180917 ns,13704374,147456,147456,303104,327683,327683
4096,28,butterfly-check,detect-only,ntt,butterfly-output,11,572,16,1,PASS,FAIL,yes,no,4.04642485e4,2.28516003e3,2.86871744e3,1.73723805e0,-4.79718665,147456,3,0,0,0,0,0,14162543 ns,13684332,147456,147456,303104,327683,327683
4096,28,butterfly-check,detect-only,ntt,butterfly-output,11,572,24,1,PASS,FAIL,yes,no,4.16991460e4,2.29315433e3,2.85983414e3,1.73185850e0,-4.77024810,147456,3,0,0,0,0,0,14187708 ns,13715504,147456,147456,303104,327683,327683
4096,28,butterfly-check,detect-only,ntt,butterfly-output,11,572,26,1,PASS,FAIL,yes,no,4.15033489e4,2.28383826e3,2.86304763e3,1.73380452e0,-4.78000262,147456,3,0,0,0,0,0,14234794 ns,13772960,147456,147456,303104,327683,327683
4096,28,butterfly-check,detect-only,ntt,butterfly-output,11,600,0,1,PASS,FAIL,yes,no,4.34881274e4,2.29041059e3,2.87847979e3,1.74314993e0,-4.82669487,147456,3,0,0,0,0,0,14166501 ns,13681169,147456,147456,303104,327683,327683
4096,28,butterfly-check,detect-only,ntt,butterfly-output,11,600,4,1,PASS,FAIL,yes,no,4.27278702e4,2.26420903e3,2.86565832e3,1.73538551e0,-4.78791932,147456,3,0,0,0,0,0,14217126 ns,13754047,147456,147456,303104,327683,327683
4096,28,butterfly-check,detect-only,ntt,butterfly-output,11,600,8,1,PASS,FAIL,yes,no,3.92165439e4,2.32497584e3,2.90103812e3,1.75681081e0,-4.89449989,147456,3,0,0,0,0,0,14374793 ns,13907329,147456,147456,303104,327683,327683
4096,28,butterfly-check,detect-only,ntt,butterfly-output,11,600,16,1,PASS,FAIL,yes,no,4.08651396e4,2.29543084e3,2.86925495e3,1.73756355e0,-4.79881396,147456,3,0,0,0,0,0,14180208 ns,13697830,147456,147456,303104,327683,327683
4096,28,butterfly-check,detect-only,ntt,butterfly-output,11,600,24,1,PASS,FAIL,yes,no,4.26461026e4,2.29217407e3,2.90530156e3,1.75939266e0,-4.90725551,147456,3,0,0,0,0,0,14161917 ns,13701286,147456,147456,303104,327683,327683
4096,28,butterfly-check,detect-only,ntt,butterfly-output,11,600,26,1,PASS,FAIL,yes,no,3.99842539e4,2.29255491e3,2.87236747e3,1.73944843e0,-4.80823117,147456,3,0,0,0,0,0,14146585 ns,13693287,147456,147456,303104,327683,327683
4096,28,butterfly-check,detect-only,ntt,butterfly-output,11,814,0,1,PASS,FAIL,yes,no,4.26191388e4,2.27288538e3,2.88306929e3,1.74592924e0,-4.84053277,147456,3,0,0,0,0,0,14135542 ns,13687081,147456,147456,303104,327683,327683
4096,28,butterfly-check,detect-only,ntt,butterfly-output,11,814,4,1,PASS,FAIL,yes,no,4.40091230e4,2.29343715e3,2.89455479e3,1.75288463e0,-4.87506666,147456,3,0,0,0,0,0,14182417 ns,13713586,147456,147456,303104,327683,327683
4096,28,butterfly-check,detect-only,ntt,butterfly-output,11,814,8,1,PASS,FAIL,yes,no,3.93645930e4,2.30421075e3,2.88739231e3,1.74854718e0,-4.85354708,147456,3,0,0,0,0,0,14172834 ns,13679501,147456,147456,303104,327683,327683
4096,28,butterfly-check,detect-only,ntt,butterfly-output,11,814,16,1,PASS,FAIL,yes,no,3.89042780e4,2.31024634e3,2.87422539e3,1.74057355e0,-4.81384760,147456,3,0,0,0,0,0,14161125 ns,13685827,147456,147456,303104,327683,327683
4096,28,butterfly-check,detect-only,ntt,butterfly-output,11,814,24,1,PASS,FAIL,yes,no,4.50201822e4,2.30797555e3,2.91460070e3,1.76502403e0,-4.93501246,147456,3,0,0,0,0,0,14176417 ns,13703467,147456,147456,303104,327683,327683
4096,28,butterfly-check,detect-only,ntt,butterfly-output,11,814,26,1,PASS,FAIL,yes,no,4.37174058e4,2.29353756e3,2.87079379e3,1.73849544e0,-4.80347114,147456,3,0,0,0,0,0,14149500 ns,13680709,147456,147456,303104,327683,327683
4096,28,butterfly-check,detect-only,ntt,butterfly-output,11,1503,0,1,PASS,FAIL,yes,no,4.49086164e4,2.30896959e3,2.92023398e3,1.76843544e0,-4.95178419,147456,3,0,0,0,0,0,14138043 ns,13658706,147456,147456,303104,327683,327683
4096,28,butterfly-check,detect-only,ntt,butterfly-output,11,1503,4,1,PASS,FAIL,yes,no,4.22995395e4,2.28480261e3,2.91590892e3,1.76581627e0,-4.93891027,147456,3,0,0,0,0,0,14183832 ns,13714665,147456,147456,303104,327683,327683
4096,28,butterfly-check,detect-only,ntt,butterfly-output,11,1503,8,1,PASS,FAIL,yes,no,4.30009119e4,2.33072158e3,2.92355134e3,1.77044436e0,-4.96164565,147456,3,0,0,0,0,0,14543248 ns,14023250,147456,147456,303104,327683,327683
4096,28,butterfly-check,detect-only,ntt,butterfly-output,11,1503,16,1,PASS,FAIL,yes,no,4.49564488e4,2.25147367e3,2.84305759e3,1.72169895e0,-4.71914431,147456,3,0,0,0,0,0,14188084 ns,13712414,147456,147456,303104,327683,327683
4096,28,butterfly-check,detect-only,ntt,butterfly-output,11,1503,24,1,PASS,FAIL,yes,no,4.30772518e4,2.28899484e3,2.90353347e3,1.75832194e0,-4.90196791,147456,3,0,0,0,0,0,14134292 ns,13682334,147456,147456,303104,327683,327683
4096,28,butterfly-check,detect-only,ntt,butterfly-output,11,1503,26,1,PASS,FAIL,yes,no,4.44268369e4,2.28209066e3,2.89360430e3,1.75230904e0,-4.87221401,147456,3,0,0,0,0,0,14129582 ns,13662417,147456,147456,303104,327683,327683
4096,28,butterfly-check,detect-only,ntt,butterfly-output,11,2904,0,1,PASS,FAIL,yes,no,4.36329038e4,2.26051011e3,2.85897058e3,1.73133554e0,-4.76762489,147456,3,0,0,0,0,0,14139834 ns,13660705,147456,147456,303104,327683,327683
4096,28,butterfly-check,detect-only,ntt,butterfly-output,11,2904,4,1,PASS,FAIL,yes,no,4.23184636e4,2.32481012e3,2.90483359e3,1.75910927e0,-4.90585633,147456,3,0,0,0,0,0,14224833 ns,13742958,147456,147456,303104,327683,327683
4096,28,butterfly-check,detect-only,ntt,butterfly-output,11,2904,8,1,PASS,FAIL,yes,no,4.34199781e4,2.27553314e3,2.87867116e3,1.74326582e0,-4.82727232,147456,3,0,0,0,0,0,14154250 ns,13685669,147456,147456,303104,327683,327683
4096,28,butterfly-check,detect-only,ntt,butterfly-output,11,2904,16,1,PASS,FAIL,yes,no,4.26938259e4,2.30734799e3,2.92556414e3,1.77166328e0,-4.96762366,147456,3,0,0,0,0,0,14182167 ns,13702583,147456,147456,303104,327683,327683
4096,28,butterfly-check,detect-only,ntt,butterfly-output,11,2904,24,1,PASS,FAIL,yes,no,3.99501639e4,2.31017385e3,2.88748418e3,1.74860281e0,-4.85382344,147456,3,0,0,0,0,0,14238456 ns,13749333,147456,147456,303104,327683,327683
4096,28,butterfly-check,detect-only,ntt,butterfly-output,11,2904,26,1,PASS,FAIL,yes,no,4.02933685e4,2.26655135e3,2.84454158e3,1.72259763e0,-4.72367691,147456,3,0,0,0,0,0,14135499 ns,13656582,147456,147456,303104,327683,327683
4096,28,butterfly-check,detect-only,ntt,butterfly-output,11,3317,0,1,PASS,FAIL,yes,no,4.21487021e4,2.31675325e3,2.90922793e3,1.76177039e0,-4.91898614,147456,3,0,0,0,0,0,17332915 ns,16720498,147456,147456,303104,327683,327683
4096,28,butterfly-check,detect-only,ntt,butterfly-output,11,3317,4,1,PASS,FAIL,yes,no,4.05478646e4,2.30290343e3,2.88658556e3,1.74805862e0,-4.85111985,147456,3,0,0,0,0,0,14171625 ns,13692789,147456,147456,303104,327683,327683
4096,28,butterfly-check,detect-only,ntt,butterfly-output,11,3317,8,1,PASS,FAIL,yes,no,4.07438811e4,2.28865924e3,2.88914110e3,1.74960621e0,-4.85880621,147456,3,0,0,0,0,0,14122917 ns,13646082,147456,147456,303104,327683,327683
4096,28,butterfly-check,detect-only,ntt,butterfly-output,11,3317,16,1,PASS,FAIL,yes,no,4.27311619e4,2.30261677e3,2.92563301e3,1.77170498e0,-4.96782814,147456,3,0,0,0,0,0,14516375 ns,14060707,147456,147456,303104,327683,327683
4096,28,butterfly-check,detect-only,ntt,butterfly-output,11,3317,24,1,PASS,FAIL,yes,no,4.21231391e4,2.30595980e3,2.88132230e3,1.74487130e0,-4.83526797,147456,3,0,0,0,0,0,14178000 ns,13699411,147456,147456,303104,327683,327683
4096,28,butterfly-check,detect-only,ntt,butterfly-output,11,3317,26,1,PASS,FAIL,yes,no,4.00421596e4,2.31034713e3,2.90640505e3,1.76006091e0,-4.91055397,147456,3,0,0,0,0,0,14136582 ns,13659836,147456,147456,303104,327683,327683
4096,28,butterfly-check,detect-only,ntt,butterfly-output,11,3557,0,1,PASS,FAIL,yes,no,4.08458891e4,2.33371769e3,2.92293681e3,1.77007221e0,-4.95981969,147456,3,0,0,0,0,0,14162499 ns,13679085,147456,147456,303104,327683,327683
4096,28,butterfly-check,detect-only,ntt,butterfly-output,11,3557,4,1,PASS,FAIL,yes,no,4.28721945e4,2.30878932e3,2.89133386e3,1.75093410e0,-4.86539601,147456,3,0,0,0,0,0,14141209 ns,13672461,147456,147456,303104,327683,327683
4096,28,butterfly-check,detect-only,ntt,butterfly-output,11,3557,8,1,PASS,FAIL,yes,no,4.27530001e4,2.28538331e3,2.87763649e3,1.74263925e0,-4.82414982,147456,3,0,0,0,0,0,14155333 ns,13682375,147456,147456,303104,327683,327683
4096,28,butterfly-check,detect-only,ntt,butterfly-output,11,3557,16,1,PASS,FAIL,yes,no,4.05406247e4,2.26207553e3,2.84770839e3,1.72451538e0,-4.73334146,147456,3,0,0,0,0,0,14218749 ns,13740751,147456,147456,303104,327683,327683
4096,28,butterfly-check,detect-only,ntt,butterfly-output,11,3557,24,1,PASS,FAIL,yes,no,4.19497037e4,2.29624160e3,2.89456392e3,1.75289016e0,-4.87509407,147456,3,0,0,0,0,0,14234709 ns,13748875,147456,147456,303104,327683,327683
4096,28,butterfly-check,detect-only,ntt,butterfly-output,11,3557,26,1,PASS,FAIL,yes,no,4.11106141e4,2.28661781e3,2.88827459e3,1.74908147e0,-4.85620077,147456,3,0,0,0,0,0,14246376 ns,13785671,147456,147456,303104,327683,327683
4096,28,butterfly-check,detect-only,ntt,butterfly-output,11,3688,0,1,PASS,FAIL,yes,no,4.59551839e4,2.30987720e3,2.95463789e3,1.78926976e0,-5.05351643,147456,3,0,0,0,0,0,14143124 ns,13657503,147456,147456,303104,327683,327683
4096,28,butterfly-check,detect-only,ntt,butterfly-output,11,3688,4,1,PASS,FAIL,yes,no,4.31674251e4,2.28832303e3,2.90430255e3,1.75878768e0,-4.90426830,147456,3,0,0,0,0,0,14149584 ns,13674297,147456,147456,303104,327683,327683
4096,28,butterfly-check,detect-only,ntt,butterfly-output,11,3688,8,1,PASS,FAIL,yes,no,4.12279045e4,2.28662598e3,2.86904554e3,1.73743674e0,-4.79818001,147456,3,0,0,0,0,0,14444668 ns,13971376,147456,147456,303104,327683,327683
4096,28,butterfly-check,detect-only,ntt,butterfly-output,11,3688,16,1,PASS,FAIL,yes,no,4.35318141e4,2.28728885e3,2.89223399e3,1.75147920e0,-4.86809969,147456,3,0,0,0,0,0,14150167 ns,13658789,147456,147456,303104,327683,327683
4096,28,butterfly-check,detect-only,ntt,butterfly-output,11,3688,24,1,PASS,FAIL,yes,no,4.36488222e4,2.27313579e3,2.88670064e3,1.74812831e0,-4.85146614,147456,3,0,0,0,0,0,14180251 ns,13683207,147456,147456,303104,327683,327683
4096,28,butterfly-check,detect-only,ntt,butterfly-output,11,3688,26,1,PASS,FAIL,yes,no,4.14829624e4,2.30198233e3,2.91620508e3,1.76599561e0,-4.93979242,147456,3,0,0,0,0,0,14138207 ns,13663668,147456,147456,303104,327683,327683
4096,28,butterfly-check,detect-only,ntt,register-write,0,1016,0,1,PASS,FAIL,yes,no,3.72335628e4,2.15529190e3,2.85251551e3,1.72742648e0,-4.74799147,147456,3,0,0,0,0,0,14191584 ns,13707876,147456,147456,303104,327683,327683
4096,28,butterfly-check,detect-only,ntt,register-write,0,1016,4,1,PASS,FAIL,yes,no,3.75608753e4,2.21511272e3,2.80628878e3,1.69943250e0,-4.60607837,147456,3,0,0,0,0,0,14305083 ns,13837042,147456,147456,303104,327683,327683
4096,28,butterfly-check,detect-only,ntt,register-write,0,1016,8,1,PASS,FAIL,yes,no,4.22447819e4,2.28202216e3,2.87049827e3,1.73831649e0,-4.80257698,147456,3,0,0,0,0,0,14206124 ns,13731451,147456,147456,303104,327683,327683
4096,28,butterfly-check,detect-only,ntt,register-write,0,1016,16,1,PASS,FAIL,yes,no,3.87213552e4,2.29230494e3,2.85156559e3,1.72685123e0,-4.74509849,147456,3,0,0,0,0,0,14201376 ns,13722043,147456,147456,303104,327683,327683
4096,28,butterfly-check,detect-only,ntt,register-write,0,1016,24,1,PASS,FAIL,yes,no,4.32005364e4,2.29845371e3,2.88469635e3,1.74691456e0,-4.84543327,147456,3,0,0,0,0,0,14249124 ns,13753214,147456,147456,303104,327683,327683
4096,28,butterfly-check,detect-only,ntt,register-write,0,1016,26,1,PASS,FAIL,yes,no,3.99942227e4,2.23817849e3,2.82052921e3,1.70805621e0,-4.65004320,147456,3,0,0,0,0,0,14290416 ns,13797629,147456,147456,303104,327683,327683
4096,28,butterfly-check,detect-only,ntt,register-write,0,1530,0,1,PASS,FAIL,yes,no,4.11961591e4,2.25162806e3,2.91982418e3,1.76818727e0,-4.95056518,147456,3,0,0,0,0,0,14207875 ns,13726583,147456,147456,303104,327683,327683
4096,28,butterfly-check,detect-only,ntt,register-write,0,1530,4,1,PASS,FAIL,yes,no,4.08003045e4,2.20682365e3,2.87322094e3,1.73996528e0,-4.81081164,147456,3,0,0,0,0,0,14191833 ns,13714543,147456,147456,303104,327683,327683
4096,28,butterfly-check,detect-only,ntt,register-write,0,1530,8,1,PASS,FAIL,yes,no,3.96626538e4,2.22440106e3,2.85204576e3,1.72714201e0,-4.74656097,147456,3,0,0,0,0,0,14199875 ns,13731249,147456,147456,303104,327683,327683
4096,28,butterfly-check,detect-only,ntt,register-write,0,1530,16,1,PASS,FAIL,yes,no,4.39284375e4,2.30245859e3,2.90917295e3,1.76173710e0,-4.91882199,147456,3,0,0,0,0,0,14238916 ns,13761874,147456,147456,303104,327683,327683
4096,28,butterfly-check,detect-only,ntt,register-write,0,1530,24,1,PASS,FAIL,yes,no,4.26300659e4,2.28871304e3,2.87972417e3,1.74390350e0,-4.83044899,147456,3,0,0,0,0,0,14203250 ns,13720502,147456,147456,303104,327683,327683
4096,28,butterfly-check,detect-only,ntt,register-write,0,1530,26,1,PASS,FAIL,yes,no,3.88991362e4,2.24652741e3,2.85524457e3,1.72907915e0,-4.75629746,147456,3,0,0,0,0,0,14204583 ns,13753835,147456,147456,303104,327683,327683
4096,28,butterfly-check,detect-only,ntt,register-write,0,1559,0,1,PASS,FAIL,yes,no,4.13518554e4,2.28861379e3,2.88070728e3,1.74449886e0,-4.83341378,147456,3,0,0,0,0,0,14178750 ns,13704207,147456,147456,303104,327683,327683
4096,28,butterfly-check,detect-only,ntt,register-write,0,1559,4,1,PASS,FAIL,yes,no,4.28469176e4,2.27277412e3,2.87673234e3,1.74209171e0,-4.82142028,147456,3,0,0,0,0,0,14182541 ns,13725327,147456,147456,303104,327683,327683
4096,28,butterfly-check,detect-only,ntt,register-write,0,1559,8,1,PASS,FAIL,yes,no,4.23273104e4,2.23321700e3,2.88327336e3,1.74605282e0,-4.84114757,147456,3,0,0,0,0,0,14215667 ns,13737874,147456,147456,303104,327683,327683
4096,28,butterfly-check,detect-only,ntt,register-write,0,1559,16,1,PASS,FAIL,yes,no,4.08399398e4,2.33262788e3,2.89759162e3,1.75472368e0,-4.88417472,147456,3,0,0,0,0,0,14212584 ns,13737669,147456,147456,303104,327683,327683
4096,28,butterfly-check,detect-only,ntt,register-write,0,1559,24,1,PASS,FAIL,yes,no,4.20711438e4,2.29621098e3,2.93498401e3,1.77736776e0,-4.99554597,147456,3,0,0,0,0,0,14169791 ns,13706038,147456,147456,303104,327683,327683
4096,28,butterfly-check,detect-only,ntt,register-write,0,1559,26,1,PASS,FAIL,yes,no,5.19083942e4,2.10109801e3,2.94247978e3,1.78190705e0,-5.01770090,147456,3,0,0,0,0,0,14147043 ns,13688459,147456,147456,303104,327683,327683
4096,28,butterfly-check,detect-only,ntt,register-write,0,1616,0,1,PASS,FAIL,yes,no,4.34798092e4,2.33563558e3,2.93919917e3,1.77992038e0,-5.00801151,147456,3,0,0,0,0,0,14144416 ns,13685744,147456,147456,303104,327683,327683
4096,28,butterfly-check,detect-only,ntt,register-write,0,1616,4,1,PASS,FAIL,yes,no,4.46619168e4,2.27428004e3,2.86932220e3,1.73760428e0,-4.79901754,147456,3,0,0,0,0,0,14216667 ns,13735580,147456,147456,303104,327683,327683
4096,28,butterfly-check,detect-only,ntt,register-write,0,1616,8,1,PASS,FAIL,yes,no,4.12978801e4,2.20835019e3,2.86800762e3,1.73680820e0,-4.79503719,147456,3,0,0,0,0,0,14431875 ns,13975789,147456,147456,303104,327683,327683
4096,28,butterfly-check,detect-only,ntt,register-write,0,1616,16,1,PASS,FAIL,yes,no,4.17962630e4,2.28189542e3,2.86719596e3,1.73631667e0,-4.79257871,147456,3,0,0,0,0,0,14188334 ns,13715585,147456,147456,303104,327683,327683
4096,28,butterfly-check,detect-only,ntt,register-write,0,1616,24,1,PASS,FAIL,yes,no,4.30414394e4,2.28951691e3,2.87875898e3,1.74331900e0,-4.82753728,147456,3,0,0,0,0,0,14183334 ns,13700502,147456,147456,303104,327683,327683
4096,28,butterfly-check,detect-only,ntt,register-write,0,1616,26,1,PASS,FAIL,yes,no,4.43422773e4,2.26051636e3,3.00200310e3,1.81795318e0,-5.19165389,147456,3,0,0,0,0,0,14227124 ns,13758042,147456,147456,303104,327683,327683
4096,28,butterfly-check,detect-only,ntt,register-write,0,1689,0,1,PASS,FAIL,yes,no,4.16464689e4,2.26968815e3,2.86869903e3,1.73722690e0,-4.79713089,147456,3,0,0,0,0,0,14184458 ns,13710124,147456,147456,303104,327683,327683
4096,28,butterfly-check,detect-only,ntt,register-write,0,1689,4,1,PASS,FAIL,yes,no,3.91846422e4,2.27578743e3,2.84785259e3,1.72460271e0,-4.73378127,147456,3,0,0,0,0,0,14157542 ns,13691500,147456,147456,303104,327683,327683
4096,28,butterfly-check,detect-only,ntt,register-write,0,1689,8,1,PASS,FAIL,yes,no,3.93696731e4,2.19314521e3,2.89967893e3,1.75598771e0,-4.89042944,147456,3,0,0,0,0,0,14194708 ns,13720622,147456,147456,303104,327683,327683
4096,28,butterfly-check,detect-only,ntt,register-write,0,1689,16,1,PASS,FAIL,yes,no,4.25866141e4,2.26304884e3,2.85459819e3,1.72868771e0,-4.75433088,147456,3,0,0,0,0,0,14224293 ns,13743042,147456,147456,303104,327683,327683
4096,28,butterfly-check,detect-only,ntt,register-write,0,1689,24,1,PASS,FAIL,yes,no,4.30006304e4,2.29053827e3,2.88029831e3,1.74425119e0,-4.83218056,147456,3,0,0,0,0,0,14165875 ns,13687953,147456,147456,303104,327683,327683
4096,28,butterfly-check,detect-only,ntt,register-write,0,1689,26,1,PASS,FAIL,yes,no,4.50077493e4,2.23734494e3,2.90252470e3,1.75771105e0,-4.89894965,147456,3,0,0,0,0,0,14176960 ns,13701747,147456,147456,303104,327683,327683
4096,28,butterfly-check,detect-only,ntt,register-write,0,3654,0,1,PASS,FAIL,yes,no,4.33824876e4,2.22058019e3,2.88934445e3,1.74972936e0,-4.85941756,147456,3,0,0,0,0,0,14178875 ns,13711292,147456,147456,303104,327683,327683
4096,28,butterfly-check,detect-only,ntt,register-write,0,3654,4,1,PASS,FAIL,yes,no,4.45254990e4,2.20967746e3,2.85302038e3,1.72773222e0,-4.74952865,147456,3,0,0,0,0,0,14407667 ns,13943294,147456,147456,303104,327683,327683
4096,28,butterfly-check,detect-only,ntt,register-write,0,3654,8,1,PASS,FAIL,yes,no,4.30998505e4,2.28421311e3,2.88441145e3,1.74674202e0,-4.84457538,147456,3,0,0,0,0,0,14165291 ns,13694791,147456,147456,303104,327683,327683
4096,28,butterfly-check,detect-only,ntt,register-write,0,3654,16,1,PASS,FAIL,yes,no,4.24135127e4,2.28940299e3,2.87838537e3,1.74309275e0,-4.82640995,147456,3,0,0,0,0,0,14366125 ns,13885326,147456,147456,303104,327683,327683
4096,28,butterfly-check,detect-only,ntt,register-write,0,3654,24,1,PASS,FAIL,yes,no,4.03626212e4,2.28975615e3,2.84480171e3,1.72275516e0,-4.72447118,147456,3,0,0,0,0,0,14326791 ns,13821000,147456,147456,303104,327683,327683
4096,28,butterfly-check,detect-only,ntt,register-write,0,3654,26,1,PASS,FAIL,yes,no,4.48892414e4,2.25268304e3,2.91716239e3,1.76657534e0,-4.94264328,147456,3,0,0,0,0,0,14203750 ns,13710833,147456,147456,303104,327683,327683
4096,28,butterfly-check,detect-only,ntt,register-write,0,3677,0,1,PASS,FAIL,yes,no,4.09559614e4,2.27427523e3,2.93319992e3,1.77628735e0,-4.99026447,147456,3,0,0,0,0,0,14204250 ns,13726540,147456,147456,303104,327683,327683
4096,28,butterfly-check,detect-only,ntt,register-write,0,3677,4,1,PASS,FAIL,yes,no,4.58295568e4,2.24200058e3,2.94481693e3,1.78332238e0,-5.02459719,147456,3,0,0,0,0,0,14207750 ns,13729711,147456,147456,303104,327683,327683
4096,28,butterfly-check,detect-only,ntt,register-write,0,3677,8,1,PASS,FAIL,yes,no,3.90061859e4,2.23461458e3,2.81742401e3,1.70617577e0,-4.64047539,147456,3,0,0,0,0,0,14199793 ns,13727920,147456,147456,303104,327683,327683
4096,28,butterfly-check,detect-only,ntt,register-write,0,3677,16,1,PASS,FAIL,yes,no,4.07580301e4,2.29689759e3,2.89690870e3,1.75431011e0,-4.88212732,147456,3,0,0,0,0,0,14217916 ns,13749000,147456,147456,303104,327683,327683
4096,28,butterfly-check,detect-only,ntt,register-write,0,3677,24,1,PASS,FAIL,yes,no,4.13090039e4,2.28842546e3,2.87861809e3,1.74323368e0,-4.82711217,147456,3,0,0,0,0,0,14373792 ns,13896711,147456,147456,303104,327683,327683
4096,28,butterfly-check,detect-only,ntt,register-write,0,3677,26,1,PASS,FAIL,yes,no,4.43727357e4,2.18867479e3,2.87201601e3,1.73923559e0,-4.80716829,147456,3,0,0,0,0,0,14702710 ns,14201332,147456,147456,303104,327683,327683
4096,28,butterfly-check,detect-only,ntt,register-write,0,4046,0,1,PASS,FAIL,yes,no,4.43360368e4,2.28519423e3,2.96976720e3,1.79843177e0,-5.09787930,147456,3,0,0,0,0,0,14298749 ns,13799916,147456,147456,303104,327683,327683
4096,28,butterfly-check,detect-only,ntt,register-write,0,4046,4,1,PASS,FAIL,yes,no,4.16172985e4,2.23991699e3,2.92002603e3,1.76830951e0,-4.95116563,147456,3,0,0,0,0,0,14201125 ns,13719998,147456,147456,303104,327683,327683
4096,28,butterfly-check,detect-only,ntt,register-write,0,4046,8,1,PASS,FAIL,yes,no,3.86906842e4,2.26910675e3,2.83120076e3,1.71451870e0,-4.68284451,147456,3,0,0,0,0,0,14159625 ns,13706581,147456,147456,303104,327683,327683
4096,28,butterfly-check,detect-only,ntt,register-write,0,4046,16,1,PASS,FAIL,yes,no,4.44873816e4,2.25569337e3,2.90185751e3,1.75730701e0,-4.89695285,147456,3,0,0,0,0,0,14189000 ns,13732291,147456,147456,303104,327683,327683
4096,28,butterfly-check,detect-only,ntt,register-write,0,4046,24,1,PASS,FAIL,yes,no,4.49839979e4,2.25453717e3,2.89802279e3,1.75498478e0,-4.88546709,147456,3,0,0,0,0,0,14263916 ns,13804585,147456,147456,303104,327683,327683
4096,28,butterfly-check,detect-only,ntt,register-write,0,4046,26,1,PASS,FAIL,yes,no,4.58635722e4,2.24604793e3,2.93493159e3,1.77733601e0,-4.99539082,147456,3,0,0,0,0,0,14373916 ns,13903535,147456,147456,303104,327683,327683
4096,28,butterfly-check,detect-only,ntt,register-write,6,51,0,1,PASS,FAIL,yes,no,4.36057946e4,2.30361392e3,2.89211399e3,1.75140653e0,-4.86773930,147456,3,0,0,0,0,0,14667834 ns,14153414,147456,147456,303104,327683,327683
4096,28,butterfly-check,detect-only,ntt,register-write,6,51,4,1,PASS,FAIL,yes,no,4.24783221e4,2.24945320e3,2.84321546e3,1.72179456e0,-4.71962661,147456,3,0,0,0,0,0,14664959 ns,14180747,147456,147456,303104,327683,327683
4096,28,butterfly-check,detect-only,ntt,register-write,6,51,8,1,PASS,FAIL,yes,no,4.15004634e4,2.32479846e3,2.90960450e3,1.76199844e0,-4.92011037,147456,3,0,0,0,0,0,14190624 ns,13733873,147456,147456,303104,327683,327683
4096,28,butterfly-check,detect-only,ntt,register-write,6,51,16,1,PASS,FAIL,yes,no,4.12114760e4,2.26592771e3,2.86987740e3,1.73794049e0,-4.80069805,147456,3,0,0,0,0,0,14165459 ns,13705630,147456,147456,303104,327683,327683
4096,28,butterfly-check,detect-only,ntt,register-write,6,51,24,1,PASS,FAIL,yes,no,4.28348840e4,2.26363903e3,2.85712391e3,1.73021724e0,-4.76201268,147456,3,0,0,0,0,0,14167918 ns,13692628,147456,147456,303104,327683,327683
4096,28,butterfly-check,detect-only,ntt,register-write,6,51,26,1,PASS,FAIL,yes,no,4.23822782e4,2.30131197e3,2.89888381e3,1.75550620e0,-4.88804735,147456,3,0,0,0,0,0,14168834 ns,13694501,147456,147456,303104,327683,327683
4096,28,butterfly-check,detect-only,ntt,register-write,6,709,0,1,PASS,FAIL,yes,no,4.07144404e4,2.26416875e3,2.83886383e3,1.71915930e0,-4.70632241,147456,3,0,0,0,0,0,14471542 ns,13974749,147456,147456,303104,327683,327683
4096,28,butterfly-check,detect-only,ntt,register-write,6,709,4,1,PASS,FAIL,yes,no,4.41816509e4,2.29387155e3,2.89335421e3,1.75215758e0,-4.87146324,147456,3,0,0,0,0,0,14430334 ns,13948373,147456,147456,303104,327683,327683
4096,28,butterfly-check,detect-only,ntt,register-write,6,709,8,1,PASS,FAIL,yes,no,3.95995396e4,2.30239400e3,2.89122413e3,1.75086765e0,-4.86506635,147456,3,0,0,0,0,0,14350416 ns,13889792,147456,147456,303104,327683,327683
4096,28,butterfly-check,detect-only,ntt,register-write,6,709,16,1,PASS,FAIL,yes,no,4.12448813e4,2.30672686e3,2.91953372e3,1.76801137e0,-4.94970110,147456,3,0,0,0,0,0,14891124 ns,14426002,147456,147456,303104,327683,327683
4096,28,butterfly-check,detect-only,ntt,register-write,6,709,24,1,PASS,FAIL,yes,no,4.30712485e4,2.31730959e3,2.91943370e3,1.76795080e0,-4.94940351,147456,3,0,0,0,0,0,14268250 ns,13779285,147456,147456,303104,327683,327683
4096,28,butterfly-check,detect-only,ntt,register-write,6,709,26,1,PASS,FAIL,yes,no,4.22907517e4,2.28997246e3,2.87300470e3,1.73983433e0,-4.81015791,147456,3,0,0,0,0,0,14301542 ns,13804211,147456,147456,303104,327683,327683
4096,28,butterfly-check,detect-only,ntt,register-write,6,1744,0,1,PASS,FAIL,yes,no,3.97661658e4,2.28034920e3,2.86407804e3,1.73442852e0,-4.78312811,147456,3,0,0,0,0,0,14485497 ns,14010910,147456,147456,303104,327683,327683
4096,28,butterfly-check,detect-only,ntt,register-write,6,1744,4,1,PASS,FAIL,yes,no,4.01053273e4,2.28599488e3,2.86122225e3,1.73269911e0,-4.77446303,147456,3,0,0,0,0,0,14819417 ns,14319711,147456,147456,303104,327683,327683
4096,28,butterfly-check,detect-only,ntt,register-write,6,1744,8,1,PASS,FAIL,yes,no,4.04347377e4,2.27732790e3,2.85233418e3,1.72731667e0,-4.74743931,147456,3,0,0,0,0,0,14190582 ns,13713499,147456,147456,303104,327683,327683
4096,28,butterfly-check,detect-only,ntt,register-write,6,1744,16,1,PASS,FAIL,yes,no,4.41993490e4,2.25639904e3,2.86219786e3,1.73328992e0,-4.77742422,147456,3,0,0,0,0,0,14292833 ns,13799672,147456,147456,303104,327683,327683
4096,28,butterfly-check,detect-only,ntt,register-write,6,1744,24,1,PASS,FAIL,yes,no,4.20891083e4,2.29473087e3,2.89000389e3,1.75012870e0,-4.86139972,147456,3,0,0,0,0,0,14469208 ns,14014499,147456,147456,303104,327683,327683
4096,28,butterfly-check,detect-only,ntt,register-write,6,1744,26,1,PASS,FAIL,yes,no,4.45092054e4,2.30179416e3,2.91540105e3,1.76550871e0,-4.93739728,147456,3,0,0,0,0,0,14198126 ns,13702463,147456,147456,303104,327683,327683
4096,28,butterfly-check,detect-only,ntt,register-write,6,2089,0,1,PASS,FAIL,yes,no,4.05880180e4,2.28327394e3,2.86102754e3,1.73258120e0,-4.77387193,147456,3,0,0,0,0,0,14181418 ns,13714000,147456,147456,303104,327683,327683
4096,28,butterfly-check,detect-only,ntt,register-write,6,2089,4,1,PASS,FAIL,yes,no,3.75465554e4,2.26377387e3,2.81397853e3,1.70408926e0,-4.62984676,147456,3,0,0,0,0,0,14283666 ns,13811256,147456,147456,303104,327683,327683
4096,28,butterfly-check,detect-only,ntt,register-write,6,2089,8,1,PASS,FAIL,yes,no,4.13489261e4,2.23932201e3,2.84501590e3,1.72288487e0,-4.72512514,147456,3,0,0,0,0,0,14258624 ns,13773036,147456,147456,303104,327683,327683
4096,28,butterfly-check,detect-only,ntt,register-write,6,2089,16,1,PASS,FAIL,yes,no,3.94281613e4,2.30532997e3,2.89888089e3,1.75550443e0,-4.88803861,147456,3,0,0,0,0,0,14266291 ns,13783250,147456,147456,303104,327683,327683
4096,28,butterfly-check,detect-only,ntt,register-write,6,2089,24,1,PASS,FAIL,yes,no,4.01720523e4,2.29439373e3,2.88011802e3,1.74414201e0,-4.83163686,147456,3,0,0,0,0,0,14219458 ns,13746460,147456,147456,303104,327683,327683
4096,28,butterfly-check,detect-only,ntt,register-write,6,2089,26,1,PASS,FAIL,yes,no,4.31662074e4,2.29298031e3,2.87944541e3,1.74373469e0,-4.82960815,147456,3,0,0,0,0,0,14210667 ns,13721417,147456,147456,303104,327683,327683
4096,28,butterfly-check,detect-only,ntt,register-write,6,3296,0,1,PASS,FAIL,yes,no,4.02167774e4,2.28238576e3,2.87510881e3,1.74110853e0,-4.81651687,147456,3,0,0,0,0,0,14195041 ns,13730953,147456,147456,303104,327683,327683
4096,28,butterfly-check,detect-only,ntt,register-write,6,3296,4,1,PASS,FAIL,yes,no,4.08969384e4,2.28834529e3,2.89409211e3,1.75260444e0,-4.87367815,147456,3,0,0,0,0,0,14165043 ns,13712954,147456,147456,303104,327683,327683
4096,28,butterfly-check,detect-only,ntt,register-write,6,3296,8,1,PASS,FAIL,yes,no,4.26522418e4,2.30678834e3,2.89013857e3,1.75021026e0,-4.86180449,147456,3,0,0,0,0,0,14556292 ns,14078122,147456,147456,303104,327683,327683
4096,28,butterfly-check,detect-only,ntt,register-write,6,3296,16,1,PASS,FAIL,yes,no,4.03315549e4,2.27976971e3,2.88746031e3,1.74858836e0,-4.85375164,147456,3,0,0,0,0,0,14128125 ns,13683502,147456,147456,303104,327683,327683
4096,28,butterfly-check,detect-only,ntt,register-write,6,3296,24,1,PASS,FAIL,yes,no,4.02387868e4,2.28832856e3,2.86825987e3,1.73696095e0,-4.79580111,147456,3,0,0,0,0,0,14226125 ns,13746787,147456,147456,303104,327683,327683
4096,28,butterfly-check,detect-only,ntt,register-write,6,3296,26,1,PASS,FAIL,yes,no,4.38180928e4,2.29843376e3,2.89484573e3,1.75306082e0,-4.87593967,147456,3,0,0,0,0,0,14230250 ns,13773207,147456,147456,303104,327683,327683
4096,28,butterfly-check,detect-only,ntt,register-write,6,3698,0,1,PASS,FAIL,yes,no,3.95647247e4,2.29276743e3,2.86302053e3,1.73378811e0,-4.77992042,147456,3,0,0,0,0,0,14208125 ns,13757364,147456,147456,303104,327683,327683
4096,28,butterfly-check,detect-only,ntt,register-write,6,3698,4,1,PASS,FAIL,yes,no,4.36390026e4,2.27018650e3,2.87674098e3,1.74209695e0,-4.82144638,147456,3,0,0,0,0,0,14166583 ns,13699420,147456,147456,303104,327683,327683
4096,28,butterfly-check,detect-only,ntt,register-write,6,3698,8,1,PASS,FAIL,yes,no,4.28983860e4,2.27335632e3,2.89131397e3,1.75092206e0,-4.86533627,147456,3,0,0,0,0,0,14203915 ns,13733414,147456,147456,303104,327683,327683
4096,28,butterfly-check,detect-only,ntt,register-write,6,3698,16,1,PASS,FAIL,yes,no,4.35811973e4,2.32065827e3,2.90894834e3,1.76160108e0,-4.91815134,147456,3,0,0,0,0,0,14191085 ns,13726877,147456,147456,303104,327683,327683
4096,28,butterfly-check,detect-only,ntt,register-write,6,3698,24,1,PASS,FAIL,yes,no,4.33103295e4,2.27240411e3,2.88712629e3,1.74838608e0,-4.85274680,147456,3,0,0,0,0,0,14341499 ns,13864542,147456,147456,303104,327683,327683
4096,28,butterfly-check,detect-only,ntt,register-write,6,3698,26,1,PASS,FAIL,yes,no,4.30621875e4,2.28853905e3,2.93168168e3,1.77536794e0,-4.98576744,147456,3,0,0,0,0,0,15113208 ns,14633542,147456,147456,303104,327683,327683
4096,28,butterfly-check,detect-only,ntt,register-write,6,3954,0,1,PASS,FAIL,yes,no,4.13325188e4,2.29708128e3,2.89598337e3,1.75374975e0,-4.87935246,147456,3,0,0,0,0,0,14193833 ns,13709913,147456,147456,303104,327683,327683
4096,28,butterfly-check,detect-only,ntt,register-write,6,3954,4,1,PASS,FAIL,yes,no,4.06506553e4,2.30460295e3,2.87225444e3,1.73937999e0,-4.80788937,147456,3,0,0,0,0,0,14131500 ns,13685546,147456,147456,303104,327683,327683
4096,28,butterfly-check,detect-only,ntt,register-write,6,3954,8,1,PASS,FAIL,yes,no,4.29627656e4,2.27266440e3,2.87857950e3,1.74321031e0,-4.82699572,147456,3,0,0,0,0,0,14173085 ns,13700789,147456,147456,303104,327683,327683
4096,28,butterfly-check,detect-only,ntt,register-write,6,3954,16,1,PASS,FAIL,yes,no,4.31308331e4,2.29435269e3,2.88553892e3,1.74742480e0,-4.84796990,147456,3,0,0,0,0,0,14139084 ns,13691162,147456,147456,303104,327683,327683
4096,28,butterfly-check,detect-only,ntt,register-write,6,3954,24,1,PASS,FAIL,yes,no,4.43219424e4,2.30686739e3,2.92869910e3,1.77356174e0,-4.97692624,147456,3,0,0,0,0,0,14175709 ns,13714580,147456,147456,303104,327683,327683
4096,28,butterfly-check,detect-only,ntt,register-write,6,3954,26,1,PASS,FAIL,yes,no,4.20525836e4,2.27712424e3,2.88553309e3,1.74742127e0,-4.84795234,147456,3,0,0,0,0,0,14182584 ns,13703834,147456,147456,303104,327683,327683
4096,28,butterfly-check,detect-only,ntt,register-write,6,4079,0,1,PASS,FAIL,yes,no,3.93005653e4,2.30005770e3,2.86440116e3,1.73462419e0,-4.78410798,147456,3,0,0,0,0,0,14168043 ns,13685581,147456,147456,303104,327683,327683
4096,28,butterfly-check,detect-only,ntt,register-write,6,4079,4,1,PASS,FAIL,yes,no,4.31833703e4,2.27867546e3,2.86868125e3,1.73721613e0,-4.79707708,147456,3,0,0,0,0,0,14194375 ns,13705707,147456,147456,303104,327683,327683
4096,28,butterfly-check,detect-only,ntt,register-write,6,4079,8,1,PASS,FAIL,yes,no,4.24369051e4,2.30016034e3,2.90099455e3,1.75678442e0,-4.89436944,147456,3,0,0,0,0,0,14130792 ns,13672998,147456,147456,303104,327683,327683
4096,28,butterfly-check,detect-only,ntt,register-write,6,4079,16,1,PASS,FAIL,yes,no,3.85969749e4,2.27152497e3,2.84750765e3,1.72439382e0,-4.73272916,147456,3,0,0,0,0,0,14356334 ns,13894415,147456,147456,303104,327683,327683
4096,28,butterfly-check,detect-only,ntt,register-write,6,4079,24,1,PASS,FAIL,yes,no,4.09371278e4,2.26886486e3,2.86120112e3,1.73268631e0,-4.77439889,147456,3,0,0,0,0,0,14661292 ns,14183835,147456,147456,303104,327683,327683
4096,28,butterfly-check,detect-only,ntt,register-write,6,4079,26,1,PASS,FAIL,yes,no,4.10208367e4,2.28331893e3,2.87357761e3,1.74018127e0,-4.81188978,147456,3,0,0,0,0,0,14197250 ns,13710712,147456,147456,303104,327683,327683
4096,28,butterfly-check,detect-only,ntt,register-write,11,572,0,1,PASS,FAIL,yes,no,4.53758797e4,2.29684373e3,2.91249469e3,1.76374868e0,-4.92873402,147456,3,0,0,0,0,0,14196500 ns,13718543,147456,147456,303104,327683,327683
4096,28,butterfly-check,detect-only,ntt,register-write,11,572,4,1,PASS,FAIL,yes,no,4.07311242e4,2.30737537e3,2.88595238e3,1.74767518e0,-4.84921439,147456,3,0,0,0,0,0,14206501 ns,13733952,147456,147456,303104,327683,327683
4096,28,butterfly-check,detect-only,ntt,register-write,11,572,8,1,PASS,FAIL,yes,no,4.11878666e4,2.30098348e3,2.91211965e3,1.76352156e0,-4.92761548,147456,3,0,0,0,0,0,14174042 ns,13715373,147456,147456,303104,327683,327683
4096,28,butterfly-check,detect-only,ntt,register-write,11,572,16,1,PASS,FAIL,yes,no,4.04642485e4,2.28516003e3,2.86871744e3,1.73723805e0,-4.79718665,147456,3,0,0,0,0,0,14183667 ns,13706625,147456,147456,303104,327683,327683
4096,28,butterfly-check,detect-only,ntt,register-write,11,572,24,1,PASS,FAIL,yes,no,4.16991460e4,2.29315433e3,2.85983414e3,1.73185850e0,-4.77024810,147456,3,0,0,0,0,0,14504917 ns,13992581,147456,147456,303104,327683,327683
4096,28,butterfly-check,detect-only,ntt,register-write,11,572,26,1,PASS,FAIL,yes,no,4.15033489e4,2.28383826e3,2.86304763e3,1.73380452e0,-4.78000262,147456,3,0,0,0,0,0,14198875 ns,13715667,147456,147456,303104,327683,327683
4096,28,butterfly-check,detect-only,ntt,register-write,11,600,0,1,PASS,FAIL,yes,no,4.34881274e4,2.29041059e3,2.87847979e3,1.74314993e0,-4.82669487,147456,3,0,0,0,0,0,14156874 ns,13689250,147456,147456,303104,327683,327683
4096,28,butterfly-check,detect-only,ntt,register-write,11,600,4,1,PASS,FAIL,yes,no,4.27278702e4,2.26420903e3,2.86565832e3,1.73538551e0,-4.78791932,147456,3,0,0,0,0,0,14221500 ns,13744791,147456,147456,303104,327683,327683
4096,28,butterfly-check,detect-only,ntt,register-write,11,600,8,1,PASS,FAIL,yes,no,3.92165439e4,2.32497584e3,2.90103812e3,1.75681081e0,-4.89449989,147456,3,0,0,0,0,0,14213084 ns,13726374,147456,147456,303104,327683,327683
4096,28,butterfly-check,detect-only,ntt,register-write,11,600,16,1,PASS,FAIL,yes,no,4.08651396e4,2.29543084e3,2.86925495e3,1.73756355e0,-4.79881396,147456,3,0,0,0,0,0,14115500 ns,13673001,147456,147456,303104,327683,327683
4096,28,butterfly-check,detect-only,ntt,register-write,11,600,24,1,PASS,FAIL,yes,no,4.26461026e4,2.29217407e3,2.90530156e3,1.75939266e0,-4.90725551,147456,3,0,0,0,0,0,14185084 ns,13711791,147456,147456,303104,327683,327683
4096,28,butterfly-check,detect-only,ntt,register-write,11,600,26,1,PASS,FAIL,yes,no,3.99842539e4,2.29255491e3,2.87236747e3,1.73944843e0,-4.80823117,147456,3,0,0,0,0,0,14275332 ns,13803583,147456,147456,303104,327683,327683
4096,28,butterfly-check,detect-only,ntt,register-write,11,814,0,1,PASS,FAIL,yes,no,4.26191388e4,2.27288538e3,2.88306929e3,1.74592924e0,-4.84053277,147456,3,0,0,0,0,0,14186457 ns,13718499,147456,147456,303104,327683,327683
4096,28,butterfly-check,detect-only,ntt,register-write,11,814,4,1,PASS,FAIL,yes,no,4.40091230e4,2.29343715e3,2.89455479e3,1.75288463e0,-4.87506666,147456,3,0,0,0,0,0,14203583 ns,13750788,147456,147456,303104,327683,327683
4096,28,butterfly-check,detect-only,ntt,register-write,11,814,8,1,PASS,FAIL,yes,no,3.93645930e4,2.30421075e3,2.88739231e3,1.74854718e0,-4.85354708,147456,3,0,0,0,0,0,14212792 ns,13746544,147456,147456,303104,327683,327683
4096,28,butterfly-check,detect-only,ntt,register-write,11,814,16,1,PASS,FAIL,yes,no,3.89042780e4,2.31024634e3,2.87422539e3,1.74057355e0,-4.81384760,147456,3,0,0,0,0,0,14240166 ns,13755376,147456,147456,303104,327683,327683
4096,28,butterfly-check,detect-only,ntt,register-write,11,814,24,1,PASS,FAIL,yes,no,4.50201822e4,2.30797555e3,2.91460070e3,1.76502403e0,-4.93501246,147456,3,0,0,0,0,0,14204626 ns,13727419,147456,147456,303104,327683,327683
4096,28,butterfly-check,detect-only,ntt,register-write,11,814,26,1,PASS,FAIL,yes,no,4.37174058e4,2.29353756e3,2.87079379e3,1.73849544e0,-4.80347114,147456,3,0,0,0,0,0,14188166 ns,13711751,147456,147456,303104,327683,327683
4096,28,butterfly-check,detect-only,ntt,register-write,11,1503,0,1,PASS,FAIL,yes,no,4.49086164e4,2.30896959e3,2.92023398e3,1.76843544e0,-4.95178419,147456,3,0,0,0,0,0,14212833 ns,13741710,147456,147456,303104,327683,327683
4096,28,butterfly-check,detect-only,ntt,register-write,11,1503,4,1,PASS,FAIL,yes,no,4.22995395e4,2.28480261e3,2.91590892e3,1.76581627e0,-4.93891027,147456,3,0,0,0,0,0,14211917 ns,13738789,147456,147456,303104,327683,327683
4096,28,butterfly-check,detect-only,ntt,register-write,11,1503,8,1,PASS,FAIL,yes,no,4.30009119e4,2.33072158e3,2.92355134e3,1.77044436e0,-4.96164565,147456,3,0,0,0,0,0,14149335 ns,13677708,147456,147456,303104,327683,327683
4096,28,butterfly-check,detect-only,ntt,register-write,11,1503,16,1,PASS,FAIL,yes,no,4.49564488e4,2.25147367e3,2.84305759e3,1.72169895e0,-4.71914431,147456,3,0,0,0,0,0,14172375 ns,13697133,147456,147456,303104,327683,327683
4096,28,butterfly-check,detect-only,ntt,register-write,11,1503,24,1,PASS,FAIL,yes,no,4.30772518e4,2.28899484e3,2.90353347e3,1.75832194e0,-4.90196791,147456,3,0,0,0,0,0,14194293 ns,13718420,147456,147456,303104,327683,327683
4096,28,butterfly-check,detect-only,ntt,register-write,11,1503,26,1,PASS,FAIL,yes,no,4.44268369e4,2.28209066e3,2.89360430e3,1.75230904e0,-4.87221401,147456,3,0,0,0,0,0,14142874 ns,13667833,147456,147456,303104,327683,327683
4096,28,butterfly-check,detect-only,ntt,register-write,11,2904,0,1,PASS,FAIL,yes,no,4.36329038e4,2.26051011e3,2.85897058e3,1.73133554e0,-4.76762489,147456,3,0,0,0,0,0,14252374 ns,13771004,147456,147456,303104,327683,327683
4096,28,butterfly-check,detect-only,ntt,register-write,11,2904,4,1,PASS,FAIL,yes,no,4.23184636e4,2.32481012e3,2.90483359e3,1.75910927e0,-4.90585633,147456,3,0,0,0,0,0,14360417 ns,13887166,147456,147456,303104,327683,327683
4096,28,butterfly-check,detect-only,ntt,register-write,11,2904,8,1,PASS,FAIL,yes,no,4.34199781e4,2.27553314e3,2.87867116e3,1.74326582e0,-4.82727232,147456,3,0,0,0,0,0,14245750 ns,13756499,147456,147456,303104,327683,327683
4096,28,butterfly-check,detect-only,ntt,register-write,11,2904,16,1,PASS,FAIL,yes,no,4.26938259e4,2.30734799e3,2.92556414e3,1.77166328e0,-4.96762366,147456,3,0,0,0,0,0,14215334 ns,13736876,147456,147456,303104,327683,327683
4096,28,butterfly-check,detect-only,ntt,register-write,11,2904,24,1,PASS,FAIL,yes,no,3.99501639e4,2.31017385e3,2.88748418e3,1.74860281e0,-4.85382344,147456,3,0,0,0,0,0,14179290 ns,13701963,147456,147456,303104,327683,327683
4096,28,butterfly-check,detect-only,ntt,register-write,11,2904,26,1,PASS,FAIL,yes,no,4.02933685e4,2.26655135e3,2.84454158e3,1.72259763e0,-4.72367691,147456,3,0,0,0,0,0,14185250 ns,13712960,147456,147456,303104,327683,327683
4096,28,butterfly-check,detect-only,ntt,register-write,11,3317,0,1,PASS,FAIL,yes,no,4.21487021e4,2.31675325e3,2.90922793e3,1.76177039e0,-4.91898614,147456,3,0,0,0,0,0,14167707 ns,13706085,147456,147456,303104,327683,327683
4096,28,butterfly-check,detect-only,ntt,register-write,11,3317,4,1,PASS,FAIL,yes,no,4.05478646e4,2.30290343e3,2.88658556e3,1.74805862e0,-4.85111985,147456,3,0,0,0,0,0,14223416 ns,13751626,147456,147456,303104,327683,327683
4096,28,butterfly-check,detect-only,ntt,register-write,11,3317,8,1,PASS,FAIL,yes,no,4.07438811e4,2.28865924e3,2.88914110e3,1.74960621e0,-4.85880621,147456,3,0,0,0,0,0,14422960 ns,13956079,147456,147456,303104,327683,327683
4096,28,butterfly-check,detect-only,ntt,register-write,11,3317,16,1,PASS,FAIL,yes,no,4.27311619e4,2.30261677e3,2.92563301e3,1.77170498e0,-4.96782814,147456,3,0,0,0,0,0,14233000 ns,13747081,147456,147456,303104,327683,327683
4096,28,butterfly-check,detect-only,ntt,register-write,11,3317,24,1,PASS,FAIL,yes,no,4.21231391e4,2.30595980e3,2.88132230e3,1.74487130e0,-4.83526797,147456,3,0,0,0,0,0,14167084 ns,13694417,147456,147456,303104,327683,327683
4096,28,butterfly-check,detect-only,ntt,register-write,11,3317,26,1,PASS,FAIL,yes,no,4.00421596e4,2.31034713e3,2.90640505e3,1.76006091e0,-4.91055397,147456,3,0,0,0,0,0,14184084 ns,13691548,147456,147456,303104,327683,327683
4096,28,butterfly-check,detect-only,ntt,register-write,11,3557,0,1,PASS,FAIL,yes,no,4.08458891e4,2.33371769e3,2.92293681e3,1.77007221e0,-4.95981969,147456,3,0,0,0,0,0,14177418 ns,13698958,147456,147456,303104,327683,327683
4096,28,butterfly-check,detect-only,ntt,register-write,11,3557,4,1,PASS,FAIL,yes,no,4.28721945e4,2.30878932e3,2.89133386e3,1.75093410e0,-4.86539601,147456,3,0,0,0,0,0,14470042 ns,13991543,147456,147456,303104,327683,327683
4096,28,butterfly-check,detect-only,ntt,register-write,11,3557,8,1,PASS,FAIL,yes,no,4.27530001e4,2.28538331e3,2.87763649e3,1.74263925e0,-4.82414982,147456,3,0,0,0,0,0,14307251 ns,13823583,147456,147456,303104,327683,327683
4096,28,butterfly-check,detect-only,ntt,register-write,11,3557,16,1,PASS,FAIL,yes,no,4.05406247e4,2.26207553e3,2.84770839e3,1.72451538e0,-4.73334146,147456,3,0,0,0,0,0,14509500 ns,14017794,147456,147456,303104,327683,327683
4096,28,butterfly-check,detect-only,ntt,register-write,11,3557,24,1,PASS,FAIL,yes,no,4.19497037e4,2.29624160e3,2.89456392e3,1.75289016e0,-4.87509407,147456,3,0,0,0,0,0,14411459 ns,13940952,147456,147456,303104,327683,327683
4096,28,butterfly-check,detect-only,ntt,register-write,11,3557,26,1,PASS,FAIL,yes,no,4.11106141e4,2.28661781e3,2.88827459e3,1.74908147e0,-4.85620077,147456,3,0,0,0,0,0,14223209 ns,13767462,147456,147456,303104,327683,327683
4096,28,butterfly-check,detect-only,ntt,register-write,11,3688,0,1,PASS,FAIL,yes,no,4.59551839e4,2.30987720e3,2.95463789e3,1.78926976e0,-5.05351643,147456,3,0,0,0,0,0,14761668 ns,14298707,147456,147456,303104,327683,327683
4096,28,butterfly-check,detect-only,ntt,register-write,11,3688,4,1,PASS,FAIL,yes,no,4.31674251e4,2.28832303e3,2.90430255e3,1.75878768e0,-4.90426830,147456,3,0,0,0,0,0,14142999 ns,13684329,147456,147456,303104,327683,327683
4096,28,butterfly-check,detect-only,ntt,register-write,11,3688,8,1,PASS,FAIL,yes,no,4.12279045e4,2.28662598e3,2.86904554e3,1.73743674e0,-4.79818001,147456,3,0,0,0,0,0,14191916 ns,13730999,147456,147456,303104,327683,327683
4096,28,butterfly-check,detect-only,ntt,register-write,11,3688,16,1,PASS,FAIL,yes,no,4.35318141e4,2.28728885e3,2.89223399e3,1.75147920e0,-4.86809969,147456,3,0,0,0,0,0,16081040 ns,15514744,147456,147456,303104,327683,327683
4096,28,butterfly-check,detect-only,ntt,register-write,11,3688,24,1,PASS,FAIL,yes,no,4.36488222e4,2.27313579e3,2.88670064e3,1.74812831e0,-4.85146614,147456,3,0,0,0,0,0,14159541 ns,13702916,147456,147456,303104,327683,327683
4096,28,butterfly-check,detect-only,ntt,register-write,11,3688,26,1,PASS,FAIL,yes,no,4.14829624e4,2.30198233e3,2.91620508e3,1.76599561e0,-4.93979242,147456,3,0,0,0,0,0,14590624 ns,14132084,147456,147456,303104,327683,327683
